fpr,tpr,threshold
0.0,0.0,inf
0.0,0.0001917790705107716,0.9982557413864922
0.0,0.00447484497858467,0.9982388618316381
0.0,0.004730550405932366,0.9981682624506859
0.0,0.3212299431055424,0.9981503629625278
0.0,0.32129386946237937,0.9981237484106761
0.0,0.3216774276034009,0.9980625821062975
0.0,0.3217413539602378,0.9979307947566085
0.0,0.32218883845809626,0.9978930546300991
0.0,0.3222527648149332,0.9978299283467531
0.0,0.32321166016748704,0.9977872171396701
0.0,0.323275586524324,0.9976735606847594
0.0,0.3236591446653455,0.9975889369346533
0.0,0.32794221057341943,0.9972170635734584
0.0,0.3280061369302563,0.9965486466846439
0.0,0.32864540049862556,0.995748046654607
0.0,0.3301157067058748,0.9957439633041154
0.0,0.3327366873361887,0.9957142222061384
0.0,0.3329284664066995,0.9955424885245558
0.0,0.3329923927635364,0.9955089845599814
0.0,0.33312024547721025,0.9954179655593007
0.0,0.3331841718340472,0.995417235383712
0.0,0.34143067186601034,0.9952855417267644
0.0,0.34238956721856423,0.9952724182426869
0.0,0.342581346289075,0.9952286974916349
0.0,0.3429009780732596,0.9951852635022629
0.0,0.34296490443009653,0.9950971330160304
0.0,0.3517228153167551,0.9950704983738221
0.0,0.3522981525282874,0.9950624735231409
0.0,0.36604231924822606,0.9950493717164047
0.0,0.36636195103241065,0.9950487321804056
0.0,0.36706514095761683,0.9950032798637567
0.0,0.36712906731445377,0.9949997894449121
0.0,0.36732084638496454,0.9949970968117482
0.0,0.36847152080802914,0.9949662103926478
0.0,0.368599373521703,0.9949599817024054
0.0,0.3687911525922138,0.9949145182356249
0.0,0.3688550789490507,0.9948982381848694
0.0,0.36898293166272456,0.994876793653815
0.0,0.36904685801956144,0.9948704548918649
0.0,0.3864987534360417,0.9948667533974097
0.0,0.3870101642907371,0.9948151871603451
0.0,0.38880010228217093,0.9947982687516828
0.0,0.3899507767052356,0.9947774426258826
0.0,0.3900786294189094,0.9947523809232045
0.0,0.39014255577574636,0.9947358386776372
0.0,0.3908457457009525,0.9947211544728308
0.0,0.39186856741034326,0.9947146241670579
0.0,0.39282746276289715,0.9946979635339898
0.0,0.39314709454708174,0.9946967956991927
0.0,0.3932110209039187,0.9946914046924886
0.0,0.3933388736175925,0.9946912577533318
0.0,0.3945534743974941,0.9946586411533862
0.0,0.394617400754331,0.994652033929981
0.0,0.40669948219650964,0.9946515130746796
0.0,0.40682733491018347,0.9946274082362423
0.0,0.4070830403375312,0.994602619225958
0.0,0.40714696669436806,0.9945944014804886
0.0,0.4100236527520297,0.9945906566088333
0.0,0.4104072108930512,0.9945637908191235
0.0,0.41047113724988815,0.9945570669085648
0.0,0.4108546953909097,0.9945458437107705
0.0,0.4114939589592789,0.9944652488550615
0.0,0.4117496643866266,0.9944584037395475
0.0,0.4118135907434635,0.9944072099707569
0.0,0.41232500159815894,0.9943917694215365
0.0,0.4123889279549958,0.9943777909804999
0.0,0.41270855973918047,0.9943774190703583
0.0,0.41290033880969124,0.9943357329196713
0.0,0.41513776129898355,0.9943130684173336
0.0,0.41539346672633126,0.9942351817062819
0.0,0.41564917215367897,0.9941307182094679
0.0,0.41596880393786356,0.9940860266916044
0.0,0.41635236207888515,0.9940284748029165
0.0,0.4165441411493959,0.9939816779247522
0.0,0.41699162564725434,0.9939277139995734
0.0,0.4171194783609282,0.9938798174371984
0.0,0.41718340471776516,0.9938768672131026
0.0,0.41782266828613435,0.9938743328090133
0.0,0.41801444735664517,0.993866761384014
0.0,0.41878156363868824,0.9938289398944079
0.0,0.41903726906603594,0.9938213127118231
0.0,0.41916512177970977,0.9937818564510612
0.0,0.41935690085022054,0.9937799442440024
0.0,0.4194208272070575,0.9937708593773429
0.0,0.4201240171322636,0.9937656422452451
0.0,0.4205075752732852,0.9937161472154371
0.0,0.42101898612798055,0.9936889968164693
0.0,0.422361439621556,0.9936854592861791
0.0,0.4229367768330883,0.9936811977695692
0.0,0.42338426133094675,0.9936614072969732
0.0,0.4235121140446206,0.993638675723936
0.0,0.42747554816850986,0.9936299620942634
0.0,0.4281148117368791,0.9936220905613541
0.0,0.4283705171642268,0.9936057000773679
0.0,0.42856229623473757,0.9935977987567649
0.0,0.42869014894841145,0.9935852514000737
0.0,0.43616953269833153,0.9935827700163175
0.0,0.4363613117688423,0.9935813703114882
0.0,0.43642523812567924,0.993577039002041
0.0,0.43674486990986383,0.9935748405446769
0.0,0.43687272262353766,0.9935734391214848
0.0,0.43700057533721154,0.9935208836094243
0.0,0.43981333503803616,0.9935169638307694
0.0,0.43994118775171004,0.9935089535767156
0.0,0.44026081953589463,0.9935056754959242
0.0,0.44051652496324234,0.9934922742481229
0.0,0.4405804513200793,0.9934842336883926
0.0,0.4414114939589593,0.9934689401138312
0.0,0.4415393466726331,0.9934561706273155
0.0,0.4423703893115131,0.9934085986969623
0.0,0.44243431566835006,0.9933516808260894
0.0,0.4435210637345778,0.9933506845170065
0.0,0.4436489164482516,0.9933434677213434
0.0,0.44428818001662085,0.9933424701897033
0.0,0.44479959087131626,0.9933376561007827
0.0,0.4454388544396855,0.9933294257867192
0.0,0.44569455986703316,0.99329564211968
0.0,0.4458863389375439,0.9932917001733973
0.0,0.44595026529438087,0.9932871416646244
0.0,0.447548424215304,0.9932708206801496
0.0,0.4485712459246948,0.9932625083610863
0.0,0.4489548040657163,0.9932327658820715
0.0,0.4491465831362271,0.9932244068759152
0.0,0.449210509493064,0.9932195079976402
0.0,0.4494022885635748,0.9932111327270472
0.0,0.44946621492041167,0.9931851714622021
0.0,0.44959406763408555,0.9931514955083187
0.0,0.45100044748449786,0.9931453261432365
0.0,0.4511283001981717,0.9931430368086098
0.0,0.4511922265550086,0.9931391000223677
0.0,0.45132007926868245,0.9931002332752551
0.0,0.45144793198235633,0.9926948772588698
0.0,0.45157578469603016,0.9926716355265855
0.0,0.4517675637665409,0.9923147302963476
0.0,0.4518954164802148,0.9922610465832247
0.0,0.4520871955507256,0.9921218333265408
0.0,0.4522150482643994,0.9920527036583953
0.0,0.45227897462123634,0.9920428986962658
0.0,0.4529821645464425,0.99203715241456
0.0,0.4533017963306271,0.9920273284203038
0.0,0.4535575017579748,0.9919573762089656
0.0,0.4537492808284856,0.9919474545914193
0.0,0.45381320718532253,0.9918861331467526
0.0,0.45426069168318095,0.9918767808611506
0.0,0.45438854439685483,0.9918554169953304
0.0,0.4545803234673656,0.991594994550448
0.0,0.45464424982420254,0.9914942239740948
0.0,0.4548360288947133,0.9914392292284435
0.0,0.4550278079652241,0.9911012873759446
0.0,0.4551556606788979,0.9910240662112821
0.0,0.45630633510196256,0.9909898507600857
0.0,0.45662596688614715,0.9908055875887212
0.0,0.4572652304545164,0.9907934243799625
0.0,0.45745700952502716,0.9906295870707121
0.0,0.4576487885955379,0.9906294577819059
0.0,0.4577766413092118,0.9906074569704396
0.0,0.45790449402288563,0.990519745196193
0.0,0.45816019945023334,0.9903701778413476
0.0,0.4583519785207441,0.9903686510525818
0.0,0.4586076839480918,0.990152999864754
0.0,0.4587994630186026,0.9900751102403544
0.0,0.45886338937543947,0.9900665745848095
0.0,0.4590551684459503,0.9900074991057752
0.0,0.4591830211596241,0.9898174810466601
0.0,0.45956657930064565,0.9897582490804921
0.0,0.45982228472799336,0.9893324264955037
0.0,0.4598862110848303,0.9892005572889665
0.0,0.4600140637985041,0.9891497601945894
0.0,0.46039762193952566,0.9884690832136022
0.0,0.46135651729207955,0.9884122840946006
0.0,0.4615482963625903,0.9882479282930748
0.0,0.46167614907626414,0.9881155417817603
0.0,0.4617400754331011,0.9880452036138655
0.0,0.4618679281467749,0.9875505379574698
0.0,0.46250719171514415,0.987339054518456
0.0,0.462635044428818,0.986942105745961
0.0,0.4628907498561657,0.9851372789101649
0.0,0.46301860256983957,0.9846863618725566
0.0,0.463466087067698,0.9835390846743769
0.0,0.46359393978137187,0.9823098939845275
0.0,0.46378571885188263,0.9812664508439062
0.0,0.46391357156555646,0.9808743036012637
0.0,0.46544780412964265,0.9808173522207246
0.0,0.4666624049095442,0.9802669142356484
0.0,0.46710988940740267,0.9801028734040533
0.0,0.4697308700377166,0.9796939608533942
0.0,0.4698587227513904,0.979397570204064
0.0,0.47024228089241193,0.9792891825910283
0.0,0.4703062072492489,0.9792118598006555
0.0,0.4704340599629227,0.979169556937078
0.0,0.47049798631975964,0.9782280232732379
0.0,0.471009397174455,0.9780578975640801
0.0,0.4711372498881289,0.9773878653326457
0.0,0.4720961452406827,0.9773736855442902
0.0,0.4723518506680304,0.9773322007476285
0.0,0.47247970338170425,0.9748628622712603
0.0,0.4726714824522151,0.9740586460332021
0.0,0.4727993351658889,0.9736354974226232
0.0,0.4730550405932366,0.9733234937368364
0.0,0.47318289330691043,0.971932283984319
0.0,0.4733746723774212,0.9717765429834698
0.0,0.4736303778047689,0.9695476287258826
0.0,0.47414178865946427,0.9691515992013807
0.0,0.4743335677299751,0.968975273941586
0.0,0.47452534680048586,0.9672656367351825
0.0,0.4746531995141597,0.9672087558062126
0.0,0.4747171258709966,0.9666094438687033
0.0,0.475228536725692,0.9662697027920337
0.0,0.47535638943936587,0.9625292823658813
0.0,0.4756120948667135,0.9614615613525681
0.0,0.47567602122355046,0.9590559668523733
0.0,0.47580387393722434,0.956742889986252
0.0,0.4758678002940612,0.9567402980981715
0.0,0.47625135843508276,0.9566034974717545
6.242586928022972e-05,0.47625135843508276,0.9564995214940236
0.00012485173856045944,0.47650706386243047,0.956421043615985
0.00012485173856045944,0.47669884293294124,0.9528603386334642
0.00012485173856045944,0.47721025378763665,0.9522976665913663
0.00012485173856045944,0.4774020328581474,0.9515309766873109
0.00012485173856045944,0.4776577382854951,0.9479226230061629
0.00012485173856045944,0.4778495173560059,0.9466666715415177
0.00012485173856045944,0.47804129642651666,0.946051471500743
0.00012485173856045944,0.47829700185386437,0.9450149895273108
0.00012485173856045944,0.47848878092437513,0.943134440895452
0.00012485173856045944,0.47861663363804896,0.9422413026320761
0.00012485173856045944,0.4789362654222336,0.9414352626305196
0.00012485173856045944,0.47963945534743974,0.9313806241377481
0.00012485173856045944,0.47989516077478744,0.9309134652935891
0.00012485173856045944,0.48002301348846127,0.9279705978283396
0.00012485173856045944,0.48021479255897204,0.9266227714610152
0.00012485173856045944,0.4805983506999936,0.923840058864638
0.00012485173856045944,0.48072620341366745,0.922893859791692
0.00012485173856045944,0.48098190884101516,0.9118871554784305
0.00012485173856045944,0.4811736879115259,0.9115013205913821
0.00012485173856045944,0.48123761426836287,0.9114533080964474
0.00012485173856045944,0.48142939333887363,0.9106939307025548
0.00012485173856045944,0.4817490251230582,0.9065728374926143
0.00012485173856045944,0.48200473055040594,0.904887627581089
0.00012485173856045944,0.4821965096209167,0.9043802196489171
0.00012485173856045944,0.48238828869142747,0.8991384398704738
0.00012485173856045944,0.48251614140510135,0.899099062808013
0.00012485173856045944,0.48258006776193824,0.8977933905477987
0.00012485173856045944,0.482771846832449,0.897641393416834
0.00012485173856045944,0.4830275522597967,0.894924498394502
0.00012485173856045944,0.48334718404398136,0.8942752653903371
0.00012485173856045944,0.4835389631144921,0.8898084491527853
0.00012485173856045944,0.48366681582816595,0.8895828448877839
0.00012485173856045944,0.4837946685418398,0.8864581513800575
0.00012485173856045944,0.48392252125551366,0.8863115739430729
0.00012485173856045944,0.4840503739691875,0.8846999454368085
0.00012485173856045944,0.48417822668286137,0.8843920284573501
0.00012485173856045944,0.48449785846704596,0.8801647046029581
0.00012485173856045944,0.4846257111807198,0.8794874064834788
0.00012485173856045944,0.4855846065332737,0.8498643605963551
0.00012485173856045944,0.48577638560378444,0.8473723544847453
0.00012485173856045944,0.48590423831745827,0.8426684091821444
0.00012485173856045944,0.48603209103113215,0.8377526085295879
0.00018727760784068918,0.48603209103113215,0.8336327812875827
0.00018727760784068918,0.4862238701016429,0.8304356788118417
0.00018727760784068918,0.48660742824266445,0.8166064280963284
0.00018727760784068918,0.48731061816787064,0.8025642837490705
0.00018727760784068918,0.48743847088154446,0.800763956039887
0.00018727760784068918,0.4875663235952183,0.7979704277583523
0.00018727760784068918,0.48769417630889217,0.7965550177746803
0.00018727760784068918,0.4880777344499137,0.7882230985169983
0.00018727760784068918,0.48826951352042447,0.7873095827453649
0.00018727760784068918,0.488653071661446,0.7781005908664651
0.00018727760784068918,0.48884485073195677,0.7761713796590302
0.00018727760784068918,0.48903662980246754,0.7705409526762014
0.00018727760784068918,0.48929233522981525,0.7698973545517221
0.00018727760784068918,0.48954804065716295,0.7656985626428117
0.00018727760784068918,0.4896758933708368,0.7656440957788572
0.00018727760784068918,0.48986767244134755,0.7634513353918816
0.00018727760784068918,0.4899955251550214,0.7589493401810067
0.00018727760784068918,0.4901873042255322,0.7582117700266312
0.00018727760784068918,0.49063478872339067,0.75391444264181
0.00018727760784068918,0.4907626414370645,0.7536422338030176
0.0002497034771209189,0.49082656779390144,0.753400635530334
0.0002497034771209189,0.49108227322124914,0.7497088679601984
0.0002497034771209189,0.49121012593492297,0.7495438044203043
0.0002497034771209189,0.4912740522917599,0.7464541056054338
0.0002497034771209189,0.4914658313622707,0.7446416592973134
0.0002497034771209189,0.49223294764431375,0.7297304759207106
0.0003121293464011486,0.4922968740011507,0.7277772257617839
0.0003121293464011486,0.4926165057853353,0.7265362571480528
0.0003121293464011486,0.49274435849900916,0.72495539941491
0.0003121293464011486,0.492872211212683,0.7245979082017152
0.0003121293464011486,0.49306399028319375,0.72382238082317
0.0003121293464011486,0.49319184299686764,0.7223595320022212
0.0003121293464011486,0.49331969571054146,0.7219526137462645
0.0003121293464011486,0.49351147478105223,0.7176031276598899
0.00037455521568137835,0.49351147478105223,0.7166167296947205
0.00037455521568137835,0.49363932749472605,0.7143460959220667
0.0004369810849616081,0.49363932749472605,0.7121500213794649
0.0004369810849616081,0.49376718020839994,0.7117539970147813
0.0004994069542418378,0.49376718020839994,0.7117473535278176
0.0004994069542418378,0.4938311065652368,0.7087780686874272
0.0004994069542418378,0.4939589592789107,0.6996376463660584
0.0006242586928022972,0.4939589592789107,0.6994904848459027
0.000686684562082527,0.4939589592789107,0.6985491538616863
0.000686684562082527,0.49415073834942147,0.69474783958142
0.0007491104313627567,0.49415073834942147,0.693619130776676
0.0007491104313627567,0.4944064437767692,0.6931231217529064
0.0007491104313627567,0.494534296490443,0.6907266265783775
0.000936388039203446,0.494534296490443,0.6905161668911747
0.000936388039203446,0.49466214920411683,0.690054263295142
0.000936388039203446,0.4947900019177907,0.6884499561743177
0.000936388039203446,0.49491785463146454,0.686696012376478
0.000936388039203446,0.4952374864156492,0.6829055971445029
0.0010612397777639054,0.49530141277248607,0.679547606516018
0.0010612397777639054,0.49542926548615995,0.6719937256663137
0.001123665647044135,0.49542926548615995,0.662726804703234
0.001123665647044135,0.4955571181998338,0.6620035890096028
0.001123665647044135,0.49568497091350766,0.6572842745787123
0.001123665647044135,0.4959406763408553,0.6498198994353697
0.001123665647044135,0.4960685290545292,0.6469409702612545
0.001123665647044135,0.496196381768203,0.6388426125031541
0.0011860915163243648,0.496196381768203,0.6383482028907946
0.0011860915163243648,0.49626030812503996,0.6353268285322466
0.0011860915163243648,0.4966438662660615,0.6268271674477753
0.0012485173856045945,0.4966438662660615,0.6264868123287045
0.0012485173856045945,0.4967717189797353,0.6256541824764607
0.0012485173856045945,0.49683564533657226,0.6255997229808837
0.0013109432548848244,0.49683564533657226,0.6230866320006859
0.0013109432548848244,0.4971552771207569,0.6172260238113938
0.0013109432548848244,0.49728312983443074,0.6155211152414535
0.0013109432548848244,0.49741098254810456,0.6128044850642007
0.0014357949934452837,0.49785846704596304,0.6122474415029789
0.0014357949934452837,0.49811417247331075,0.6102545863912924
0.0014357949934452837,0.49824202518698457,0.604949330803027
0.001560646732005743,0.49824202518698457,0.6043259217561665
0.0016854984705662027,0.49824202518698457,0.6033217260319733
0.0016854984705662027,0.4983059515438215,0.603080493298575
0.0017479243398464323,0.4983059515438215,0.6018297993733956
0.0017479243398464323,0.49836987790065845,0.596702813613102
0.001810350209126662,0.49836987790065845,0.5943404335629503
0.001810350209126662,0.4984977306143323,0.5904757608726029
0.0019352019476871216,0.4985616569711692,0.5866028655098571
0.0019352019476871216,0.49881736239851693,0.5852548251473719
0.002060053686247581,0.49881736239851693,0.5845885443024513
0.002060053686247581,0.4988812887553538,0.5843050108434361
0.002122479555527811,0.4988812887553538,0.5831059810261586
0.00224733129408827,0.4990091414690277,0.5798847664315694
0.00224733129408827,0.4991369941827015,0.5794127132090048
0.0023097571633685,0.4991369941827015,0.5765325057126344
0.0023097571633685,0.49920092053953846,0.5760758913629863
0.0024346089019289595,0.49920092053953846,0.5747943941926821
0.0024346089019289595,0.49939269961004923,0.5745529873979371
0.002559460640489419,0.49939269961004923,0.5738699639793409
0.002559460640489419,0.49945662596688617,0.5724558037247944
0.002684312379049878,0.49952055232372305,0.5720752479607684
0.002684312379049878,0.49958447868056,0.5718639409874757
0.0028091641176103375,0.49958447868056,0.5700662728490985
0.0028091641176103375,0.49964840503739694,0.569414099448543
0.0028715899868905674,0.4999041104647446,0.5689279783199452
0.0028715899868905674,0.5000958895352554,0.5655221496969958
0.0029340158561707973,0.5000958895352554,0.5653099530259164
0.0029340158561707973,0.5001598158920924,0.5652295536008143
0.002996441725451027,0.5001598158920924,0.5649110095509279
0.003121293464011486,0.5001598158920924,0.5647978657187752
0.003121293464011486,0.5002876686057661,0.5629511563743108
0.003121293464011486,0.5003515949626031,0.5602536608842739
0.003183719333291716,0.5003515949626031,0.5601905184462314
0.0033085710718521754,0.5007351531036246,0.5600659700456373
0.0033709969411324053,0.5007351531036246,0.5589871622638957
0.0033709969411324053,0.5008630058172985,0.5576101207744808
0.0033709969411324053,0.5009269321741354,0.5574074949419507
0.003683126287533554,0.5009269321741354,0.5530936298233
0.003683126287533554,0.5009908585309724,0.5530802781938037
0.003745552156813784,0.5009908585309724,0.5529884567445378
0.003745552156813784,0.5010547848878092,0.5521351518746282
0.0038079780260940133,0.5010547848878092,0.5512455218758447
0.0038079780260940133,0.5011826376014831,0.5502056080869214
0.003870403895374243,0.5011826376014831,0.5501449827846475
0.003870403895374243,0.50124656395832,0.5494321683761674
0.003932829764654473,0.50124656395832,0.5492033864867052
0.003932829764654473,0.501310490315157,0.5473097244635982
0.003995255633934702,0.501310490315157,0.5463877319537025
0.003995255633934702,0.5014383430288308,0.5458521010550832
0.003995255633934702,0.5015022693856677,0.5455278838834793
0.004057681503214932,0.5015661957425046,0.5441203297845484
0.004057681503214932,0.5016940484561785,0.5438572865664981
0.004057681503214932,0.5018219011698524,0.543472442233232
0.004120107372495162,0.5018219011698524,0.5431828619149841
0.004120107372495162,0.5018858275266892,0.5421813513482385
0.004244959111055622,0.5018858275266892,0.5408194964992563
0.004244959111055622,0.5019497538835261,0.5406593679756542
0.004369810849616081,0.5022054593108739,0.5403037103697754
0.004369810849616081,0.5023333120245477,0.5401822743256712
0.004369810849616081,0.5023972383813846,0.5401117176712196
0.0044322367188963105,0.5023972383813846,0.5393700127635509
0.0044322367188963105,0.5024611647382216,0.5387155172533297
0.00455708845745677,0.5025250910950585,0.538660758107902
0.00455708845745677,0.5025890174518954,0.538610413502304
0.004619514326737,0.5030365019497539,0.5385904305462043
0.004994069542418378,0.5034200600907754,0.5383313614591749
0.004994069542418378,0.5035479128044493,0.53822883380388
0.004994069542418378,0.5036118391612862,0.5379419168304542
0.005805605843061365,0.5048264399411877,0.537851355011179
0.005805605843061365,0.5048903662980246,0.537302313827006
0.005868031712341595,0.5048903662980246,0.5371899525939134
0.005868031712341595,0.5049542926548616,0.5368358046855414
0.005992883450902054,0.5052099980822093,0.5356691215717225
0.005992883450902054,0.5052739244390462,0.5356092126062035
0.0060553093201822835,0.5052739244390462,0.5354131117372626
0.006117735189462513,0.5053378507958831,0.5351911206126794
0.006180161058742743,0.5053378507958831,0.5351207206038353
0.006180161058742743,0.5055296298663939,0.534861385832394
0.006367438666583432,0.5056574825800677,0.5345765653851099
0.006617142143704351,0.5057214089369046,0.5343808920791983
0.006617142143704351,0.5059131880074155,0.5337839114439031
0.006679568012984581,0.5059131880074155,0.5337641126822283
0.006741993882264811,0.5059771143642524,0.5323199515369473
0.0068044197515450405,0.5059771143642524,0.5321991605216336
0.006991697359385729,0.5062328197916001,0.5318426244912164
0.007054123228665959,0.5062328197916001,0.5317008358373186
0.007054123228665959,0.506296746148437,0.5311718390540107
0.007178974967226419,0.506360672505274,0.5311029497124624
0.007178974967226419,0.5064885252189478,0.531086890806631
0.007303826705786878,0.5064885252189478,0.530910064787961
0.007615956052188027,0.5066803042894585,0.5301957264958592
0.007803233660028716,0.507127788787317,0.5301252341488809
0.008489918222111243,0.5075752732851755,0.5298655609478968
0.009863287346276298,0.5097487694176309,0.529384447302349
0.009925713215556527,0.5098126957744679,0.5292288721185413
0.009988139084836756,0.5100044748449786,0.5289511002879506
0.009988139084836756,0.5100684012018155,0.5288341589721699
0.010050564954116986,0.5100684012018155,0.5285784701267474
0.010112990823397216,0.5101962539154894,0.5284454955559886
0.010237842561957675,0.510515885699674,0.5282172468494032
0.010237842561957675,0.5106437384133479,0.5276557675034093
0.010300268431237904,0.5107715911270216,0.5270852993957931
0.010425120169798364,0.5108355174838586,0.5265657936979423
0.010425120169798364,0.5110272965543694,0.5261025237080695
0.010425120169798364,0.5110912229112063,0.5259700365028304
0.010487546039078595,0.5114108546953909,0.5259013348512955
0.010487546039078595,0.5115387074090647,0.5257317517027065
0.010549971908358824,0.5115387074090647,0.5255126040782261
0.010612397777639053,0.5117304864795755,0.5251146988634893
0.010612397777639053,0.5117944128364125,0.5246266712453036
0.010799675385479744,0.5118583391932494,0.5246122993834726
0.010799675385479744,0.5119861919069232,0.5240870652619127
0.010799675385479744,0.5121140446205971,0.5240458303153288
0.010862101254759973,0.5121140446205971,0.5238968456939131
0.010862101254759973,0.5123697500479447,0.5229627803525985
0.011174230601161121,0.5124976027616186,0.5228921793381367
0.011174230601161121,0.5125615291184555,0.5228918299642379
0.011299082339721581,0.5126893818321294,0.5226321083312718
0.01136150820900181,0.5126893818321294,0.5222912990054733
0.011923341032523878,0.5133925717573355,0.5221502680092828
0.012297896248205256,0.5137122035415201,0.5220992003007398
0.012297896248205256,0.513840056255194,0.5216673079360244
0.012422747986765716,0.513840056255194,0.5214371823852657
0.012610025594606404,0.513840056255194,0.519187219215422
0.012610025594606404,0.5139679089688679,0.5189410942258771
0.012734877333166864,0.5139679089688679,0.518895758187566
0.012859729071727324,0.5141596880393786,0.5188637464957443
0.013109432548848242,0.5142236143962156,0.5185976905548468
0.013171858418128473,0.5142875407530525,0.5184328868491054
0.01354641363380985,0.514671098894074,0.518261444487362
0.013858542980210999,0.514735025250911,0.5179930318920705
0.013858542980210999,0.5148628779645849,0.5173384696938267
0.01392096884949123,0.5149268043214217,0.5170191198111308
0.014420375803733067,0.5154382151761171,0.5166101938971974
0.015294337973656284,0.5160135523876495,0.5165395218659703
0.015356763842936513,0.5160135523876495,0.5165163547062575
0.01641800362070042,0.5166528159560186,0.5162791914486559
0.01641800362070042,0.5167167423128556,0.516251702629339
0.019913852300393282,0.5211276609346034,0.5157968796220288
0.01997627816967351,0.5211276609346034,0.5156529747302094
0.01997627816967351,0.521383366361951,0.5152370242358456
0.01997627816967351,0.521447292718788,0.5149261390184319
0.020038704038953744,0.521447292718788,0.5145961550812279
0.020101129908233973,0.5215751454324618,0.5138094093839407
0.02022598164679443,0.5215751454324618,0.5126975528382148
0.02060053686247581,0.5218947772166465,0.5125074577272131
0.02072538860103627,0.5218947772166465,0.511857167989256
0.020850240339596728,0.5220226299303202,0.510700499719857
0.020850240339596728,0.5223422617145049,0.5099675648702321
0.020850240339596728,0.5224061880713418,0.508646683802558
0.021162369685997877,0.5227258198555265,0.5083148564565934
0.021412073163118796,0.5229175989260372,0.5082441260777582
0.021786628378800174,0.523109377996548,0.5081890403385879
0.021849054248080403,0.523109377996548,0.5080797274520582
0.022286035333042013,0.5235568624944065,0.5079835835935093
0.024158811411448905,0.5252828741290034,0.5075008907799444
0.024158811411448905,0.5253468004858403,0.507204386833005
0.024221237280729134,0.5255385795563511,0.5071785314692323
0.024221237280729134,0.5257303586268619,0.5058188980064187
0.024283663150009363,0.5257942849836987,0.5057323663406105
0.024346089019289592,0.5261139167678834,0.5057237927680297
0.024408514888569825,0.5261778431247203,0.5057083905677047
0.024408514888569825,0.5263056958383941,0.50538588881955
0.024470940757850054,0.526497474908905,0.5043456265712998
0.024533366627130283,0.5266253276225787,0.5042929859982432
0.02459579249641051,0.5266892539794157,0.5042535540484662
0.02509519945065235,0.5269449594067634,0.5042092829098989
0.02515762531993258,0.5269449594067634,0.5041017830325223
0.02522005118921281,0.5272006648341111,0.5038975584325885
0.02522005118921281,0.5273924439046219,0.5030022992789
0.02534490292777327,0.5274563702614588,0.5028380790748735
0.02534490292777327,0.5275202966182957,0.5027063762413592
0.025594606404894187,0.5279038547593172,0.5026924474523922
0.026031587489855797,0.5282874129003388,0.5026216996719596
0.026094013359136026,0.5283513392571757,0.5024487922973734
0.026530994444097632,0.5291823818960557,0.502361095029267
0.026530994444097632,0.5292463082528926,0.5021586308498002
0.029652287908109122,0.5325704788084127,0.5018782951304163
0.02977713964666958,0.5325704788084127,0.5007202219246863
0.02977713964666958,0.5326983315220866,0.5001655746118214
0.029901991385230038,0.5326983315220866,0.4997437610082958
0.0300268431237905,0.5328261842357604,0.49970441683435884
0.0300268431237905,0.5328901105925973,0.49964375584604453
0.03008926899307073,0.5328901105925973,0.4995320080183526
0.03008926899307073,0.5330179633062712,0.4986047788242344
0.03008926899307073,0.533209742376782,0.4985889991749574
0.030526250078032335,0.5337211532314773,0.4985862365318173
0.030588675947312568,0.5337850795883142,0.49790168645686433
0.030651101816592797,0.5337850795883142,0.4976961346421925
0.030651101816592797,0.5338490059451512,0.49708544497277585
0.030713527685873026,0.5339129323019881,0.4969515504573959
0.030713527685873026,0.533976858658825,0.4968808033702899
0.030838379424433484,0.534040785015662,0.49664612492291255
0.030838379424433484,0.5341047113724989,0.49644675201692273
0.030963231162993946,0.5343604167998466,0.4961374200126866
0.030963231162993946,0.5344243431566835,0.49570316794778435
0.031025657032274175,0.5344243431566835,0.4956337432230604
0.03196204507147762,0.5351275330818897,0.49545729198472366
0.03196204507147762,0.5354471648660742,0.4940157046134898
0.03327298832636245,0.5362782075049543,0.494002472716095
0.033335414195642676,0.5362782075049543,0.49395464952077983
0.033522691803483363,0.5362782075049543,0.49388037459338585
0.03370996941132405,0.5363421338617912,0.49350400169730085
0.033834821149884516,0.5363421338617912,0.4922982600800967
0.03427180223484612,0.5364060602186281,0.49209576722582343
0.03433422810412635,0.5364060602186281,0.4920493244494054
0.03433422810412635,0.5364699865754651,0.4919868572763229
0.03445907984268681,0.5364699865754651,0.4918095154601805
0.034958486796928645,0.5369174710733235,0.4916139167956751
0.03508333853548911,0.5369174710733235,0.4911391182133929
0.03620700418253324,0.5377485137122036,0.4901594192454227
0.03620700418253324,0.5378124400690405,0.489964631920395
0.03701854048317623,0.5386434827079205,0.48996121702657175
0.037455521568137834,0.5393466726331266,0.4898904959692723
0.03876646482302266,0.5408809051972128,0.48962999415906205
0.03876646482302266,0.5409448315540497,0.4894931587198426
0.03882889069230289,0.5409448315540497,0.4893132725780979
0.04344840501903989,0.5461228664578406,0.4891474030394542
0.044759348273924714,0.5469539090967206,0.4885069106761228
0.04582058805168862,0.548360288947133,0.48843619850971765
0.04582058805168862,0.5484242153039698,0.48827960824372335
0.04594543979024908,0.5485520680176437,0.4882708828361589
0.04813034521505712,0.5505337850795883,0.48817572995128977
0.048692178038579184,0.550853416863773,0.48781256463082656
0.05749422560709158,0.5594195486799207,0.4876932025187589
0.05749422560709158,0.5594834750367577,0.48730187731312935
0.05755665147637181,0.5594834750367577,0.4872621376441528
0.05755665147637181,0.5597391804641053,0.48723151240853546
0.05761907734565204,0.5597391804641053,0.4870495214740265
0.057806354953492727,0.5598670331777792,0.4868701568959636
0.057806354953492727,0.5599309595346161,0.48676838133041583
0.057931206692053185,0.5601866649619638,0.48672479923793505
0.057931206692053185,0.5603145176756377,0.4863403322101408
0.057993632561333414,0.5603145176756377,0.48607662163420673
0.057993632561333414,0.5603784440324746,0.48589035427044686
0.05805605843061365,0.5604423703893116,0.4858603903207693
0.058805168861976405,0.5611455603145177,0.48585740049919923
0.05905487233909732,0.5611455603145177,0.4850631939440737
0.05905487233909732,0.5612094866713546,0.4848635049573958
0.05911729820837755,0.5612094866713546,0.4844366544517333
0.0604906673325426,0.56255194016493,0.4844037063772615
0.0611149260253449,0.5629354983059516,0.48397160728510447
0.0611149260253449,0.5629994246627885,0.4839682878769846
0.06136462950246582,0.5630633510196253,0.48380009567802995
0.06142705537174605,0.5630633510196253,0.4837266083943413
0.06148948124102628,0.5632551300901362,0.4836316087679195
0.06155190711030651,0.5632551300901362,0.48358101739276343
0.06161433297958674,0.56338298280381,0.4834595106840975
0.06161433297958674,0.5634469091606469,0.4834087043517317
0.0617391847181472,0.5634469091606469,0.4830484664423941
0.062301017541669265,0.5638943936585054,0.48302962197695626
0.06248829514950996,0.5638943936585054,0.48266315020152084
0.06255072101879018,0.5639583200153423,0.4826458489431927
0.06286285036519133,0.5641500990858531,0.48232022477992825
0.06336225731943318,0.5648532890110592,0.48224956381369943
0.0634246831887134,0.5648532890110592,0.48212774737981445
0.06417379362007616,0.5654925525794285,0.4819892859856056
0.06785691990760971,0.5685610177076008,0.48150712075803603
0.06791934577688995,0.5686249440644378,0.48140865058691856
0.0680441975154504,0.5693281339896439,0.48137845529629886
0.0686684562082527,0.5700952502716871,0.4813078040238767
0.06972969598601661,0.5706705874832193,0.48104756222750933
0.06997939946313753,0.5709262929105671,0.48092652694198645
0.07004182533241775,0.5709262929105671,0.48073448970286936
0.07016667707097822,0.5709262929105671,0.4807238742424154
0.07353767401211062,0.5746979479639456,0.480565465098826
0.07353767401211062,0.5747618743207824,0.48020971030672216
0.07353767401211062,0.5748897270344563,0.48010209820561384
0.07353767401211062,0.5750175797481302,0.47993063446019113
0.07360009988139085,0.5752093588186409,0.47974034340247584
0.07360009988139085,0.5753372115323148,0.4792831263068794
0.07366252575067107,0.5755289906028256,0.4787424784568951
0.07372495161995131,0.5755929169596624,0.47857255564029144
0.07372495161995131,0.5757207696733363,0.47827453129748587
0.07378737748923153,0.5757207696733363,0.47825331842092794
0.0745364879205943,0.5759764751006841,0.4782204008073344
0.07459891378987453,0.5762961068848687,0.47818513166790333
0.07459891378987453,0.5763600332417056,0.4781500743546768
0.07466133965915475,0.5764239595985424,0.4774632776874057
0.0751607466133966,0.5766157386690532,0.4772792560648349
0.07522317248267682,0.5766157386690532,0.47723484598980337
0.07534802422123728,0.5767435913827271,0.47712043102364154
0.0755977276983582,0.5767435913827271,0.4757591748141227
0.0755977276983582,0.5768075177395641,0.47472136619565386
0.07572257943691865,0.5768075177395641,0.4741934382572781
0.07572257943691865,0.5768714440964009,0.4741280264732913
0.07572257943691865,0.5769992968100748,0.47409800372167044
0.07578500530619889,0.5769992968100748,0.4739775392117692
0.07578500530619889,0.5770632231669117,0.47385676553956874
0.07584743117547912,0.5770632231669117,0.47374605025397226
0.07584743117547912,0.5771271495237487,0.47365353762874507
0.0760347087833198,0.5772550022374225,0.4736096089152337
0.07609713465260004,0.5773189285942594,0.47342914614120074
0.07609713465260004,0.5775746340216071,0.47303059802141045
0.0762219863911605,0.5775746340216071,0.4729282546059311
0.0762219863911605,0.5777024867352809,0.4728578221101244
0.0762219863911605,0.5777664130921178,0.4727303182220711
0.07628441226044072,0.5778303394489548,0.4727190972602671
0.07628441226044072,0.5778942658057917,0.4726323619349001
0.07634683812972096,0.5779581921626287,0.4724582196841522
0.07634683812972096,0.5780221185194656,0.47233577596789494
0.07647168986828141,0.5780221185194656,0.471930381262166
0.07653411573756165,0.5780860448763026,0.47185849833686727
0.07665896747612211,0.5782778239468133,0.4714602158542318
0.07672139334540233,0.5782778239468133,0.47122127816763804
0.07678381921468257,0.5784056766604871,0.47107957399994665
0.07684624508396279,0.5784056766604871,0.4710710598168827
0.07690867095324302,0.5784696030173241,0.47100054745340453
0.07690867095324302,0.5785974557309979,0.470939516268207
0.07690867095324302,0.5786613820878348,0.4708785748003092
0.07703352269180348,0.5786613820878348,0.470740820872138
0.07709594856108372,0.5786613820878348,0.4707242337545737
0.07709594856108372,0.5787253084446717,0.47030980818529805
0.0772832261689244,0.5787892348015087,0.47025969292381464
0.07734565203820463,0.5789170875151826,0.4701750764662949
0.07747050377676509,0.5789170875151826,0.4700054526405742
0.07747050377676509,0.5789810138720194,0.46913481290208564
0.07753292964604531,0.5790449402288563,0.4690759951090472
0.07753292964604531,0.5791727929425302,0.46905450714858415
0.07759535551532555,0.5792367192993672,0.46899188362084604
0.07772020725388601,0.5794284983698779,0.4688971326529817
0.07784505899244647,0.5794284983698779,0.46847976357178395
0.07784505899244647,0.5795563510835517,0.4682042876562486
0.07784505899244647,0.5797481301540626,0.46793239566537287
0.0779074848617267,0.5799399092245733,0.46762684363457463
0.07796991073100693,0.5800038355814102,0.46743270835102074
0.07809476246956738,0.5801316882950841,0.46740526871648946
0.07815718833884762,0.5801956146519209,0.4669565968285382
0.07815718833884762,0.5803234673655948,0.46674701189265244
0.07840689181596854,0.5803234673655948,0.46664225190588793
0.07878144703164991,0.5803873937224318,0.4660234303595947
0.07884387290093015,0.5804513200792687,0.46595674883612553
0.07890629877021038,0.5805791727929426,0.46588265312394056
0.07909357637805106,0.5807070255066163,0.4653247258126143
0.0791560022473313,0.5807070255066163,0.465197517443283
0.0791560022473313,0.5807709518634533,0.4651077458962079
0.07934327985517198,0.5808348782202902,0.4641147787634082
0.07946813159373245,0.5808348782202902,0.463028565106242
0.07953055746301267,0.5809627309339641,0.4629351254690165
0.07959298333229291,0.5809627309339641,0.4626929514654595
0.07959298333229291,0.581026657290801,0.46256218205198496
0.08009239028653474,0.5812184363613118,0.46242448916696477
0.0802172420250952,0.5813462890749856,0.4619198421205747
0.08027966789437543,0.5813462890749856,0.461917530124378
0.08040451963293589,0.5815380681454964,0.4615012909059589
0.08040451963293589,0.5816659208591702,0.461008712218508
0.08046694550221611,0.5817298472160072,0.46096006419651575
0.08046694550221611,0.5817937735728441,0.46068640508905717
0.08059179724077657,0.5817937735728441,0.4606815716628724
0.08077907484861727,0.5817937735728441,0.46052874696145674
0.08077907484861727,0.5818576999296811,0.4605244190403076
0.0808415007178975,0.5818576999296811,0.46047149663400166
0.0812784818028591,0.5820494790001918,0.46026295932489214
0.08140333354141957,0.5821773317138657,0.46009219907820803
0.08140333354141957,0.5822412580707026,0.46004648880438637
0.08146575941069979,0.5823051844275394,0.4598709267928697
0.08152818527998003,0.5823051844275394,0.4597999018543311
0.08152818527998003,0.5823691107843764,0.4597989257599015
0.08159061114926025,0.5828805216390718,0.45978796125205124
0.08165303701854049,0.5830723007095826,0.45966739345709295
0.08177788875710094,0.5832001534232564,0.4594148867485607
0.08184031462638117,0.5832001534232564,0.4589998369437633
0.08196516636494164,0.5832001534232564,0.4589663946420345
0.08202759223422186,0.5833919324937672,0.45886215258016505
0.08227729571134278,0.5835197852074411,0.4586044447236846
0.08233972158062301,0.5835837115642779,0.4583223797059861
0.08233972158062301,0.5836476379211148,0.4582400781855215
0.08240214744990323,0.5837754906347887,0.45823519830527826
0.08246457331918347,0.5838394169916257,0.4582288922096097
0.08258942505774393,0.5838394169916257,0.4580163459178636
0.08283912853486484,0.5841590487758103,0.4578916277956597
0.08408764592046944,0.5849900914146903,0.4572397691437159
0.08464947874399151,0.5854375759125487,0.45696296961192145
0.08508645982895312,0.5860129131240811,0.4568927448561456
0.08577314439103564,0.5865243239787764,0.4566340824912268
0.08596042199887634,0.5865243239787764,0.4564456097049286
0.08596042199887634,0.5865882503356133,0.45626399415820984
0.0860852737374368,0.5865882503356133,0.4561906882622344
0.08845745677008553,0.5895288627501118,0.4561549460390198
0.08864473437792621,0.5895288627501118,0.45585223099285194
0.08864473437792621,0.5895927891069488,0.45570044303492513
0.08895686372432736,0.5897206418206227,0.45559863360930264
0.0890192895936076,0.5897206418206227,0.4555357730548394
0.08970597415569012,0.5902320526753181,0.45551688724926553
0.08983082589425058,0.5902959790321549,0.45530118357277855
0.08983082589425058,0.5904238317458288,0.45496794063409796
0.0898932517635308,0.5904238317458288,0.45484780897076055
0.09026780697921219,0.5907434635300134,0.45480537045373887
0.09033023284849241,0.5907434635300134,0.4547424228089564
0.0911417691491354,0.5909991689573612,0.45473519961428477
0.0911417691491354,0.5911909480278719,0.4546491215198279
0.09164117610337724,0.5917662852394042,0.4544767365811617
0.09232786066545977,0.5932365914466534,0.45407379914887125
0.09232786066545977,0.5933005178034904,0.4540564773086798
0.0955740058680317,0.5959214984338043,0.45399797243497
0.09563643173731194,0.5959214984338043,0.45389788341380094
0.09613583869155377,0.5961772038611519,0.45388874707741766
0.09619826456083401,0.5963050565748258,0.45357264880511683
0.0963855421686747,0.5964968356453366,0.4534599465309934
0.09644796803795493,0.5964968356453366,0.4534384594461697
0.09719707846931769,0.5973918046410535,0.45342642914499887
0.0974467819464386,0.5977114364252382,0.4531780221518088
0.09750920781571884,0.5978392891389119,0.4530627338362753
0.09750920781571884,0.5979032154957489,0.4530421841193367
0.09757163368499906,0.5979032154957489,0.45294434068362605
0.09782133716211998,0.5982867736367704,0.45289012157009106
0.0980710406392409,0.5983506999936073,0.4524176775477658
0.09857044759348274,0.5986703317777919,0.45208933831267656
0.09925713215556527,0.5996292271303458,0.4518978597586166
0.09925713215556527,0.5996931534871828,0.4518739317585501
0.0999438167176478,0.6007159751965735,0.45178802156616704
0.10181659279605469,0.6022502077606597,0.45171793054610504
0.10337723952806042,0.6031451767563767,0.45164954586688943
0.10556214495286848,0.6049990411046474,0.45161100712255753
0.1083713090704788,0.6065332736687337,0.451459762547347
0.10843373493975904,0.6067889790960813,0.45136336682429845
0.10849616080903926,0.6068529054529183,0.4511068797704771
0.10862101254759972,0.6069807581665921,0.4510344610162848
0.10918284537112179,0.6071086108802659,0.4510126731441254
0.11904613271739808,0.6148437000575337,0.45098154919836436
0.11935826206379924,0.6152272581985553,0.450735791044069
0.11935826206379924,0.6153551109122292,0.4502991559695458
0.11942068793307947,0.615419037269066,0.4500407082626886
0.1194831138023597,0.615419037269066,0.44987483774372533
0.11960796554092015,0.6154829636259029,0.44935438695487845
0.11960796554092015,0.6155468899827399,0.4493001453046131
0.11967039141020039,0.6155468899827399,0.4488878441262552
0.11967039141020039,0.6156108163395768,0.4488835294302843
0.12060677944940383,0.6166336380489675,0.44882719041689917
0.12073163118796429,0.6166336380489675,0.44879168298737127
0.12073163118796429,0.6166975644058045,0.44862151633164454
0.12110618640364568,0.6169532698331522,0.4483518931915304
0.12110618640364568,0.6170171961899892,0.4481697924280132
0.12154316748860727,0.6172089752604999,0.4481560891609824
0.12166801922716775,0.6172089752604999,0.44777970326641825
0.12185529683500843,0.6172089752604999,0.44775588893122237
0.12329109182845371,0.6184875023972384,0.4477232691301773
0.12329109182845371,0.618807134181423,0.44727810927881156
0.12335351769773394,0.6188710605382599,0.4472302297227964
0.12341594356701417,0.6188710605382599,0.4471721769408167
0.12354079530557463,0.6191267659656077,0.4470086892861858
0.12372807291341532,0.6193185450361184,0.44653486135159126
0.12404020225981646,0.6193824713929553,0.4465196898299908
0.12466446095261877,0.6197660295339769,0.44620731252206086
0.12466446095261877,0.6198299558908138,0.446175739819695
0.12472688682189899,0.6198299558908138,0.4460844314052332
0.12472688682189899,0.6198938822476507,0.44583933559038436
0.1272239215931082,0.6215559675254108,0.44573014195104815
0.1272239215931082,0.6218116729527584,0.44559595849105477
0.1272239215931082,0.6218755993095954,0.44556700723726356
0.12734877333166864,0.6220034520232692,0.4455260474100598
0.12734877333166864,0.6220673783801062,0.44541676976356875
0.12759847680878955,0.6221952310937799,0.4448182629463591
0.12822273550159186,0.6228344946621492,0.44479157132400754
0.128534864847993,0.62302627373266,0.4445151308444997
0.128534864847993,0.6230902000894969,0.44400822158137115
0.12865971658655348,0.6230902000894969,0.4436913449414509
0.12878456832511392,0.6231541264463338,0.4434974128301269
0.1289094200636744,0.6231541264463338,0.4434437282459136
0.12903427180223484,0.6231541264463338,0.4429492430712044
0.12909669767151508,0.6232819791600077,0.4427228281887253
0.12928397527935576,0.6233459055168445,0.4425468772081214
0.129346401148636,0.6234098318736815,0.44250012842556846
0.12940882701791623,0.6235376845873554,0.4424985779597877
0.12984580810287782,0.6241130217988877,0.4424792244274105
0.12990823397215806,0.6241769481557246,0.4418325468681855
0.13003308571071853,0.6243048008693984,0.44154204602951935
0.13009551157999874,0.6243687272262354,0.4414701878396928
0.13009551157999874,0.6244326535830723,0.44142898991692153
0.13015793744927898,0.6244965799399093,0.4413973534884246
0.1302203633185592,0.6244965799399093,0.4413855167971435
0.13047006679568013,0.6247522853672569,0.44125822241513574
0.1305949185342406,0.6247522853672569,0.4411281427062917
0.1310318996192022,0.6248801380809308,0.441091884641388
0.13121917722704288,0.6250079907946046,0.44102211808031205
0.13196828765840565,0.6255194016493,0.4407651488122655
0.1320931393969661,0.6255194016493,0.4407409356476287
0.13215556526624633,0.6255194016493,0.44072245631018375
0.13221799113552657,0.6256472543629739,0.44068812998812495
0.1322804170048068,0.6256472543629739,0.4406335574212813
0.1322804170048068,0.6257111807198108,0.4404638420437176
0.132342842874087,0.6257111807198108,0.4403439258408148
0.134777451776016,0.6280764559227769,0.4402891710495998
0.13490230351457644,0.6280764559227769,0.4400097297164337
0.13490230351457644,0.6281403822796139,0.4399274111049069
0.13508958112241712,0.6283321613501247,0.4398494229438232
0.13508958112241712,0.6283960877069615,0.43955699291178474
0.13527685873025783,0.6285239404206354,0.43944389480257295
0.13596354329234034,0.6292271303458415,0.43943205479854075
0.1365253761158624,0.6296106884868631,0.43935573641473474
0.1365253761158624,0.6296746148437,0.4392540993879274
0.13671265372370311,0.629738541200537,0.4385370022908488
0.13671265372370311,0.6299303202710478,0.4381578141733673
0.13677507959298332,0.6299942466278847,0.4380532954909132
0.1368999313315438,0.6300581729847216,0.4379889866795331
0.1368999313315438,0.6301220993415585,0.4379614899939282
0.13696235720082403,0.6301220993415585,0.4378841950754083
0.13696235720082403,0.6301860256983954,0.43778881646783224
0.13696235720082403,0.6303778047689063,0.4377650897205069
0.13696235720082403,0.6304417311257432,0.4375081102699151
0.1371496348086647,0.6304417311257432,0.43707910379360754
0.1375241900243461,0.6306335101962539,0.43704664624541184
0.1375866158936263,0.6306335101962539,0.43690714979151885
0.1375866158936263,0.6306974365530909,0.43643342052216005
0.13764904176290654,0.6307613629099278,0.4361790121875884
0.13771146763218678,0.6307613629099278,0.4360421930029555
0.13771146763218678,0.6309531419804385,0.43598839829015423
0.13777389350146702,0.6309531419804385,0.43588463403454003
0.13777389350146702,0.6310170683372754,0.4358715841444692
0.13789874524002746,0.6310170683372754,0.4358515752003019
0.1379611711093077,0.6310170683372754,0.43579108244147796
0.1379611711093077,0.6310809946941124,0.4357728187272163
0.13802359697858793,0.6311449210509493,0.435764712291725
0.13808602284786817,0.6311449210509493,0.43571699516418255
0.13827330045570885,0.6311449210509493,0.4356711665590206
0.1392096884949123,0.6318481109761555,0.4356480237769652
0.1392096884949123,0.6319759636898293,0.4355677004954287
0.13939696610275298,0.6319759636898293,0.4349917755919732
0.13952181784131343,0.6320398900466663,0.43463161609509127
0.13958424371059366,0.6320398900466663,0.43452761489689457
0.13958424371059366,0.6322955954740139,0.434383695131904
0.1396466695798739,0.6322955954740139,0.4343768718621591
0.1400836506648355,0.6326791536150355,0.4342407805371813
0.1402709282726762,0.6326791536150355,0.4341844075088062
0.14033335414195644,0.6328070063287093,0.43415451605486033
0.1410824645733192,0.6331266381128939,0.43402284460657925
0.14264311130532492,0.6342133861791216,0.4339533280173933
0.1427679630438854,0.6342133861791216,0.43389076711085023
0.1442661839066109,0.6354919133158601,0.4336972818628453
0.14432860977589113,0.6354919133158601,0.43340826303087515
0.15194456582807916,0.6425238125679218,0.4332230239275712
0.15194456582807916,0.6427795179952694,0.43312076419773615
0.15213184343591984,0.6428434443521064,0.4328351410714156
0.15231912104376052,0.6428434443521064,0.4326384381833507
0.15238154691304076,0.6429073707089433,0.4325306382779845
0.15256882452088144,0.643099149779454,0.4325198958353501
0.1526936762594419,0.643163076136291,0.4324954804548919
0.1526936762594419,0.6433548552068018,0.43246117807061746
0.15281852799800238,0.6434187815636387,0.4324479617433068
0.1530682314751233,0.6434187815636387,0.43231053006068837
0.1535052125600849,0.6437384133478233,0.4322171578243972
0.1535052125600849,0.6438023397046603,0.43220534008969713
0.15369249016792558,0.6445055296298664,0.4317314698433659
0.15369249016792558,0.6445694559867033,0.43168412924119337
0.1537549160372058,0.6445694559867033,0.4315585716143367
0.15394219364504652,0.6446973087003771,0.43141327264805973
0.15394219364504652,0.644825161414051,0.4311567948305982
0.15394219364504652,0.6452726459119095,0.4311544649726821
0.1541294712528872,0.6453365722687464,0.430774373859663
0.15437917473000812,0.6455283513392571,0.4307463387474205
0.15444160059928835,0.6455922776960941,0.4307320307407526
0.15444160059928835,0.645656204052931,0.4307297889766167
0.1545664523378488,0.645656204052931,0.4304096696122773
0.1545664523378488,0.645720130409768,0.4302767913784724
0.15462887820712903,0.645720130409768,0.4301691795595171
0.15525313689993134,0.6462954676213003,0.4299925596262075
0.15537798863849178,0.6462954676213003,0.4297757094916454
0.15544041450777202,0.6463593939781371,0.42976236712506316
0.15544041450777202,0.646487246691811,0.4296158991211075
0.15550284037705225,0.646487246691811,0.42958857915361626
0.15550284037705225,0.646551173048648,0.4295479793128196
0.1555652662463325,0.6466790257623218,0.42950953833183064
0.1556276921156127,0.6466790257623218,0.42944921395084823
0.15612709906985456,0.6469986575465064,0.42938650872586565
0.15618952493913477,0.6469986575465064,0.42935599230736904
0.15631437667769524,0.6470625839033434,0.4290702104315859
0.15631437667769524,0.6471265102601803,0.4287198712270748
0.1564392284162557,0.6471265102601803,0.42822843530312266
0.1564392284162557,0.6471904366170173,0.4281267746722281
0.15650165428553592,0.6471904366170173,0.42806053403803374
0.15668893189337663,0.6472543629738541,0.42799171521064294
0.157063487109058,0.6475100684012018,0.42781123914064717
0.157063487109058,0.6476379211148756,0.4277269964000141
0.157063487109058,0.6477018474717126,0.4275538390174614
0.15718833884761846,0.6477018474717126,0.42750389315403753
0.15906111492602534,0.648980374608451,0.42741799531895763
0.15918596666458582,0.648980374608451,0.4272993565586298
0.15924839253386602,0.648980374608451,0.42718182894586154
0.15924839253386602,0.6491082273221249,0.4270033396715267
0.15943567014170673,0.6493000063926356,0.42684262189376904
0.15943567014170673,0.6493639327494726,0.4267950410034594
0.1596229477495474,0.6493639327494726,0.42670702131759963
0.15974779948810788,0.6493639327494726,0.4265701524086011
0.15974779948810788,0.6494278591063095,0.4263741562825096
0.15987265122666833,0.6494278591063095,0.42601163805664366
0.1599975029652288,0.6494917854631465,0.42599590753374966
0.16024720644234972,0.6494917854631465,0.4258757820739169
0.16030963231162995,0.6496196381768203,0.4258165972602495
0.1604344840501904,0.6496196381768203,0.4257267261552094
0.1604344840501904,0.6497474908904941,0.4256282692331368
0.16055933578875087,0.649811417247331,0.4256013396357443
0.16055933578875087,0.649875343604168,0.4255494524038357
0.16062176165803108,0.6500031963178419,0.42552716032086374
0.1606841875273113,0.6500671226746788,0.42548687335211066
0.16099631687371246,0.6508981653135588,0.4254341552189887
0.16118359448155314,0.6508981653135588,0.4253988603761219
0.16124602035083338,0.6509620916703958,0.4253604353536464
0.16124602035083338,0.6510899443840695,0.4251079760968605
0.1638054809913228,0.6526881033049926,0.4247400750994518
0.1638054809913228,0.6528159560186665,0.4243953739204872
0.1642424620762844,0.6528798823755034,0.42437457428279646
0.16455459142268555,0.6530077350891773,0.4243262432613061
0.16467944316124603,0.6530077350891773,0.4242995523776307
0.16480429489980647,0.6531355878028511,0.4242992339910352
0.16555340533116925,0.6535191459438726,0.4240716218277363
0.16580310880829016,0.6537109250143834,0.4239971052165231
0.1658655346775704,0.6537748513712204,0.42399660696225516
0.166302515762532,0.6538387777280573,0.42398439299247687
0.16642736750109247,0.6538387777280573,0.42398091639831115
0.17004806791934576,0.655756568433165,0.42394454728084846
0.170110493788626,0.655756568433165,0.42377212985390483
0.17079717835070854,0.6567793901425558,0.42360001631051153
0.17079717835070854,0.6568433164993926,0.42334987160608
0.17092203008926898,0.6568433164993926,0.4229251127598483
0.17104688182782946,0.6569072428562296,0.4229149004669556
0.1711093076971097,0.6569711692130665,0.42290600148874546
0.1711093076971097,0.6572268746404143,0.422781755668876
0.1711093076971097,0.6572908009972511,0.42277913508598314
0.1711717335663899,0.6572908009972511,0.4227751640419816
0.17167114052063176,0.6577382854951096,0.42261486392995506
0.17167114052063176,0.6578022118519465,0.42258338667898004
0.1719832698670329,0.6579939909224574,0.42232833177311896
0.17210812160559336,0.6579939909224574,0.42227263263402964
0.17210812160559336,0.6580579172792943,0.4222002683077466
0.1721705474748736,0.6581218436361311,0.42206153545897196
0.17229539921343404,0.6581857699929681,0.4218916276181343
0.17235782508271427,0.6581857699929681,0.42181819187878133
0.17235782508271427,0.658249696349805,0.421640985952206
0.1724202509519945,0.658313622706642,0.4213810463914757
0.1726075285598352,0.6584414754203158,0.42109752953166235
0.1726075285598352,0.6585054017771527,0.4209203642393246
0.17266995442911542,0.6586332544908265,0.42087863838375283
0.17266995442911542,0.6586971808476635,0.4208280267441475
0.17291965790623634,0.6586971808476635,0.4208184033544535
0.17329421312191773,0.6588250335613374,0.42079349048655934
0.17541669267744553,0.660742824266445,0.42074927268054824
0.17841313440289655,0.6626606149715528,0.4207319110680264
0.17866283788001747,0.6628523940420635,0.42065244858101647
0.1787252637492977,0.6628523940420635,0.4206328529681919
0.17885011548785817,0.6628523940420635,0.42060312492342367
0.17897496722641862,0.6629163203989005,0.4206000476562234
0.17916224483425933,0.6629163203989005,0.4205457142361963
0.1797865035270616,0.6631080994694112,0.4204289055562183
0.17984892939634184,0.6631080994694112,0.42042022993963724
0.1799737811349023,0.663299878539922,0.4203880856253612
0.1799737811349023,0.663363804896759,0.42038032281184
0.18003620700418255,0.663363804896759,0.42029171604584453
0.18009863287346276,0.6635555839672697,0.4202336632736914
0.180161058742743,0.6636195103241066,0.4201968773449774
0.18022348461202323,0.6636195103241066,0.4201263411569453
0.18022348461202323,0.6636834366809435,0.42008637833529155
0.18034833635058367,0.6636834366809435,0.4199607210966335
0.18034833635058367,0.6638112893946174,0.4196559261455298
0.1804107622198639,0.6638112893946174,0.41965358238488876
0.1805980398277046,0.6640030684651281,0.41961149426963285
0.18084774330482553,0.664130921178802,0.41951883791953776
0.18097259504338598,0.664130921178802,0.4189370881026533
0.18115987265122666,0.6642587738924759,0.4189097337504067
0.18134715025906736,0.6643227002493128,0.4188681995474891
0.1814095761283476,0.6643227002493128,0.4188460081827122
0.18259566764467194,0.664961963817682,0.4188183673014841
0.18272051938323242,0.664961963817682,0.4187819613057296
0.1839066108995568,0.6654094483155405,0.41874948419958213
0.1842187402459579,0.6657290800997251,0.4186233327161267
0.18428116611523815,0.6659847855270729,0.4186144716647458
0.18484299893876022,0.6663044173112574,0.4185544585901626
0.18490542480804045,0.6663044173112574,0.418515570014175
0.1862787939322055,0.6670715335933005,0.4184957764420192
0.18715275610212873,0.6673272390206482,0.41830078395802056
0.18727760784068917,0.6673911653774851,0.4182910518659639
0.18808914414133218,0.6678386498753436,0.4182190521583676
0.18896310631125537,0.6684139870868759,0.41814452879293607
0.18896310631125537,0.6686696925142236,0.4180872295940717
0.19501841563143768,0.6721217157834175,0.4180258710109703
0.19501841563143768,0.6721856421402544,0.4179728141729725
0.19520569323927836,0.6721856421402544,0.4179081459014377
0.1953305449778388,0.6721856421402544,0.41789081694667296
0.19857669018041077,0.6743591382727099,0.41783094015271605
0.19926337474249328,0.6753180336252637,0.4178288563003082
0.199450652350334,0.6753180336252637,0.4177511121566255
0.20107372495161996,0.676788339832513,0.41748383471397216
0.2011361508209002,0.676788339832513,0.41739777167397846
0.20126100255946064,0.676788339832513,0.41737889351847884
0.20126100255946064,0.6769161925461868,0.4173131625929956
0.20132342842874087,0.6769161925461868,0.417202494879869
0.20132342842874087,0.6769801189030237,0.417202398877778
0.2013858542980211,0.6772997506872084,0.4170113832614945
0.20313377863786752,0.678450425110273,0.4170064432736839
0.20319620450714776,0.678450425110273,0.41699246766928444
0.20319620450714776,0.6785143514671099,0.41692086740823153
0.20363318559210938,0.6785782778239469,0.4169093430564778
0.20382046319995006,0.6786422041807837,0.4168283784906984
0.20400774080779074,0.6793453941059899,0.41671031638074746
0.20413259254635122,0.6793453941059899,0.416687770603533
0.20419501841563142,0.6794732468196637,0.4166496919854184
0.20425744428491166,0.6794732468196637,0.4163899644682516
0.2043198701541919,0.6795371731765006,0.4163892015017089
0.20444472189275237,0.6796010995333376,0.4163487396950155
0.20463199950059305,0.6796010995333376,0.41631900704764835
0.20469442536987328,0.6796010995333376,0.416237838991831
0.20469442536987328,0.6796650258901745,0.41613694922542566
0.20488170297771396,0.6796650258901745,0.41601669301690275
0.20519383232411512,0.6799207313175222,0.4157619373732952
0.20525625819339535,0.6799207313175222,0.4157497176065383
0.20525625819339535,0.6799846576743591,0.415622028033754
0.20531868406267556,0.6801764367448699,0.4155183848637578
0.2053811099319558,0.6803042894585437,0.41542746520693874
0.20581809101691742,0.6806878475995654,0.4154208778914465
0.20581809101691742,0.6808157003132391,0.41539938118530584
0.2091266620887696,0.6827334910183469,0.41533089608566365
0.2091266620887696,0.6827974173751837,0.41523808773638793
0.21393345402334726,0.6856741034328454,0.41507778046572563
0.21393345402334726,0.6857380297896822,0.41506316671377314
0.2139958798926275,0.6857380297896822,0.41506288167174304
0.2141831575004682,0.6860576615738669,0.4149849885315223
0.21430800923902865,0.6861855142875407,0.4149441851729589
0.21430800923902865,0.6863133670012146,0.4148578115130194
0.2152443972782321,0.686888704212747,0.41482578809334736
0.21536924901679255,0.686888704212747,0.4147521302860368
0.21536924901679255,0.6869526305695839,0.4146489737351368
0.21599350770959486,0.6872722623537685,0.414631286318904
0.21680504401023784,0.68765582049479,0.41463022392514687
0.2291029402584431,0.697756184875024,0.4146089765284021
0.22935264373556402,0.6981397430160455,0.4145162151264458
0.230164180036207,0.698587227513904,0.4144826251335302
0.23047630938260816,0.6989068592980886,0.41432347605463854
0.2305387352518884,0.6989707856549255,0.41422517391259217
0.23103814220613023,0.6995461228664578,0.4141809419821111
0.23110056807541046,0.6997379019369686,0.4141725191133893
0.2312254198139709,0.6998018282938056,0.4140250218817754
0.23428428740870216,0.7023588825672825,0.4140150101893002
0.23440913914726264,0.7023588825672825,0.41379722012258996
0.234783694362944,0.7024867352809563,0.4136408472158921
0.23484612023222423,0.7024867352809563,0.4134794246220115
0.23522067544790562,0.7025506616377932,0.4133762994057554
0.23522067544790562,0.7026145879946302,0.4133252060479598
0.23534552718646606,0.702742440708304,0.4132780812247811
0.23628191522566952,0.7031899252061625,0.41287863826335364
0.23759285848055434,0.703637409704021,0.4128100381771684
0.23765528434983457,0.703637409704021,0.41256929209023346
0.23971533803608217,0.7044045259860641,0.4125573748018381
0.23977776390536237,0.7044045259860641,0.41253927179886185
0.23996504151320308,0.7047241577702487,0.41250030193560433
0.24015231912104376,0.7048520104839225,0.41247708562122304
0.24033959672888444,0.7049159368407595,0.4124285827981093
0.24033959672888444,0.7049798631975964,0.4124209277979209
0.24040202259816468,0.7049798631975964,0.4122862417138194
0.2406517260752856,0.7050437895544333,0.4122476950409903
0.2406517260752856,0.7051077159112702,0.41222160991479595
0.24083900368312627,0.7051077159112702,0.4121205349884325
0.24708159061114926,0.7097743399603657,0.41208941198900306
0.24708159061114926,0.7098382663172026,0.4119528734072772
0.24726886821898994,0.7098382663172026,0.4117925438840758
0.2477682751732318,0.7107971616697565,0.41177983726801315
0.247830701042512,0.7108610880265933,0.4117526475852621
0.24795555278107248,0.7109889407402672,0.4116754783408663
0.24826768212747363,0.7113724988812887,0.4116069380146737
0.24833010799675387,0.7113724988812887,0.41152369718275533
0.24833010799675387,0.7114364252381257,0.4114751913670231
0.24895436668955614,0.712075688806495,0.41143775818291495
0.24895436668955614,0.7121396151633318,0.4113937592357855
0.24945377364379798,0.7124592469475165,0.4113544951459905
0.24945377364379798,0.7125231733043533,0.4112987255260009
0.2495161995130782,0.7126510260180272,0.4112845605905816
0.2495161995130782,0.7127149523748642,0.4112753595443606
0.24964105125163868,0.7127149523748642,0.41120338151060143
0.24982832885947936,0.7127788787317011,0.411052491077808
0.2498907547287596,0.7127788787317011,0.4110321773204004
0.25195080841500717,0.7146966694368088,0.410886942410156
0.25195080841500717,0.7147605957936457,0.4107644734540742
0.2520132342842874,0.7147605957936457,0.4107241567763881
0.2522005118921281,0.7152080802915042,0.41059728967199793
0.25257506710780947,0.7153359330051781,0.4105647354157241
0.2531993258006118,0.715399859362015,0.4104551391062264
0.2531993258006118,0.7154637857188518,0.4104185913856245
0.253261751669892,0.7154637857188518,0.4103608806522005
0.2534490292777327,0.7154637857188518,0.4103501143629711
0.2535114551470129,0.7155916384325257,0.4103347113894661
0.2563830451339035,0.717125870996612,0.4102896545586775
0.25650789687246395,0.717125870996612,0.4100979050695089
0.2565703227417442,0.7173176500671227,0.4100793230842759
0.2567576003495849,0.7175094291376335,0.4099988791570674
0.2567576003495849,0.7175733554944703,0.4099891669495398
0.2568824520881453,0.7176372818513073,0.4099547113656195
0.25694487795742554,0.7176372818513073,0.4099346090180383
0.2572570073038267,0.717956913635492,0.40977456615603247
0.2572570073038267,0.7180208399923288,0.40971796367353946
0.2578188401273488,0.7180847663491657,0.40968243494712864
0.2580685436044697,0.7182765454196766,0.40963078668673697
0.2581309694737499,0.7183404717765135,0.4093955557195727
0.25819339534303015,0.7183404717765135,0.4091894345200043
0.25881765403583246,0.7185322508470242,0.4089294313110826
0.25956676446719523,0.7192993671290673,0.4089028437861742
0.2602534490292777,0.7198747043405996,0.40885585475654984
0.2614395405456021,0.7207057469794796,0.40878745768855096
0.2615019664148823,0.7207696733363166,0.4087259454475197
0.2615019664148823,0.7208335996931535,0.40869771541004357
0.26443598227105314,0.7231988748961197,0.4086905680104188
0.26530994444097633,0.7235824330371412,0.4086774900096285
0.26537237031025657,0.7236463593939781,0.40865724969727896
0.2707409950683563,0.726267340024292,0.4086221794798477
0.27142767963043885,0.7268426772358243,0.4085355433996441
0.2714901054997191,0.7268426772358243,0.4084234634863554
0.27754541481990136,0.7310618167870613,0.40837029669044694
0.2776078406891816,0.7310618167870613,0.4083491879240829
0.2776078406891816,0.7312535958575721,0.4083398072380782
0.2777951182970223,0.7312535958575721,0.40828765507340975
0.28147824458455584,0.7336188710605382,0.4082108699472843
0.2815406704538361,0.7336827974173752,0.4081882466258604
0.28410013109432547,0.735536661765646,0.4081456809848655
0.28822023846682066,0.7397558013168829,0.40806897356411814
0.28840751607466136,0.7398197276737198,0.4080358362135022
0.31381484487171485,0.7589337083679601,0.4079037854242996
0.31381484487171485,0.7590615610816339,0.40780719237526986
0.3138772707409951,0.7591254874384709,0.40773223855684515
0.3141894000873962,0.7593811928658186,0.407703224353354
0.31425182595667644,0.7593811928658186,0.4076347205425806
0.3146263811723578,0.7597647510068402,0.4076135190304088
0.31575004681940194,0.7607875727162309,0.40756944381478005
0.3158748985579624,0.7607875727162309,0.40733931800874956
0.3160621761658031,0.7609154254299048,0.4072896560195966
0.31681128659716584,0.7611072045004155,0.4071089238692004
0.3169361383357263,0.7611072045004155,0.40706523111510856
0.31699856420500655,0.7611072045004155,0.4069048659317798
0.31718584181284726,0.7611072045004155,0.40684135407638977
0.31718584181284726,0.7611711308572524,0.4067809935811696
0.31731069355140773,0.7611711308572524,0.4065254107365025
0.31743554528996815,0.7612350572140894,0.4064933779829307
0.3174979711592484,0.7612989835709263,0.4064605843779536
0.3175603970285286,0.7612989835709263,0.406450086549151
0.3178725263749298,0.7616825417119478,0.40625944307917666
0.31793495224421,0.7616825417119478,0.40625862942205315
0.31793495224421,0.7617464680687848,0.40611915999057
0.31805980398277045,0.7617464680687848,0.40604187336527153
0.31805980398277045,0.7618103944256217,0.4058861897453184
0.3181846557213309,0.7618103944256217,0.40579378336797883
0.3181846557213309,0.7618743207824586,0.40571221447277855
0.3206192646232599,0.7634085533465448,0.4056946480092437
0.3206816904925401,0.7634085533465448,0.40567697844871503
0.32080654223110056,0.7634724797033817,0.40561910559941927
0.3208689681003808,0.7636642587738924,0.4055538384729284
0.3208689681003808,0.7637921114875663,0.40551182378801687
0.32155565266246333,0.7641117432717509,0.4054772110753234
0.32174293027030404,0.7641117432717509,0.4050405912177304
0.32199263374742493,0.7643035223422617,0.4049489074426364
0.32767338785192585,0.7681391037524772,0.4049096835360401
0.32829764654472815,0.7687783673208464,0.4048920834343851
0.3283600724140084,0.7688422936776833,0.40479154125962774
0.3286097758911293,0.7691619254618679,0.4047590850788317
0.3286722017604095,0.7691619254618679,0.4047586006586663
0.3326674573943442,0.7717189797353449,0.40472730201019663
0.3347275110805918,0.7737006967972895,0.40443668770959457
0.3347275110805918,0.7739564022246372,0.40442156168921617
0.334789936949872,0.7739564022246372,0.4044119400762392
0.3349147886884325,0.7740203285814742,0.4043937857862869
0.33510206629627315,0.7740203285814742,0.40422050328388953
0.33510206629627315,0.774084254938311,0.4041685370168128
0.3351644921655534,0.774148181295148,0.4040907090549195
0.3352269180348336,0.774148181295148,0.4040832364769148
0.3353517697733941,0.7742121076519849,0.40370355042276307
0.3355390473812348,0.7742760340088218,0.40367182218122444
0.33572632498907545,0.7742760340088218,0.4036080127060278
0.33572632498907545,0.7743399603656588,0.4035948958730661
0.33591360259691616,0.7743399603656588,0.40353245528795256
0.3359760284661964,0.7744678130793327,0.40342592219612483
0.33610088020475687,0.7745317394361695,0.4034183906817219
0.3362881578125975,0.7745317394361695,0.40326996030463697
0.33647543542043823,0.7746595921498434,0.40316150325199446
0.33647543542043823,0.7747235185066803,0.403127982329515
0.33653786128971847,0.7747235185066803,0.4030578712857498
0.3405331169236532,0.7767691619254619,0.40277675301462584
0.3405331169236532,0.7768970146391357,0.4027218667230186
0.3406579686622136,0.7772166464233203,0.4026737935488008
0.34078282040077407,0.7772805727801573,0.4026030454890817
0.3469005555902366,0.7799015534104712,0.4025260208900974
0.3469629814595168,0.7799015534104712,0.40248250230601373
0.34702540732879705,0.779965479767308,0.4024759806249977
0.3470878331980773,0.779965479767308,0.40246067579100586
0.3471502590673575,0.7802211851946558,0.40225742084740784
0.34721268493663776,0.7802211851946558,0.40221411045593075
0.347275110805918,0.7803490379083297,0.40217034807796165
0.34746238841375865,0.7803490379083297,0.40211214220569563
0.3646295024658218,0.7930703829188774,0.4020616488361977
0.36469192833510206,0.7931343092757144,0.40203364845308853
0.3648167800736625,0.7931343092757144,0.40189757155573463
0.36487920594294276,0.7931343092757144,0.40186996157514593
0.36487920594294276,0.7932621619893883,0.4018409433063522
0.36512890942006365,0.7933260883462252,0.40182599247290623
0.3652537611586241,0.7933260883462252,0.4018197906686967
0.36550346463574507,0.793453941059899,0.401806118750766
0.36619014919782755,0.7937735728440836,0.4017760057096049
0.36637742680566826,0.7939014255577574,0.40174949473173655
0.37018540483176227,0.7963945534743975,0.40174069610538066
0.3706848117860041,0.7965224061880714,0.4016623333504184
0.37080966352456457,0.7965224061880714,0.4014932357442844
0.3708720893938448,0.7965863325449083,0.4014339709886232
0.3709969411324053,0.7967141852585821,0.40123202405922836
0.3710593670016855,0.7967141852585821,0.4012313370451164
0.3710593670016855,0.796842037972256,0.4012221383943615
0.37118421874024593,0.796842037972256,0.4011703961682168
0.3713090704788064,0.796842037972256,0.40116334989413704
0.3729945689493726,0.7980566387521575,0.40116290080073724
0.37305699481865284,0.7980566387521575,0.40109880070413945
0.37324427242649355,0.7981205651089944,0.40109237222327826
0.37324427242649355,0.7981844914658314,0.40105179079598147
0.3733066982957738,0.7982484178226683,0.40091294790710774
0.3733066982957738,0.7983762705363421,0.40079199427403656
0.3743679380735377,0.7993990922457329,0.40078562147334057
0.3743679380735377,0.7994630186025699,0.40056975288262403
0.3744303639428179,0.7995269449594068,0.40055509016202223
0.3744303639428179,0.7995908713162437,0.4004553330546316
0.37455521568137834,0.7997826503867544,0.400449189513482
0.37455521568137834,0.7999744294572653,0.40033670455505144
0.3746800674199388,0.7999744294572653,0.4002050776561414
0.37474249328921905,0.7999744294572653,0.40016921079711465
0.37555402958986206,0.8006136930256345,0.40011965467690364
0.37555402958986206,0.8006776193824714,0.3999930499033797
0.3756788813284225,0.8006776193824714,0.39996402816392007
0.3761158624133841,0.800997251166656,0.3998727211828633
0.377988638491791,0.8017004410918622,0.3998694691427148
0.3781759160996317,0.8017004410918622,0.3997914858207019
0.37830076783819216,0.8020200728760468,0.39974159172817825
0.3784256195767526,0.8020200728760468,0.39972334295756456
0.3784880454460328,0.8020200728760468,0.39966763260370664
0.3786753230538735,0.8023397046602314,0.399623956100834
0.3786753230538735,0.8024036310170684,0.39954985634440066
0.37873774892315376,0.8025954100875791,0.3995395691776372
0.378800174792434,0.802659336444416,0.3995048474694033
0.37892502653099447,0.8027871891580899,0.3994369577081798
0.37892502653099447,0.8028511155149268,0.399413416341489
0.3806105250015607,0.8038739372243175,0.39940611306943197
0.38117235782508274,0.8040017899379914,0.3994022079802622
0.38235844934140706,0.8049606852905453,0.3992916707040015
0.38329483738061054,0.8058556542862623,0.39919850157474157
0.3833572632498908,0.806047433356773,0.39918691498734127
0.38572944628253947,0.8075177395640223,0.39913062927044296
0.38604157562894065,0.8076455922776961,0.3990346628936652
0.3861664273675011,0.807709518634533,0.39901620868428517
0.38629127910606154,0.8078373713482069,0.39898100476168374
0.3865409825831825,0.8080930767755545,0.3989781689436153
0.3866034084524627,0.8080930767755545,0.3989655444977746
0.3866034084524627,0.8081570031323915,0.39895125265536285
0.39047381234783696,0.8103304992648469,0.3988806509461641
0.39059866408639743,0.8103944256216838,0.39886086913382784
0.3906610899556776,0.8104583519785208,0.39880217527059375
0.3915974779948811,0.8111615419037269,0.3987862663928061
0.3922217366876834,0.8116729527584223,0.39872382435134845
0.3922217366876834,0.8117368791152593,0.39859575593365626
0.3922841625569636,0.811864731828933,0.3984621350556136
0.4042699294587677,0.8208783481429394,0.3984176799971701
0.40433235532804795,0.8210062008566131,0.3982779105438303
0.40433235532804795,0.821134053570287,0.3981651678447692
0.40458205880516884,0.821197979927124,0.3981376346718711
0.40476933641300955,0.8213258326407978,0.39806982323083007
0.4050190398901305,0.8215815380681455,0.39802161533634905
0.40539359510581185,0.8217093907818194,0.39788103556847315
0.40558087271365256,0.8219011698523301,0.39782006942121545
0.4063299831450153,0.8222208016365148,0.397519799447256
0.4063924090142955,0.8222847279933516,0.3975071325960035
0.40645483488357576,0.8222847279933516,0.39742662910695803
0.406517260752856,0.8224765070638624,0.39739629177633506
0.40726637118421877,0.822796138848047,0.39735751574202754
0.4077657781384606,0.8230518442753948,0.3973285232451307
0.4077657781384606,0.8232436233459055,0.39730024754247617
0.40782820400774084,0.8234354024164163,0.3972918054877914
0.40782820400774084,0.8234993287732532,0.39715293212280817
0.407890629877021,0.823627181486927,0.39712332390765465
0.407890629877021,0.823691107843764,0.3971183625346416
0.4086397403083838,0.8240746659847855,0.3971057482052427
0.40920157313190586,0.8242664450552963,0.39707892772036896
0.4094512766090268,0.8246500031963179,0.39706241144470117
0.4095761283475872,0.8247139295531548,0.39698835718265973
0.40963855421686746,0.8247778559099916,0.3969286317753614
0.40976340595542793,0.8249057086236655,0.3969142752496872
0.40976340595542793,0.8249696349805025,0.3968807612265947
0.40982583182470816,0.8249696349805025,0.39680812633075996
0.41344653224296146,0.8269513520424471,0.3967400931047361
0.4156314376677695,0.8280381001086748,0.3966166682095178
0.41575628940632997,0.8280381001086748,0.3966158498128262
0.4158187152756102,0.8280381001086748,0.3966025457213305
0.41619327049129157,0.8281659528223486,0.39660137925645256
0.41619327049129157,0.8282298791791856,0.3965967072500007
0.4162556963605718,0.8282298791791856,0.39629249932794397
0.4162556963605718,0.8282938055360225,0.3961464640654973
0.4164429739684125,0.8282938055360225,0.39609963061121733
0.416567825706973,0.8282938055360225,0.39606227029834395
0.416567825706973,0.8283577318928594,0.3959847482422632
0.4170672326612148,0.8284216582496964,0.39582439626855276
0.41712965853049505,0.8284216582496964,0.39573840823551576
0.4172545102690555,0.8284855846065333,0.39560203686106216
0.4172545102690555,0.8285495109633702,0.3955710686315719
0.4173169361383357,0.8286134373202071,0.39536286232130086
0.41756663961545665,0.828741290033881,0.3953505837724463
0.4193145639553031,0.8297641117432718,0.39526575366890526
0.4193145639553031,0.8298280381001086,0.3952418724871469
0.4193769898245833,0.8300198171706195,0.3952298235689756
0.4196266933017042,0.8301476698842933,0.3951124393994547
0.42075035894874835,0.8306590807389886,0.3951055470837944
0.4208127848180286,0.8306590807389886,0.39476277932342557
0.42093763655658906,0.8306590807389886,0.39475484544006595
0.4210000624258693,0.8307869334526625,0.3947509032887559
0.42118734003370994,0.8309787125231733,0.39458751252246854
0.42118734003370994,0.8311065652368471,0.3944047921005051
0.4212497659029902,0.8311065652368471,0.394317798420982
0.4214994693801111,0.831234417950521,0.3943129317186706
0.4216243211186716,0.8314261970210318,0.39420848055639196
0.421749172857232,0.8315540497347056,0.3941503162877053
0.42199887633435296,0.8315540497347056,0.39414501475947666
0.42199887633435296,0.8316179760915425,0.3941368958096576
0.4222485798114739,0.8316819024483795,0.39406060968315065
0.42243585741931455,0.8319376078757271,0.39371554958862903
0.4235595230663587,0.8327047241577703,0.39370284460290106
0.42387165241275987,0.8330243559419549,0.39359275525772514
0.42412135588988076,0.8332161350124656,0.3934696708654336
0.42430863349772147,0.8333439877261395,0.3934667419123772
0.4267432423996504,0.8348142939333887,0.39345860880698064
0.4267432423996504,0.8348782202902256,0.39339954788670006
0.42705537174605157,0.8351339257175734,0.3933871921693004
0.4271177976153318,0.8351339257175734,0.3933345955888741
0.4271177976153318,0.8351978520744103,0.39327957816511583
0.43098820151070605,0.8368599373521703,0.39320985819568455
0.4311130532492665,0.8368599373521703,0.3931189909936821
0.4313627567263874,0.8369877900658441,0.3930534396332226
0.43267369998127225,0.8376909799910504,0.3930059464732992
0.4327361258505525,0.8378188327047241,0.3928417250409255
0.4327985517198327,0.8378188327047241,0.3927868169178269
0.436419252138086,0.8401201815508534,0.39274916879361804
0.43648167800736626,0.8401201815508534,0.392749013920494
0.4365441038766465,0.8401841079076904,0.3927056540687322
0.43660652974592673,0.8401841079076904,0.3926571115615732
0.43673138148448715,0.8403119606213642,0.3926000551425178
0.43673138148448715,0.8403758869782011,0.39245964392107047
0.4367938073537674,0.8403758869782011,0.3923501217918016
0.43691865909232785,0.840503739691875,0.3922826640693109
0.43691865909232785,0.8405676660487119,0.3922501352919459
0.4369810849616081,0.8405676660487119,0.3920429029954109
0.43710593670016856,0.8405676660487119,0.3920170389387848
0.43710593670016856,0.8406315924055489,0.39196093309768243
0.4371683625694488,0.8406315924055489,0.3918391637230414
0.4376053436544104,0.8408872978328965,0.3918102130745159
0.438042324739372,0.8410151505465704,0.39178827228618124
0.43879143517073477,0.8419101195422873,0.39174277787425493
0.438853861040015,0.8419101195422873,0.3916840238381197
0.43891628690929524,0.8424215303969826,0.3915205721242938
0.43891628690929524,0.8424854567538196,0.3914993986424592
0.4400399525563393,0.8429329412516781,0.39149441186581135
0.44010237842561956,0.842996867608515,0.3914189553235546
0.44047693364130097,0.8431886466790257,0.39130763080859793
0.4405393595105812,0.8431886466790257,0.3912059384041859
0.44072663711842186,0.8432525730358627,0.3911882183168297
0.4407890629877021,0.8433804257495365,0.39114986114825356
0.4411011923341033,0.8434443521063735,0.3911498581346304
0.44116361820338346,0.8434443521063735,0.3911350120953908
0.44696922404644485,0.8461931854503612,0.39103443709948194
0.4470940757850053,0.8461931854503612,0.391026572842661
0.44728135339284597,0.8462571118071981,0.3909568105928394
0.44740620513140644,0.8465128172345459,0.39094414842129815
0.44740620513140644,0.8465767435913827,0.39081819003572404
0.4477183344778076,0.8469603017324042,0.3907323290997771
0.4477183344778076,0.8470242280892412,0.39072383436398767
0.4479056120856483,0.8470242280892412,0.39070862280776275
0.44803046382420875,0.8470242280892412,0.39069827836439913
0.4485298707784506,0.8472799335165889,0.39061235149808693
0.44971596229477495,0.8477913443712842,0.39059004558742844
0.44971596229477495,0.8478552707281212,0.39053548266559623
0.45058992446469814,0.8483666815828166,0.3905339702693033
0.45058992446469814,0.8484306079396535,0.3905180943954867
0.4507147762032586,0.8484306079396535,0.39050287136963757
0.4514638866346214,0.8488141660806751,0.390248979185707
0.4523378488045446,0.8491337978648597,0.39016017429536665
0.452712404020226,0.8493895032922074,0.3901000695299434
0.45396092140583055,0.8499648405037397,0.39003860549571046
0.4540233472751108,0.8499648405037397,0.3899931262048294
0.45427305075223173,0.8500926932174135,0.38976446273827026
0.4543979024907922,0.8500926932174135,0.3897309898165154
0.45446032836007244,0.8501566195742505,0.389689503937611
0.45446032836007244,0.8502205459310874,0.3896213569744828
0.4548348835757538,0.8503483986447612,0.3895619464022036
0.45489730944503404,0.8504123250015981,0.3894270268594867
0.45489730944503404,0.8504762513584351,0.38933866213243845
0.45520943879143516,0.850604104072109,0.38929038288454354
0.4552718646607154,0.850604104072109,0.38915951484278793
0.45533429052999563,0.8506680304289459,0.3891543212805724
0.45552156813783634,0.8507319567857827,0.3891224581371237
0.45564641987639676,0.8507319567857827,0.3889353261187241
0.4558961233535177,0.8509876622131305,0.3889216788342823
0.45595854922279794,0.8509876622131305,0.3888108562060884
0.4560209750920782,0.8510515885699674,0.3887316523074246
0.4588301392096885,0.8527136738477274,0.38867555079230276
0.45932954616393035,0.8529693792750751,0.38862997416459333
0.4593919720332106,0.853033305631912,0.38857393855396993
0.46082776702665584,0.8541200536981397,0.3885206097681939
0.4619514326737,0.8548232436233459,0.3884664536937946
0.46295024658218364,0.855654286262226,0.3883992264707832
0.4630126724514639,0.855654286262226,0.3883674754707496
0.46588426243835446,0.8567410343284536,0.38830240029980057
0.4671952056932393,0.8578277823946814,0.3882729825882626
0.4672576315625195,0.8578277823946814,0.38816420680887387
0.46987951807228917,0.8592980886019306,0.3881516275464218
0.4699419439415694,0.8592980886019306,0.38793458047968116
0.47031649915725077,0.8600652048839736,0.38790325759017436
0.4718771458892565,0.8607044684523429,0.38789427547642735
0.47381234783694365,0.8627501118711245,0.38781438052783745
0.4739996254447843,0.8627501118711245,0.38771605733989956
0.48386291279106064,0.8686313367001215,0.3876930779803763
0.4839253386603408,0.8686952630569584,0.38761466410630446
0.4840501903989013,0.8687591894137953,0.38727214559748385
0.48411261626818153,0.8687591894137953,0.3871937369363251
0.4909794618890068,0.87406507703126,0.38712131778060377
0.49104188775828705,0.8743847088154446,0.38712009093292593
0.4914164429739684,0.8745125615291185,0.387036900408196
0.49210312753605095,0.8752157514543246,0.38693628837889776
0.4921655534053312,0.8752796778111616,0.3868374851649088
0.49235283101317184,0.8752796778111616,0.3868203326550342
0.49297708970597415,0.875791088665857,0.3867761287977682
0.49666021599350774,0.8786038483666816,0.3866656927482194
0.49697234533990886,0.8786038483666816,0.3866484360388237
0.49697234533990886,0.8787317010803555,0.3865375701187887
0.5034022098757726,0.882503356133734,0.3864185007062201
0.5034022098757726,0.8825672824905708,0.38620088469289715
0.5034646357450527,0.8828229879179186,0.38617914246697604
0.5113927211436419,0.8865307166144601,0.3859607070394536
0.5114551470129222,0.8865946429712971,0.3858810875439838
0.5115799987514826,0.8865946429712971,0.3857098712695416
0.5115799987514826,0.886658569328134,0.3856763935029494
0.5123291091828454,0.8869782011123186,0.3855943180353534
0.5123915350521256,0.8872978328965032,0.3854044952599083
0.5133903489606093,0.8882567282490571,0.38536874090514694
0.5133903489606093,0.888384580962731,0.3853271386123857
0.5151382733004557,0.8887681391037525,0.3853017120020063
0.5151382733004557,0.8888320654605893,0.38528928156062453
0.5153255509082963,0.8889599181742632,0.3852459159548655
0.5153255509082963,0.8890238445311002,0.38523545112792157
0.5170110493788626,0.8905580770951863,0.38505484450631156
0.5170110493788626,0.8906220034520232,0.3849874195551928
0.5171983269867033,0.8906220034520232,0.3848434097036423
0.5172607528559835,0.8906220034520232,0.38483106343670714
0.5173231787252638,0.8908137825225341,0.3847332812620696
0.5177601598102254,0.8909416352362078,0.3847154744519876
0.5177601598102254,0.8910055615930448,0.38468094228186706
0.5178850115487859,0.8911973406635556,0.38460298040852214
0.5254385417316936,0.895927891069488,0.3845976537451882
0.5264997815094575,0.8966310809946941,0.3845717575023564
0.5264997815094575,0.896758933708368,0.38455430406716373
0.5267494849865785,0.8968228600652048,0.38453137111038077
0.5269367625944191,0.8969507127788787,0.38433899083003914
0.5269367625944191,0.8970146391357157,0.3841621514365373
0.5271240402022598,0.8970146391357157,0.384153040889304
0.5271864660715401,0.8970146391357157,0.3841520878862736
0.5272488919408203,0.8970785654925526,0.3841461181959907
0.5272488919408203,0.8971424918493895,0.38412152534764293
0.5294337973656283,0.8980374608451064,0.3840017136724676
0.5294962232349085,0.8980374608451064,0.38398091868844225
0.5295586491041888,0.8981013872019433,0.3839692338117804
0.529621074973469,0.8981013872019433,0.38393503689915304
0.529621074973469,0.8982292399156172,0.38383018924727424
0.5298083525813096,0.898421018986128,0.3836557657998754
0.5300580560584306,0.8984849453429649,0.38352040609716365
0.5301204819277109,0.8984849453429649,0.383493443031319
0.530682314751233,0.8986127980566387,0.38339683058391416
0.5316811286597166,0.8989324298408233,0.38319920106533867
0.5317435545289968,0.8989324298408233,0.38303458350702685
0.5320556838753979,0.8990602825544972,0.38299505266033385
0.5333042012610025,0.900083104263888,0.38298201578506896
0.5344278669080467,0.9007223678322572,0.3829223435610741
0.534490292777327,0.9007223678322572,0.38289274476918256
0.5349896997315687,0.9007862941890942,0.3828853754918613
0.5349896997315687,0.9008502205459311,0.38285189561046634
0.5351769773394095,0.9008502205459311,0.38241695692079514
0.5351769773394095,0.900914146902768,0.38233242779428456
0.5352394032086897,0.900914146902768,0.382324417331343
0.5352394032086897,0.9009780732596049,0.38229234819248153
0.5369249016792559,0.9018091158984849,0.3822683903738234
0.5430426368687183,0.9061561081633958,0.3822127344909687
0.5431050627379986,0.9062200345202327,0.38213720496515075
0.5431674886072788,0.9062200345202327,0.3820366717170869
0.5432923403458393,0.9062200345202327,0.38194510877452736
0.5434171920843998,0.9063478872339066,0.38163042675308606
0.5439165990386416,0.9065396663044173,0.38160669240197753
0.5439790249079218,0.9065396663044173,0.3814876837402984
0.5452275422935264,0.9069232244454388,0.38148572783935053
0.5459766527248892,0.9069871508022758,0.38136236224687625
0.5460390785941694,0.9069871508022758,0.3813430556331121
0.5460390785941694,0.9070510771591127,0.3813007797994117
0.5460390785941694,0.9072428562296235,0.38119324980555386
0.5461015044634496,0.9072428562296235,0.3811593556716763
0.5485361133653787,0.9096081314325897,0.3811370597409338
0.5487233909732193,0.9096081314325897,0.38090763268649064
0.5492852237967414,0.9099277632167743,0.38056373449803593
0.5643922841625569,0.9192610113149652,0.3803691997910627
0.5643922841625569,0.9193249376718021,0.38016040268826745
0.5645795617703977,0.9193249376718021,0.38005302602990476
0.5646419876396779,0.919388864028639,0.3799094110080447
0.5647668393782384,0.919388864028639,0.3798184914831985
0.5650165428553593,0.9195806430991498,0.3798178426744393
0.5650789687246395,0.9195806430991498,0.3797213370952161
0.5650789687246395,0.9196445694559867,0.37965810673581324
0.5653286722017604,0.9196445694559867,0.3795721640460988
0.5656408015481615,0.9197724221696606,0.37951686140194363
0.5658280791560022,0.9198363485264974,0.37929621289106563
0.5666396154566452,0.9206673911653774,0.3792956706624883
0.5667020413259255,0.9206673911653774,0.379285100107541
0.5667020413259255,0.9207952438790513,0.3791976117034716
0.5667644671952057,0.9207952438790513,0.37917289664310394
0.5675135776265684,0.9211148756632359,0.3791082181052105
0.5677008552344092,0.9211148756632359,0.3789502107509259
0.5680129845808103,0.9213066547337467,0.37890344397562686
0.5680129845808103,0.9213705810905837,0.37887209552170303
0.5682002621886509,0.9213705810905837,0.37877431670742956
0.5683875397964917,0.9214345074474206,0.37872331863902076
0.5685123915350522,0.9214345074474206,0.3786625058041144
0.5688869467507335,0.9218180655884421,0.3784714144232194
0.5695112054435358,0.9221376973726267,0.37827642412706936
0.5695112054435358,0.9222016237294637,0.3782641548534042
0.5698857606592171,0.9222016237294637,0.3782082369355205
0.5699481865284974,0.9222016237294637,0.3780764932674292
0.5701354641363381,0.9224573291568113,0.3779794394741738
0.5701354641363381,0.9225212555136483,0.37791737254784347
0.5704475934827392,0.9225851818704852,0.37785002126594647
0.5704475934827392,0.9230326663683437,0.37781935820460827
0.5705100193520195,0.9230326663683437,0.3777590100856239
0.5715088332605032,0.9237358562935498,0.3777400046479928
0.5716336849990636,0.9237358562935498,0.37773871648984536
0.5731319058617891,0.9248865307166144,0.37767348730245376
0.5731943317310694,0.9249504570734514,0.37760753661729796
0.575816218240839,0.9264846896375376,0.37742850635049097
0.5759410699793994,0.9264846896375376,0.3774281501149627
0.5797490480054934,0.9292335229815253,0.37727051310923976
0.5798114738747737,0.9292335229815253,0.3771842909481621
0.5896123353517698,0.9357540113788915,0.37697481969630187
0.58967476122105,0.9357540113788915,0.3767429951215614
0.5897371870903302,0.9358179377357284,0.3766869084155202
0.5899868905674511,0.9358179377357284,0.37652007213262223
0.5902365940445721,0.9359457904494023,0.37643851867090544
0.5903614457831325,0.9359457904494023,0.37619254630602755
0.5909857044759348,0.9360736431630762,0.376048756380694
0.5911105562144953,0.9360736431630762,0.3760384878180684
0.5911729820837756,0.9361375695199131,0.3760345317907345
0.591297833822336,0.9361375695199131,0.37601385478317884
0.5914851114301767,0.9361375695199131,0.37578928733223177
0.5929209064236219,0.93786358115451,0.37575050433169227
0.5929833322929022,0.93786358115451,0.3756167883077325
0.5931706099007429,0.93786358115451,0.37542230364131135
0.5932330357700231,0.93786358115451,0.37487398201235944
0.5938572944628254,0.9383110656523684,0.3748612882487234
0.5939197203321056,0.9383110656523684,0.3747636835325259
0.5939821462013859,0.9384389183660423,0.3747007800161569
0.5939821462013859,0.9385028447228793,0.3746191465004529
0.5941694238092265,0.9385028447228793,0.3744093952487564
0.59510581184843,0.9391421082912484,0.3743236261244223
0.5952306635869904,0.9391421082912484,0.3743236047320201
0.5956052188026718,0.9392699610049223,0.3742832472995489
0.5956676446719521,0.9392699610049223,0.374134963245734
0.5957924964105125,0.9392699610049223,0.3741243878812784
0.5958549222797928,0.9392699610049223,0.37400727898420305
0.5961670516261939,0.93952566643227,0.37400544556167004
0.5962294774954742,0.9395895927891069,0.3739590069988062
0.5978525500967601,0.9404845617848239,0.373887099871737
0.5979774018353206,0.9404845617848239,0.37387731996001045
0.598351957051002,0.9408041935690085,0.37331287112486444
0.6003495848679693,0.9425941315604424,0.3730028352101878
0.6003495848679693,0.9427859106309532,0.3728716093596072
0.6004120107372495,0.9427859106309532,0.3728213211925761
0.6005992883450902,0.9427859106309532,0.3727428920291476
0.6077782633123167,0.9474525346800485,0.3725512849744851
0.608152818527998,0.9474525346800485,0.37206142664979963
0.6082152443972783,0.9474525346800485,0.37181210697794564
0.6083400961358387,0.9474525346800485,0.3716061715026829
0.6085273737436794,0.9474525346800485,0.37128722522628416
0.6085273737436794,0.9475164610368855,0.37128480811926284
0.6090267806979213,0.9475803873937224,0.3708960520334285
0.6090892065672014,0.9475803873937224,0.37069233395024415
0.6092140583057619,0.9475803873937224,0.3706892441989707
0.6092764841750421,0.9476443137505594,0.3706466328010972
0.6094013359136026,0.9477082401073963,0.37049054037904644
0.6114613895998502,0.9488589145304609,0.3700810428121872
0.6117735189462513,0.9488589145304609,0.37004511561019676
0.6117735189462513,0.9489228408872978,0.3698273225119453
0.611960796554092,0.9489228408872978,0.36968695174259736
0.6120232224233723,0.9489228408872978,0.36967964380069424
0.6132093139396966,0.9491785463146455,0.3694783102470844
0.6132717398089769,0.9493703253851563,0.3693944553789642
0.6133965915475373,0.9493703253851563,0.3693321697729127
0.6133965915475373,0.9494342517419933,0.3692539715626335
0.6134590174168175,0.9494342517419933,0.3692444780519536
0.613583869155378,0.9494981780988302,0.3691648184983536
0.6137087208939385,0.949626030812504,0.3691478839800727
0.6137711467632186,0.949626030812504,0.36911595503382894
0.614395405456021,0.9497538835261778,0.3690819822314023
0.6144578313253012,0.9498178098830148,0.3689697807033112
0.6145202571945815,0.9498178098830148,0.36894453594023285
0.6152693676259442,0.9501374416671994,0.36883927126383687
0.6153317934952244,0.9502013680240363,0.3688295375228905
0.6154566452337848,0.9502652943808733,0.36879480145830384
0.6157687745801861,0.9502652943808733,0.368747383430488
0.6160184780573069,0.9502652943808733,0.3684592902847253
0.6175166989200325,0.9511602633765902,0.3683897999324054
0.6175791247893127,0.9511602633765902,0.3683590685080977
0.6177039765278731,0.951288116090264,0.3680744603348635
0.6179536800049941,0.951288116090264,0.3676162357587183
0.6180785317435545,0.951288116090264,0.36752261148055115
0.618453086959236,0.9514159688039379,0.36734679628992184
0.618453086959236,0.9514798951607748,0.3673004723025372
0.6185155128285161,0.9516077478744487,0.3672188693851076
0.6185779386977963,0.9516077478744487,0.36716921058909857
0.6185779386977963,0.9516716742312855,0.36711751821714855
0.6188900680441975,0.9516716742312855,0.3661532643529756
0.6193270491291591,0.9517995269449594,0.3659756287307023
0.6193894749984393,0.9517995269449594,0.36592521434704417
0.6195143267369998,0.9519273796586333,0.3657448316612818
0.6195143267369998,0.9519913060154702,0.36573475091309915
0.6195767526062801,0.9521830850859809,0.3656901828522166
0.6196391784755603,0.9521830850859809,0.36552234951400964
0.6196391784755603,0.9522470114428179,0.36536175304516083
0.6196391784755603,0.9523748641564918,0.3653330713061893
0.6199513078219614,0.9525027168701655,0.36533116487400946
0.6200137336912417,0.9525027168701655,0.36507593803705063
0.6200137336912417,0.9525666432270025,0.3650591425835732
0.6200761595605219,0.9526305695838394,0.36491092913251455
0.6202010112990823,0.9526944959406763,0.36484115061480366
0.620388288906923,0.9528862750111872,0.3648049267452932
0.6204507147762033,0.9528862750111872,0.3645616343282928
0.6206379923840439,0.952950201368024,0.3644634805999958
0.6207628441226044,0.952950201368024,0.3642628694772986
0.6207628441226044,0.9531419804385348,0.364074759424485
0.6210125475997254,0.9532059067953718,0.36338443044306595
0.6223859167238904,0.953845170363741,0.36334969144392015
0.6225107684624508,0.953845170363741,0.3632222966391613
0.6225107684624508,0.9539090967205779,0.36321186539347544
0.6225731943317311,0.9539730230774148,0.36292522217116585
0.6233223047630938,0.9545483602889472,0.362720854626558
0.6234471565016543,0.954676213002621,0.3622079097927646
0.6234471565016543,0.9547401393594579,0.3621496467695197
0.6235720082402147,0.9547401393594579,0.36175227036210295
0.6235720082402147,0.9548040657162948,0.36166812006366544
0.6236968599787752,0.9548040657162948,0.3615819604492398
0.6236968599787752,0.9548679920731318,0.3611061639939229
0.6246332480179787,0.9553154765709903,0.3610620063941114
0.6247580997565391,0.9553154765709903,0.36068322770611067
0.6247580997565391,0.9553794029278272,0.3606264228219667
0.6247580997565391,0.955507255641501,0.360520803684017
0.6247580997565391,0.9556351083551748,0.36015568768567624
0.6249453773643798,0.9556351083551748,0.35951828924652396
0.6250702291029403,0.9556351083551748,0.35940373978143086
0.6251326549722205,0.9556351083551748,0.35915095299921895
0.6251326549722205,0.9556990347120118,0.3591346235853548
0.6257569136650228,0.9558268874256856,0.3591318354780846
0.6258817654035832,0.9558268874256856,0.35902847007635413
0.6259441912728635,0.9558908137825225,0.3590013264703006
0.6259441912728635,0.9560186664961964,0.35874968891225784
0.6261314688807041,0.9560186664961964,0.35835324056872786
0.6271302827891878,0.9569136354919133,0.35824683463738155
0.6273799862663088,0.9569136354919133,0.3580867758591049
0.6275048380048692,0.9569136354919133,0.3573921720346894
0.6276296897434297,0.9569136354919133,0.35719282278256526
0.6276921156127099,0.9569136354919133,0.35702417457517194
0.6276921156127099,0.9569775618487503,0.3567253405132621
0.6278793932205506,0.9570414882055872,0.3561745788293123
0.6279418190898308,0.9570414882055872,0.3561546523579891
0.6279418190898308,0.957169340919261,0.3560942437369215
0.628004244959111,0.957169340919261,0.355976708559927
0.628004244959111,0.9572332672760979,0.3557852327157519
0.6281915225669518,0.9572332672760979,0.3556651839259135
0.6283163743055122,0.9572971936329349,0.35548817114070647
0.6283163743055122,0.9574889727034457,0.3553560822280032
0.6283788001747924,0.9574889727034457,0.3551444559735731
0.6285036519133529,0.9574889727034457,0.3551181818131344
0.628815781259754,0.9576168254171195,0.35511613789340063
0.6288782071290343,0.9576168254171195,0.3550406242037862
0.629065484736875,0.9576807517739564,0.35482546083845384
0.6291279106061551,0.9576807517739564,0.3544994879086085
0.6292527623447156,0.9578086044876303,0.35419230404084184
0.6292527623447156,0.9578725308444672,0.35393390034751204
0.6293151882139959,0.9578725308444672,0.3537774779241399
0.6293776140832761,0.958000383558141,0.35335986530105107
0.6294400399525564,0.958000383558141,0.3533197092034304
0.6294400399525564,0.9580643099149779,0.35330005795150343
0.6295648916911168,0.9581282362718149,0.35324837235997786
0.6301891503839191,0.9584478680559995,0.3531856501679895
0.6307509832074412,0.958831426197021,0.3531318331164182
0.6310006866845621,0.9588953525538579,0.35301024781699253
0.6310631125538423,0.9588953525538579,0.3529347863023817
0.6313752419002434,0.9590232052675318,0.3529187097283117
0.6323116299394469,0.9591510579812057,0.3525692907426501
0.6323740558087272,0.9591510579812057,0.3524580173425245
0.6327486110244085,0.9594067634085534,0.35229576409536645
0.632873462762969,0.9594706897653903,0.35199941993309053
0.6329983145015294,0.9594706897653903,0.3516097071341206
0.6329983145015294,0.9595346161222272,0.3516027632033095
0.6330607403708096,0.9595346161222272,0.3514679262114125
0.6353704975341782,0.9610688486863134,0.35134879237606825
0.6353704975341782,0.9611327750431503,0.35120997736459164
0.6355577751420188,0.9611327750431503,0.3510978165360009
0.6355577751420188,0.9611967013999873,0.3509607425432935
0.6358074786191398,0.9612606277568242,0.35094335110996516
0.6359947562269804,0.9612606277568242,0.35033501035162984
0.6359947562269804,0.961324554113661,0.3502706023710678
0.6361196079655409,0.961324554113661,0.3500322273465729
0.6361196079655409,0.961388480470498,0.3499173631964311
0.6361820338348212,0.961388480470498,0.3498797752698826
0.6361820338348212,0.9614524068273349,0.3498709752567778
0.6362444597041014,0.9614524068273349,0.34959415091323387
0.6362444597041014,0.9615802595410088,0.3495693104714579
0.6364941631812223,0.9615802595410088,0.3480474164881589
0.6373056994818653,0.9617720386115195,0.34800006514319115
0.6373056994818653,0.9618359649683564,0.347345827036218
0.6373681253511455,0.9619638176820303,0.3468088176741375
0.6373681253511455,0.9620277440388673,0.34660593319537525
0.6374305512204257,0.9620277440388673,0.34651892199108547
0.6374305512204257,0.962155596752541,0.34616841200766757
0.6375554029589862,0.962219523109378,0.34583553345708923
0.6376178288282665,0.962219523109378,0.3454937528977193
0.6376178288282665,0.9622834494662149,0.34518828910472243
0.6377426805668269,0.9622834494662149,0.34513143600844337
0.6377426805668269,0.9624113021798888,0.3449882884988106
0.6378051064361071,0.9624113021798888,0.3446210880206736
0.6379299581746676,0.9624113021798888,0.34407402746506655
0.6379923840439478,0.9624113021798888,0.34390696408701604
0.6381796616517885,0.9624113021798888,0.3438160008045133
0.6382420875210687,0.9624113021798888,0.3434974293262838
0.6382420875210687,0.9624752285367257,0.3434586541859681
0.638304513390349,0.9624752285367257,0.343132611202708
0.6384293651289095,0.9625391548935626,0.3430506977255527
0.6384917909981896,0.9625391548935626,0.34301947773475655
0.6384917909981896,0.9626030812503995,0.3423948765259192
0.6385542168674698,0.9626030812503995,0.34239438002544803
0.6389287720831512,0.9627309339640734,0.34194803758518216
0.6390536238217117,0.9628587866777473,0.3415770650659007
0.6391784755602722,0.9629227130345842,0.3414966373067054
0.6393033272988327,0.9629227130345842,0.3411771394561596
0.6393033272988327,0.962986639391421,0.34112029724909376
0.6393657531681128,0.962986639391421,0.3411022013959948
0.6399275859916349,0.9631784184619319,0.3408106235451231
0.6399900118609152,0.9633062711756057,0.34042115741537377
0.6401148635994757,0.9633062711756057,0.3403126435024238
0.6401148635994757,0.9633701975324426,0.34025558299945285
0.640239715338036,0.9634980502461165,0.3400616895654867
0.6403645670765965,0.9634980502461165,0.33979059974665204
0.6408639740308384,0.963881608387138,0.3393193843509378
0.641051251638679,0.963881608387138,0.3389219639987571
0.641051251638679,0.9639455347439749,0.3387496270699659
0.6411761033772395,0.9640094611008119,0.3386705780053034
0.6412385292465198,0.9640094611008119,0.3385709976631432
0.6417379362007616,0.9640733874576488,0.33801797342381906
0.641862787939322,0.9640733874576488,0.33780422862435666
0.642112491416443,0.9641373138144858,0.3375754226545634
0.642112491416443,0.9642012401713226,0.3374265877543446
0.6422373431550035,0.9642012401713226,0.33726472663345014
0.6422373431550035,0.9642651665281595,0.33712073980893964
0.6424870466321243,0.9642651665281595,0.33670781451245174
0.6435482864098883,0.9648405037396919,0.33565731517857483
0.6436107122791684,0.9649683564533658,0.3356392025502765
0.6436107122791684,0.9650962091670395,0.33546029359988855
0.6437355640177289,0.9651601355238765,0.335364578946047
0.6437355640177289,0.9652240618807134,0.33474985373151994
0.6438604157562894,0.9652240618807134,0.33441420880826445
0.6439228416255697,0.9652240618807134,0.3337375398520161
0.6439228416255697,0.9652879882375504,0.33328244054040657
0.6439852674948499,0.9652879882375504,0.33325762620997135
0.6439852674948499,0.9653519145943873,0.3331378127018126
0.6440476933641301,0.9653519145943873,0.33287915077097474
0.6440476933641301,0.9654158409512242,0.33278486993490614
0.6441725451026905,0.9654797673080611,0.3325848739168461
0.6442349709719708,0.965607620021735,0.3325555370821047
0.6449216555340533,0.9659911781627565,0.3321563322918341
0.6449216555340533,0.9660551045195934,0.33208101676949714
0.6450465072726138,0.9660551045195934,0.3317518679226601
0.6456707659654161,0.9661190308764304,0.3316042232131457
0.6456707659654161,0.9662468835901042,0.33112828368739866
0.6459828953118172,0.966374736303778,0.33109295555975665
0.6461077470503777,0.966438662660615,0.3309282585100975
0.646170172919658,0.966438662660615,0.33092634610186494
0.6471689868281416,0.9669500735153104,0.3305244610670297
0.6474811161745427,0.9670779262289843,0.33036424866974745
0.6474811161745427,0.967205778942658,0.32963914627375684
0.6475435420438229,0.967269705299495,0.3292765431378806
0.6475435420438229,0.9673336316563319,0.3292708495906001
0.6476683937823834,0.9673975580131688,0.32924171542492303
0.6477308196516637,0.9673975580131688,0.32879599624312933
0.6479805231287845,0.9674614843700058,0.32879343761341934
0.648105374867345,0.9674614843700058,0.3282050783492206
0.648105374867345,0.9675254107268427,0.32818308435076043
0.6482302266059055,0.9675254107268427,0.328051008853138
0.6482302266059055,0.9675893370836796,0.32799526510176125
0.6482926524751857,0.9675893370836796,0.32782121130348524
0.6486047818215869,0.9677171897973534,0.32763239449749565
0.6487296335601473,0.9678450425110273,0.32739579675907043
0.6487920594294275,0.9678450425110273,0.3273248887671235
0.6494163181222299,0.9681646742952119,0.3272071057049861
0.6494787439915101,0.9681646742952119,0.3270323000168561
0.6496035957300705,0.9681646742952119,0.32674737217370714
0.6499157250764717,0.9683564533657227,0.32668639777464475
0.6504151320307135,0.9686121587930704,0.3264571406312623
0.6504775578999937,0.9686121587930704,0.32629698494695375
0.650539983769274,0.9687400115067443,0.32627330268380994
0.6507272613771147,0.9690596432909289,0.3260541626243681
0.6524751857169611,0.9699546122866458,0.326032637650202
0.6526000374555215,0.9699546122866458,0.3256642428539766
0.6526624633248018,0.9700185386434828,0.3251280882941026
0.6526624633248018,0.9700824650003196,0.32495275682422514
0.652724889194082,0.9700824650003196,0.32494238847049195
0.6528497409326425,0.9700824650003196,0.32475351597453733
0.6534115737561645,0.9701463913571565,0.3247501324783466
0.6534739996254448,0.9701463913571565,0.32434373689234736
0.653536425494725,0.9702103177139935,0.3242162682629845
0.6536612772332855,0.9703381704276673,0.32399750869785593
0.6539734065796866,0.970593875855015,0.3231457550255642
0.6540982583182471,0.970593875855015,0.3229592410413011
0.6542855359260877,0.970593875855015,0.32265065984426855
0.6544103876646482,0.970593875855015,0.32264508354831917
0.6544103876646482,0.9707217285686889,0.3208382812486653
0.6545352394032087,0.9707856549255258,0.3200935047898066
0.6547849428803296,0.9709135076391996,0.3199302258961519
0.6549722204881703,0.9709135076391996,0.31944946835151833
0.6560958861352144,0.9717445502780796,0.31938515769515813
0.6560958861352144,0.9719363293485904,0.31932878149145144
0.6561583120044947,0.9719363293485904,0.3192546888339212
0.6570322741744179,0.972255961132775,0.31861550226751073
0.6570322741744179,0.9723838138464489,0.31806746149259385
0.6570947000436981,0.9723838138464489,0.31804266187620095
0.6571571259129784,0.9724477402032858,0.3178130104503946
0.6574692552593795,0.9727673719874704,0.31751854851264494
0.6575316811286597,0.9728312983443074,0.31691417762941043
0.65759410699794,0.9728312983443074,0.316732945461827
0.6577189587365004,0.9728312983443074,0.3165294917556524
0.6580935139521817,0.9729591510579813,0.316013169741593
0.658155939821462,0.9729591510579813,0.3145713570873884
0.6582807915600225,0.9729591510579813,0.3144585934679444
0.6584680691678632,0.973087003771655,0.31435489750082884
0.6585304950371433,0.973087003771655,0.31386790353484884
0.6585304950371433,0.9732148564853289,0.3119256476635225
0.6610275298083526,0.9738541200536981,0.3116535569256968
0.6610275298083526,0.973981972767372,0.31132607718795274
0.6612772332854735,0.973981972767372,0.31012729571633446
0.6627130282789188,0.9749408681199259,0.30914675003361125
0.6627130282789188,0.9750047944767628,0.30913590488391124
0.662775454148199,0.9750047944767628,0.30861892134715757
0.6629003058867595,0.9750687208335997,0.30861124190337647
0.6629627317560397,0.9750687208335997,0.3081793568301276
0.6630875834946002,0.9750687208335997,0.308091508354469
0.6638366939259629,0.9752604999041105,0.30792446670601714
0.6639615456645234,0.9752604999041105,0.3078691984086868
0.6640239715338037,0.9752604999041105,0.3077798051333626
0.6642112491416443,0.9752604999041105,0.30739771283726164
0.6642112491416443,0.9753244262609474,0.3070609253958347
0.6642736750109245,0.9753244262609474,0.30681968799557735
0.665210063050128,0.9759636898293166,0.3064328022716319
0.6654597665272489,0.9759636898293166,0.30523840295737414
0.6654597665272489,0.9760276161861535,0.3052054323279727
0.6655846182658094,0.9760915425429905,0.3051253334845329
0.6655846182658094,0.9762193952566643,0.3049680942437721
0.66577189587365,0.9762193952566643,0.30463416331742005
0.66577189587365,0.9762833216135013,0.30446746852305506
0.666021599350771,0.9763472479703381,0.3043381514648879
0.6662088769586116,0.9763472479703381,0.3035401528084648
0.6664585804357326,0.9764111743271751,0.3032500637269085
0.6668955615206942,0.9764111743271751,0.30112858935566983
0.6670204132592547,0.9764111743271751,0.30104224876660296
0.6670828391285348,0.9764111743271751,0.3007700354952914
0.6672076908670953,0.9765390270408489,0.3000166811867909
0.6673325426056558,0.9765390270408489,0.29977980835103285
0.6676446719520569,0.9765390270408489,0.2995778384081661
0.6676446719520569,0.9766029533976859,0.2991649080324534
0.6677695236906174,0.9766029533976859,0.298710138439868
0.6678943754291778,0.9766029533976859,0.2980079338088872
0.6680192271677383,0.9766029533976859,0.29785886766680564
0.6692053186840626,0.9767947324681966,0.29781400282585235
0.6692677445533429,0.9767947324681966,0.2973148297469341
0.6692677445533429,0.9769225851818705,0.29724334292467214
0.6694550221611836,0.9769225851818705,0.2965401397196661
0.669579873899744,0.9769865115387074,0.29652401642968185
0.6696422997690242,0.9769865115387074,0.2962272156207402
0.6696422997690242,0.9770504378955444,0.2946531433347488
0.6697671515075847,0.9770504378955444,0.29322195138681967
0.6700792808539859,0.9770504378955444,0.29322089741130253
0.6702665584618266,0.9770504378955444,0.2928906358825205
0.6702665584618266,0.9771143642523813,0.29272503561806873
0.6705162619389475,0.9771782906092181,0.29260605688622504
0.670641113677508,0.9771782906092181,0.292528174198542
0.6707659654160684,0.9771782906092181,0.2925109705015083
0.6708283912853487,0.9771782906092181,0.2925092575913453
0.6708283912853487,0.9772422169660551,0.2923608325631954
0.6708283912853487,0.977370069679729,0.29226143942525395
0.6708908171546288,0.977370069679729,0.29210975348253515
0.6711405206317498,0.977370069679729,0.2912149033353317
0.6712653723703103,0.9776897014639135,0.2907577131750582
0.6715775017167114,0.9776897014639135,0.2898794182623003
0.6716399275859917,0.9777536278207505,0.28973108401541947
0.6717023534552719,0.9777536278207505,0.28966996714124954
0.6717023534552719,0.9778175541775874,0.2889688000577473
0.6718272051938323,0.9779454068912613,0.2886090433509519
0.6718896310631125,0.9779454068912613,0.28819490826294664
0.6722641862787939,0.9780093332480982,0.2877131792444264
0.6724514638866346,0.9780093332480982,0.2870305031746111
0.6724514638866346,0.9780732596049351,0.28656915885613093
0.6725138897559149,0.9780732596049351,0.2862894292216365
0.6732630001872776,0.9782650386754459,0.2861744860333907
0.6735751295336787,0.9782650386754459,0.2848594433155977
0.6738872588800799,0.9782650386754459,0.284858814334936
0.6739496847493601,0.9783928913891198,0.2839811699032534
0.6740745364879206,0.9783928913891198,0.28397712852623347
0.6741369623572008,0.9783928913891198,0.2836833191365082
0.674449091703602,0.9787125231733044,0.28368006764757725
0.6745115175728822,0.9787764495301413,0.2834920782537737
0.6745739434421625,0.9787764495301413,0.28296099152071175
0.6746987951807228,0.9787764495301413,0.28263439290059944
0.6747612210500031,0.9789043022438151,0.28257701773940663
0.6750733503964043,0.978968228600652,0.2823657337477155
0.6751982021349647,0.978968228600652,0.2821838637022233
0.6760097384356077,0.9794796394553474,0.28197456195633713
0.6760097384356077,0.9795435658121844,0.28101183646834005
0.6761970160434484,0.9796074921690213,0.2807902656654995
0.6762594419127287,0.9796074921690213,0.2805289962680862
0.6764467195205693,0.9797353448826951,0.2793161172455044
0.6767588488669705,0.9797353448826951,0.2768653334187982
0.6768837006055309,0.9797353448826951,0.2768164047036207
0.6769461264748111,0.979799271239532,0.2764755255334175
0.6770709782133716,0.979799271239532,0.27591878407219006
0.6770709782133716,0.979863197596369,0.27571945902516287
0.6771334040826519,0.979863197596369,0.27530512798244194
0.6772582558212124,0.9799910503100429,0.27398770610001805
0.6773206816904925,0.9800549766668798,0.2739314159576258
0.6776328110368937,0.9800549766668798,0.2737241299218805
0.678506773206817,0.9804385348079013,0.2733403698174668
0.6787564766839378,0.9805663875215751,0.27288856207320733
0.6788189025532181,0.980630313878412,0.27287159542856904
0.6788189025532181,0.980694240235249,0.2726486266937743
0.6788813284224983,0.980694240235249,0.2721392612348395
0.6790061801610587,0.980694240235249,0.2721390154067855
0.6791310318996192,0.980694240235249,0.2714805355089005
0.6795680129845808,0.9810777983762705,0.27116211816354663
0.6798177164617017,0.9810777983762705,0.2695204507946925
0.6801298458081029,0.9811417247331075,0.26944209098968436
0.680192271677383,0.9812056510899444,0.2688984634241496
0.6803171234159435,0.9812056510899444,0.2650200049294884
0.6803795492852238,0.9812695774467813,0.264482135040729
0.6803795492852238,0.9813974301604551,0.2634564721203005
0.6803795492852238,0.981461356517292,0.2632424231785697
0.6805044010237843,0.981461356517292,0.2619658721046688
0.6805044010237843,0.981525282874129,0.26194065246080595
0.6806916786316249,0.981525282874129,0.2595918666137506
0.6807541045009051,0.9815892092309659,0.25958893931803656
0.6810038079780261,0.9815892092309659,0.2575508157216891
0.6813783631937075,0.9817170619446398,0.25672767106709976
0.6813783631937075,0.9817809883014768,0.2563580222039226
0.6814407890629877,0.9817809883014768,0.25634631443090167
0.6814407890629877,0.9818449146583136,0.25633310623147815
0.6815656408015481,0.9818449146583136,0.25391412316759676
0.6822523253636307,0.9818449146583136,0.2538046082542832
0.682314751232911,0.9818449146583136,0.25320730823158727
0.6823771771021911,0.9819088410151505,0.252675590266975
0.6823771771021911,0.9819727673719875,0.2526637934747294
0.6826893064485923,0.9821645464424983,0.2525007992110611
0.6827517323178726,0.9821645464424983,0.25246022962442927
0.6834384168799551,0.9824841782266829,0.2523040946874127
0.6862475809975654,0.9833152208655629,0.2519399479123375
0.6863724327361258,0.9833152208655629,0.2518994380713037
0.6864348586054061,0.9833152208655629,0.25139759559645397
0.6864348586054061,0.9833791472223998,0.25121170901772516
0.6866221362132467,0.9833791472223998,0.25086230201476795
0.6867469879518072,0.9833791472223998,0.24980634405574131
0.6871215431674886,0.9834430735792368,0.24946628719582584
0.6872463949060491,0.9834430735792368,0.24943400325899107
0.6873088207753293,0.9834430735792368,0.24939665142101003
0.6873088207753293,0.9835069999360736,0.24906375981776457
0.6874960983831699,0.9835069999360736,0.24807614812364145
0.6876209501217304,0.9836348526497475,0.24798374034509602
0.6878082277295712,0.9836987790065844,0.2467525435478189
0.688057931206692,0.9838905580770951,0.24669994748191612
0.6887446157687745,0.984082337147606,0.24650627171379125
0.688869467507335,0.9841462635044429,0.24631749959560253
0.6908046694550222,0.9847855270728121,0.24614773806438653
0.6908046694550222,0.984849453429649,0.24497383084298804
0.6909295211935826,0.984849453429649,0.2447287574817193
0.691304076409264,0.9849773061433229,0.24437197068809188
0.691304076409264,0.9850412325001598,0.24436112795279136
0.6913665022785442,0.9850412325001598,0.24410238538363693
0.6913665022785442,0.9851051588569968,0.24399412385148325
0.6915537798863849,0.9851690852138336,0.24371241989038517
0.6916786316249454,0.9852330115706706,0.2434741389377707
0.6917410574942257,0.9852969379275075,0.24318340069895777
0.6919283351020663,0.9852969379275075,0.24225811891101925
0.6920531868406268,0.9854247906411814,0.2422061728012355
0.6920531868406268,0.9855526433548553,0.24218302813849865
0.6921780385791872,0.9856165697116921,0.2420148915213795
0.6923028903177477,0.9856165697116921,0.2419485827200776
0.6923028903177477,0.985680496068529,0.24167431336947287
0.6931768524876709,0.9859362014958768,0.24166079529009377
0.6932392783569511,0.9859362014958768,0.24118397670180147
0.6934265559647919,0.9859362014958768,0.24091964460983176
0.693488981834072,0.9859362014958768,0.2407290565968585
0.6941756663961546,0.9860640542095506,0.24037624507663397
0.6944877957425557,0.9860640542095506,0.2403646804147511
0.694550221611836,0.9861279805663875,0.23980523385595004
0.6946126474811162,0.9861279805663875,0.23978965396072147
0.6948623509582371,0.9861919069232244,0.23972360653179972
0.6949247768275173,0.9861919069232244,0.23967691983602046
0.6950496285660778,0.9862558332800614,0.2392948856714262
0.6952993320431987,0.9862558332800614,0.2392557804883788
0.6956738872588801,0.9862558332800614,0.23915928094392072
0.6961732942131219,0.9864476123505721,0.23910778962667015
0.6963605718209626,0.9867033177779199,0.2389788562339398
0.6970472563830451,0.9867033177779199,0.23891818380891663
0.6970472563830451,0.9867672441347568,0.23887668913176932
0.697296959860166,0.9867672441347568,0.2386357875259577
0.6999812722392159,0.9875982867736368,0.23856719239230775
0.7002309757163369,0.9875982867736368,0.23719987534177003
0.7003558274548973,0.9875982867736368,0.23708987383751007
0.7003558274548973,0.9876622131304736,0.2370291707811033
0.7004182533241775,0.9876622131304736,0.23670767800985276
0.7012922154941007,0.9877900658441475,0.23618337646198978
0.7014170672326612,0.9877900658441475,0.23543619287774734
0.7015419189712216,0.9877900658441475,0.23521044472708558
0.7016043448405019,0.9877900658441475,0.2350923223311355
0.7019164741869031,0.9877900658441475,0.23500270771469894
0.7022910294025845,0.9879179185578214,0.23495183495831817
0.7022910294025845,0.9879818449146583,0.23480919338793013
0.7024783070104251,0.9879818449146583,0.234785954562679
0.7029152880953867,0.9881096976283321,0.23476450789101438
0.7031025657032274,0.9881096976283321,0.2347351143306446
0.7032274174417878,0.9881736239851691,0.23454790708042994
0.705974155690118,0.9886211084830275,0.2344177390968415
0.7060365815593982,0.9886211084830275,0.23438260965615124
0.7063487109057993,0.9886850348398645,0.2342013603077286
0.7064111367750796,0.9886850348398645,0.23372897863501269
0.7065359885136401,0.9886850348398645,0.2331745488158293
0.706785691990761,0.9886850348398645,0.2324792115236524
0.7069729695986017,0.9888128875535384,0.23206274891996004
0.7070978213371621,0.9888768139103753,0.23184788559834205
0.7072850989450028,0.9888768139103753,0.23111684203078148
0.7073475248142831,0.9890046666240491,0.23086442984669
0.7074723765528435,0.989068592980886,0.23083112295941727
0.7075972282914039,0.989068592980886,0.23064609084255963
0.7077220800299644,0.989132519337723,0.23040687915114755
0.7082214869842063,0.9891964456945599,0.23030357451877412
0.7083463387227668,0.9891964456945599,0.2293600042377505
0.7083463387227668,0.9893882247650706,0.2288758394987754
0.7085336163306074,0.9893882247650706,0.22797760795288982
0.7086584680691679,0.9895160774787445,0.2279619594902279
0.7087208939384481,0.9895160774787445,0.22729419713182075
0.7088457456770085,0.9895800038355814,0.22716867053988507
0.7090954491541295,0.9895800038355814,0.22579972457676806
0.7091578750234097,0.9896439301924184,0.22489596815257096
0.7091578750234097,0.9897078565492553,0.22458109515853236
0.70922030089269,0.9897078565492553,0.22452089171009923
0.7094075785005306,0.9898357092629291,0.22448051710786687
0.7094700043698109,0.9898357092629291,0.2244566455093265
0.7095948561083714,0.9898357092629291,0.22369241182465593
0.7100942630626131,0.9898357092629291,0.2233313557248418
0.7103439665397341,0.989963561976603,0.22328227210938342
0.7104063924090143,0.989963561976603,0.22328035737539867
0.7109682252325363,0.989963561976603,0.2231015359314465
0.7129658530495037,0.9903471201176245,0.22276697940255766
0.713028278918784,0.9903471201176245,0.22274177783008203
0.7130907047880641,0.9904110464744614,0.22179137427224804
0.7131531306573444,0.9904110464744614,0.2217599062316105
0.7132779823959049,0.9904110464744614,0.2216249878734955
0.7132779823959049,0.9904749728312984,0.22128923044600002
0.7133404082651851,0.9904749728312984,0.2207434775723641
0.7135276858730257,0.9905388991881353,0.22065206235675047
0.7136525376115862,0.9905388991881353,0.22062857776894207
0.7139022410887071,0.9905388991881353,0.2206034003378832
0.7139022410887071,0.9906028255449721,0.2205898262983089
0.7142767963043886,0.9906667519018091,0.220495324099817
0.7145889256507897,0.990730678258646,0.22042421720320615
0.7146513515200699,0.990730678258646,0.2204180531600182
0.7146513515200699,0.990794604615483,0.22035378369785705
0.7147137773893502,0.990794604615483,0.22009428413249327
0.7159622947749548,0.9917534999680369,0.22009253811653484
0.7160871465135152,0.9917534999680369,0.21949355426098655
0.7161495723827954,0.9917534999680369,0.219445075795548
0.7162744241213559,0.9918813526817106,0.21893614246798285
0.7163368499906361,0.9918813526817106,0.2178568471046448
0.716586553467757,0.9918813526817106,0.21784051144828215
0.716836256944878,0.9918813526817106,0.21328302559169177
0.716836256944878,0.9919452790385476,0.21312434986034604
0.7168986828141581,0.9919452790385476,0.21267005988907686
0.7170235345527186,0.9919452790385476,0.21245856086746787
0.7170859604219989,0.9920092053953845,0.21235773033831276
0.7171483862912791,0.9920092053953845,0.2115648648673562
0.7172732380298396,0.9920092053953845,0.21102214440214984
0.7173980897684,0.9920092053953845,0.20791138400105497
0.717647793245521,0.9920731317522214,0.20723314890146147
0.7181472001997627,0.9920731317522214,0.20256479548167916
0.7187090330232848,0.9920731317522214,0.2023964592382294
0.7192084399775267,0.9921370581090584,0.20208487511922885
0.7192084399775267,0.9922009844658953,0.20187068497377345
0.7193957175853674,0.9923288371795691,0.20171539443950606
0.7195205693239278,0.9923288371795691,0.2009514515115659
0.7196454210624883,0.9923288371795691,0.20093051557997832
0.7197702728010488,0.9923288371795691,0.20061135430824453
0.7198951245396092,0.9923288371795691,0.19979502727686263
0.7202696797552905,0.9925206162500799,0.19858877797462957
0.7203321056245708,0.9925206162500799,0.19815280046885722
0.7203321056245708,0.9925845426069169,0.19785205213188473
0.720394531493851,0.9925845426069169,0.19761862399137026
0.7204569573631313,0.9927123953205906,0.19753840011294305
0.7211436419252139,0.9930320271047753,0.19749354378769618
0.7218927523565766,0.9936712906731445,0.19732837902433412
0.727448654722517,0.9948219650962091,0.19702266980299438
0.7275110805917973,0.9948858914530461,0.19626148896566326
0.7275110805917973,0.994949817809883,0.19616983134387608
0.7276359323303577,0.994949817809883,0.19567923422441247
0.7284474686310007,0.9952055232372307,0.19494769326402922
0.7284474686310007,0.9953333759509045,0.19459034196530772
0.7286347462388414,0.9953333759509045,0.19324508232402227
0.7286971721081216,0.9953333759509045,0.19303900886208236
0.7291341531930832,0.9955251550214154,0.19221618937068288
0.729633560147325,0.9955890813782523,0.19217225217293035
0.7296959860166052,0.9955890813782523,0.19202251059516603
0.7302578188401273,0.995780860448763,0.19201047285511028
0.7336288157812597,0.99667582944448,0.19171103460699904
0.7337536675198202,0.99667582944448,0.1911869041121509
0.7338785192583807,0.99667582944448,0.19061523328399052
0.7343155003433423,0.9969315348718276,0.1896787842299053
0.7344403520819027,0.9969315348718276,0.18805700180540716
0.734502777951183,0.9969954612286646,0.1879159978103261
0.7345652038204632,0.9969954612286646,0.18779892150943653
0.7346900555590237,0.9969954612286646,0.18561158649048692
0.7346900555590237,0.9970593875855015,0.18538301435458196
0.7350021849054248,0.9970593875855015,0.18394030441277148
0.7351894625132654,0.9970593875855015,0.18388960741247135
0.7353143142518259,0.9970593875855015,0.18323753180901461
0.7355015918596667,0.9971233139423384,0.1831203618172166
0.7355640177289469,0.9971233139423384,0.18250374658660456
0.7356888694675073,0.9971872402991754,0.18191722007929387
0.7356888694675073,0.9972511666560123,0.18171452476530114
0.735876147075348,0.9972511666560123,0.18167123467405338
0.7359385729446283,0.9972511666560123,0.17980531296673838
0.7362507022910294,0.9972511666560123,0.1793520956156611
0.7363755540295899,0.9972511666560123,0.1776578587775704
0.7363755540295899,0.9973150930128492,0.1775648152508635
0.7363755540295899,0.997442945726523,0.17702504490220358
0.7365004057681503,0.997442945726523,0.176724759825365
0.7365628316374305,0.99750687208336,0.17614655079048866
0.7365628316374305,0.9975707984401969,0.17505020983704567
0.7366252575067108,0.9976347247970339,0.1739646239983019
0.736687683375991,0.9976347247970339,0.17386600549536774
0.7369998127223921,0.9976347247970339,0.17370181942328855
0.7369998127223921,0.9976986511538707,0.1735287813287247
0.7371246644609526,0.9976986511538707,0.1724029441250723
0.7372495161995131,0.9976986511538707,0.17194587877254386
0.7372495161995131,0.9977625775107076,0.16966273170781954
0.7373743679380735,0.9977625775107076,0.16945989701467273
0.737748923153755,0.9977625775107076,0.16851401099948032
0.7378737748923154,0.9977625775107076,0.16789481794473812
0.7380610525001561,0.9977625775107076,0.16723001619229216
0.7380610525001561,0.9978265038675446,0.1668607024299052
0.7381234783694363,0.9978265038675446,0.1667041030065074
0.7383731818465572,0.9978265038675446,0.1654589251364113
0.7384356077158375,0.9978265038675446,0.16442060907101327
0.7387477370622386,0.9978265038675446,0.1623032382108429
0.7388101629315188,0.9978265038675446,0.1621192041365778
0.7389350146700793,0.9978265038675446,0.16211043029380484
0.7394344216243212,0.9978265038675446,0.15250499098271708
0.7395592733628816,0.9978265038675446,0.15240799950004622
0.7396216992321618,0.9978265038675446,0.1521347581072115
0.7396216992321618,0.9978904302243815,0.15044164146472047
0.7398089768400025,0.9978904302243815,0.14866910538902903
0.7399962544478432,0.9978904302243815,0.14809984560596656
0.7401835320556839,0.9978904302243815,0.14781051592126582
0.7401835320556839,0.9979543565812184,0.14774782429513733
0.7403708096635245,0.9979543565812184,0.1465396766853438
0.7403708096635245,0.9980182829380554,0.1453171468294668
0.7404332355328048,0.9980182829380554,0.14528262698002586
0.7406205131406455,0.9980822092948923,0.14450146563042074
0.7406829390099258,0.9980822092948923,0.14382663948438956
0.7406829390099258,0.9982100620085661,0.1431660704823762
0.7408077907484861,0.9982100620085661,0.14261807598809087
0.7410574942256071,0.9982100620085661,0.14134873987403632
0.7411823459641675,0.9982100620085661,0.13796412774660305
0.7416817529184094,0.9984018410790769,0.1378878414198783
0.7416817529184094,0.9984657674359139,0.13772432933957066
0.7419314563955303,0.9984657674359139,0.1364993141968862
0.7419314563955303,0.9985296937927508,0.13603334430823438
0.7425557150883326,0.9985296937927508,0.1252730897195011
0.7426181409576128,0.9985936201495876,0.1245433879315925
0.7428054185654536,0.9985936201495876,0.1228998952054578
0.7429926961732942,0.9985936201495876,0.1217354246543286
0.7429926961732942,0.9986575465064246,0.12079373298052644
0.7438042324739372,0.9986575465064246,0.11995053077408409
0.7441787876896185,0.9986575465064246,0.11550387991206643
0.7446157687745801,0.9986575465064246,0.1149856658856222
0.7448030463824209,0.9986575465064246,0.11376667621732028
0.7448030463824209,0.9987214728632615,0.1117854289905023
0.7450527498595418,0.9987214728632615,0.10909999409841223
0.7450527498595418,0.9987853992200985,0.10795657191061596
0.7455521568137836,0.9987853992200985,0.10579359896959681
0.7457394344216243,0.9987853992200985,0.10318972443325938
0.745926712029465,0.9987853992200985,0.1028539376667837
0.7460515637680255,0.9988493255769354,0.10234816106289028
0.7462388413758662,0.9988493255769354,0.1004194851538248
0.7465509707222673,0.9988493255769354,0.10022710397905851
0.746738248330108,0.9988493255769354,0.09711906046297983
0.7468631000686684,0.9988493255769354,0.09610453726350503
0.7469255259379487,0.9988493255769354,0.09606468373151152
0.7473000811536301,0.9988493255769354,0.09598956622808712
0.7474873587614708,0.9988493255769354,0.0953822503893101
0.7477370622385917,0.9988493255769354,0.0946195149402572
0.7477994881078719,0.9988493255769354,0.09356351071698446
0.7479867657157125,0.9988493255769354,0.09224024698689066
0.748111617454273,0.9988493255769354,0.09204285930178271
0.7482988950621138,0.9988493255769354,0.09166403749014217
0.7484237468006742,0.9988493255769354,0.09046804376379715
0.7487358761470754,0.9988493255769354,0.08785981680210989
0.7488607278856358,0.9988493255769354,0.08566979684300259
0.7488607278856358,0.9989132519337723,0.08542429842700014
0.748923153754916,0.9989132519337723,0.08439295439686803
0.749172857232037,0.9989132519337723,0.08380960287321038
0.7492352831013172,0.9989132519337723,0.08344162227389638
0.7493601348398776,0.9989132519337723,0.08162444720959335
0.7496722641862787,0.9989132519337723,0.07956816668463661
0.7497971159248392,0.9989132519337723,0.07927523472587701
0.74998439353268,0.9989132519337723,0.07831073778855444
0.74998439353268,0.9989771782906092,0.07829570752817515
0.7500468194019602,0.9989771782906092,0.07756026599309787
0.7500468194019602,0.9990411046474461,0.07755752580556569
0.7501716711405206,0.9990411046474461,0.07646747417071519
0.7502965228790811,0.9990411046474461,0.07621224388573028
0.7503589487483613,0.9990411046474461,0.07615665477432787
0.7504838004869218,0.9990411046474461,0.07558467013047458
0.7506086522254822,0.9990411046474461,0.07414410296092194
0.7507335039640427,0.9990411046474461,0.07407807277066097
0.7508583557026032,0.9990411046474461,0.07395804082900864
0.7512329109182846,0.9990411046474461,0.07366801456086532
0.7512953367875648,0.9990411046474461,0.07354059021798465
0.7514201885261252,0.9990411046474461,0.07304396319821078
0.7518571696110868,0.9990411046474461,0.07144512327542836
0.7524814283038891,0.9990411046474461,0.07126454843875062
0.7525438541731694,0.9990411046474461,0.07094525698862812
0.7526687059117299,0.9990411046474461,0.07093503238120916
0.7532929646045321,0.9990411046474461,0.07052981638557486
0.7533553904738124,0.9990411046474461,0.07031680634485163
0.753542668081653,0.9990411046474461,0.07018894543395238
0.7542293526437356,0.9990411046474461,0.06970172890363835
0.7544790561208565,0.9990411046474461,0.06925444105123442
0.7545414819901367,0.999105031004283,0.06858983776728397
0.7547287595979774,0.999105031004283,0.0683501079656952
0.7549784630750983,0.999105031004283,0.06749299366069507
0.7557899993757413,0.999105031004283,0.06741824749483807
0.7558524252450215,0.999105031004283,0.06725615704474726
0.7558524252450215,0.9992328837179569,0.06724421979823182
0.7559148511143018,0.9992328837179569,0.06710523110530842
0.7561645545914227,0.9992328837179569,0.06672032169197359
0.7563518321992634,0.9992328837179569,0.06627184881124273
0.7563518321992634,0.9992968100747939,0.06571503848320843
0.756539109807104,0.9992968100747939,0.06527158412159256
0.7570385167613459,0.9992968100747939,0.0647616610651508
0.7572882202384669,0.9992968100747939,0.06439634898033185
0.7574754978463075,0.9992968100747939,0.06425490551043979
0.757600349584868,0.9992968100747939,0.06408205480830978
0.7582246082776702,0.9992968100747939,0.06366850624698375
0.7586615893626318,0.9992968100747939,0.06229039477535
0.7590985704475934,0.9992968100747939,0.06224219402253497
0.7595979774018353,0.9992968100747939,0.06156959658634576
0.759785255009676,0.9992968100747939,0.06104986977703856
0.7601598102253574,0.9992968100747939,0.06092826140404241
0.7602222360946376,0.9992968100747939,0.06092438693699398
0.7604719395717585,0.9992968100747939,0.06071132715496846
0.7606592171795993,0.9992968100747939,0.05994834474549557
0.7607216430488795,0.9993607364316308,0.05964923344383132
0.7607216430488795,0.9994246627884676,0.05933405892407919
0.7609713465260004,0.9994246627884676,0.058897432878596556
0.7615331793495225,0.9994246627884676,0.05885199159174397
0.7620950121730445,0.9994246627884676,0.05685664091906998
0.762219863911605,0.9994246627884676,0.05674654275292677
0.7623447156501655,0.9994885891453046,0.05639177115391572
0.7625944191272863,0.9994885891453046,0.05518196253007584
0.7627192708658468,0.9994885891453046,0.05486298237074773
0.7637805106436107,0.9994885891453046,0.052440437176151516
0.7639677882514514,0.9995525155021415,0.05224349687250266
0.7645296210749735,0.9995525155021415,0.04910963985966819
0.7649666021599351,0.9995525155021415,0.048734091241064495
0.7650914538984955,0.9995525155021415,0.0483330461757931
0.7651538797677757,0.9995525155021415,0.04832340319197342
0.7652787315063362,0.9995525155021415,0.04810563043950122
0.7659029901991385,0.9995525155021415,0.045159186668450105
0.7660902678069792,0.9995525155021415,0.04498819718578798
0.7660902678069792,0.9996164418589785,0.044886557438014146
0.7664023971533803,0.9996164418589785,0.043746365253332586
0.7666521006305013,0.9996164418589785,0.04358631478288147
0.7669018041076222,0.9996164418589785,0.04303396730246681
0.7670266558461827,0.9996164418589785,0.04281883258885415
0.7671515075847432,0.9996803682158154,0.04273620968858425
0.7674636369311443,0.9996803682158154,0.04134879628805583
0.7674636369311443,0.9997442945726523,0.040954795979444944
0.7677133404082652,0.9997442945726523,0.040143211077054056
0.7677133404082652,0.9998082209294892,0.04004451176453974
0.7680878956239465,0.9998082209294892,0.03977010952455614
0.7681503214932268,0.9998082209294892,0.0397375363961583
0.7682751732317873,0.9998082209294892,0.03968793292357832
0.7685873025781884,0.9998082209294892,0.03907410068689076
0.7689618577938698,0.9998082209294892,0.03877279280240948
0.7690867095324302,0.9998082209294892,0.03870095702789151
0.7692115612709907,0.9998082209294892,0.03848487482478808
0.7693364130095511,0.9998082209294892,0.0383935751554715
0.7696485423559523,0.9998082209294892,0.038093236005238056
0.7697109682252326,0.9998082209294892,0.03790803620513506
0.770085523440914,0.9998082209294892,0.03766029513277803
0.7703352269180348,0.9998082209294892,0.037572312566220324
0.7704600786565953,0.9998082209294892,0.037195991617461364
0.7705849303951557,0.9998082209294892,0.037183205256766445
0.770647356264436,0.9998082209294892,0.03707163928722307
0.7707722080029964,0.9998082209294892,0.037003756536699524
0.7715837443036394,0.9998082209294892,0.0368982623770617
0.7718334477807604,0.9998082209294892,0.03679011791305254
0.7719582995193208,0.9998082209294892,0.03641786800437783
0.7720831512578813,0.9998082209294892,0.03641084921906369
0.7722080029964418,0.9998082209294892,0.036118433212070276
0.7723328547350022,0.9998082209294892,0.03609852599626837
0.7725825582121231,0.9998082209294892,0.03569895822345672
0.7732068169049254,0.9998082209294892,0.035558247596871206
0.7732692427742056,0.9998082209294892,0.0352170079316923
0.7733940945127661,0.9998082209294892,0.034734887111273094
0.7735813721206067,0.9998082209294892,0.03439577381397013
0.7737686497284475,0.9998082209294892,0.03433812688590859
0.7740183532055683,0.9998082209294892,0.033605927460764885
0.7741432049441288,0.9998082209294892,0.03356670370230171
0.7745177601598102,0.9998082209294892,0.033419694336775184
0.7746426118983707,0.9998082209294892,0.033413150220418374
0.7748298895062113,0.9998082209294892,0.033273979154909684
0.7750795929833323,0.9998082209294892,0.03325643056537482
0.7752668705911729,0.9998082209294892,0.033022688338039854
0.7755165740682939,0.9998082209294892,0.03234048035050763
0.7755789999375742,0.9998082209294892,0.03231965726244462
0.776078406891816,0.9998082209294892,0.03227108810778181
0.776889943192459,0.9998082209294892,0.03161860744679979
0.7775766277545415,0.9998082209294892,0.03154658115383779
0.7782008864473438,0.9998082209294892,0.030786000039998446
0.7783881640551845,0.9998082209294892,0.030719720552740287
0.7786378675323053,0.9998082209294892,0.030687450274247706
0.7796991073100693,0.9998082209294892,0.03067622936990669
0.77988638491791,0.9998082209294892,0.030623533822923186
0.7800112366564704,0.9998082209294892,0.030556874559095733
0.7803857918721518,0.9998082209294892,0.030460323464796046
0.7805106436107123,0.9998082209294892,0.030332358378149567
0.7807603470878332,0.9998082209294892,0.03014932592561548
0.781259754042075,0.9998082209294892,0.029468713644596904
0.781509457519196,0.9998082209294892,0.029238968416075758
0.7815718833884762,0.9998082209294892,0.029147133385726654
0.7822585679505587,0.9998082209294892,0.02908226630556985
0.7823834196891192,0.9998082209294892,0.029068372791334847
0.7825706972969598,0.9998082209294892,0.029056211656762285
0.7833198077283227,0.9998082209294892,0.028993396767040613
0.7841937698982459,0.9998082209294892,0.028981659494347525
0.7843186216368063,0.9998082209294892,0.02861498380375593
0.7848180285910481,0.9998082209294892,0.028463356651881974
0.7848804544603284,0.9998082209294892,0.028386617509209466
0.785067732068169,0.9998082209294892,0.028370597426438677
0.78531743554529,0.9998082209294892,0.028066153367142996
0.7857544166302516,0.9998082209294892,0.028053222004807348
0.7858792683688121,0.9998082209294892,0.02794797640972213
0.786128971845933,0.9998082209294892,0.02790926351917195
0.7866908046694551,0.9998082209294892,0.02781424203549583
0.7872526374929771,0.9998082209294892,0.027362234509302006
0.7873774892315375,0.9998082209294892,0.02733977427858462
0.788313877270741,0.9998082209294892,0.027137071545203062
0.7885635807478619,0.9998082209294892,0.026914980513918454
0.7889381359635433,0.9998082209294892,0.02686031758138379
0.789125413571384,0.9998082209294892,0.02662335673061333
0.7893126911792246,0.9998082209294892,0.026618841041574325
0.7893751170485049,0.9998082209294892,0.026615924457292047
0.7894999687870654,0.9998082209294892,0.02661365865351107
0.7896872463949061,0.9998082209294892,0.026399292268660408
0.7966789437542918,0.9998082209294892,0.02637656365753347
0.796991073100693,0.9998082209294892,0.025703591391080374
0.7971159248392534,0.9998082209294892,0.02570277467357653
0.7974904800549347,0.9998082209294892,0.025492213600021626
0.7976153317934952,0.9998082209294892,0.02539647477032047
0.7978650352706161,0.9998082209294892,0.025366397160385783
0.7979898870091766,0.9998082209294892,0.02529125711402342
0.7981147387477371,0.9998082209294892,0.025126647870632356
0.7983020163555777,0.9998082209294892,0.024772911360548613
0.7984892939634184,0.9998082209294892,0.024730447022498693
0.7986765715712592,0.9998082209294892,0.024668961776752315
0.7988638491790998,0.9998082209294892,0.024554630696323073
0.7989262750483801,0.9998082209294892,0.024275889582203707
0.7991135526562207,0.9998082209294892,0.02426538984965055
0.7992384043947812,0.9998082209294892,0.024194153293436715
0.7993632561333417,0.9998082209294892,0.02414489802629728
0.7994881078719022,0.9998082209294892,0.02401348449761338
0.7996129596104625,0.9998082209294892,0.02364994063284478
0.7996753854797428,0.9998082209294892,0.023610695232322346
0.7998002372183033,0.9998082209294892,0.023532567112101326
0.7999875148261439,0.9998082209294892,0.023321683844369633
0.7999875148261439,0.9999360736431631,0.02321581284771925
0.8001747924339846,0.9999360736431631,0.02295215520452413
0.8002996441725451,0.9999360736431631,0.02289855147888807
0.8011736063424684,0.9999360736431631,0.022202000402833717
0.8011736063424684,1.0,0.02210429895989558
0.8015481615581497,1.0,0.02157358644521141
0.8019851426431113,1.0,0.02137349452415816
0.802172420250952,1.0,0.021334283883663686
0.8022972719895125,1.0,0.02128683504022078
0.8024845495973532,1.0,0.021237479297818072
0.8026094013359136,1.0,0.021226282989703114
0.8028591048130346,1.0,0.020721974961463333
0.8031088082901554,1.0,0.020552927972179235
0.8032960858979962,1.0,0.020485217782553883
0.8034833635058368,1.0,0.02047040966070911
0.8037330669829578,1.0,0.02044869844025776
0.804607029152881,1.0,0.019385718309481343
0.8064798052312878,1.0,0.01938414351354702
0.8069167863162494,1.0,0.018999413098106547
0.8070416380548099,1.0,0.018901926136238374
0.807353767401211,1.0,0.01852939742794094
0.8074786191397715,1.0,0.018442523935703233
0.808415007178975,1.0,0.017589387082268367
0.8085398589175354,1.0,0.017586155849009192
0.8089144141332169,1.0,0.01729755568121435
0.8091641176103377,1.0,0.017252873143080747
0.80978837630314,1.0,0.01681102617443131
0.8099132280417005,1.0,0.016772651526405984
0.8099756539109807,1.0,0.01676919078067609
0.8101629315188213,1.0,0.016768402954251208
0.8104126349959423,1.0,0.016606673923932554
0.8107871902116237,1.0,0.016594948099585793
0.8115363006429864,1.0,0.01621366727661367
0.8116611523815469,1.0,0.016186332957989557
0.8118484299893876,1.0,0.01605023329794233
0.8120981334665085,1.0,0.016019157087782898
0.8123478369436294,1.0,0.015786982060319966
0.8124726886821899,1.0,0.015734953941020095
0.8125975404207504,1.0,0.015673977503032552
0.8129720956364317,1.0,0.015560442195130413
0.8132217991135526,1.0,0.015513439401445329
0.8134715025906736,1.0,0.015392550158922361
0.8137212060677945,1.0,0.015309669530553783
0.8137836319370747,1.0,0.015291703083443567
0.8139084836756352,1.0,0.015282325665607251
0.8140333354141956,1.0,0.015241092961655978
0.8142206130220363,1.0,0.015174739475515476
0.8150945751919596,1.0,0.014911328995497365
0.8154067045383607,1.0,0.014893907014307936
0.8155315562769212,1.0,0.014859565343494658
0.8156564080154817,1.0,0.014824428921638204
0.8167176477932455,1.0,0.014782587724705112
0.8169049254010862,1.0,0.014675398462034913
0.8170297771396466,1.0,0.014670589811405997
0.8172170547474874,1.0,0.014595870642334537
0.8174043323553281,1.0,0.014593866588685214
0.8175291840938885,1.0,0.014545550445443688
0.8177164617017292,1.0,0.01451769367249801
0.8180910169174106,1.0,0.014401221635363653
0.8184031462638117,1.0,0.01436037443512092
0.8185279980023722,1.0,0.014325915298855366
0.8187152756102128,1.0,0.01428339297096572
0.8189649790873338,1.0,0.014244109874390244
0.8190898308258943,1.0,0.014203371871123412
0.8192771084337349,1.0,0.01405669917286471
0.819589237780136,1.0,0.01405227186448771
0.8199013671265373,1.0,0.013914248847946972
0.8200886447343779,1.0,0.01390323655435845
0.8201510706036581,1.0,0.013895275272682847
0.8202759223422186,1.0,0.01388401906131783
0.8210874586428616,1.0,0.013835969925815605
0.8213371621199825,1.0,0.013722038982404528
0.8215868655971035,1.0,0.01351309987965219
0.821711717335664,1.0,0.013475785234201294
0.8218989949435046,1.0,0.01346987611069744
0.8223984018977464,1.0,0.013239507852980845
0.8225232536363069,1.0,0.013232241880405955
0.8227105312441476,1.0,0.013207023353852742
0.8227729571134278,1.0,0.01319541996078215
0.8229602347212684,1.0,0.013181539308518168
0.8235220675447905,1.0,0.013050166934081335
0.823646919283351,1.0,0.013039953945054484
0.8237093451526313,1.0,0.013011358251790419
0.8245208814532743,1.0,0.01300302396171276
0.8245833073225545,1.0,0.012961622005041865
0.8248330107996754,1.0,0.012923024418442201
0.8249578625382359,1.0,0.012896712223792602
0.8254572694924777,1.0,0.012896453819203454
0.8256445471003184,1.0,0.012866880582012217
0.8257693988388788,1.0,0.012806464886857015
0.8266433610088021,1.0,0.012763903064746967
0.8267682127473625,1.0,0.012741736846265799
0.8268930644859229,1.0,0.01265512613920957
0.8270179162244834,1.0,0.01255273202353332
0.8273924714401648,1.0,0.012521109975023561
0.8275173231787253,1.0,0.01251749744994955
0.8277046007865659,1.0,0.012465365681653223
0.8278294525251264,1.0,0.012432915871387052
0.8279543042636869,1.0,0.01241937759426363
0.8281415818715275,1.0,0.01240546854057123
0.8283912853486485,1.0,0.012366736943580777
0.8287658405643299,1.0,0.012248674097441313
0.8288906923028904,1.0,0.012246840928282876
0.8289531181721705,1.0,0.012211067291104084
0.8292028216492915,1.0,0.012089285379254074
0.8294525251264124,1.0,0.011875261251319647
0.8297022286035333,1.0,0.011871097261386934
0.8298270803420937,1.0,0.011773291763637277
0.8303264872963356,1.0,0.011761950590893896
0.8310131718584182,1.0,0.011570752721348141
0.831262875335539,1.0,0.011517681332172593
0.8317622822897809,1.0,0.011280588359252688
0.8319495598976215,1.0,0.011278300571456127
0.8322616892440228,1.0,0.01104882261412064
0.8327610961982645,1.0,0.01104475347927796
0.8330732255446657,1.0,0.01086785731936801
0.8331980772832261,1.0,0.010829724413712705
0.8332605031525064,1.0,0.010825521227919972
0.8333853548910669,1.0,0.010782490388599046
0.8335726324989076,1.0,0.010748618635523479
0.8342593170609901,1.0,0.010719402327224518
0.8344465946688308,1.0,0.010683008064225726
0.8346338722766714,1.0,0.010664208178750044
0.8347587240152319,1.0,0.010608359253361874
0.8349460016230726,1.0,0.010582337978024839
0.8350084274923528,1.0,0.010578010927343937
0.8356951120544354,1.0,0.010556717781812318
0.8358199637929958,1.0,0.010496700027522237
0.8371309070478806,1.0,0.010487211777369183
0.8373181846557213,1.0,0.01039613965754971
0.8383794244334852,1.0,0.010391835554629969
0.8386915537798864,1.0,0.010378548748623885
0.8389412572570073,1.0,0.010333343614162892
0.8390661089955678,1.0,0.010311993547644765
0.8391909607341282,1.0,0.010297057568176532
0.8395030900805294,1.0,0.010269283307011127
0.8396279418190898,1.0,0.010235177817303693
0.8398152194269305,1.0,0.010205127315000617
0.8402522005118921,1.0,0.010180495491922228
0.8403770522504526,1.0,0.01017244434827876
0.8404394781197329,1.0,0.010162855148055766
0.8408764592046944,1.0,0.010158858138312658
0.8409388850739746,1.0,0.010149306442994468
0.8410637368125351,1.0,0.010135830132381797
0.8411261626818154,1.0,0.010124821619055147
0.8413758661589362,1.0,0.01012452835034009
0.8415007178974967,1.0,0.01008945096197579
0.8416255696360572,1.0,0.01008853779333475
0.8418752731131781,1.0,0.010058033256337208
0.8419376989824583,1.0,0.010053562771993464
0.8421874024595792,1.0,0.010015942882424357
0.8422498283288595,1.0,0.010015934120682038
0.8423746800674199,1.0,0.009987052706821925
0.8424371059367002,1.0,0.009983963937479868
0.84512141831575,1.0,0.009938687428048834
0.8451838441850302,1.0,0.009916513523569
0.8455583994007116,1.0,0.009835651429427859
0.8457456770085523,1.0,0.009807710502470385
0.8460578063549535,1.0,0.009798830307403455
0.846182658093514,1.0,0.009785981596279665
0.8463075098320744,1.0,0.009737198044076493
0.8465572133091953,1.0,0.009727639050133415
0.8467444909170361,1.0,0.009711276162526077
0.8469941943941569,1.0,0.00970219995229033
0.8471190461327174,1.0,0.009689265147395215
0.8473063237405581,1.0,0.00966492741487037
0.8474936013483988,1.0,0.009664340673697223
0.8476184530869593,1.0,0.009605863339557222
0.8477433048255197,1.0,0.009605506081871135
0.8479305824333604,1.0,0.009572122325165442
0.8480554341719209,1.0,0.009569743039759673
0.8482427117797615,1.0,0.009492698745363681
0.8489293963418441,1.0,0.009491831389714442
0.8490542480804045,1.0,0.00945851873417125
0.849179099818965,1.0,0.009388411595805833
0.8493663774268057,1.0,0.009341221297021257
0.8494912291653661,1.0,0.00932518946480466
0.8496160809039266,1.0,0.009307675859520742
0.8497409326424871,1.0,0.0092449430448891
0.849990636119608,1.0,0.00912840204477542
0.8505524689431301,1.0,0.009099243265374176
0.8506773206816904,1.0,0.009022663797103547
0.8509270241588114,1.0,0.008958077353416565
0.8510518758973719,1.0,0.008897990778481139
0.851364005243773,1.0,0.008895811588723239
0.8516137087208939,1.0,0.008824378537734698
0.8517385604594544,1.0,0.008800767210283934
0.851925838067295,1.0,0.008775020227161276
0.8520506898058555,1.0,0.0087526747674099
0.852175541544416,1.0,0.008717459612974333
0.8523003932829765,1.0,0.008709424440207272
0.8524252450215369,1.0,0.008682358024939543
0.8525500967600974,1.0,0.008678642774657404
0.8526749484986579,1.0,0.008643044491449063
0.8527998002372184,1.0,0.008623034219226399
0.8530495037143392,1.0,0.008605025836291687
0.8531743554528997,1.0,0.008569178765775263
0.85323678132218,1.0,0.00856049104011163
0.8537361882764217,1.0,0.008545250373071883
0.8538610400149822,1.0,0.008536905616464547
0.8541107434921031,1.0,0.00848001286614427
0.8549222797927462,1.0,0.008444016114686611
0.8550471315313066,1.0,0.008429438290707797
0.8563580747861914,1.0,0.00841824459242192
0.8566077782633124,1.0,0.00837194303581137
0.8568574817404332,1.0,0.008343473668059874
0.857044759348274,1.0,0.00831438551083588
0.8571696110868344,1.0,0.008307983724648945
0.8574817404332356,1.0,0.008292401872458397
0.8577314439103565,1.0,0.008271842096595513
0.8579187215181971,1.0,0.008243613888182698
0.8580435732567576,1.0,0.008242951937416159
0.8581059991260378,1.0,0.008232816598291814
0.8583557026031587,1.0,0.008190179305873183
0.8586678319495599,1.0,0.008102412283400971
0.8587926836881203,1.0,0.008097579271143454
0.8588551095574006,1.0,0.00808576259950212
0.860603033897247,1.0,0.008073677273392645
0.8607903115050877,1.0,0.008062853868030368
0.8614769960671702,1.0,0.008059434411746046
0.8615394219364505,1.0,0.008046917068471672
0.8617891254135713,1.0,0.00804046733318161
0.8618515512828516,1.0,0.008040305599747844
0.862226106498533,1.0,0.008039194514890229
0.8623509582370934,1.0,0.008006658272857977
0.8625382358449342,1.0,0.007990021094483738
0.8626630875834946,1.0,0.007986892887149774
0.8633497721455772,1.0,0.00797706335346485
0.8634746238841375,1.0,0.007952030610449669
0.8732130594918535,1.0,0.007949074390419163
0.8732754853611336,1.0,0.007927655254124432
0.8736500405768151,1.0,0.007876566727586397
0.8737124664460952,1.0,0.007871732140710146
0.8738373181846557,1.0,0.007854350974521924
0.8742118734003371,1.0,0.007816239288877825
0.8745864286160184,1.0,0.007768577559253706
0.8747112803545789,1.0,0.007764682108540249
0.8747737062238592,1.0,0.007728030681301867
0.8750234097009801,1.0,0.007711503331320812
0.8750858355702603,1.0,0.007702288748472194
0.8752106873088208,1.0,0.007695477731691122
0.8754603907859417,1.0,0.007626617707636719
0.8756476683937824,1.0,0.007617725824700211
0.8763343529558649,1.0,0.00761603145207221
0.8763967788251451,1.0,0.007605560644956873
0.876646482302266,1.0,0.007592796197983916
0.8767089081715463,1.0,0.0075892932090560385
0.8768337599101067,1.0,0.00758897289630612
0.876896185779387,1.0,0.00758727657712911
0.8771458892565079,1.0,0.0075377886835973
0.8773955927336288,1.0,0.00748237160222348
0.8775204444721892,1.0,0.007478110558405667
0.8778949996878707,1.0,0.0074600344924216945
0.8780198514264311,1.0,0.007452339078151354
0.8781447031649916,1.0,0.0074238393376673826
0.8782695549035521,1.0,0.007416354775186409
0.8788938135963543,1.0,0.0073008919658605915
0.8791435170734753,1.0,0.007274936512972904
0.8792059429427554,1.0,0.007272794384656726
0.8797053498969973,1.0,0.007269024585623325
0.8800799051126786,1.0,0.007268452368931617
0.8802047568512391,1.0,0.00726385766778382
0.8803920344590799,1.0,0.007223398184698296
0.8805168861976403,1.0,0.007219586581230992
0.8805793120669205,1.0,0.007206235170990166
0.8807665896747612,1.0,0.007188408370582645
0.8830763468381297,1.0,0.007152910959973095
0.8832636244459704,1.0,0.007148790431106025
0.8833884761845309,1.0,0.007139967860427253
0.885573381609339,1.0,0.0071316213164857615
0.8857606592171796,1.0,0.007116286776233232
0.8858855109557401,1.0,0.007113115244528171
0.8860103626943006,1.0,0.007087330729399148
0.8863224920407017,1.0,0.007069022826722848
0.8866970472563831,1.0,0.007062135313129015
0.8868843248642237,1.0,0.007010171458788885
0.8871964542106249,1.0,0.0069861884273995385
0.887508583557026,1.0,0.006925193487387102
0.8877582870341469,1.0,0.00692099317861509
0.8878207129034272,1.0,0.00692054794339381
0.8880079905112679,1.0,0.006909549393106994
0.8881328422498284,1.0,0.006900897536506083
0.888320119857669,1.0,0.0068864880897985346
0.8885073974655097,1.0,0.006862741394033051
0.8886322492040701,1.0,0.006856984788885679
0.8886946750733504,1.0,0.006846568717182163
0.8989325176353081,1.0,0.006843019325101019
0.8990573693738685,1.0,0.006822925955271307
0.8992446469817093,1.0,0.006822388614072182
0.8993070728509894,1.0,0.00681897631296151
0.8994319245895499,1.0,0.006814876935617704
0.8994943504588302,1.0,0.0068047700576639334
0.9004307384980336,1.0,0.00680434397263471
0.9006180161058742,1.0,0.006784769584346351
0.9007428678444347,1.0,0.006766636948402354
0.9009925713215556,1.0,0.006765321158549169
0.9014919782757975,1.0,0.006764916634005962
0.9017416817529184,1.0,0.00673076993927373
0.9018665334914788,1.0,0.006720412361597422
0.9019913852300393,1.0,0.00671121672611305
0.9023659404457207,1.0,0.006704274190836977
0.9040514389162869,1.0,0.00670421134750464
0.9041762906548474,1.0,0.00669496149995293
0.9045508458705287,1.0,0.006639760271918259
0.9046756976090892,1.0,0.00663454518267299
0.9048629752169299,1.0,0.006622613096869147
0.905424808040452,1.0,0.006612371856364923
0.9055496597790125,1.0,0.00660553869877603
0.9057993632561333,1.0,0.0065644351763170395
0.9061739184718147,1.0,0.006531440574478063
0.9116673949684749,1.0,0.006528822750023183
0.9117298208377551,1.0,0.006528225205145024
0.9146638366939259,1.0,0.006523061034388281
0.9147886884324864,1.0,0.006509538959714364
0.9156002247331294,1.0,0.006498284357233489
0.9157875023409701,1.0,0.006496151077038411
0.9158499282102504,1.0,0.006495695323295122
0.916286909295212,1.0,0.00649407268207139
0.9164117610337724,1.0,0.0064853675648551025
0.9166614645108934,1.0,0.0064726281008399235
0.9169111679880142,1.0,0.00647049057203165
0.9170360197265747,1.0,0.00646337357669482
0.9171608714651351,1.0,0.006454488947854544
0.9221549410075536,1.0,0.0064535702158828225
0.9222797927461139,1.0,0.006448472348419948
0.922841625569636,1.0,0.006422895406216047
0.9229664773081965,1.0,0.006413492876910162
0.9232161807853174,1.0,0.0063939508259663776
0.923653161870279,1.0,0.006371829246926816
0.9248392533866034,1.0,0.0063580066483159255
0.9293963418440602,1.0,0.006352342834785971
0.9295836194519008,1.0,0.006332039221060448
0.9297084711904613,1.0,0.006302956125256336
0.9297708970597416,1.0,0.0062947710696379545
0.9301454522754229,1.0,0.006294258821071832
0.9310818403146264,1.0,0.0062862509868878815
0.931269117922467,1.0,0.006285746785772936
0.9313939696610275,1.0,0.006265037520953205
0.9315812472688683,1.0,0.00626446085914841
0.9317060990074286,1.0,0.006260622376498476
0.9322679318309507,1.0,0.006241728903111305
0.9326424870466321,1.0,0.0061624843440862475
0.9327673387851926,1.0,0.006157393186306686
0.9328297646544728,1.0,0.00615215576408503
0.9337037268243961,1.0,0.006138643503798008
0.9341407079093577,1.0,0.00612786975976438
0.9342655596479181,1.0,0.006121624131650677
0.9345776889943193,1.0,0.006114743463445278
0.9352643735564018,1.0,0.006091337965666486
0.9355140770335227,1.0,0.0060657455152700575
0.9356389287720831,1.0,0.0060405808962366025
0.9357637805106436,1.0,0.006033670460343054
0.9360759098570448,1.0,0.006024270849754879
0.9362007615956052,1.0,0.006007378280057628
0.9363880392034459,1.0,0.005966334032883782
0.9368874461576877,1.0,0.005962508047363981
0.9370122978962482,1.0,0.005946326327846979
0.9371995755040889,1.0,0.0059335865877211316
0.9373244272426493,1.0,0.00593036608806917
0.9376365565890505,1.0,0.005867589545516492
0.9380111118047318,1.0,0.0058670492505971976
0.9381983894125726,1.0,0.005830227948227259
0.9383232411511331,1.0,0.005816447417472734
0.9383856670204133,1.0,0.005793425849498213
0.9386353704975342,1.0,0.005787912926255271
0.9387602222360947,1.0,0.005773451401771375
0.9388850739746551,1.0,0.005765098571064065
0.9389474998439353,1.0,0.005764938798952041
0.9390723515824958,1.0,0.005761839239199306
0.9398214620138585,1.0,0.005739073320557216
0.9398838878831388,1.0,0.005722108730235809
0.9401335913602596,1.0,0.00572168245365287
0.9405081465759411,1.0,0.005677602237421011
0.9406329983145015,1.0,0.005672655932144601
0.9431300330857108,1.0,0.005666524752931492
0.9432548848242712,1.0,0.005647274920122426
0.9436918659092328,1.0,0.0056162417713883795
0.9438167176477933,1.0,0.005614054894566055
0.9484362319745302,1.0,0.005607949838113449
0.9485610837130907,1.0,0.005607587103031763
0.948623509582371,1.0,0.005588225629870629
0.9493101941444535,1.0,0.005578169548385518
0.9493726200137337,1.0,0.005568983777352937
0.9494974717522942,1.0,0.005568543708352075
0.9496223234908546,1.0,0.005547354796373864
0.9500593045758162,1.0,0.00554735176086341
0.9501841563143767,1.0,0.005525942443151005
0.9511829702228604,1.0,0.0055239232505736565
0.951370247830701,1.0,0.005504849046795864
0.951619951307822,1.0,0.005497668624410843
0.9517448030463824,1.0,0.005458285133581621
0.9518072289156626,1.0,0.005457647243276863
0.9519320806542231,1.0,0.0054417424517252296
0.9541169860790312,1.0,0.005432049963779557
0.954616393033273,1.0,0.005426599483778559
0.9547412447718334,1.0,0.005406315931232738
0.9556152069417566,1.0,0.005377567086009372
0.9558024845495974,1.0,0.005348300189383775
0.957612834758724,1.0,0.005346112286099557
0.9583619451900868,1.0,0.005321119167098267
0.958424371059367,1.0,0.005320147843443385
0.9586116486672077,1.0,0.00530313378167636
0.9586740745364879,1.0,0.005301550319267444
0.9591110556214495,1.0,0.005296266281868878
0.95923590736001,1.0,0.005294096679673394
0.9596104625756914,1.0,0.005268982369929914
0.9602971471377739,1.0,0.005265254091040811
0.9604219988763344,1.0,0.005251582851250944
0.9606717023534552,1.0,0.005243878755088323
0.9607341282227355,1.0,0.0052374299757974255
0.9611711093076971,1.0,0.005231444574370247
0.9614208127848181,1.0,0.005218393533765752
0.9616080903926587,1.0,0.005208744170964125
0.961670516261939,1.0,0.005196488716385477
0.9620450714776203,1.0,0.005172122221899024
0.9621074973469006,1.0,0.005171222695426847
0.9622323490854611,1.0,0.00515393471807216
0.9623572008240214,1.0,0.005127234765992619
0.9624820525625819,1.0,0.0050989947155278895
0.9852674948498658,1.0,0.005094922112317642
0.9853923465884262,1.0,0.005087938281423315
0.9856420500655472,1.0,0.0050777783459268555
0.9857044759348274,1.0,0.0050552615676914235
0.9859541794119483,1.0,0.0050432068007326735
0.9860166052812286,1.0,0.005031792595219872
0.9871402709282727,1.0,0.005022880610377564
0.9873275485361134,1.0,0.0049955112186829236
0.9874524002746738,1.0,0.004993961752468453
0.9875772520132343,1.0,0.004972852453235913
0.9879518072289156,1.0,0.0049664030857405955
0.9880766589674761,1.0,0.004961429598385106
0.9881390848367564,1.0,0.004938508022629726
0.9887633435295586,1.0,0.004923314112516658
0.9890130470066796,1.0,0.0048930650534302084
0.9890754728759598,1.0,0.004873477114323924
0.9894500280916412,1.0,0.004870602143771907
0.9914476559086085,1.0,0.004864777832821876
0.9922591922092515,1.0,0.004845856391885087
0.9924464698170922,1.0,0.004823333985177438
0.9930083026406142,1.0,0.004820869412346787
0.9931331543791747,1.0,0.004772541134952351
0.9932580061177352,1.0,0.004765510531773369
0.9935077095948561,1.0,0.0047580712867855025
0.9935701354641363,1.0,0.004740171059607777
0.9937574130719771,1.0,0.00472648977418411
0.9938198389412572,1.0,0.004678221627252565
0.9943816717647793,1.0,0.0046694264267904025
0.9946313752419003,1.0,0.004647567903830652
0.9946938011111804,1.0,0.004645036771649532
0.9948810787190212,1.0,0.004609092772432944
0.995130782196142,1.0,0.004605658224995443
0.995380485673263,1.0,0.0045710164962472185
0.9967538547974281,1.0,0.004561209776184818
0.9968162806667082,1.0,0.004554803764844548
0.9969411324052687,1.0,0.004524328865457071
0.9971908358823897,1.0,0.004472461579830588
0.9973156876209501,1.0,0.004458416212124061
0.9975653910980711,1.0,0.004435728816260445
0.9983145015294338,1.0,0.004418155041275128
0.9984393532679943,1.0,0.004390416897611724
0.9985017791372744,1.0,0.004330466531097491
0.9986266308758349,1.0,0.0043222982182607545
0.9986890567451152,1.0,0.004297158193223702
0.9992508895686373,1.0,0.004280572670118521
0.9993133154379175,1.0,0.004276519905664006
0.9994381671764779,1.0,0.004255924115248457
0.9995005930457581,1.0,0.0040170216579470805
0.9996254447843186,1.0,0.003979779065985228
0.9996878706535989,1.0,0.0039692066952492855
0.9998751482614395,1.0,0.003898328109013843
1.0,1.0,0.0035913668727868137
