fpr,tpr,threshold
0.0,0.0,inf
0.010469867211440245,0.05925836160930684,1.0
0.010469867211440245,0.05937954435288415,0.9999999999999982
0.010810350697991147,0.05950072709646147,0.9999999999999929
0.010980592441266599,0.05950072709646147,0.9999999999999876
0.011065713312904324,0.05950072709646147,0.9999999999999827
0.011065713312904324,0.05974309258361609,0.9999999999999822
0.01115083418454205,0.05974309258361609,0.99999999999998
0.01115083418454205,0.059864275327193406,0.9999999999999716
0.011406196799455226,0.059864275327193406,0.9999999999999325
0.011491317671092951,0.05998545807077072,0.9999999999998934
0.01174668028600613,0.05998545807077072,0.9999999999998863
0.01174668028600613,0.060106640814348036,0.9999999999998295
0.01191692202928158,0.060106640814348036,0.999999999999627
0.01191692202928158,0.06022782355792535,0.9999999999995666
0.01191692202928158,0.06047018904507998,0.9999999999995524
0.01191692202928158,0.0605913717886573,0.9999999999991402
0.012002042900919305,0.0605913717886573,0.9999999999991331
0.012002042900919305,0.06071255453223461,0.9999999999990337
0.01208716377255703,0.06071255453223461,0.9999999999988489
0.01208716377255703,0.06083373727581193,0.9999999999983586
0.01208716377255703,0.06107610276296655,0.9999999999983551
0.01208716377255703,0.0614396509936985,0.9999999999897611
0.012257405515832482,0.0614396509936985,0.9999999999895941
0.012257405515832482,0.06156083373727581,0.9999999999693898
0.012342526387470208,0.06156083373727581,0.9999999999609273
0.012342526387470208,0.06192438196800776,0.9999999966430408
0.012427647259107933,0.06192438196800776,0.9999999872522212
0.012427647259107933,0.06216674745516239,0.9999999845596933
0.01251276813074566,0.06216674745516239,0.9999999816945471
0.01251276813074566,0.06289384391662627,0.9999999363507845
0.012597889002383384,0.06289384391662627,0.9999998774765846
0.012597889002383384,0.06349975763451285,0.9999998145586163
0.012938372488934287,0.06349975763451285,0.999999454883912
0.012938372488934287,0.06362094037809016,0.9999993155585398
0.013023493360572012,0.06362094037809016,0.9999993091628993
0.013023493360572012,0.06398448860882211,0.9999990765908549
0.013108614232209739,0.06398448860882211,0.9999989579434498
0.013108614232209739,0.06446921958313136,0.9999985486367694
0.013193735103847463,0.06446921958313136,0.999998547651042
0.013193735103847463,0.06471158507028599,0.999997011696503
0.013363976847122915,0.06471158507028599,0.9999932128310032
0.013363976847122915,0.06507513330101794,0.9999893311033418
0.01344909771876064,0.06507513330101794,0.9999847988475965
0.01344909771876064,0.06519631604459525,0.9999802605910945
0.013619339462036091,0.06519631604459525,0.9999697662242679
0.013619339462036091,0.06531749878817257,0.99996351646028
0.013959822948586994,0.06531749878817257,0.999614504605843
0.013959822948586994,0.06543868153174988,0.9995315966666546
0.014385427306775622,0.06543868153174988,0.9986617998551296
0.014385427306775622,0.06580222976248182,0.9982063617774966
0.014555669050051073,0.06580222976248182,0.9977101873403353
0.014555669050051073,0.06592341250605914,0.9973362264021502
0.015066394279877425,0.06592341250605914,0.9907042530765985
0.015066394279877425,0.06604459524963645,0.9885778428819195
0.015151515151515152,0.06604459524963645,0.9868894386903361
0.015151515151515152,0.06616577799321377,0.9860823437583266
0.015236636023152877,0.06616577799321377,0.9807339825100813
0.015236636023152877,0.06628696073679108,0.9753091975767895
0.015406877766428328,0.06628696073679108,0.9753086372977453
0.015406877766428328,0.0664081434803684,0.967178746365165
0.015917602996254682,0.0664081434803684,0.9419268206255461
0.015917602996254682,0.06665050896752303,0.9377551949407102
0.016087844739530132,0.06665050896752303,0.9336109686780958
0.016087844739530132,0.06713523994183228,0.8868666169990554
0.016258086482805585,0.06713523994183228,0.867364098752974
0.016258086482805585,0.0672564226854096,0.8641210806476046
0.016853932584269662,0.0672564226854096,0.7405289792663468
0.016853932584269662,0.06737760542898691,0.7318408438804489
0.016939053455907387,0.06737760542898691,0.6957963629065493
0.016939053455907387,0.06749878817256423,0.6917043561097067
0.017024174327545116,0.06749878817256423,0.6908487191337676
0.017024174327545116,0.06774115365971886,0.6839796970784814
0.01710929519918284,0.06774115365971886,0.6548162711043461
0.01710929519918284,0.06786233640329617,0.6518042670483402
0.017620020429009193,0.06786233640329617,0.5163546314018734
0.017620020429009193,0.06822588463402811,0.4971087388400709
0.017960503915560096,0.06822588463402811,0.381427507396091
0.017960503915560096,0.06834706737760543,0.3608226250007638
0.018130745658835545,0.06834706737760543,0.3386011550821048
0.018130745658835545,0.06846825012118274,0.3304148188862621
0.018215866530473274,0.06846825012118274,0.30979413808162143
0.018215866530473274,0.07246728065923412,0.2702874836498916
0.018300987402111,0.07246728065923412,0.2662347665390552
0.018300987402111,0.07283082888996607,0.2571782493033555
0.018386108273748723,0.07283082888996607,0.253649278688145
0.018386108273748723,0.07573921473582163,0.22433666472707556
0.018556350017024173,0.07573921473582163,0.22372729585326728
0.018556350017024173,0.07610276296655356,0.22095326101749704
0.0186414708886619,0.07610276296655356,0.22035115683383166
0.0186414708886619,0.07937469704314105,0.1874700848011661
0.018726591760299626,0.07937469704314105,0.18746184759921444
0.018726591760299626,0.07985942801745032,0.1799411639410013
0.01881171263193735,0.07985942801745032,0.17893612964614758
0.01881171263193735,0.08034415899175958,0.17729934328686195
0.018896833503575076,0.08034415899175958,0.17669002933167882
0.018896833503575076,0.08155598642753271,0.1674612627294277
0.0189819543752128,0.08155598642753271,0.16738625967697007
0.0189819543752128,0.09258361609306835,0.10019670469419524
0.01906707524685053,0.09258361609306835,0.09971135185539166
0.01906707524685053,0.09331071255453223,0.09572573212201382
0.019152196118488254,0.09331071255453223,0.0951253062444886
0.019152196118488254,0.09488608822103732,0.08295334480636615
0.01923731699012598,0.09488608822103732,0.08167167747707954
0.01923731699012598,0.0963402811439651,0.07252095410007624
0.019322437861763703,0.0963402811439651,0.07188324566345858
0.019322437861763703,0.09755210857973824,0.06119700641434516
0.01940755873340143,0.09755210857973824,0.06118712491959438
0.01940755873340143,0.0980368395540475,0.060218611873873576
0.019492679605039157,0.0980368395540475,0.05977600783849018
0.019492679605039157,0.09924866698982066,0.052539325502026286
0.01957780047667688,0.09924866698982066,0.052325111043665856
0.01957780047667688,0.09949103247697527,0.04915855798231467
0.019662921348314606,0.09949103247697527,0.04805103640117893
0.019662921348314606,0.10021812893843916,0.04480784351975936
0.01974804221995233,0.10021812893843916,0.04479457994522903
0.01974804221995233,0.10082404265632573,0.04118651053863324
0.019918283963227784,0.10082404265632573,0.04068999368943893
0.019918283963227784,0.10094522539990305,0.040387585441117806
0.020088525706503234,0.10094522539990305,0.0384339621564154
0.020088525706503234,0.10118759088705769,0.037275975332754605
0.02017364657814096,0.10118759088705769,0.03663513886673502
0.02017364657814096,0.10203587009209888,0.03486260119089939
0.020343888321416412,0.10203587009209888,0.03447955310162344
0.020343888321416412,0.10821619001454193,0.02750261707799362
0.020429009193054137,0.10821619001454193,0.02744763297668985
0.020429009193054137,0.11160930683470674,0.02482604489216526
0.02051413006469186,0.11160930683470674,0.024664350498817853
0.02051413006469186,0.11185167232186137,0.024425086947001212
0.020599250936329586,0.11185167232186137,0.024288833470204125
0.020599250936329586,0.11233640329617063,0.023659317399039644
0.020684371807967315,0.11233640329617063,0.023521415603063887
0.020684371807967315,0.11257876878332525,0.023419300658116135
0.02076949267960504,0.11257876878332525,0.023026918235943522
0.02076949267960504,0.11269995152690257,0.022905913911749277
0.020854613551242764,0.11269995152690257,0.022700456801036186
0.020854613551242764,0.11330586524478914,0.022419592785912552
0.02093973442288049,0.11330586524478914,0.022348813185931935
0.02093973442288049,0.11560833737275812,0.014494852476163127
0.021280217909431392,0.11560833737275812,0.011425500711581967
0.021280217909431392,0.11597188560349006,0.010732603920374135
0.021450459652706845,0.11597188560349006,0.009819051405498923
0.021450459652706845,0.11621425109064469,0.009268844925978013
0.02153558052434457,0.11621425109064469,0.009259103330545086
0.02153558052434457,0.11657779932137663,0.008649363818669275
0.021620701395982295,0.11657779932137663,0.008380294732963338
0.021620701395982295,0.11669898206495395,0.007966653305169245
0.021876064010895473,0.11669898206495395,0.00739659013644483
0.021876064010895473,0.11682016480853126,0.007389579135386332
0.021961184882533197,0.11682016480853126,0.007289908763592644
0.021961184882533197,0.11694134755210858,0.006835378959518841
0.022557030983997275,0.11694134755210858,0.006028258771972212
0.022557030983997275,0.11742607852641784,0.00530148437134475
0.022982635342185902,0.11742607852641784,0.00424111589095274
0.022982635342185902,0.11766844401357247,0.004007737551467684
0.02306775621382363,0.11766844401357247,0.0037698749544637787
0.02306775621382363,0.11778962675714978,0.003345193539020829
0.02323799795709908,0.11778962675714978,0.003011817228664844
0.02323799795709908,0.11803199224430441,0.0019038056384525993
0.02349336057201226,0.11803199224430441,0.0016575861559584768
0.02349336057201226,0.1187590887057683,0.001531763946967549
0.024599931903302688,0.1187590887057683,0.00036976593164368405
0.024599931903302688,0.11936500242365487,0.00034534243012990283
0.02477017364657814,0.11936500242365487,0.0003017910698327258
0.02477017364657814,0.11948618516723218,0.00028994303083685794
0.02494041538985359,0.11948618516723218,0.0002449085651025016
0.02494041538985359,0.1196073679108095,0.00023653325194951847
0.02519577800476677,0.1196073679108095,0.00023028911490157095
0.02519577800476677,0.11984973339796413,0.0002120866997762234
0.025791624106230846,0.11984973339796413,0.00017765828390071728
0.025791624106230846,0.11997091614154144,0.00017477079244638595
0.026217228464419477,0.11997091614154144,0.00015759146114140303
0.026217228464419477,0.12021328162869607,0.0001534095093681045
0.027323799795709907,0.12021328162869607,9.314318316626594e-05
0.027323799795709907,0.1203344643722734,9.057706866037045e-05
0.02766428328226081,0.1203344643722734,8.755056828234329e-05
0.02766428328226081,0.12057682985942801,8.7550181619557e-05
0.027749404153898535,0.12057682985942801,8.741131254643748e-05
0.027749404153898535,0.12081919534658264,8.477824909859447e-05
0.02826012938372489,0.12081919534658264,7.409595858859105e-05
0.02826012938372489,0.12106156083373727,7.077799437891613e-05
0.028345250255362615,0.12106156083373727,6.161860587164381e-05
0.028345250255362615,0.1211827435773146,5.8261774664088285e-05
0.028600612870275793,0.1211827435773146,4.9801344858831195e-05
0.028600612870275793,0.12154629180804653,4.686753796171512e-05
0.028770854613551243,0.12154629180804653,4.303530727830601e-05
0.028770854613551243,0.12166747455162386,4.270905096905726e-05
0.029111338100102146,0.12166747455162386,3.22882212342527e-05
0.029111338100102146,0.12251575375666506,2.3976574405710448e-05
0.02936670071501532,0.12251575375666506,2.252591712999523e-05
0.02936670071501532,0.12263693650024236,2.2488243688574818e-05
0.02945182158665305,0.12263693650024236,2.2487896831445184e-05
0.02945182158665305,0.122879301987397,2.2336466392367473e-05
0.029536942458290773,0.122879301987397,2.1386085175610246e-05
0.029536942458290773,0.12312166747455162,1.9512969236272823e-05
0.0296220633299285,0.12312166747455162,1.946661428174861e-05
0.0296220633299285,0.12348521570528356,1.5016640569994044e-05
0.029707184201566223,0.12348521570528356,1.4398733282021802e-05
0.029707184201566223,0.12384876393601552,1.3855953456401939e-05
0.029877425944841676,0.12384876393601552,1.2827039676378996e-05
0.029877425944841676,0.12409112942317015,1.1892867286909721e-05
0.0299625468164794,0.12409112942317015,1.1525906828739086e-05
0.0299625468164794,0.12421231216674745,1.1501991985980404e-05
0.030047667688117126,0.12421231216674745,1.0733356889729133e-05
0.030047667688117126,0.12590887057682987,4.673467798133648e-06
0.03013278855975485,0.12590887057682987,4.470625837227939e-06
0.03013278855975485,0.12603005332040718,4.452641965682305e-06
0.03021790943139258,0.12603005332040718,4.234994560528519e-06
0.03021790943139258,0.127120698012603,3.3354641422155134e-06
0.030303030303030304,0.127120698012603,3.3351479777720493e-06
0.030303030303030304,0.12760542898691227,2.8884954847405186e-06
0.03038815117466803,0.12760542898691227,2.622411541763329e-06
0.03038815117466803,0.12772661173048958,2.458436569879845e-06
0.03055839291794348,0.12772661173048958,2.3812557639458907e-06
0.03055839291794348,0.12809015996122153,2.240473449917356e-06
0.030643513789581207,0.12809015996122153,2.1958133809953616e-06
0.030643513789581207,0.1285748909355308,2.0423941090680814e-06
0.03072863466121893,0.1285748909355308,2.0017148965626565e-06
0.03072863466121893,0.1286960736791081,1.9103281885031366e-06
0.03089887640449438,0.1286960736791081,1.896972686364533e-06
0.03089887640449438,0.12930198739699467,1.7777915553282752e-06
0.030983997276132106,0.12930198739699467,1.7723812311476831e-06
0.030983997276132106,0.13075618031992245,1.419154282469384e-06
0.031069118147769834,0.13075618031992245,1.3894441945515603e-06
0.031069118147769834,0.13111972855065437,1.2619112448764655e-06
0.03140960163432074,0.13111972855065437,1.175420692989545e-06
0.03140960163432074,0.1312409112942317,1.145335938325907e-06
0.03149472250595846,0.1312409112942317,1.139363979311918e-06
0.03149472250595846,0.13160445952496364,1.1136300730223961e-06
0.03226081035069799,0.13160445952496364,9.566869976698422e-07
0.03226081035069799,0.13172564226854097,9.300589129026944e-07
0.032345931222335714,0.13172564226854097,9.267580953188535e-07
0.032345931222335714,0.1319680077556956,9.220504835691595e-07
0.03251617296561117,0.1319680077556956,9.097986531988638e-07
0.03251617296561117,0.1320891904992729,9.086323341209287e-07
0.03268641470888662,0.1320891904992729,9.056631680123391e-07
0.03268641470888662,0.13245273873000485,8.718949022881764e-07
0.03277153558052434,0.13245273873000485,8.453209847548136e-07
0.03277153558052434,0.13257392147358216,8.080662284261865e-07
0.0329417773237998,0.13257392147358216,7.749233505070584e-07
0.0329417773237998,0.13269510421715947,7.69203605793871e-07
0.03302689819543752,0.13269510421715947,7.580095961476823e-07
0.03302689819543752,0.1329374697043141,7.191011532406312e-07
0.03311201906707525,0.1329374697043141,6.995216409510052e-07
0.03311201906707525,0.13317983519146873,6.648907961104231e-07
0.03319713993871297,0.13317983519146873,6.274813118454935e-07
0.03319713993871297,0.13342220067862337,5.910417002617976e-07
0.0332822608103507,0.13342220067862337,5.891427119253348e-07
0.0332822608103507,0.13414929714008725,5.452454490810835e-07
0.03345250255362615,0.13414929714008725,5.248380272500008e-07
0.03345250255362615,0.1346340281143965,4.7246450414268044e-07
0.033707865168539325,0.1346340281143965,3.6008094384866493e-07
0.033707865168539325,0.13475521085797382,3.480104614988994e-07
0.03404834865509023,0.13475521085797382,3.121883515491127e-07
0.03404834865509023,0.13487639360155113,3.1046772840137876e-07
0.03421859039836568,0.13487639360155113,3.068710697590207e-07
0.03421859039836568,0.13511875908870577,2.715396050479649e-07
0.0343037112700034,0.13511875908870577,2.5750948744892346e-07
0.0343037112700034,0.13523994183228308,2.404334179793725e-07
0.03447395301327886,0.13523994183228308,2.3732069331978404e-07
0.03447395301327886,0.13548230731943772,2.25781497822056e-07
0.03472931562819203,0.13548230731943772,2.0376669716033268e-07
0.03472931562819203,0.13572467280659234,1.949175087525388e-07
0.03481443649982976,0.13572467280659234,1.9485662402538647e-07
0.03481443649982976,0.13584585555016965,1.897165232849808e-07
0.034899557371467486,0.13584585555016965,1.8920729493668878e-07
0.034899557371467486,0.13596703829374698,1.819124252601797e-07
0.03498467824310521,0.13596703829374698,1.790667830217299e-07
0.03498467824310521,0.1362094037809016,1.657257310642204e-07
0.03515491998638066,0.1362094037809016,1.5998399609175976e-07
0.03515491998638066,0.1363305865244789,1.5826238236289933e-07
0.035410282601293835,0.1363305865244789,1.4309555238678493e-07
0.035410282601293835,0.13657295201163355,1.387242766570772e-07
0.035580524344569285,0.13657295201163355,1.2217225624030925e-07
0.035580524344569285,0.13669413475521086,1.192214899178508e-07
0.03566564521620701,0.13669413475521086,1.1683238661451364e-07
0.03566564521620701,0.13826951042171595,9.981597581162536e-08
0.03575076608784474,0.13826951042171595,9.662482936659597e-08
0.03575076608784474,0.13839069316529326,9.494717172590086e-08
0.03592100783112019,0.13839069316529326,9.304134783025118e-08
0.03592100783112019,0.13899660688317983,8.677117533017027e-08
0.03600612870275792,0.13899660688317983,8.537982705376177e-08
0.03600612870275792,0.13911778962675714,8.36743540000632e-08
0.03609124957439564,0.13911778962675714,7.876478109184789e-08
0.03609124957439564,0.1394813378574891,7.311053955506055e-08
0.03617637044603337,0.1394813378574891,7.276455285324116e-08
0.03617637044603337,0.13972370334464373,7.150588000096533e-08
0.03626149131767109,0.13972370334464373,7.119067845478806e-08
0.03626149131767109,0.13984488608822104,7.074436028007046e-08
0.03651685393258427,0.13984488608822104,6.973041726400347e-08
0.03651685393258427,0.14020843431895297,6.898652957815271e-08
0.036601974804222,0.14020843431895297,6.857118801076358e-08
0.036601974804222,0.14057198254968492,6.335598776232515e-08
0.03668709567585972,0.14057198254968492,6.308726940867681e-08
0.03668709567585972,0.14069316529326223,6.230001823769298e-08
0.03677221654749745,0.14069316529326223,6.20706355905128e-08
0.03677221654749745,0.14105671352399418,6.13097955438665e-08
0.036857337419135175,0.14105671352399418,6.13091040886564e-08
0.036857337419135175,0.14129907901114883,6.114675461688103e-08
0.036942458290772896,0.14129907901114883,6.111556759552118e-08
0.036942458290772896,0.1419049927290354,5.6788145843094306e-08
0.037027579162410625,0.1419049927290354,5.454356410174703e-08
0.037027579162410625,0.14214735821619,5.230953215520067e-08
0.037112700034048346,0.14214735821619,5.1235645228680604e-08
0.037112700034048346,0.14226854095976732,5.094559803453212e-08
0.03745318352059925,0.14226854095976732,4.61809560852413e-08
0.03745318352059925,0.14238972370334466,4.5683304479743206e-08
0.037538304392236974,0.14238972370334466,4.487562678601631e-08
0.037538304392236974,0.14251090644692196,4.48271530998674e-08
0.03787878787878788,0.14251090644692196,4.23524422812804e-08
0.03787878787878788,0.1428744546776539,3.883703304974068e-08
0.0379639087504256,0.1428744546776539,3.8754895178145456e-08
0.0379639087504256,0.14299563742123123,3.7419660224319985e-08
0.03821927136533878,0.14299563742123123,3.427057638618388e-08
0.03821927136533878,0.14323800290838584,3.281297978757147e-08
0.03838951310861423,0.14323800290838584,3.1157717330533815e-08
0.03838951310861423,0.1436015511391178,2.8518011235028404e-08
0.03864487572352741,0.1436015511391178,2.4902468675752533e-08
0.03864487572352741,0.1438439166262724,2.4239318570546158e-08
0.03881511746680286,0.1438439166262724,2.388804053885969e-08
0.03881511746680286,0.14396509936984975,2.3817999615354353e-08
0.03983656792645557,0.14396509936984975,2.240250607023152e-08
0.03983656792645557,0.14408628211342706,2.1846455494899112e-08
0.04000680966973102,0.14408628211342706,2.1461720211569974e-08
0.04000680966973102,0.14432864760058167,2.093676708572628e-08
0.040262172284644196,0.14432864760058167,1.9683417032343548e-08
0.040262172284644196,0.14444983034415898,1.914686727332826e-08
0.04034729315628192,0.14444983034415898,1.7910135501573306e-08
0.04034729315628192,0.14457101308773632,1.753714746874165e-08
0.040432414027919646,0.14457101308773632,1.74883809252336e-08
0.040432414027919646,0.14481337857489093,1.4717029638781316e-08
0.040517534899557374,0.14481337857489093,1.4700689042098852e-08
0.040517534899557374,0.14505574406204558,1.4615839206069284e-08
0.040602655771195095,0.14505574406204558,1.4474023253445708e-08
0.040602655771195095,0.14517692680562289,1.4156859849223037e-08
0.040687776642832824,0.14517692680562289,1.3822150429775249e-08
0.040687776642832824,0.1454192922927775,1.2185506824573116e-08
0.04085801838610827,0.1454192922927775,9.80976904276334e-09
0.04085801838610827,0.14578284052350945,9.44030174592151e-09
0.04111338100102145,0.14578284052350945,8.736700562225239e-09
0.04111338100102145,0.14590402326708676,8.679499680707336e-09
0.0412836227442969,0.14590402326708676,7.981107149252297e-09
0.0412836227442969,0.14602520601066407,7.741301188770833e-09
0.041964589717398706,0.14602520601066407,6.26946013859471e-09
0.041964589717398706,0.1461463887542414,5.724322779675603e-09
0.042390194075587334,0.1461463887542414,4.990527949860524e-09
0.042390194075587334,0.14638875424139602,4.948338125952869e-09
0.04264555669050051,0.14638875424139602,4.863356060463687e-09
0.04264555669050051,0.14650993698497333,4.838113111528459e-09
0.04273067756213823,0.14650993698497333,4.801173424197168e-09
0.04273067756213823,0.14663111972855064,4.596511188699322e-09
0.04281579843377596,0.14663111972855064,4.565668732807612e-09
0.04281579843377596,0.14675230247212798,4.562874472018253e-09
0.04307116104868914,0.14675230247212798,3.96887178847297e-09
0.04307116104868914,0.1471158507028599,3.602463417657454e-09
0.04315628192032686,0.1471158507028599,3.597820875043265e-09
0.04315628192032686,0.1477217644207465,2.950629316530372e-09
0.04332652366360232,0.1477217644207465,2.6768022214281042e-09
0.04332652366360232,0.1478429471643238,2.602244164246688e-09
0.04341164453524004,0.1478429471643238,2.4954616569424012e-09
0.04341164453524004,0.14808531265147842,2.1812085796471815e-09
0.04349676540687777,0.14808531265147842,1.9957103577735237e-09
0.04349676540687777,0.14832767813863307,1.5798593133860657e-09
0.04358188627851549,0.14832767813863307,1.5798404624074781e-09
0.04358188627851549,0.14844886088221038,1.5765349003949281e-09
0.04366700715015322,0.14844886088221038,1.5540610422841455e-09
0.04366700715015322,0.14857004362578768,1.5243142028430412e-09
0.043752128021790945,0.14857004362578768,1.2939709273704818e-09
0.043752128021790945,0.14893359185651964,1.2105604189223934e-09
0.04400749063670412,0.14893359185651964,1.1197539488622052e-09
0.04400749063670412,0.14905477460009695,1.084132466191684e-09
0.04434797412325502,0.14905477460009695,8.996342139589758e-10
0.04434797412325502,0.14929714008725156,8.424752121818605e-10
0.04451821586653047,0.14929714008725156,7.710589364729719e-10
0.04451821586653047,0.1495395055744062,7.676005051809829e-10
0.04485869935308138,0.1495395055744062,7.335747980442285e-10
0.04485869935308138,0.14966068831798351,7.33566406542748e-10
0.04519918283963228,0.14966068831798351,6.012654849180051e-10
0.04519918283963228,0.14978187106156082,5.131130364504491e-10
0.04553966632618318,0.14978187106156082,4.453685923278478e-10
0.04553966632618318,0.14990305380513816,4.2666110353854816e-10
0.045624787197820905,0.14990305380513816,4.103907222827721e-10
0.045624787197820905,0.15002423654871547,3.9335964239001717e-10
0.047327204630575416,0.15002423654871547,2.637413040929555e-10
0.047327204630575416,0.15014541929229278,2.6373994293152055e-10
0.047497446373850866,0.15014541929229278,2.637370350134544e-10
0.047497446373850866,0.15026660203587008,2.637327911976982e-10
0.04817841334695267,0.15026660203587008,2.6372175182163817e-10
0.04817841334695267,0.15038778477944742,2.637208498650516e-10
0.04851889683350358,0.15038778477944742,2.6371245746772595e-10
0.04851889683350358,0.15050896752302473,2.6371067166216965e-10
0.049029622063329927,0.15050896752302473,2.637046340265191e-10
0.049029622063329927,0.15063015026660204,2.6370377588694073e-10
0.049114742934967655,0.15063015026660204,2.6369880881209756e-10
0.049114742934967655,0.15075133301017934,2.6369379611299493e-10
0.049199863806605376,0.15075133301017934,2.6369346361602186e-10
0.049199863806605376,0.15087251575375665,2.6369202879539806e-10
0.049284984678243104,0.15087251575375665,2.6369200456191283e-10
0.049284984678243104,0.1511148812409113,2.6369138797363367e-10
0.049455226421518554,0.1511148812409113,2.6368700206780706e-10
0.049455226421518554,0.1512360639844886,2.6368334435898256e-10
0.05030643513789581,0.1512360639844886,2.6366415006972753e-10
0.05030643513789581,0.15159961221522056,2.6366167187745726e-10
0.05056179775280899,0.15159961221522056,2.636540975915503e-10
0.05056179775280899,0.15196316044595248,2.636507789576876e-10
0.05175348995573715,0.15196316044595248,2.636053266319689e-10
0.05175348995573715,0.15208434318952982,2.6360277902874275e-10
0.05183861082737487,0.15208434318952982,2.6359732151825533e-10
0.05183861082737487,0.15220552593310713,2.635943854173373e-10
0.05209397344228805,0.15220552593310713,2.635742443294711e-10
0.05209397344228805,0.15232670867668444,2.635738810119787e-10
0.0522642151855635,0.15232670867668444,2.63569204473486e-10
0.0522642151855635,0.15244789142026174,2.6356803322368204e-10
0.052689819543752126,0.15244789142026174,2.635544255115421e-10
0.052689819543752126,0.1526902569074164,2.635394672605964e-10
0.052774940415389854,0.1526902569074164,2.635378596397756e-10
0.052774940415389854,0.1528114396509937,2.635374380797625e-10
0.05286006128702758,0.1528114396509937,2.6353528951017255e-10
0.05286006128702758,0.15317498788172565,2.635326853936774e-10
0.052945182158665303,0.15317498788172565,2.6353190880866134e-10
0.052945182158665303,0.15329617062530296,2.635308559322476e-10
0.05328566564521621,0.15329617062530296,2.6352294571976793e-10
0.05328566564521621,0.15353853611245757,2.6351727114450175e-10
0.05354102826012938,0.15353853611245757,2.6350446066951346e-10
0.05354102826012938,0.1536597188560349,2.6349703280191936e-10
0.05371127000340484,0.1536597188560349,2.6349040870598745e-10
0.05371127000340484,0.15378090159961222,2.6349003665420503e-10
0.054392236976506636,0.15378090159961222,2.6344499852954896e-10
0.054392236976506636,0.15414444983034417,2.634316511206165e-10
0.05456247871978209,0.15414444983034417,2.634253828389943e-10
0.05456247871978209,0.15426563257392148,2.6342403715394573e-10
0.054647599591419814,0.15426563257392148,2.63409056143516e-10
0.054647599591419814,0.1543868153174988,2.6340746518636545e-10
0.05481784133469527,0.1543868153174988,2.634021865106511e-10
0.05481784133469527,0.1545079980610761,2.634005436326524e-10
0.05490296220633299,0.1545079980610761,2.6339823085422137e-10
0.05490296220633299,0.15475036354823074,2.63397160199245e-10
0.05498808307797072,0.15475036354823074,2.6339474817425173e-10
0.05498808307797072,0.15487154629180805,2.6338922904518805e-10
0.05515832482124617,0.15487154629180805,2.6337916907982924e-10
0.05515832482124617,0.15499272903538536,2.6337675192941896e-10
0.05549880830779707,0.15499272903538536,2.633562107038426e-10
0.05549880830779707,0.15511391177896267,2.633544541626324e-10
0.0559244126659857,0.15511391177896267,2.633312517453849e-10
0.0559244126659857,0.1553562772661173,2.6332314027790064e-10
0.05643513789581205,0.1553562772661173,2.632912480636205e-10
0.05643513789581205,0.15547746000969462,2.632896920736726e-10
0.05694586312563841,0.15547746000969462,2.6327756197279426e-10
0.05694586312563841,0.15559864275327193,2.6327667641518905e-10
0.05711610486891386,0.15559864275327193,2.632707125320985e-10
0.05711610486891386,0.15571982549684926,2.632702105006052e-10
0.05745658835546476,0.15571982549684926,2.6325975516382144e-10
0.05745658835546476,0.15584100824042657,2.6325109872006403e-10
0.057541709227102486,0.15584100824042657,2.6325085099921795e-10
0.057541709227102486,0.1562045564711585,2.6324785862918603e-10
0.057967313585291114,0.1562045564711585,2.632195691293948e-10
0.057967313585291114,0.15632573921473583,2.632092310598622e-10
0.05805243445692884,0.15632573921473583,2.63207123528675e-10
0.05805243445692884,0.15644692195831314,2.631980024974922e-10
0.059839972761321074,0.15644692195831314,2.6310181650801547e-10
0.059839972761321074,0.15668928744546776,2.630911577837926e-10
0.06018045624787198,0.15668928744546776,2.630782543388428e-10
0.06018045624787198,0.1568104701890451,2.630712563034156e-10
0.06035069799114743,0.1568104701890451,2.6306508330362015e-10
0.06035069799114743,0.1569316529326224,2.630650420905744e-10
0.06052093973442288,0.1569316529326224,2.630530328152917e-10
0.06052093973442288,0.1570528356761997,2.6303732029308737e-10
0.06069118147769833,0.1570528356761997,2.6301221322461946e-10
0.06069118147769833,0.15741638390693166,2.629631995275568e-10
0.060861423220973786,0.15741638390693166,2.629564763427403e-10
0.060861423220973786,0.15765874939408628,2.629530638452331e-10
0.061201906707524685,0.15765874939408628,2.629193836861007e-10
0.061201906707524685,0.1577799321376636,2.6291754302933637e-10
0.06145726932243786,0.1577799321376636,2.6289367648604676e-10
0.06145726932243786,0.15790111488124092,2.6288790727462326e-10
0.061542390194075584,0.15790111488124092,2.6288738108377434e-10
0.061542390194075584,0.15802229762481823,2.628831310153336e-10
0.06162751106571331,0.15802229762481823,2.6286887855822116e-10
0.06162751106571331,0.15814348036839554,2.6286737279522833e-10
0.06205311542390194,0.15814348036839554,2.628429167696323e-10
0.06205311542390194,0.15826466311197285,2.628324903145049e-10
0.06239359891045284,0.15826466311197285,2.6280925062910044e-10
0.06239359891045284,0.15838584585555016,2.628063204681683e-10
0.06256384065372829,0.15838584585555016,2.628017594288508e-10
0.06256384065372829,0.1585070285991275,2.6278926473086677e-10
0.06307456588355465,0.1585070285991275,2.6271257719623666e-10
0.06307456588355465,0.1586282113427048,2.6269609009727896e-10
0.06315968675519237,0.1586282113427048,2.626902256157531e-10
0.06315968675519237,0.1587493940862821,2.6268784242142803e-10
0.06350017024174327,0.1587493940862821,2.626526017161898e-10
0.06350017024174327,0.15887057682985942,2.626508542337509e-10
0.063585291113381,0.15887057682985942,2.626452987048432e-10
0.063585291113381,0.15923412506059137,2.6260566556343253e-10
0.06375553285665646,0.15923412506059137,2.625747065180921e-10
0.06375553285665646,0.159476490547746,2.6252148044021065e-10
0.06384065372829417,0.159476490547746,2.625156644001575e-10
0.06384065372829417,0.15971885603490063,2.625057613101223e-10
0.06401089547156963,0.15971885603490063,2.625026249151241e-10
0.06401089547156963,0.15984003877847794,2.624962621011043e-10
0.06435137895812053,0.15984003877847794,2.624722517712966e-10
0.06435137895812053,0.15996122152205525,2.6247153217597803e-10
0.06511746680286006,0.15996122152205525,2.623979134879365e-10
0.06511746680286006,0.16008240426563258,2.623969260443778e-10
0.06537282941777324,0.16008240426563258,2.623669633014863e-10
0.06537282941777324,0.1602035870092099,2.623649915226848e-10
0.06571331290432414,0.1602035870092099,2.6231259001772235e-10
0.06571331290432414,0.1603247697527872,2.623101259772585e-10
0.06647940074906367,0.1603247697527872,2.6219635772475313e-10
0.06647940074906367,0.16056713523994184,2.6217799413745553e-10
0.06699012597889002,0.16056713523994184,2.6213341584167066e-10
0.06699012597889002,0.16080950072709646,2.62111086869833e-10
0.06767109295199183,0.16080950072709646,2.6204074341918213e-10
0.06767109295199183,0.16093068347067377,2.620324624808069e-10
0.06784133469526728,0.16093068347067377,2.6202002306397344e-10
0.06784133469526728,0.1611730489578284,2.620119348284604e-10
0.067926455566905,0.1611730489578284,2.620055297088247e-10
0.067926455566905,0.16141541444498303,2.619641765483295e-10
0.06809669731018046,0.16141541444498303,2.619488002195803e-10
0.06809669731018046,0.16153659718856034,2.619424117399403e-10
0.06818181818181818,0.16153659718856034,2.6193759425157553e-10
0.06818181818181818,0.16177896267571498,2.6192411841695597e-10
0.06852230166836909,0.16177896267571498,2.6188998420006744e-10
0.06852230166836909,0.1619001454192923,2.618888027682781e-10
0.06894790602655772,0.1619001454192923,2.6183713672324795e-10
0.06894790602655772,0.1620213281628696,2.618173885885973e-10
0.06928838951310862,0.1620213281628696,2.61756636270342e-10
0.06928838951310862,0.16214251090644693,2.617454070030777e-10
0.06988423561457269,0.16214251090644693,2.6167292200868323e-10
0.06988423561457269,0.16226369365002424,2.616712608623132e-10
0.07013959822948587,0.16226369365002424,2.6164957548340796e-10
0.07013959822948587,0.16262724188075617,2.616412203724982e-10
0.07039496084439904,0.16262724188075617,2.616177806784377e-10
0.07039496084439904,0.1627484246243335,2.6161740526902146e-10
0.0705652025876745,0.1627484246243335,2.616078519723485e-10
0.0705652025876745,0.16299079011148812,2.615937103123526e-10
0.07065032345931223,0.16299079011148812,2.6159132917007687e-10
0.07065032345931223,0.16323315559864277,2.6157392560271835e-10
0.07073544433094994,0.16323315559864277,2.6157292949451735e-10
0.07073544433094994,0.1635967038293747,2.6154431708016573e-10
0.07116104868913857,0.1635967038293747,2.6152327417355786e-10
0.07116104868913857,0.163717886572952,2.6150991517258466e-10
0.07133129043241403,0.163717886572952,2.6149694481079744e-10
0.07133129043241403,0.16383906931652933,2.61489999994464e-10
0.07150153217568948,0.16383906931652933,2.6142459225677204e-10
0.07150153217568948,0.16396025206010664,2.614235378805864e-10
0.07167177391896493,0.16396025206010664,2.6137118621411404e-10
0.07167177391896493,0.16408143480368395,2.6134079389226513e-10
0.07269322437861764,0.16408143480368395,2.612108545642303e-10
0.07269322437861764,0.16420261754726126,2.6120380352293096e-10
0.07277834525025537,0.16420261754726126,2.6118670073571867e-10
0.07277834525025537,0.1643238002908386,2.6118012326358614e-10
0.0728634661218931,0.1643238002908386,2.611491711160414e-10
0.0728634661218931,0.1644449830344159,2.6113221011902424e-10
0.073203949608444,0.1644449830344159,2.6102804279171733e-10
0.073203949608444,0.1645661657779932,2.6102529708508617e-10
0.07362955396663262,0.1645661657779932,2.609780018862308e-10
0.07362955396663262,0.16468734852157052,2.6096574203556103e-10
0.07379979570990806,0.16468734852157052,2.6090586121832764e-10
0.07379979570990806,0.16480853126514786,2.608870155843581e-10
0.07414027919645898,0.16480853126514786,2.608531002883814e-10
0.07414027919645898,0.16492971400872516,2.6083000085790987e-10
0.07448076268300988,0.16492971400872516,2.607999763728286e-10
0.07448076268300988,0.16517207949587978,2.60788844940817e-10
0.07516172965611168,0.16517207949587978,2.606602435801516e-10
0.07516172965611168,0.1652932622394571,2.6065700116256966e-10
0.07584269662921349,0.1652932622394571,2.6060705580759856e-10
0.07584269662921349,0.16553562772661173,2.605972118352237e-10
0.07601293837248893,0.16553562772661173,2.6054696124026675e-10
0.07601293837248893,0.16565681047018904,2.605255707189507e-10
0.07626830098740212,0.16565681047018904,2.604879852647915e-10
0.07626830098740212,0.16577799321376635,2.604800964911457e-10
0.07635342185903983,0.16577799321376635,2.6045183370584e-10
0.07635342185903983,0.1658991759573437,2.6044382068527275e-10
0.07643854273067756,0.1658991759573437,2.6041603549853647e-10
0.07643854273067756,0.166020358700921,2.6040583712478007e-10
0.07652366360231529,0.166020358700921,2.603887967760789e-10
0.07652366360231529,0.1661415414444983,2.6034045871486194e-10
0.07669390534559074,0.1661415414444983,2.602710691468684e-10
0.07669390534559074,0.1662627241880756,2.60253960763131e-10
0.07694926796050391,0.1662627241880756,2.6023685229300634e-10
0.07694926796050391,0.16638390693165292,2.6023023162432457e-10
0.077545114061968,0.16638390693165292,2.60097708586485e-10
0.077545114061968,0.16650508967523026,2.600738596276809e-10
0.07771535580524344,0.16650508967523026,2.600655839224421e-10
0.07771535580524344,0.16662627241880756,2.600597159630372e-10
0.07780047667688117,0.16662627241880756,2.600495602722092e-10
0.07780047667688117,0.16723218613669413,2.5992391579478154e-10
0.0778855975485189,0.16723218613669413,2.5992272459651423e-10
0.0778855975485189,0.16735336888027144,2.599145819834286e-10
0.07839632277834525,0.16735336888027144,2.5985824582503657e-10
0.07839632277834525,0.16759573436742609,2.598476575084753e-10
0.0785665645216207,0.16759573436742609,2.5977457298187543e-10
0.0785665645216207,0.167959282598158,2.597611788602193e-10
0.07865168539325842,0.167959282598158,2.5975304631500363e-10
0.07865168539325842,0.16808046534173535,2.597195033504398e-10
0.07899216887980932,0.16808046534173535,2.5967654686963445e-10
0.07899216887980932,0.16820164808531265,2.596691352304749e-10
0.07907728975144705,0.16820164808531265,2.596676972378616e-10
0.07907728975144705,0.16844401357246727,2.595617161126253e-10
0.07916241062308478,0.16844401357246727,2.5955723013125603e-10
0.07916241062308478,0.1685651963160446,2.595533114818679e-10
0.07933265236636024,0.1685651963160446,2.5938232911866064e-10
0.07933265236636024,0.16929229277750849,2.5931593910527016e-10
0.07950289410963568,0.16929229277750849,2.5928216309505975e-10
0.07950289410963568,0.1694134755210858,2.5927320392389467e-10
0.07992849846782431,0.1694134755210858,2.5919008288259845e-10
0.07992849846782431,0.1695346582646631,2.591805899364138e-10
0.08035410282601294,0.1695346582646631,2.5914120687570415e-10
0.08035410282601294,0.16965584100824044,2.5910131571334146e-10
0.08052434456928839,0.16965584100824044,2.590929432330201e-10
0.08052434456928839,0.16977702375181775,2.5908154318751044e-10
0.08060946544092612,0.16977702375181775,2.5907608601121515e-10
0.08060946544092612,0.16989820649539505,2.5905328778513625e-10
0.08086482805583929,0.16989820649539505,2.5902754209530633e-10
0.08086482805583929,0.1701405719825497,2.5899935663673236e-10
0.08112019067075246,0.1701405719825497,2.5895350587666397e-10
0.08112019067075246,0.170261754726127,2.589516852172574e-10
0.08146067415730338,0.170261754726127,2.5885636735410915e-10
0.08146067415730338,0.17038293746970432,2.5882817612849497e-10
0.08163091590057882,0.17038293746970432,2.5878310022994144e-10
0.08163091590057882,0.17050412021328162,2.5875870190338865e-10
0.08180115764385427,0.17050412021328162,2.5874171187977166e-10
0.08180115764385427,0.17062530295685893,2.5873287065811245e-10
0.08197139938712972,0.17062530295685893,2.5870958663214097e-10
0.08197139938712972,0.17074648570043627,2.5869920272805655e-10
0.08214164113040517,0.17074648570043627,2.5866520742062695e-10
0.08214164113040517,0.17098885118759088,2.5864379176592047e-10
0.0822267620020429,0.17098885118759088,2.5863609247135914e-10
0.0822267620020429,0.17123121667474553,2.5859302602679224e-10
0.08248212461695607,0.17123121667474553,2.585601542807873e-10
0.08248212461695607,0.17207949587978671,2.5842771549671866e-10
0.0829077289751447,0.17207949587978671,2.583968050906998e-10
0.0829077289751447,0.17232186136694136,2.5832280573142337e-10
0.08324821246169561,0.17232186136694136,2.5830120965774036e-10
0.08324821246169561,0.17244304411051867,2.582874798839977e-10
0.08367381681988424,0.17244304411051867,2.582530977382944e-10
0.08367381681988424,0.17256422685409598,2.582467961049523e-10
0.08375893769152196,0.17256422685409598,2.5824427537597333e-10
0.08375893769152196,0.17268540959767328,2.582385149606789e-10
0.08418454204971058,0.17268540959767328,2.5811028921447553e-10
0.08418454204971058,0.1728065923412506,2.580946970743599e-10
0.08426966292134831,0.1728065923412506,2.5809427439688034e-10
0.08426966292134831,0.17292777508482793,2.580836074653772e-10
0.08443990466462377,0.17292777508482793,2.5805055174614376e-10
0.08443990466462377,0.17304895782840524,2.58046835384693e-10
0.0845250255362615,0.17304895782840524,2.580344799557913e-10
0.0845250255362615,0.17317014057198254,2.580271201875444e-10
0.08461014640789921,0.17317014057198254,2.580134545877272e-10
0.08461014640789921,0.17329132331555985,2.5800669405068165e-10
0.08529111338100102,0.17329132331555985,2.5789411486177926e-10
0.08529111338100102,0.1734125060591372,2.578583969472838e-10
0.08537623425263875,0.1734125060591372,2.5784584197679646e-10
0.08537623425263875,0.17377605428986911,2.577829858987232e-10
0.08563159686755192,0.17377605428986911,2.5773609805975614e-10
0.08563159686755192,0.17389723703344645,2.5773507610078586e-10
0.0858869594824651,0.17389723703344645,2.5770714936304265e-10
0.0858869594824651,0.17401841977702376,2.576922311800212e-10
0.08622744296901601,0.17401841977702376,2.575901532328493e-10
0.08622744296901601,0.17413960252060107,2.575787789806048e-10
0.08639768471229145,0.17413960252060107,2.575605810199494e-10
0.08639768471229145,0.17426078526417837,2.5751473197655185e-10
0.08682328907048008,0.17426078526417837,2.574620639630763e-10
0.08682328907048008,0.17462433349491033,2.5744386545506684e-10
0.08716377255703098,0.17462433349491033,2.5739322328507294e-10
0.08716377255703098,0.17486669898206494,2.5735947298531204e-10
0.0872488934286687,0.17486669898206494,2.573422595038925e-10
0.0872488934286687,0.1751090644692196,2.572635022268301e-10
0.0875893769152196,0.1751090644692196,2.5721602799625347e-10
0.0875893769152196,0.1752302472127969,2.571884151322511e-10
0.08801498127340825,0.1752302472127969,2.5711174580772664e-10
0.08801498127340825,0.1754726126999515,2.570344062005246e-10
0.08835546475995915,0.1754726126999515,2.5693939582533666e-10
0.08835546475995915,0.17559379544352885,2.569302432873391e-10
0.08869594824651005,0.17559379544352885,2.56851341651142e-10
0.08869594824651005,0.17571497818710616,2.5678562645372123e-10
0.08895131086142322,0.17571497818710616,2.5674344807451466e-10
0.08895131086142322,0.17619970916141542,2.566225569361191e-10
0.08903643173306094,0.17619970916141542,2.5661362112817334e-10
0.08903643173306094,0.17632089190499273,2.5660731770351197e-10
0.08929179434797413,0.17632089190499273,2.565322762357251e-10
0.08929179434797413,0.17644207464857004,2.565307916926871e-10
0.08980251957780047,0.17644207464857004,2.5646539525621455e-10
0.08980251957780047,0.17656325739214737,2.564546871332335e-10
0.0898876404494382,0.17656325739214737,2.564528748960072e-10
0.0898876404494382,0.17668444013572468,2.5641981805318944e-10
0.09005788219271366,0.17668444013572468,2.5640646340566284e-10
0.09005788219271366,0.176805622879302,2.563713260247628e-10
0.09031324480762683,0.176805622879302,2.563143661782767e-10
0.09031324480762683,0.1769268056228793,2.563136837289573e-10
0.09039836567926456,0.1769268056228793,2.563070152580349e-10
0.09039836567926456,0.1770479883664566,2.56304798765872e-10
0.09048348655090228,0.1770479883664566,2.563043061590641e-10
0.09048348655090228,0.17716917111003394,2.5628374090126067e-10
0.09099421178072864,0.17716917111003394,2.5622408951635674e-10
0.09099421178072864,0.1776539020843432,2.561871751594611e-10
0.09116445352400408,0.1776539020843432,2.561200064922717e-10
0.09116445352400408,0.1777750848279205,2.5610141883311016e-10
0.09133469526727954,0.1777750848279205,2.5608269649889043e-10
0.09133469526727954,0.17801745031507513,2.5604582902584417e-10
0.09193054136874361,0.17801745031507513,2.558900640726528e-10
0.09193054136874361,0.17813863305865243,2.558340401725917e-10
0.0921859039836568,0.17813863305865243,2.557776128827859e-10
0.0921859039836568,0.17825981580222977,2.5576216183325383e-10
0.09235614572693224,0.17825981580222977,2.557168357508238e-10
0.09235614572693224,0.1785021812893844,2.5563223588350236e-10
0.09261150834184542,0.1785021812893844,2.555804448251713e-10
0.09261150834184542,0.1786233640329617,2.555348028195975e-10
0.09303711270003405,0.1786233640329617,2.553717204239149e-10
0.09303711270003405,0.17886572952011634,2.5531309190261274e-10
0.09346271705822268,0.17886572952011634,2.5517905513039217e-10
0.09346271705822268,0.17898691226369365,2.551682720870476e-10
0.09363295880149813,0.17898691226369365,2.551298162325486e-10
0.09363295880149813,0.1792292777508483,2.551279111968881e-10
0.0942288049029622,0.1792292777508483,2.55074536658569e-10
0.0942288049029622,0.1793504604944256,2.5504323372570047e-10
0.09448416751787539,0.1793504604944256,2.5494687748142667e-10
0.09448416751787539,0.1794716432380029,2.5493709991074613e-10
0.09525025536261492,0.1794716432380029,2.547871592866425e-10
0.09525025536261492,0.17983519146873486,2.5467720046661137e-10
0.09593122233571671,0.17983519146873486,2.544950889053595e-10
0.09593122233571671,0.18007755695588948,2.543941269982924e-10
0.09601634320735444,0.18007755695588948,2.5439297753334537e-10
0.09601634320735444,0.18031992244304412,2.543396588453581e-10
0.0961865849506299,0.18031992244304412,2.54314110561856e-10
0.0961865849506299,0.18044110518662143,2.542570161886996e-10
0.0965270684371808,0.18044110518662143,2.541994159005216e-10
0.0965270684371808,0.18056228793019874,2.541975214175639e-10
0.09661218930881853,0.18056228793019874,2.54162869257889e-10
0.09661218930881853,0.18080465341735336,2.540899306573746e-10
0.09678243105209397,0.18080465341735336,2.540106856467514e-10
0.09678243105209397,0.1811682016480853,2.5394081462895254e-10
0.0968675519237317,0.1811682016480853,2.539114728029266e-10
0.0968675519237317,0.18128938439166262,2.538873316663162e-10
0.09695267279536943,0.18128938439166262,2.5382852788383915e-10
0.09695267279536943,0.18141056713523995,2.5378392131490834e-10
0.09729315628192033,0.18141056713523995,2.536948784842677e-10
0.09729315628192033,0.18153174987881726,2.5368542823909527e-10
0.09746339802519578,0.18153174987881726,2.536818260088802e-10
0.09746339802519578,0.18165293262239457,2.5366090055647424e-10
0.09780388151174668,0.18165293262239457,2.5354522873884546e-10
0.09780388151174668,0.1818952981095492,2.535254552808808e-10
0.09797412325502212,0.1818952981095492,2.5348529109442864e-10
0.09797412325502212,0.18213766359670383,2.5340187079821087e-10
0.09848484848484848,0.18213766359670383,2.5320473427263244e-10
0.09848484848484848,0.18238002908385845,2.531810722629073e-10
0.09874021109976167,0.18238002908385845,2.530475156819643e-10
0.09874021109976167,0.18250121182743578,2.5299634027751655e-10
0.0988253319713994,0.18250121182743578,2.529836456723683e-10
0.0988253319713994,0.1827435773145904,2.529450120719029e-10
0.09891045284303711,0.1827435773145904,2.529434369636121e-10
0.09891045284303711,0.18310712554532235,2.5288334141988333e-10
0.09959141981613892,0.18310712554532235,2.527137367362721e-10
0.09959141981613892,0.18322830828889966,2.526406356169173e-10
0.10001702417432755,0.18322830828889966,2.524649883839472e-10
0.10001702417432755,0.18334949103247697,2.524451824567539e-10
0.10010214504596528,0.18334949103247697,2.524266383262215e-10
0.10010214504596528,0.18347067377605428,2.5240041513460314e-10
0.10078311201906708,0.18347067377605428,2.522655844050129e-10
0.10078311201906708,0.1835918565196316,2.5221041036938233e-10
0.10163432073544433,0.1835918565196316,2.5198089148886557e-10
0.10163432073544433,0.18371303926320892,2.519688945118104e-10
0.10231528770854613,0.18371303926320892,2.518345389604067e-10
0.10231528770854613,0.18395540475036354,2.5181976971482186e-10
0.10240040858018386,0.18395540475036354,2.5181349200037405e-10
0.10240040858018386,0.18407658749394087,2.5180213910175487e-10
0.10257065032345931,0.18407658749394087,2.5171274121015873e-10
0.10257065032345931,0.18419777023751818,2.5169322020664927e-10
0.10316649642492338,0.18419777023751818,2.515438186746855e-10
0.10316649642492338,0.1843189529810955,2.515237881258516e-10
0.10325161729656111,0.1843189529810955,2.5150560116068716e-10
0.10325161729656111,0.1844401357246728,2.514834505142556e-10
0.10342185903983657,0.1844401357246728,2.5141686731248906e-10
0.10342185903983657,0.18468250121182744,2.5138908729627825e-10
0.1035069799114743,0.18468250121182744,2.513701727537538e-10
0.1035069799114743,0.18480368395540475,2.513692319077411e-10
0.10376234252638747,0.18480368395540475,2.5131018307546456e-10
0.10376234252638747,0.18492486669898206,2.512782940632308e-10
0.10410282601293837,0.18492486669898206,2.511522552486588e-10
0.10410282601293837,0.18504604944255937,2.511496297077857e-10
0.1041879468845761,0.18504604944255937,2.5113647929252174e-10
0.1041879468845761,0.1851672321861367,2.511292347524742e-10
0.10427306775621382,0.1851672321861367,2.511205450079026e-10
0.10427306775621382,0.18540959767329132,2.510964444270243e-10
0.10478379298604018,0.18540959767329132,2.5098804435079997e-10
0.10478379298604018,0.18553078041686863,2.509678442384886e-10
0.10495403472931562,0.18553078041686863,2.509514704122675e-10
0.10495403472931562,0.18565196316044597,2.508836982412338e-10
0.10520939734422881,0.18565196316044597,2.5072820426495396e-10
0.10520939734422881,0.18577314590402327,2.5069335472059544e-10
0.10529451821586654,0.18577314590402327,2.506464182668504e-10
0.10529451821586654,0.18589432864760058,2.5064593845710086e-10
0.10640108954715696,0.18589432864760058,2.503967247896913e-10
0.10640108954715696,0.18650024236548715,2.5032415868642565e-10
0.10648621041879469,0.18650024236548715,2.5031776053996036e-10
0.10648621041879469,0.1868637905962191,2.501535702701186e-10
0.10665645216207013,0.1868637905962191,2.5013592897797264e-10
0.10665645216207013,0.1869849733397964,2.500904114483832e-10
0.10699693564862105,0.1869849733397964,2.500313795580883e-10
0.10699693564862105,0.18710615608337372,2.4999747092355865e-10
0.10708205652025876,0.18710615608337372,2.499641221640661e-10
0.10708205652025876,0.18722733882695103,2.499590930178159e-10
0.10733741913517195,0.18722733882695103,2.498834377805498e-10
0.10733741913517195,0.18734852157052836,2.4986185731571016e-10
0.10759278175008512,0.18734852157052836,2.4977618760856354e-10
0.10759278175008512,0.18746970431410567,2.497163545155209e-10
0.10844399046646237,0.18746970431410567,2.494999970194886e-10
0.10844399046646237,0.1877120698012603,2.494617439988301e-10
0.10878447395301327,0.1877120698012603,2.4940837131667327e-10
0.10878447395301327,0.18795443528841493,2.4938126139429207e-10
0.10903983656792646,0.18795443528841493,2.4933740745127986e-10
0.10903983656792646,0.18807561803199224,2.4931770094248774e-10
0.10921007831120191,0.18807561803199224,2.492262521681585e-10
0.10921007831120191,0.1883179835191469,2.491743607728536e-10
0.10938032005447736,0.1883179835191469,2.491163221210459e-10
0.10938032005447736,0.1884391662627242,2.4910105123036144e-10
0.10946544092611508,0.1884391662627242,2.4909565373836327e-10
0.10946544092611508,0.1885603490063015,2.4907447512774986e-10
0.10963568266939054,0.1885603490063015,2.49027645590746e-10
0.10963568266939054,0.1886815317498788,2.489775252176902e-10
0.10972080354102826,0.1886815317498788,2.489771688345989e-10
0.10972080354102826,0.18880271449345612,2.4893786318380655e-10
0.11006128702757917,0.18880271449345612,2.488245071494857e-10
0.11006128702757917,0.18928744546776538,2.487598975648098e-10
0.11057201225740551,0.18928744546776538,2.486790755301805e-10
0.11057201225740551,0.18940862821134272,2.48643426886335e-10
0.11065713312904324,0.18940862821134272,2.4862830823287014e-10
0.11065713312904324,0.18952981095492002,2.4861990139307347e-10
0.11074225400068097,0.18952981095492002,2.485665666097804e-10
0.11074225400068097,0.18965099369849733,2.4852315533864405e-10
0.1111678583588696,0.18965099369849733,2.4832223744965796e-10
0.1111678583588696,0.18989335918565195,2.482993603992988e-10
0.1115083418454205,0.18989335918565195,2.4815798995029285e-10
0.1115083418454205,0.1902569074163839,2.481265262659177e-10
0.11159346271705822,0.1902569074163839,2.481252189215908e-10
0.11159346271705822,0.1903780901599612,2.480870133104296e-10
0.11210418794688458,0.1903780901599612,2.47860637315058e-10
0.11210418794688458,0.19062045564711586,2.4784282269121754e-10
0.1128702757916241,0.19062045564711586,2.476642409463471e-10
0.1128702757916241,0.19074163839069316,2.4766266982445966e-10
0.11312563840653728,0.19074163839069316,2.4756963531305657e-10
0.11312563840653728,0.19086282113427047,2.475418164279397e-10
0.113210759278175,0.19086282113427047,2.4752659911332083e-10
0.113210759278175,0.1909840038778478,2.4737700696829713e-10
0.11363636363636363,0.1909840038778478,2.4731312069494983e-10
0.11363636363636363,0.19110518662142512,2.4728846457965676e-10
0.11389172625127682,0.19110518662142512,2.47241460726056e-10
0.11389172625127682,0.19134755210857973,2.4720768018242044e-10
0.11423220973782772,0.19134755210857973,2.468316187904127e-10
0.11423220973782772,0.19146873485215704,2.4677488218859886e-10
0.11465781409601634,0.19146873485215704,2.4661758234027097e-10
0.11465781409601634,0.19158991759573438,2.465355148147424e-10
0.1151685393258427,0.19158991759573438,2.463347538431561e-10
0.1151685393258427,0.19171110033931169,2.462560520800465e-10
0.11533878106911814,0.19171110033931169,2.4618757252420247e-10
0.11533878106911814,0.191832283082889,2.4611388515759453e-10
0.11567926455566906,0.191832283082889,2.459167840538718e-10
0.11567926455566906,0.1919534658264663,2.458664827506594e-10
0.11610486891385768,0.1919534658264663,2.4572323699565273e-10
0.11610486891385768,0.19207464857004364,2.4570478903724177e-10
0.11636023152877085,0.19207464857004364,2.455870103796094e-10
0.11636023152877085,0.19231701405719825,2.45551727418187e-10
0.11644535240040858,0.19231701405719825,2.45511569828177e-10
0.11644535240040858,0.19243819680077556,2.454853276965127e-10
0.11661559414368403,0.19243819680077556,2.454367767176872e-10
0.11661559414368403,0.19255937954435287,2.4542984146307727e-10
0.11712631937351038,0.19255937954435287,2.4514956790319943e-10
0.11712631937351038,0.1926805622879302,2.451385382065757e-10
0.11721144024514811,0.1926805622879302,2.450960593053477e-10
0.11721144024514811,0.19316529326223947,2.4483833394295947e-10
0.11755192373169901,0.19316529326223947,2.446840803789422e-10
0.11755192373169901,0.19328647600581678,2.445870871233767e-10
0.1181477698331631,0.19328647600581678,2.4431338693301536e-10
0.1181477698331631,0.19340765874939408,2.443089836658828e-10
0.11823289070480082,0.19340765874939408,2.441851199081374e-10
0.11823289070480082,0.1935288414929714,2.441376908262647e-10
0.11831801157643854,0.1935288414929714,2.4413518509661837e-10
0.11831801157643854,0.19365002423654873,2.441091525940894e-10
0.11933946203609125,0.19365002423654873,2.43250291293761e-10
0.11933946203609125,0.19377120698012604,2.432454708273674e-10
0.11976506639427988,0.19377120698012604,2.430757371506524e-10
0.11976506639427988,0.19389238972370335,2.4300329306936865e-10
0.12112700034048349,0.19389238972370335,2.4212371830614634e-10
0.12112700034048349,0.19401357246728065,2.4199401670219285e-10
0.12129724208375894,0.19401357246728065,2.418197388341177e-10
0.12129724208375894,0.19413475521085796,2.4175221684246924e-10
0.12172284644194757,0.19413475521085796,2.4139343558913455e-10
0.12172284644194757,0.19461948618516722,2.413266077749042e-10
0.12189308818522301,0.19461948618516722,2.412701284990547e-10
0.12189308818522301,0.19474066892874456,2.4126908656634145e-10
0.12231869254341164,0.19474066892874456,2.4112217032511185e-10
0.12231869254341164,0.19486185167232187,2.410317764831524e-10
0.12240381341504937,0.19486185167232187,2.4102929993598033e-10
0.12240381341504937,0.19498303441589918,2.410252317833209e-10
0.12274429690160027,0.19498303441589918,2.407258096700023e-10
0.12274429690160027,0.19510421715947648,2.407242798529533e-10
0.12308478038815117,0.19510421715947648,2.402834610723966e-10
0.12308478038815117,0.1952253999030538,2.40220864578183e-10
0.1231699012597889,0.1952253999030538,2.402019557185582e-10
0.1231699012597889,0.19546776539020844,2.401190816449834e-10
0.12325502213142663,0.19546776539020844,2.3986387497241216e-10
0.12325502213142663,0.19558894813378574,2.3986147385213836e-10
0.12334014300306435,0.19558894813378574,2.39764304592475e-10
0.12334014300306435,0.19571013087736305,2.3974793355956725e-10
0.12342526387470208,0.19571013087736305,2.396901672907672e-10
0.12342526387470208,0.1958313136209404,2.396443314927926e-10
0.12368062648961525,0.1958313136209404,2.3952555830509904e-10
0.12368062648961525,0.1959524963645177,2.394442248119222e-10
0.12385086823289071,0.1959524963645177,2.385026037081032e-10
0.12385086823289071,0.19631604459524965,2.382910674345449e-10
0.12393598910452842,0.19631604459524965,2.3750789109819476e-10
0.12393598910452842,0.19643722733882696,2.363277957108306e-10
0.12402110997616615,0.19643722733882696,2.3630992469750373e-10
0.12402110997616615,0.19667959282598158,2.35844751805915e-10
0.12436159346271705,0.19667959282598158,2.339014152946781e-10
0.12436159346271705,0.19680077556955888,2.3374408744981177e-10
0.12444671433435478,0.19680077556955888,2.337188082683445e-10
0.12444671433435478,0.19692195831313622,2.3366731642131065e-10
0.12461695607763024,0.19692195831313622,2.3148694898663711e-10
0.12461695607763024,0.19704314105671353,2.3110686587089484e-10
0.12487231869254341,0.19704314105671353,2.3027461801959812e-10
0.12487231869254341,0.19716432380029084,2.2849511067825403e-10
0.12495743956418114,0.19716432380029084,2.2841983728980994e-10
0.12495743956418114,0.19728550654386814,2.2840918820869246e-10
0.12504256043581885,0.19728550654386814,2.2827037746182864e-10
0.12504256043581885,0.1978914202617547,2.2256461319624283e-10
0.1252128021790943,0.1978914202617547,2.1852566167471775e-10
0.1252128021790943,0.19813378574890936,1.9744767517978738e-10
0.12555328566564522,0.19813378574890936,1.9698149260857959e-10
0.12555328566564522,0.19825496849248667,1.9677482004903082e-10
0.12572352740892068,0.19825496849248667,1.9496742968277849e-10
0.12572352740892068,0.19837615123606397,1.9496610881096906e-10
0.1258937691521961,0.19837615123606397,1.9329260691921785e-10
0.1258937691521961,0.1984973339796413,1.9297309796881622e-10
0.12597889002383383,0.1984973339796413,1.9234378099947565e-10
0.12597889002383383,0.19861851672321862,1.8969688396592852e-10
0.12665985699693566,0.19861851672321862,1.7045501004645387e-10
0.12665985699693566,0.19873969946679593,1.6642610646843825e-10
0.127170582226762,0.19873969946679593,1.541956671941007e-10
0.127170582226762,0.19910324769752788,1.4964809823082025e-10
0.12759618658495062,0.19910324769752788,1.4217662180232316e-10
0.12759618658495062,0.1993456131846825,1.366890772134402e-10
0.12776642832822607,0.1993456131846825,1.3668883746607165e-10
0.12776642832822607,0.19958797867183714,1.3668873641605211e-10
0.1278515491998638,0.19958797867183714,1.3668873085079054e-10
0.1278515491998638,0.19970916141541445,1.3668869294205117e-10
0.12793667007150153,0.19970916141541445,1.366886875680366e-10
0.12793667007150153,0.19983034415899176,1.366886793267468e-10
0.12810691181477699,0.19983034415899176,1.3668862626262185e-10
0.12810691181477699,0.19995152690256907,1.366886198008214e-10
0.12819203268641471,0.19995152690256907,1.3668860673323446e-10
0.12819203268641471,0.20031507513330102,1.366884915387832e-10
0.12836227442969017,0.20031507513330102,1.3668848741638913e-10
0.12836227442969017,0.20043625787687833,1.3668848608018047e-10
0.1285325161729656,0.20043625787687833,1.3668844720045979e-10
0.1285325161729656,0.20067862336403297,1.3668843636059512e-10
0.12861763704460333,0.20067862336403297,1.366884244966143e-10
0.12861763704460333,0.2009209888511876,1.366883932093709e-10
0.12878787878787878,0.2009209888511876,1.366883864667019e-10
0.12878787878787878,0.20128453708191954,1.366883574327092e-10
0.1288729996595165,0.20128453708191954,1.3668834890439252e-10
0.1288729996595165,0.2017692680562288,1.366883106326166e-10
0.1291283622744297,0.2017692680562288,1.36688297121163e-10
0.1291283622744297,0.20201163354338342,1.3668826862587533e-10
0.12946884576098058,0.20201163354338342,1.3668824624308745e-10
0.12946884576098058,0.20213281628696073,1.366882433521698e-10
0.1295539666326183,0.20213281628696073,1.3668824027036115e-10
0.1295539666326183,0.20225399903053806,1.3668823959123362e-10
0.13006469186244468,0.20225399903053806,1.3668818935504854e-10
0.13006469186244468,0.20237518177411537,1.3668816601252376e-10
0.1308307797071842,0.20237518177411537,1.3668804964397407e-10
0.1308307797071842,0.20249636451769268,1.3668804221420808e-10
0.13100102145045966,0.20249636451769268,1.3668802687792347e-10
0.13100102145045966,0.20261754726127,1.366880208979692e-10
0.13125638406537282,0.20261754726127,1.366880004272175e-10
0.13125638406537282,0.20298109549200194,1.3668797426620435e-10
0.13142662580864828,0.20298109549200194,1.366879455886926e-10
0.13142662580864828,0.20322346097915656,1.3668791249329519e-10
0.131511746680286,0.20322346097915656,1.3668788936568395e-10
0.131511746680286,0.20370819195346582,1.3668782699565326e-10
0.13159686755192374,0.20370819195346582,1.3668779038368992e-10
0.13159686755192374,0.20395055744062046,1.3668777952238414e-10
0.13168198842356146,0.20395055744062046,1.3668777833869775e-10
0.13168198842356146,0.2043141056713524,1.3668777686207626e-10
0.13185223016683692,0.2043141056713524,1.3668771796150752e-10
0.13185223016683692,0.20455647115850703,1.3668770090428047e-10
0.13193735103847462,0.20455647115850703,1.3668769409808288e-10
0.13193735103847462,0.20467765390208434,1.3668769120404763e-10
0.13210759278175008,0.20467765390208434,1.366876698413263e-10
0.13210759278175008,0.20479883664566165,1.366876625524648e-10
0.1321927136533878,0.20479883664566165,1.366876419426428e-10
0.1321927136533878,0.20492001938923898,1.366876389072023e-10
0.1328736806264896,0.20492001938923898,1.3668749843092378e-10
0.1328736806264896,0.2050412021328163,1.3668749768389785e-10
0.13295880149812733,0.2050412021328163,1.366874945722953e-10
0.13295880149812733,0.2052835676199709,1.3668744905708783e-10
0.13329928498467825,0.2052835676199709,1.366874156402039e-10
0.13329928498467825,0.20552593310712555,1.3668733196377006e-10
0.13363976847122916,0.20552593310712555,1.366872825192116e-10
0.13363976847122916,0.20576829859428017,1.36687250288622e-10
0.13389513108614232,0.20576829859428017,1.36687217407351e-10
0.13389513108614232,0.20588948133785748,1.3668718614780532e-10
0.13398025195778004,0.20588948133785748,1.3668715444281837e-10
0.13398025195778004,0.20649539505574407,1.3668702676214821e-10
0.13406537282941777,0.20649539505574407,1.3668698786657857e-10
0.13406537282941777,0.20661657779932138,1.3668698628067045e-10
0.13423561457269323,0.20661657779932138,1.3668695587005238e-10
0.13423561457269323,0.2069801260300533,1.3668689290645022e-10
0.13432073544433096,0.2069801260300533,1.3668683797045726e-10
0.13432073544433096,0.20710130877363064,1.366868248133001e-10
0.13440585631596869,0.20710130877363064,1.3668682239266477e-10
0.13440585631596869,0.20722249151720795,1.3668680523303157e-10
0.13500170241743276,0.20722249151720795,1.366866994938275e-10
0.13500170241743276,0.20734367426078526,1.3668669753054842e-10
0.1355124276472591,0.20734367426078526,1.3668657921834695e-10
0.1355124276472591,0.2075860397479399,1.3668655655107506e-10
0.13576779026217228,0.2075860397479399,1.366865138759536e-10
0.13576779026217228,0.20782840523509452,1.3668649801701935e-10
0.13593803200544774,0.20782840523509452,1.3668649030300065e-10
0.13593803200544774,0.20794958797867183,1.3668647877583549e-10
0.13602315287708547,0.20794958797867183,1.36686450619718e-10
0.13602315287708547,0.20831313620940378,1.3668632177659796e-10
0.13636363636363635,0.20831313620940378,1.3668622589057285e-10
0.13636363636363635,0.2084343189529811,1.3668622504567684e-10
0.1365338781069118,0.2084343189529811,1.3668620529535892e-10
0.1365338781069118,0.2085555016965584,1.3668617938582774e-10
0.13661899897854954,0.2085555016965584,1.3668615611469823e-10
0.13661899897854954,0.20867668444013573,1.3668613435793524e-10
0.13695948246510045,0.20867668444013573,1.366860922409658e-10
0.13695948246510045,0.2094037809015996,1.3668585006798392e-10
0.1374702076949268,0.2094037809015996,1.3668571583697377e-10
0.1374702076949268,0.20964614638875423,1.366856310374867e-10
0.1378106911814777,0.20964614638875423,1.3668556773851272e-10
0.1378106911814777,0.20976732913233156,1.36685542689652e-10
0.13789581205311544,0.20976732913233156,1.3668553627091895e-10
0.13789581205311544,0.20988851187590887,1.3668548151241964e-10
0.13806605379639086,0.20988851187590887,1.3668542610977085e-10
0.13806605379639086,0.21000969461948618,1.366854258556231e-10
0.1381511746680286,0.21000969461948618,1.3668540324084008e-10
0.1381511746680286,0.21037324285021813,1.3668534271274186e-10
0.13832141641130405,0.21037324285021813,1.3668530124689241e-10
0.13832141641130405,0.21049442559379544,1.366852430336881e-10
0.13840653728294178,0.21049442559379544,1.3668523533863406e-10
0.13840653728294178,0.21073679108095006,1.366852249040932e-10
0.13883214164113042,0.21073679108095006,1.3668516434439708e-10
0.13883214164113042,0.2108579738245274,1.366851456662131e-10
0.13900238338440585,0.2108579738245274,1.3668503794643903e-10
0.13900238338440585,0.2109791565681047,1.3668500591315655e-10
0.1394279877425945,0.2109791565681047,1.366849294078474e-10
0.1394279877425945,0.211100339311682,1.3668492123779675e-10
0.13951310861423222,0.211100339311682,1.366849053542932e-10
0.13951310861423222,0.21122152205525932,1.3668488458518984e-10
0.13959822948586995,0.21122152205525932,1.3668487717257645e-10
0.13959822948586995,0.21134270479883666,1.36684874719415e-10
0.13976847122914537,0.21134270479883666,1.3668486520669697e-10
0.13976847122914537,0.21146388754241396,1.3668486345844555e-10
0.1398535921007831,0.21146388754241396,1.3668486144048298e-10
0.1398535921007831,0.21158507028599127,1.3668485880709154e-10
0.14002383384405856,0.21158507028599127,1.3668485180607203e-10
0.14002383384405856,0.21170625302956858,1.366847705291873e-10
0.14036431733060947,0.21170625302956858,1.3668474288800418e-10
0.14036431733060947,0.21194861851672323,1.366847052703721e-10
0.14070480081716036,0.21194861851672323,1.3668461659343386e-10
0.14070480081716036,0.21206980126030053,1.3668459864713552e-10
0.14087504256043581,0.21206980126030053,1.3668456158032355e-10
0.14087504256043581,0.21219098400387784,1.3668452436260658e-10
0.14104528430371127,0.21219098400387784,1.366844769769603e-10
0.14104528430371127,0.2127968977217644,1.366843179329237e-10
0.141130405175349,0.2127968977217644,1.3668415999250614e-10
0.141130405175349,0.21291808046534175,1.3668399307566468e-10
0.14121552604698673,0.21291808046534175,1.3668394318688189e-10
0.14121552604698673,0.21316044595249636,1.3668390288654636e-10
0.14121552604698673,0.21328162869607367,1.366838951951962e-10
0.14147088866189989,0.21328162869607367,1.3668381962476525e-10
0.14147088866189989,0.21340281143965098,1.3668370137847393e-10
0.1415560095335376,0.21340281143965098,1.3668365293078406e-10
0.1415560095335376,0.21364517692680562,1.3668350394397262e-10
0.14172625127681307,0.21364517692680562,1.3668346737835883e-10
0.14172625127681307,0.21388754241396024,1.3668343752028241e-10
0.1418113721484508,0.21388754241396024,1.3668338145164428e-10
0.1418113721484508,0.21400872515753758,1.3668332479952256e-10
0.14223697650663944,0.21400872515753758,1.3668312115375119e-10
0.14223697650663944,0.2142510906446922,1.3668300536018774e-10
0.14232209737827714,0.2142510906446922,1.366829988329364e-10
0.14232209737827714,0.2143722733882695,1.3668296584283866e-10
0.1424923391215526,0.2143722733882695,1.366828704787623e-10
0.1424923391215526,0.21449345613184684,1.366828625632457e-10
0.14274770173646578,0.21449345613184684,1.366826116904144e-10
0.14274770173646578,0.21461463887542415,1.3668259807968598e-10
0.1428328226081035,0.21461463887542415,1.3668259252500195e-10
0.1428328226081035,0.21473582161900145,1.366825907829661e-10
0.14291794347974124,0.21473582161900145,1.3668258635696816e-10
0.14291794347974124,0.2150993698497334,1.3668236613767157e-10
0.1430881852230167,0.2150993698497334,1.3668232258069653e-10
0.1430881852230167,0.21522055259331072,1.366822669662577e-10
0.1431733060946544,0.21522055259331072,1.3668222382621124e-10
0.1431733060946544,0.21534173533688802,1.3668222190424272e-10
0.1437691521961185,0.21534173533688802,1.3668191542743812e-10
0.1437691521961185,0.21546291808046533,1.3668174155349636e-10
0.14393939393939395,0.21546291808046533,1.3668164889187e-10
0.14393939393939395,0.21582646631119728,1.3668156015259723e-10
0.14410963568266938,0.21582646631119728,1.3668146413364029e-10
0.14410963568266938,0.2159476490547746,1.3668145766071265e-10
0.1441947565543071,0.2159476490547746,1.366812876909157e-10
0.1441947565543071,0.21619001454192924,1.366812660502551e-10
0.14427987742594484,0.21619001454192924,1.3668123161495298e-10
0.14427987742594484,0.21631119728550655,1.3668122932204314e-10
0.14462036091249575,0.21631119728550655,1.366811001082768e-10
0.14462036091249575,0.21655356277266116,1.366810409275278e-10
0.1447906026557712,0.21655356277266116,1.366808608480509e-10
0.1447906026557712,0.2166747455162385,1.3668076948564804e-10
0.14504596527068436,0.2166747455162385,1.3668064057854322e-10
0.14504596527068436,0.21703829374697042,1.3668045407613278e-10
0.14530132788559755,0.21703829374697042,1.3668026344645245e-10
0.14530132788559755,0.21740184197770238,1.366801406698452e-10
0.14538644875723528,0.21740184197770238,1.366800937910342e-10
0.14538644875723528,0.21776539020843433,1.3667987062863858e-10
0.145471569628873,0.21776539020843433,1.3667978239233267e-10
0.145471569628873,0.21788657295201164,1.3667977430701718e-10
0.14564181137214846,0.21788657295201164,1.3667972741297573e-10
0.14564181137214846,0.2182501211827436,1.3667947770186227e-10
0.1458120531154239,0.2182501211827436,1.366793931916029e-10
0.1458120531154239,0.2183713039263209,1.3667938893888476e-10
0.14589717398706162,0.2183713039263209,1.3667936703808742e-10
0.14589717398706162,0.21861366941347551,1.3667916963277607e-10
0.14598229485869935,0.21861366941347551,1.3667915404400348e-10
0.14598229485869935,0.21885603490063016,1.3667909979765959e-10
0.14632277834525026,0.21885603490063016,1.366787473572935e-10
0.14632277834525026,0.21897721764420747,1.3667873364005033e-10
0.14649302008852572,0.21897721764420747,1.3667853110086022e-10
0.14649302008852572,0.21921958313136208,1.3667838718467298e-10
0.14691862444671433,0.21921958313136208,1.3667786952422837e-10
0.14691862444671433,0.21934076587493942,1.3667785346122809e-10
0.14717398706162751,0.21934076587493942,1.3667766273699124e-10
0.14717398706162751,0.219946679592826,1.3667737166352122e-10
0.1475144705481784,0.219946679592826,1.3667700382711386e-10
0.1475144705481784,0.2201890450799806,1.3667682651218336e-10
0.14768471229145386,0.2201890450799806,1.3667681804929562e-10
0.14768471229145386,0.22055259331071256,1.3667678575463053e-10
0.14802519577800477,0.22055259331071256,1.3667673505210338e-10
0.14802519577800477,0.22067377605428987,1.3667660567964306e-10
0.1481103166496425,0.22067377605428987,1.3667660463043084e-10
0.1481103166496425,0.22103732428502182,1.3667633183383086e-10
0.14819543752128023,0.22103732428502182,1.3667623743602834e-10
0.14819543752128023,0.22115850702859913,1.3667614343344886e-10
0.14836567926455566,0.22115850702859913,1.366757921833311e-10
0.14836567926455566,0.22127968977217644,1.3667577787200033e-10
0.14862104187946884,0.22127968977217644,1.366756510551085e-10
0.14862104187946884,0.22140087251575374,1.3667564812901066e-10
0.14870616275110657,0.22140087251575374,1.3667558840739653e-10
0.14870616275110657,0.2217644207464857,1.3667549034525103e-10
0.14887640449438203,0.2217644207464857,1.3667538396769065e-10
0.14887640449438203,0.22200678623364034,1.366753515202336e-10
0.1491317671092952,0.22200678623364034,1.3667519047203898e-10
0.1491317671092952,0.22237033446437227,1.3667504320481008e-10
0.14921688798093294,0.22237033446437227,1.3667498757492043e-10
0.14921688798093294,0.2226126999515269,1.3667493867662293e-10
0.1500680966973102,0.2226126999515269,1.3667424940639106e-10
0.1500680966973102,0.22321861366941348,1.3667400692394426e-10
0.1501532175689479,0.22321861366941348,1.366739973857097e-10
0.1501532175689479,0.2234609791565681,1.366736481186433e-10
0.15023833844058562,0.2234609791565681,1.3667364417869538e-10
0.15023833844058562,0.22358216190014543,1.3667358534366687e-10
0.15032345931222335,0.22358216190014543,1.3667348211420796e-10
0.15032345931222335,0.22382452738730005,1.366734455887198e-10
0.15040858018386108,0.22382452738730005,1.366734061227898e-10
0.15040858018386108,0.22394571013087736,1.366733081226527e-10
0.150749063670412,0.22394571013087736,1.3667312578910597e-10
0.150749063670412,0.22406689287445467,1.3667303182732692e-10
0.15091930541368745,0.22406689287445467,1.3667294918777627e-10
0.15091930541368745,0.224188075618032,1.3667294834805685e-10
0.15108954715696288,0.224188075618032,1.366729057751991e-10
0.15108954715696288,0.22467280659234126,1.3667258023743555e-10
0.15134490977187606,0.22467280659234126,1.3667231645825118e-10
0.15134490977187606,0.22479398933591857,1.3667221483372884e-10
0.15194075587334013,0.22479398933591857,1.36671952678379e-10
0.15194075587334013,0.22491517207949588,1.366716848210687e-10
0.15270684371807966,0.22491517207949588,1.3667076768664675e-10
0.15270684371807966,0.2251575375666505,1.3667050414717157e-10
0.1527919645897174,0.2251575375666505,1.366704873926973e-10
0.1527919645897174,0.22552108579738245,1.3667022697742344e-10
0.1531324480762683,0.22552108579738245,1.3666997024382976e-10
0.1531324480762683,0.22564226854095976,1.3666996758668275e-10
0.15321756894790603,0.22564226854095976,1.3666972453198878e-10
0.15321756894790603,0.2260058167716917,1.3666920372930037e-10
0.1533878106911815,0.2260058167716917,1.3666902571200102e-10
0.1533878106911815,0.22612699951526902,1.366690209863575e-10
0.15364317330609464,0.22612699951526902,1.3666891759589178e-10
0.15364317330609464,0.22636936500242366,1.366688145286385e-10
0.154153898535921,0.22636936500242366,1.3666794079665597e-10
0.154153898535921,0.22649054774600097,1.3666783781269305e-10
0.1544092611508342,0.22649054774600097,1.366672319681288e-10
0.1544092611508342,0.22661173048957828,1.366672271747912e-10
0.15457950289410963,0.22661173048957828,1.3666720356060553e-10
0.15457950289410963,0.22685409597673292,1.3666705837201362e-10
0.15466462376574736,0.22685409597673292,1.366669872721334e-10
0.15466462376574736,0.22709646146388754,1.3666661380980634e-10
0.15500510725229827,0.22709646146388754,1.366663835655678e-10
0.15500510725229827,0.22721764420746485,1.366663681792462e-10
0.155090228123936,0.22721764420746485,1.366662931717664e-10
0.155090228123936,0.2274600096946195,1.366660448065678e-10
0.15517534899557373,0.2274600096946195,1.366660424764333e-10
0.15517534899557373,0.2275811924381968,1.3666603835679436e-10
0.15543071161048688,0.2275811924381968,1.3666587523597714e-10
0.15543071161048688,0.2277023751817741,1.3666577952450034e-10
0.1555158324821246,0.2277023751817741,1.3666570940789582e-10
0.1555158324821246,0.22782355792535142,1.3666564984987575e-10
0.15568607422540007,0.22782355792535142,1.3666560255573156e-10
0.15568607422540007,0.22794474066892875,1.3666545452413426e-10
0.1557711950970378,0.22794474066892875,1.3666545025499406e-10
0.1557711950970378,0.22806592341250606,1.366654368155888e-10
0.15585631596867552,0.22806592341250606,1.366654040632499e-10
0.15585631596867552,0.22830828889966068,1.3666536977960624e-10
0.15602655771195098,0.22830828889966068,1.3666496078470785e-10
0.15602655771195098,0.22891420261754727,1.366648171609469e-10
0.15636704119850187,0.22891420261754727,1.3666451102818587e-10
0.15636704119850187,0.22903538536112458,1.3666447027024847e-10
0.15662240381341505,0.22903538536112458,1.3666427890098813e-10
0.15662240381341505,0.2291565681047019,1.3666416327962262e-10
0.15670752468505278,0.2291565681047019,1.3666413937416172e-10
0.15670752468505278,0.22964129907901115,1.3666397882216635e-10
0.15687776642832824,0.22964129907901115,1.36663655410475e-10
0.15687776642832824,0.22988366456616577,1.366635943808313e-10
0.15730337078651685,0.22988366456616577,1.3666304592397968e-10
0.15730337078651685,0.2300048473097431,1.366628575839579e-10
0.1574736125297923,0.2300048473097431,1.3666282715207416e-10
0.1574736125297923,0.2301260300533204,1.3666265204492302e-10
0.1577289751447055,0.2301260300533204,1.3666243996358695e-10
0.1577289751447055,0.23024721279689772,1.366623641375635e-10
0.15789921688798092,0.23024721279689772,1.3666214433392094e-10
0.15789921688798092,0.23036839554047503,1.3666204321372604e-10
0.1581545795028941,0.23036839554047503,1.366617664916844e-10
0.1581545795028941,0.23048957828405234,1.3666162223867357e-10
0.15858018386108275,0.23048957828405234,1.3666130511826573e-10
0.15858018386108275,0.2308531265147843,1.3666079240203065e-10
0.15875042560435818,0.2308531265147843,1.3666069464146897e-10
0.15875042560435818,0.23109549200193893,1.3666056453198018e-10
0.15926115083418454,0.23109549200193893,1.366599364742202e-10
0.15926115083418454,0.23145904023267086,1.3665973588222235e-10
0.15960163432073546,0.23145904023267086,1.36659070839724e-10
0.15960163432073546,0.2315802229762482,1.3665891128988746e-10
0.15968675519237316,0.2315802229762482,1.3665888131037946e-10
0.15968675519237316,0.2317014057198255,1.3665870793014661e-10
0.16028260129383726,0.2317014057198255,1.3665769208148844e-10
0.16028260129383726,0.2318225884634028,1.3665769060243238e-10
0.1604528430371127,0.2318225884634028,1.3665752168658902e-10
0.1604528430371127,0.23194377120698012,1.3665750706891064e-10
0.16062308478038814,0.23194377120698012,1.3665718764346277e-10
0.16062308478038814,0.23206495395055743,1.366571834006815e-10
0.16070820565202587,0.23206495395055743,1.366571672285261e-10
0.16070820565202587,0.23218613669413476,1.3665705995472363e-10
0.1607933265236636,0.23218613669413476,1.3665683085262814e-10
0.1607933265236636,0.23230731943771207,1.366568306942999e-10
0.1611338100102145,0.23230731943771207,1.3665670972746958e-10
0.1611338100102145,0.23242850218128938,1.3665669977180727e-10
0.16130405175348997,0.23242850218128938,1.3665659898674733e-10
0.16130405175348997,0.23267086766844403,1.3665655168170816e-10
0.16241062308478038,0.23267086766844403,1.366554708869477e-10
0.16241062308478038,0.23279205041202133,1.3665544427972713e-10
0.16258086482805584,0.23279205041202133,1.3665517300117648e-10
0.16258086482805584,0.23291323315559864,1.366551601583095e-10
0.16283622744296902,0.23291323315559864,1.3665497292684821e-10
0.16283622744296902,0.23303441589917595,1.3665495652651106e-10
0.16292134831460675,0.23303441589917595,1.3665494678201186e-10
0.16292134831460675,0.23315559864275326,1.3665460004062062e-10
0.16309159005788218,0.23315559864275326,1.3665455164976196e-10
0.16309159005788218,0.2332767813863306,1.366545324143724e-10
0.1631767109295199,0.2332767813863306,1.3665449369473115e-10
0.1631767109295199,0.2335191468734852,1.3665423053647164e-10
0.163772557030984,0.2335191468734852,1.3665367390175046e-10
0.163772557030984,0.23376151236063986,1.3665354693948755e-10
0.16394279877425944,0.23376151236063986,1.3665341587585505e-10
0.16394279877425944,0.23388269510421716,1.3665339025778817e-10
0.16436840313244808,0.23388269510421716,1.3665308722953654e-10
0.16436840313244808,0.23412506059137178,1.366527526570336e-10
0.1644535240040858,0.23412506059137178,1.366527245079255e-10
0.1644535240040858,0.23436742607852643,1.3665240390879277e-10
0.164708886618999,0.23436742607852643,1.3665230247594715e-10
0.164708886618999,0.23448860882210373,1.3665217307957785e-10
0.1647940074906367,0.23448860882210373,1.366520466086711e-10
0.1647940074906367,0.234973339796413,1.3665148458983553e-10
0.1651344909771876,0.234973339796413,1.3665100685583695e-10
0.1651344909771876,0.2350945225399903,1.366505897997914e-10
0.16547497446373852,0.2350945225399903,1.3665040797864007e-10
0.16547497446373852,0.2352157052835676,1.3665029659710193e-10
0.16573033707865167,0.2352157052835676,1.3665012729602803e-10
0.16573033707865167,0.23545807077072226,1.3664978152336502e-10
0.1658154579502894,0.23545807077072226,1.3664953316350907e-10
0.1658154579502894,0.23570043625787687,1.3664926918146556e-10
0.16632618318011577,0.23570043625787687,1.3664891365760515e-10
0.16632618318011577,0.23594280174503152,1.3664887130505632e-10
0.16649642492339123,0.23594280174503152,1.3664858639261514e-10
0.16649642492339123,0.23606398448860882,1.366484306616537e-10
0.16658154579502893,0.23606398448860882,1.3664831295475848e-10
0.16658154579502893,0.23618516723218613,1.366482537821898e-10
0.16666666666666666,0.23618516723218613,1.3664824886445054e-10
0.16666666666666666,0.2366698982064954,1.3664778867623385e-10
0.16675178753830439,0.2366698982064954,1.3664775857886828e-10
0.16675178753830439,0.23691226369365,1.3664757623150452e-10
0.16683690840994211,0.23691226369365,1.3664757372383598e-10
0.16683690840994211,0.23703344643722735,1.366475549331265e-10
0.16692202928157984,0.23703344643722735,1.3664750451290008e-10
0.16692202928157984,0.23715462918080465,1.3664742142957929e-10
0.16700715015321757,0.23715462918080465,1.3664741691369277e-10
0.16700715015321757,0.2375181774115366,1.3664712391607636e-10
0.1670922710248553,0.2375181774115366,1.3664710753712133e-10
0.1670922710248553,0.23763936015511392,1.3664702406120726e-10
0.16717739189649303,0.23763936015511392,1.3664698604000935e-10
0.16717739189649303,0.23812409112942318,1.3664660720581975e-10
0.16760299625468164,0.23812409112942318,1.3664621336829645e-10
0.16760299625468164,0.2383664566165778,1.3664568032961222e-10
0.16785835886959483,0.2383664566165778,1.3664522918372025e-10
0.16785835886959483,0.2384876393601551,1.3664516343413685e-10
0.16794347974123255,0.2384876393601551,1.3664505347205563e-10
0.16794347974123255,0.23860882210373244,1.366449194794471e-10
0.16828396322778344,0.23860882210373244,1.3664408113727825e-10
0.16828396322778344,0.23885118759088705,1.3664373061312788e-10
0.1684542049710589,0.23885118759088705,1.366436062582382e-10
0.1684542049710589,0.239214735821619,1.3664330796790837e-10
0.16862444671433435,0.239214735821619,1.3664328214193657e-10
0.16862444671433435,0.23957828405235093,1.3664285841026624e-10
0.1687946884576098,0.23957828405235093,1.366426165947896e-10
0.1687946884576098,0.23969946679592827,1.3664261542057225e-10
0.16887980932924754,0.23969946679592827,1.3664230613614003e-10
0.16887980932924754,0.23994183228308288,1.366422617974752e-10
0.169050051072523,0.23994183228308288,1.3664219640392186e-10
0.169050051072523,0.2400630150266602,1.3664219092926643e-10
0.1691351719441607,0.2400630150266602,1.3664215572116174e-10
0.1691351719441607,0.24018419777023753,1.3664214562829372e-10
0.16930541368743615,0.24018419777023753,1.366416636393699e-10
0.16930541368743615,0.24030538051381484,1.3664152900921022e-10
0.16956077630234934,0.24030538051381484,1.366413946854716e-10
0.16956077630234934,0.24042656325739215,1.3664126767879257e-10
0.16981613891726252,0.24042656325739215,1.3664119832499902e-10
0.16981613891726252,0.24054774600096945,1.3664090595558622e-10
0.16990125978890025,0.24054774600096945,1.3664076282128208e-10
0.16990125978890025,0.2407901114881241,1.3664054077355928e-10
0.16998638066053795,0.2407901114881241,1.3663985793247594e-10
0.16998638066053795,0.2409112942317014,1.3663968478604048e-10
0.1701566224038134,0.2409112942317014,1.366395254170619e-10
0.1701566224038134,0.24103247697527871,1.3663950160948621e-10
0.17032686414708886,0.24103247697527871,1.3663929453031299e-10
0.17032686414708886,0.24115365971885602,1.366392904529816e-10
0.1704119850187266,0.24115365971885602,1.3663927135684598e-10
0.1704119850187266,0.24127484246243336,1.3663926247054868e-10
0.1707524685052775,0.24127484246243336,1.3663916614543205e-10
0.1707524685052775,0.24139602520601067,1.3663916194682025e-10
0.17083758937691523,0.24139602520601067,1.3663909052862392e-10
0.17083758937691523,0.24151720794958798,1.3663882258775506e-10
0.17100783112019066,0.24151720794958798,1.3663869427398956e-10
0.17100783112019066,0.24163839069316528,1.3663868799585102e-10
0.1710929519918284,0.24163839069316528,1.36638668637997e-10
0.1710929519918284,0.24175957343674262,1.3663840333801494e-10
0.1714334354783793,0.24175957343674262,1.3663827164911853e-10
0.1714334354783793,0.24188075618031993,1.3663799273109054e-10
0.1717739189649302,0.24188075618031993,1.3663754688494522e-10
0.1717739189649302,0.24212312166747454,1.3663713575030016e-10
0.1721144024514811,0.24212312166747454,1.3663676338813884e-10
0.1721144024514811,0.24224430441105185,1.366366896043179e-10
0.17245488593803202,0.24224430441105185,1.3663637708120727e-10
0.17245488593803202,0.2423654871546292,1.3663622774346725e-10
0.17254000680966974,0.2423654871546292,1.3663611617837389e-10
0.17254000680966974,0.2426078526417838,1.3663566073469102e-10
0.17271024855294517,0.2426078526417838,1.3663498982110663e-10
0.17271024855294517,0.24285021812893845,1.3663471494413482e-10
0.17305073203949609,0.24285021812893845,1.3663453338970678e-10
0.17305073203949609,0.2433349491032477,1.3663386356694857e-10
0.1740721824991488,0.2433349491032477,1.3663211693175646e-10
0.1740721824991488,0.24345613184682502,1.3663184179370895e-10
0.17424242424242425,0.24345613184682502,1.3663170213700115e-10
0.17424242424242425,0.24369849733397964,1.3663156475651547e-10
0.17458290772897514,0.24369849733397964,1.366313256005789e-10
0.17458290772897514,0.2440620455647116,1.366309648781828e-10
0.1747531494722506,0.2440620455647116,1.366307210032059e-10
0.1747531494722506,0.2443044110518662,1.3663023634040605e-10
0.17483827034388832,0.2443044110518662,1.3663019097580263e-10
0.17483827034388832,0.24454677653902085,1.3662998119947066e-10
0.17492339121552605,0.24454677653902085,1.3662987950754405e-10
0.17492339121552605,0.24478914202617547,1.36629807968017e-10
0.17500851208716378,0.24478914202617547,1.3662980060604578e-10
0.17500851208716378,0.24515269025690742,1.3662968411373976e-10
0.1751787538304392,0.24515269025690742,1.366288508983281e-10
0.1751787538304392,0.24539505574406204,1.3662823687879695e-10
0.17526387470207694,0.24539505574406204,1.3662818485298144e-10
0.17526387470207694,0.24563742123121668,1.3662788695902638e-10
0.17534899557371467,0.24563742123121668,1.3662788360637997e-10
0.17534899557371467,0.245758603974794,1.3662781710723797e-10
0.17560435818862785,0.245758603974794,1.3662760504965643e-10
0.17560435818862785,0.24612215220552594,1.3662729405356778e-10
0.1761150834184542,0.24612215220552594,1.3662627061989277e-10
0.1761150834184542,0.24624333494910325,1.3662624233211073e-10
0.17620020429009192,0.24624333494910325,1.3662621017514205e-10
0.17620020429009192,0.2466068831798352,1.3662609798390243e-10
0.17662580864828056,0.2466068831798352,1.3662603428542787e-10
0.17662580864828056,0.2467280659234125,1.3662599023259633e-10
0.17688117126319375,0.2467280659234125,1.3662588443690765e-10
0.17688117126319375,0.24697043141056713,1.3662577246266899e-10
0.17696629213483145,0.24697043141056713,1.3662568129187875e-10
0.17696629213483145,0.24709161415414446,1.3662564898007202e-10
0.17722165474974463,0.24709161415414446,1.3662535586254596e-10
0.17722165474974463,0.24733397964129908,1.3662528455942146e-10
0.17730677562138236,0.24733397964129908,1.3662526846013923e-10
0.17730677562138236,0.24769752787203103,1.3662498243504679e-10
0.1773918964930201,0.24769752787203103,1.3662495737772769e-10
0.1773918964930201,0.24781871061560834,1.3662494390068903e-10
0.1778175008512087,0.24781871061560834,1.3662455497252544e-10
0.1778175008512087,0.24793989335918565,1.3662416512697983e-10
0.17824310520939735,0.24793989335918565,1.36623277847261e-10
0.17824310520939735,0.24806107610276296,1.3662325498280856e-10
0.17832822608103507,0.24806107610276296,1.3662322163725905e-10
0.17832822608103507,0.2483034415899176,1.3662298969756534e-10
0.17849846782431053,0.2483034415899176,1.3662277547827875e-10
0.17849846782431053,0.2484246243334949,1.3662269686138285e-10
0.17866870956758596,0.2484246243334949,1.3662248626467297e-10
0.17866870956758596,0.2491517207949588,1.3662196494462887e-10
0.17900919305413687,0.2491517207949588,1.3662171995326163e-10
0.17900919305413687,0.24927290353853612,1.366216981275512e-10
0.17917943479741233,0.24927290353853612,1.3662136734306541e-10
0.17917943479741233,0.24939408628211343,1.3662133447733054e-10
0.17926455566905006,0.24939408628211343,1.3662111023981126e-10
0.17926455566905006,0.24951526902569074,1.366210171018363e-10
0.17969016002723867,0.24951526902569074,1.3662039037135554e-10
0.17969016002723867,0.24963645176926805,1.3662032547806688e-10
0.17986040177051413,0.24963645176926805,1.3662016061267007e-10
0.17986040177051413,0.24975763451284538,1.3662011339450244e-10
0.17994552264215186,0.2498788172564227,1.3662007092732359e-10
0.17994552264215186,0.2501211827435773,1.3661943233681683e-10
0.18028600612870277,0.2501211827435773,1.3661899573485346e-10
0.18028600612870277,0.2502423654871546,1.3661862927594271e-10
0.1804562478719782,0.2502423654871546,1.366184179970692e-10
0.1804562478719782,0.25048473097430923,1.3661810674131065e-10
0.18062648961525365,0.25048473097430923,1.3661777734801119e-10
0.18062648961525365,0.2508482792050412,1.3661719002457037e-10
0.18071161048689138,0.2508482792050412,1.366171788792301e-10
0.18071161048689138,0.25109064469219583,1.3661698998595057e-10
0.1807967313585291,0.25109064469219583,1.3661693863212862e-10
0.1807967313585291,0.25121182743577314,1.3661691212864968e-10
0.18096697310180457,0.25121182743577314,1.3661670512972908e-10
0.18096697310180457,0.25145419292292776,1.366162974847884e-10
0.1810520939734423,0.25145419292292776,1.366161505105851e-10
0.1810520939734423,0.25157537566650506,1.3661579481181886e-10
0.18122233571671775,0.25157537566650506,1.3661554904898822e-10
0.18122233571671775,0.2516965584100824,1.3661541882627014e-10
0.18130745658835545,0.2516965584100824,1.3661541400095934e-10
0.18130745658835545,0.25193892389723704,1.3661535458396191e-10
0.18156281920326864,0.25193892389723704,1.366149200463813e-10
0.18156281920326864,0.25218128938439166,1.366146050867883e-10
0.18164794007490637,0.25218128938439166,1.366145247085464e-10
0.18164794007490637,0.25230247212796897,1.366140207860359e-10
0.1817330609465441,0.25230247212796897,1.3661401500975546e-10
0.1817330609465441,0.2526660203587009,1.3661293821454318e-10
0.18198842356145728,0.2526660203587009,1.3661284865607434e-10
0.18198842356145728,0.25278720310227826,1.3661228472505812e-10
0.1821586653047327,0.25278720310227826,1.366122418547572e-10
0.1821586653047327,0.25290838584585557,1.36612134134441e-10
0.18224378617637044,0.25290838584585557,1.3661211625817402e-10
0.18224378617637044,0.2530295685894329,1.3661211536915824e-10
0.18232890704800817,0.2530295685894329,1.3661176946444156e-10
0.18232890704800817,0.2531507513330102,1.3661176284068333e-10
0.18266939053455908,0.2531507513330102,1.366113041171425e-10
0.18266939053455908,0.2533931168201648,1.3661105363305328e-10
0.1827545114061968,0.2533931168201648,1.3661100478930855e-10
0.1827545114061968,0.2535142995637421,1.3661042070338959e-10
0.18292475314947226,0.2535142995637421,1.366101875979984e-10
0.18292475314947226,0.2536354823073194,1.3661013907948266e-10
0.18300987402110996,0.2536354823073194,1.3661013124908956e-10
0.18300987402110996,0.2537566650508968,1.366099693190108e-10
0.18318011576438542,0.2537566650508968,1.3660984905291629e-10
0.18318011576438542,0.2541202132816287,1.3660974407598485e-10
0.18326523663602315,0.2541202132816287,1.3660972540966797e-10
0.18326523663602315,0.254241396025206,1.3660953623321796e-10
0.1834354783792986,0.254241396025206,1.3660908528735183e-10
0.1834354783792986,0.2543625787687833,1.366085305849668e-10
0.1836908409942118,0.2543625787687833,1.366078362447573e-10
0.1836908409942118,0.25448376151236063,1.3660744719818013e-10
0.1841164453524004,0.25448376151236063,1.366070030108183e-10
0.1841164453524004,0.25472612699951525,1.3660688263138324e-10
0.18420156622403813,0.25472612699951525,1.3660646943079603e-10
0.18420156622403813,0.2548473097430926,1.366064200893449e-10
0.18428668709567586,0.2548473097430926,1.366061341205522e-10
0.18428668709567586,0.2549684924866699,1.3660594241354657e-10
0.1843718079673136,0.2549684924866699,1.366058837114259e-10
0.1843718079673136,0.25533204071740184,1.3660576314556946e-10
0.18445692883895132,0.25533204071740184,1.36605738929321e-10
0.18445692883895132,0.25557440620455646,1.3660553904624262e-10
0.18454204971058905,0.25557440620455646,1.3660547400022915e-10
0.18454204971058905,0.25569558894813377,1.3660535449132967e-10
0.18471229145386447,0.25569558894813377,1.3660471963298276e-10
0.18471229145386447,0.2558167716917111,1.3660467574972545e-10
0.1847974123255022,0.2558167716917111,1.3660446898262627e-10
0.1847974123255022,0.25593795443528844,1.366044008975706e-10
0.18488253319713993,0.25593795443528844,1.3660406090690404e-10
0.18488253319713993,0.25618031992244306,1.366038152374433e-10
0.1850527749404154,0.25618031992244306,1.3660346833674405e-10
0.1850527749404154,0.2564226854095977,1.3660302809823624e-10
0.18522301668369084,0.2564226854095977,1.3660292040011727e-10
0.18522301668369084,0.2566650508967523,1.3660268921639696e-10
0.18530813755532857,0.2566650508967523,1.3660260071101594e-10
0.18530813755532857,0.2569074163839069,1.366018401108885e-10
0.18556350017024173,0.2569074163839069,1.3660157905000246e-10
0.18556350017024173,0.2571497818710616,1.3660111923219594e-10
0.18598910452843037,0.2571497818710616,1.3659921560143112e-10
0.18598910452843037,0.2575133301017935,1.365990247570018e-10
0.18615934627170583,0.2575133301017935,1.3659898265444588e-10
0.18615934627170583,0.2576345128453708,1.3659890934866336e-10
0.1864998297582567,0.2576345128453708,1.365980196973215e-10
0.1864998297582567,0.2578768783325254,1.365977060613424e-10
0.18658495062989444,0.2578768783325254,1.3659769338886203e-10
0.18658495062989444,0.2583616093068347,1.3659757259759686e-10
0.1867551923731699,0.2583616093068347,1.3659753758826104e-10
0.1867551923731699,0.258482792050412,1.365973659781731e-10
0.18701055498808308,0.258482792050412,1.3659723900971036e-10
0.18701055498808308,0.25860397479398933,1.3659693919674584e-10
0.18718079673135854,0.25860397479398933,1.3659688409006615e-10
0.18718079673135854,0.25884634028114395,1.365965385551286e-10
0.18726591760299627,0.25884634028114395,1.3659619801172928e-10
0.18726591760299627,0.25896752302472126,1.3659619145376228e-10
0.18735103847463397,0.25896752302472126,1.3659618726618453e-10
0.18735103847463397,0.2590887057682986,1.36596143200999e-10
0.1874361593462717,0.2590887057682986,1.3659559052802444e-10
0.1874361593462717,0.25920988851187593,1.3659552395684113e-10
0.18760640108954715,0.25920988851187593,1.3659518250422244e-10
0.18760640108954715,0.25945225399903055,1.3659489129180425e-10
0.18769152196118488,0.25945225399903055,1.365948560817149e-10
0.18769152196118488,0.25969461948618516,1.365947150844984e-10
0.1880320054477358,0.25969461948618516,1.3659415398076668e-10
0.1880320054477358,0.2599369849733398,1.3659405316534872e-10
0.18820224719101122,0.2599369849733398,1.3659381292683204e-10
0.18820224719101122,0.2600581677169171,1.3659353203202945e-10
0.18828736806264895,0.2600581677169171,1.3659337639881254e-10
0.18828736806264895,0.26017935046049445,1.3659291508559158e-10
0.1884576098059244,0.26017935046049445,1.365923588838625e-10
0.1884576098059244,0.26030053320407176,1.3659223538639844e-10
0.18854273067756214,0.26030053320407176,1.365920966751782e-10
0.18854273067756214,0.26042171594764907,1.365917603528559e-10
0.18905345590738848,0.26042171594764907,1.3659083593316606e-10
0.18905345590738848,0.2606640814348037,1.365908049935877e-10
0.18922369765066394,0.2606640814348037,1.3659070021045135e-10
0.18922369765066394,0.260785264178381,1.365904697061794e-10
0.1893939393939394,0.260785264178381,1.365901437976635e-10
0.1893939393939394,0.2613911778962676,1.3658964119572444e-10
0.18947906026557712,0.2613911778962676,1.3658913978798783e-10
0.18947906026557712,0.2615123606398449,1.3658903671451422e-10
0.18956418113721485,0.2615123606398449,1.3658901673287558e-10
0.18956418113721485,0.2617547261269995,1.3658865751834956e-10
0.1897344228804903,0.2617547261269995,1.365885515405064e-10
0.1897344228804903,0.26199709161415413,1.3658851145885026e-10
0.1900749063670412,0.26199709161415413,1.3658817094347167e-10
0.1900749063670412,0.26211827435773144,1.3658784445862663e-10
0.1906707524685053,0.26211827435773144,1.3658644918861117e-10
0.1906707524685053,0.26223945710130875,1.3658629999363575e-10
0.19084099421178072,0.26223945710130875,1.3658613968895604e-10
0.19084099421178072,0.2623606398448861,1.365861249837223e-10
0.19092611508341845,0.2623606398448861,1.3658604197461173e-10
0.19092611508341845,0.2624818225884634,1.3658596655586625e-10
0.1910963568266939,0.2624818225884634,1.3658585937335522e-10
0.1910963568266939,0.26260300533204073,1.3658570218072943e-10
0.19118147769833163,0.26260300533204073,1.3658525922262258e-10
0.19118147769833163,0.26272418807561804,1.365851919643301e-10
0.19143684031324482,0.26272418807561804,1.3658494728058853e-10
0.19143684031324482,0.26284537081919535,1.365846651734952e-10
0.19152196118488254,0.26284537081919535,1.3658452726675548e-10
0.19152196118488254,0.26296655356277265,1.3658388800959098e-10
0.19169220292815797,0.26296655356277265,1.365826591513761e-10
0.19169220292815797,0.26308773630634996,1.3658251276580364e-10
0.19220292815798434,0.26308773630634996,1.3658193329213637e-10
0.19220292815798434,0.26320891904992727,1.365819177376521e-10
0.19228804902962207,0.26320891904992727,1.365817185977996e-10
0.19228804902962207,0.2633301017935046,1.3658161510058608e-10
0.19254341164453523,0.2633301017935046,1.3658146527150675e-10
0.19254341164453523,0.26345128453708194,1.3658146227536216e-10
0.19262853251617296,0.26345128453708194,1.365813923995441e-10
0.19262853251617296,0.26369365002423656,1.365810714675782e-10
0.19322437861763705,0.26369365002423656,1.3657974168555337e-10
0.19322437861763705,0.26381483276781387,1.3657969963277254e-10
0.19330949948927478,0.26381483276781387,1.3657968235872592e-10
0.19330949948927478,0.2640571982549685,1.365795580819838e-10
0.19339462036091248,0.2640571982549685,1.3657932140288028e-10
0.19339462036091248,0.2641783809985458,1.3657880583463804e-10
0.19364998297582567,0.2641783809985458,1.3657856892812848e-10
0.19364998297582567,0.2642995637421231,1.3657855854155966e-10
0.1937351038474634,0.2642995637421231,1.365785474137239e-10
0.1937351038474634,0.2651478429471643,1.3657684841715548e-10
0.1940755873340143,0.2651478429471643,1.3657578583138274e-10
0.1940755873340143,0.26539020843431893,1.3657566983399434e-10
0.19424582907728974,0.26539020843431893,1.365756014933427e-10
0.19424582907728974,0.2657537566650509,1.3657491296754917e-10
0.19433094994892747,0.2657537566650509,1.3657488877343753e-10
0.19433094994892747,0.2658749394086282,1.3657466797477446e-10
0.1944160708205652,0.2658749394086282,1.365738056714982e-10
0.1944160708205652,0.2659961221522055,1.365738050393833e-10
0.1947565543071161,0.2659961221522055,1.3657314481079634e-10
0.1947565543071161,0.26623848763936014,1.3657273828135622e-10
0.19484167517875384,0.26623848763936014,1.3657261235573312e-10
0.19484167517875384,0.2666020358700921,1.3657237563572057e-10
0.1950119169220293,0.2666020358700921,1.3657233520012822e-10
0.1950119169220293,0.26684440135724674,1.3657187856069237e-10
0.19518215866530472,0.26684440135724674,1.3657153079312012e-10
0.19518215866530472,0.26696558410082405,1.3657147209042924e-10
0.19552264215185564,0.26696558410082405,1.365706223713514e-10
0.19552264215185564,0.26708676684440136,1.36570620741839e-10
0.19560776302349336,0.26708676684440136,1.365705571371645e-10
0.19560776302349336,0.26720794958797867,1.3657050542183714e-10
0.19594824651004425,0.26720794958797867,1.365700931418746e-10
0.19594824651004425,0.267329132331556,1.3656987966049448e-10
0.19603336738168198,0.267329132331556,1.3656978562434217e-10
0.19603336738168198,0.2675714978187106,1.3656970508999095e-10
0.1963738508682329,0.2675714978187106,1.365696026084267e-10
0.1963738508682329,0.26769268056228795,1.3656938286597488e-10
0.19654409261150835,0.26769268056228795,1.3656886671608463e-10
0.19654409261150835,0.26781386330586526,1.3656873386213686e-10
0.19662921348314608,0.26781386330586526,1.3656862800821924e-10
0.19662921348314608,0.2680562287930199,1.3656797407266844e-10
0.19696969696969696,0.2680562287930199,1.3656737173451779e-10
0.19696969696969696,0.2681774115365972,1.365672551143065e-10
0.1970548178413347,0.2681774115365972,1.365669933604098e-10
0.1970548178413347,0.2682985942801745,1.3656657010579092e-10
0.19713993871297242,0.2682985942801745,1.3656642104304815e-10
0.19713993871297242,0.2687833252544838,1.3656549508569613e-10
0.19731018045624787,0.2687833252544838,1.3656518291699094e-10
0.19731018045624787,0.2689045079980611,1.365651790267429e-10
0.19748042219952333,0.2689045079980611,1.3656492881604146e-10
0.19748042219952333,0.2691468734852157,1.365644509015831e-10
0.19756554307116106,0.2691468734852157,1.3656430299508125e-10
0.19756554307116106,0.2693892389723703,1.3656355234009006e-10
0.1976506639427988,0.2693892389723703,1.3656321749967035e-10
0.1976506639427988,0.26975278720310225,1.3656227833614e-10
0.1977357848144365,0.26975278720310225,1.3656219313391412e-10
0.1977357848144365,0.2698739699466796,1.3656217933438204e-10
0.19790602655771194,0.2698739699466796,1.3656165617262258e-10
0.19790602655771194,0.27011633543383423,1.365612781197021e-10
0.19799114742934967,0.27011633543383423,1.3656125017859416e-10
0.19799114742934967,0.27023751817741154,1.365612228065842e-10
0.19841675178753831,0.27023751817741154,1.3656040711907492e-10
0.19841675178753831,0.27047988366456616,1.365597896287237e-10
0.19850187265917604,0.27047988366456616,1.3655971993298745e-10
0.19850187265917604,0.27060106640814346,1.365595703158477e-10
0.1987572352740892,0.27060106640814346,1.3655923001321757e-10
0.1987572352740892,0.27084343189529814,1.3655874214384038e-10
0.19926796050391557,0.27084343189529814,1.365571928799589e-10
0.19926796050391557,0.27096461463887545,1.365570719610671e-10
0.19960844399046646,0.27096461463887545,1.3655574334503386e-10
0.19960844399046646,0.27108579738245275,1.3655498883768624e-10
0.20054477357848144,0.27108579738245275,1.3655341868419017e-10
0.20054477357848144,0.2714493456131847,1.3655318463616536e-10
0.20062989445011917,0.2714493456131847,1.3655232675247265e-10
0.20062989445011917,0.271570528356762,1.3655218293370192e-10
0.2007150153217569,0.271570528356762,1.3655196273670232e-10
0.2007150153217569,0.2716917111003393,1.3655133869132325e-10
0.20080013619339462,0.2716917111003393,1.3655133312338148e-10
0.20080013619339462,0.2718128938439166,1.3655115869664432e-10
0.20097037793667008,0.2718128938439166,1.365510581027258e-10
0.20097037793667008,0.27193407658749397,1.3655082994917002e-10
0.2010554988083078,0.27193407658749397,1.365505304772358e-10
0.2010554988083078,0.2720552593310713,1.3655028838022814e-10
0.2013959822948587,0.2720552593310713,1.3654978596803495e-10
0.2013959822948587,0.2721764420746486,1.3654949907165034e-10
0.20148110316649642,0.2721764420746486,1.3654919262917762e-10
0.20148110316649642,0.2724188075618032,1.3654867127974214e-10
0.2017364657814096,0.2724188075618032,1.3654841243979022e-10
0.2017364657814096,0.2725399903053805,1.3654811525648608e-10
0.20182158665304734,0.2725399903053805,1.365478262811455e-10
0.20182158665304734,0.2727823557925351,1.3654694725171518e-10
0.20190670752468506,0.2727823557925351,1.3654690358122462e-10
0.20190670752468506,0.2730247212796898,1.3654616291392128e-10
0.20199182839632276,0.2730247212796898,1.3654615385317397e-10
0.20199182839632276,0.2731459040232671,1.36546126913302e-10
0.20224719101123595,0.2731459040232671,1.365458878353948e-10
0.20224719101123595,0.2733882695104217,1.3654576870468847e-10
0.20233231188287368,0.2733882695104217,1.365455355147216e-10
0.20233231188287368,0.27375181774115365,1.3654512173008502e-10
0.2026727953694246,0.27375181774115365,1.3654342404957403e-10
0.2026727953694246,0.2741153659718856,1.3654322622175982e-10
0.20275791624106232,0.2741153659718856,1.3654307239689541e-10
0.20275791624106232,0.27447891420261755,1.365429695644025e-10
0.20284303711270005,0.27447891420261755,1.3654286064591445e-10
0.20284303711270005,0.27472127968977217,1.365426835094668e-10
0.20301327885597548,0.27472127968977217,1.365424773010252e-10
0.20301327885597548,0.2749636451769268,1.3654216927907692e-10
0.2030983997276132,0.2749636451769268,1.3654181802137619e-10
0.2030983997276132,0.2754483761512361,1.3654104259356529e-10
0.20318352059925093,0.2754483761512361,1.365407483206011e-10
0.20318352059925093,0.2755695588948134,1.3654068263777992e-10
0.20326864147088866,0.2755695588948134,1.3654045033313064e-10
0.20326864147088866,0.2759331071255453,1.3653900390743143e-10
0.20352400408580185,0.2759331071255453,1.3653825235595438e-10
0.20352400408580185,0.2764178380998546,1.3653717929405356e-10
0.2036942458290773,0.2764178380998546,1.3653674729494463e-10
0.2036942458290773,0.2766602035870092,1.3653668261846538e-10
0.20394960844399046,0.2766602035870092,1.365362834573821e-10
0.20394960844399046,0.27690256907416383,1.3653623972384692e-10
0.20429009193054137,0.27690256907416383,1.3653593481275975e-10
0.20429009193054137,0.27714493456131845,1.365352644574656e-10
0.20463057541709226,0.27714493456131845,1.3653448607399188e-10
0.20463057541709226,0.2773873000484731,1.3653447787059111e-10
0.20480081716036772,0.2773873000484731,1.3653383152389806e-10
0.20480081716036772,0.2775084827920504,1.365338197530326e-10
0.20497105890364317,0.2775084827920504,1.3653322365349388e-10
0.20497105890364317,0.27762966553562773,1.3653264308783058e-10
0.20514130064691863,0.27762966553562773,1.3653204055039086e-10
0.20514130064691863,0.27811439650993697,1.3653147178228093e-10
0.20522642151855636,0.27811439650993697,1.365312985948672e-10
0.20522642151855636,0.27847794474066895,1.3653096266108946e-10
0.20565202587674497,0.27847794474066895,1.36529511924481e-10
0.20565202587674497,0.27859912748424626,1.3652937125709942e-10
0.20599250936329588,0.27859912748424626,1.365290688687673e-10
0.20599250936329588,0.2788414929714009,1.3652848201355261e-10
0.20616275110657134,0.2788414929714009,1.3652824816244896e-10
0.20616275110657134,0.2789626757149782,1.3652777796999678e-10
0.2064181137214845,0.2789626757149782,1.3652701333112512e-10
0.2064181137214845,0.2790838584585555,1.365269642375593e-10
0.20658835546475995,0.2790838584585555,1.3652584152610865e-10
0.20658835546475995,0.2792050412021328,1.3652579909453499e-10
0.20667347633639768,0.2792050412021328,1.365255339814727e-10
0.20667347633639768,0.2793262239457101,1.3652551964637413e-10
0.20692883895131087,0.2793262239457101,1.3652517772924276e-10
0.20692883895131087,0.27944740668928747,1.3652510677795737e-10
0.20709908069458632,0.27944740668928747,1.3652443977850757e-10
0.20709908069458632,0.2798109549200194,1.3652379196887345e-10
0.2074395641811372,0.2798109549200194,1.3652322059292442e-10
0.2074395641811372,0.2799321376635967,1.3652303437259652e-10
0.20760980592441267,0.2799321376635967,1.3652228103923142e-10
0.20760980592441267,0.2801745031507513,1.3652168381749343e-10
0.20795028941096358,0.2801745031507513,1.365209259521332e-10
0.20795028941096358,0.28029568589432863,1.3652056949749894e-10
0.20820565202587674,0.28029568589432863,1.3651998730751384e-10
0.20820565202587674,0.28041686863790594,1.3651960649213832e-10
0.20846101464078992,0.28041686863790594,1.365192523694985e-10
0.20846101464078992,0.2805380513814833,1.3651923390154335e-10
0.2087163772557031,0.2805380513814833,1.3651862108808482e-10
0.2087163772557031,0.2807804168686379,1.3651811579156288e-10
0.20880149812734083,0.2807804168686379,1.3651802862460724e-10
0.20880149812734083,0.2809015996122152,1.3651744030193504e-10
0.20888661899897856,0.2809015996122152,1.365166369017072e-10
0.20888661899897856,0.28114396509936984,1.3651648526737568e-10
0.209056860742254,0.28114396509936984,1.3651625417031187e-10
0.209056860742254,0.28126514784294715,1.3651599943399084e-10
0.20914198161389172,0.28126514784294715,1.365158776654651e-10
0.20914198161389172,0.28187106156083375,1.3651549752128965e-10
0.20948246510044263,0.28187106156083375,1.3651437962667878e-10
0.20948246510044263,0.28199224430441105,1.3651437291183057e-10
0.20973782771535582,0.28199224430441105,1.3651360649801123e-10
0.20973782771535582,0.28223460979156567,1.3651335597741045e-10
0.20990806945863125,0.28223460979156567,1.3651296955169217e-10
0.20990806945863125,0.2824769752787203,1.3651253983598145e-10
0.2100783112019067,0.2824769752787203,1.365116905813838e-10
0.2100783112019067,0.28259815802229765,1.3651167122951736e-10
0.21024855294518216,0.28259815802229765,1.3651074518475628e-10
0.21024855294518216,0.28271934076587496,1.3651072543748293e-10
0.21058903643173307,0.28271934076587496,1.3651010054680408e-10
0.21058903643173307,0.28284052350945227,1.3650959016463953e-10
0.2107592781750085,0.28284052350945227,1.3650934618032325e-10
0.2107592781750085,0.2829617062530296,1.3650915740454483e-10
0.21084439904664623,0.2829617062530296,1.365090679457974e-10
0.21084439904664623,0.2830828889966069,1.3650849888864445e-10
0.21127000340483487,0.2830828889966069,1.3650788361035972e-10
0.21127000340483487,0.2832040717401842,1.365078835306495e-10
0.21144024514811033,0.2832040717401842,1.3650719584736084e-10
0.21144024514811033,0.2834464372273388,1.3650709076826722e-10
0.21152536601974803,0.2834464372273388,1.3650685744886627e-10
0.21152536601974803,0.2836888027144935,1.3650641286035756e-10
0.21169560776302349,0.2836888027144935,1.3650590468061056e-10
0.21169560776302349,0.2838099854580708,1.3650580326834966e-10
0.21178072863466121,0.2838099854580708,1.3650560599319588e-10
0.21178072863466121,0.2841735336888027,1.3650540440197523e-10
0.21186584950629894,0.2841735336888027,1.365053217752961e-10
0.21186584950629894,0.28453708191953464,1.3650497764293897e-10
0.21195097037793667,0.28453708191953464,1.3650493012599487e-10
0.21195097037793667,0.28465826466311195,1.3650491867221453e-10
0.21220633299284986,0.28465826466311195,1.3650455599039464e-10
0.21220633299284986,0.2847794474066893,1.3650453274707347e-10
0.212461695607763,0.2847794474066893,1.3650352414563863e-10
0.212461695607763,0.28502181289384393,1.3650259935167007e-10
0.21280217909431393,0.28502181289384393,1.3650197243512778e-10
0.21280217909431393,0.28514299563742124,1.3650105721504964e-10
0.21288729996595165,0.28514299563742124,1.3650102712780532e-10
0.21288729996595165,0.28526417838099855,1.3650037612345027e-10
0.21297242083758938,0.28526417838099855,1.364999807108122e-10
0.21297242083758938,0.28562772661173047,1.3649945082412953e-10
0.21331290432414027,0.28562772661173047,1.3649882747952993e-10
0.21331290432414027,0.28611245758603976,1.364971146530519e-10
0.213398025195778,0.28611245758603976,1.3649698068331473e-10
0.213398025195778,0.2863548230731944,1.364969087852192e-10
0.21365338781069118,0.2863548230731944,1.3649646855462222e-10
0.21365338781069118,0.286597188560349,1.364964189461421e-10
0.21390875042560437,0.286597188560349,1.3649478659972018e-10
0.21390875042560437,0.2867183713039263,1.364946897145129e-10
0.2139938712972421,0.2867183713039263,1.3649463552514148e-10
0.2139938712972421,0.286960736791081,1.3649456138621184e-10
0.21416411304051752,0.286960736791081,1.364941568686472e-10
0.21416411304051752,0.2872031022782356,1.3649356943964044e-10
0.2144194756554307,0.2872031022782356,1.364928788547355e-10
0.2144194756554307,0.2873242850218129,1.3649272217750005e-10
0.2146748382703439,0.2873242850218129,1.364921504754604e-10
0.2146748382703439,0.2874454677653902,1.3649214817803947e-10
0.21484508001361935,0.2874454677653902,1.3649162020616584e-10
0.21484508001361935,0.28780901599612213,1.3649145497151547e-10
0.21493020088525708,0.28780901599612213,1.36491282424365e-10
0.21493020088525708,0.2880513814832768,1.3649116398522672e-10
0.2151004426285325,0.2880513814832768,1.3649076609068358e-10
0.2151004426285325,0.2881725642268541,1.364904174343001e-10
0.21518556350017023,0.2881725642268541,1.3649039483263136e-10
0.21518556350017023,0.2882937469704314,1.3649039036657904e-10
0.21527068437180796,0.2882937469704314,1.3649018496544102e-10
0.21527068437180796,0.2884149297140087,1.3649010807146706e-10
0.2153558052434457,0.2884149297140087,1.3649006010143956e-10
0.2153558052434457,0.28865729520116334,1.364900215740959e-10
0.21544092611508342,0.28865729520116334,1.3648971917841343e-10
0.21544092611508342,0.28877847794474065,1.3648944936677012e-10
0.21561116785835888,0.28877847794474065,1.3648936543791244e-10
0.21561116785835888,0.28914202617547263,1.3648892575577348e-10
0.2160367722165475,0.28914202617547263,1.3648850795164186e-10
0.2160367722165475,0.28926320891904994,1.3648831121150093e-10
0.2163772557030984,0.28926320891904994,1.364878143195206e-10
0.2163772557030984,0.28938439166262725,1.3648739471649309e-10
0.21654749744637386,0.28938439166262725,1.3648662458007098e-10
0.21654749744637386,0.28962675714978187,1.3648627056714932e-10
0.2166326183180116,0.28962675714978187,1.3648625867392313e-10
0.2166326183180116,0.2899903053805138,1.3648614235158469e-10
0.2167177391896493,0.2899903053805138,1.364860127202702e-10
0.2167177391896493,0.29011148812409115,1.3648587852337684e-10
0.21688798093292475,0.29011148812409115,1.3648534329435017e-10
0.21688798093292475,0.2905962190984004,1.364849792539564e-10
0.21697310180456247,0.2905962190984004,1.3648448930610375e-10
0.21697310180456247,0.290838584585555,1.364842725792888e-10
0.2173135852911134,0.290838584585555,1.3648365177884842e-10
0.2173135852911134,0.2909597673291323,1.3648288913130824e-10
0.21765406877766427,0.2909597673291323,1.3648242288198163e-10
0.21765406877766427,0.2910809500727096,1.3648166723408096e-10
0.21807967313585291,0.2910809500727096,1.364807303866974e-10
0.21807967313585291,0.291202132816287,1.3648068767498092e-10
0.21816479400749064,0.291202132816287,1.364806589316537e-10
0.21816479400749064,0.2914444983034416,1.3648021611746931e-10
0.2183350357507661,0.2914444983034416,1.364786928380412e-10
0.2183350357507661,0.2918080465341735,1.3647817763294948e-10
0.21859039836567926,0.2918080465341735,1.3647707187794127e-10
0.21859039836567926,0.29205041202132814,1.3647659381701373e-10
0.2187606401089547,0.29205041202132814,1.3647630146417052e-10
0.2187606401089547,0.29277750848279205,1.364744433976446e-10
0.21927136533878108,0.29277750848279205,1.3647383693939052e-10
0.21927136533878108,0.29289869122636936,1.364734575179079e-10
0.21952672795369424,0.29289869122636936,1.3647223203463355e-10
0.21952672795369424,0.293141056713524,1.3647222018747706e-10
0.21961184882533197,0.293141056713524,1.3647209770102816e-10
0.21961184882533197,0.29374697043141057,1.3647153999475403e-10
0.2196969696969697,0.29374697043141057,1.3647146815053965e-10
0.2196969696969697,0.29435288414929717,1.3647051374298086e-10
0.21986721144024515,0.29435288414929717,1.3646981087067773e-10
0.21986721144024515,0.2944740668928745,1.3646963082017504e-10
0.2200374531835206,0.2944740668928745,1.3646936428777473e-10
0.2200374531835206,0.2947164323800291,1.3646874792376838e-10
0.22029281579843377,0.2947164323800291,1.364672461337965e-10
0.22029281579843377,0.2949587978671837,1.3646694393160733e-10
0.2203779366700715,0.2949587978671837,1.3646681512915864e-10
0.2203779366700715,0.295079980610761,1.3646679790160696e-10
0.22046305754170922,0.295079980610761,1.364666994727512e-10
0.22046305754170922,0.2952011633543383,1.364663647592261e-10
0.22054817841334695,0.2952011633543383,1.3646611939674334e-10
0.22054817841334695,0.29532234609791563,1.3646600427342007e-10
0.22063329928498468,0.29532234609791563,1.3646551337096265e-10
0.22063329928498468,0.295443528841493,1.3646532624531065e-10
0.22080354102826014,0.295443528841493,1.3646476847195545e-10
0.22080354102826014,0.2955647115850703,1.3646475631272232e-10
0.2209737827715356,0.2955647115850703,1.3646467538695305e-10
0.2209737827715356,0.2956858943286476,1.364646722770699e-10
0.2210589036431733,0.2956858943286476,1.3646356262865418e-10
0.2210589036431733,0.2958070770722249,1.3646325661383466e-10
0.22114402451481102,0.2958070770722249,1.3646305639260426e-10
0.22114402451481102,0.29592825981580223,1.364628843264964e-10
0.22131426625808648,0.29592825981580223,1.3646237925330152e-10
0.22131426625808648,0.29604944255937954,1.3646223531605056e-10
0.2216547497446374,0.29604944255937954,1.364613690972329e-10
0.2216547497446374,0.29629180804653416,1.3646099962014036e-10
0.22173987061627512,0.29629180804653416,1.364604062230582e-10
0.22173987061627512,0.29641299079011146,1.3646005872254243e-10
0.22191011235955055,0.29641299079011146,1.3645989462433948e-10
0.22191011235955055,0.29701890450799806,1.364585832213498e-10
0.22216547497446373,0.29701890450799806,1.364575692521396e-10
0.22216547497446373,0.29714008725157537,1.364573693675795e-10
0.2223357167177392,0.29714008725157537,1.3645715186504036e-10
0.2223357167177392,0.29738245273873,1.3645558606400624e-10
0.22250595846101465,0.29738245273873,1.3645513056726313e-10
0.22250595846101465,0.2975036354823073,1.3645427965394353e-10
0.22284644194756553,0.2975036354823073,1.3645253264059627e-10
0.22284644194756553,0.2978671837130393,1.3645233074467254e-10
0.223016683690841,0.2978671837130393,1.3645164783713842e-10
0.223016683690841,0.2979883664566166,1.3645084174753596e-10
0.22310180456247872,0.2979883664566166,1.3645074499849912e-10
0.22310180456247872,0.2984730974309258,1.3645009421437794e-10
0.2233571671773919,0.2984730974309258,1.3644890988199207e-10
0.2233571671773919,0.2985942801745031,1.364488237352979e-10
0.22352740892066736,0.2985942801745031,1.364485155953187e-10
0.22352740892066736,0.2987154629180805,1.3644790767645142e-10
0.2236976506639428,0.2987154629180805,1.3644786324041657e-10
0.2236976506639428,0.2988366456616578,1.3644768825469226e-10
0.22378277153558052,0.2988366456616578,1.3644768690359949e-10
0.22378277153558052,0.29956374212312165,1.364457104618305e-10
0.22386789240721824,0.29956374212312165,1.3644563761402518e-10
0.22386789240721824,0.2998061076102763,1.3644499018798943e-10
0.22412325502213143,0.2998061076102763,1.3644423050665277e-10
0.22412325502213143,0.30029083858458555,1.3644301335010915e-10
0.22420837589376916,0.30029083858458555,1.3644243536824348e-10
0.22420837589376916,0.3006543868153175,1.364422452666834e-10
0.22437861763704461,0.3006543868153175,1.3644191006060667e-10
0.22437861763704461,0.3017450315075133,1.3644073265714496e-10
0.22446373850868234,0.3017450315075133,1.3644041599620704e-10
0.22446373850868234,0.301987396994668,1.3644004882546418e-10
0.22454885938032004,0.301987396994668,1.364400374235788e-10
0.22454885938032004,0.3023509452253999,1.3643884454356341e-10
0.22463398025195777,0.3023509452253999,1.364388111277642e-10
0.22463398025195777,0.3025933107125545,1.364385614383001e-10
0.2247191011235955,0.3025933107125545,1.3643844205147035e-10
0.2247191011235955,0.3029568589432865,1.3643761194116015e-10
0.22480422199523323,0.3029568589432865,1.3643751407843838e-10
0.22480422199523323,0.3030780416868638,1.364371520361132e-10
0.2250595846101464,0.3030780416868638,1.3643584293975936e-10
0.2250595846101464,0.3031992244304411,1.3643583780958133e-10
0.22514470548178414,0.3031992244304411,1.3643569666453268e-10
0.22514470548178414,0.30344158991759573,1.3643558190916742e-10
0.22522982635342187,0.30344158991759573,1.3643516505078586e-10
0.22522982635342187,0.30356277266117304,1.3643486593968663e-10
0.2254000680966973,0.30356277266117304,1.3643457148760226e-10
0.2254000680966973,0.30368395540475035,1.364345595059461e-10
0.22548518896833503,0.30368395540475035,1.3643454930398993e-10
0.22548518896833503,0.30380513814832766,1.3643451749312817e-10
0.2257405515832482,0.30380513814832766,1.3643314401465096e-10
0.2257405515832482,0.30392632089190497,1.3643313255648249e-10
0.2259959141981614,0.30392632089190497,1.3643285536133724e-10
0.2259959141981614,0.30404750363548233,1.3643284181172378e-10
0.22616615594143685,0.30404750363548233,1.364325918487622e-10
0.22616615594143685,0.30416868637905964,1.3643240594922405e-10
0.22625127681307455,0.30416868637905964,1.3643240291271033e-10
0.22625127681307455,0.30453223460979156,1.3643084539907055e-10
0.22633639768471228,0.30453223460979156,1.3643019846638124e-10
0.22633639768471228,0.30465341735336887,1.3642931801918456e-10
0.22650663942798774,0.30465341735336887,1.364290722135819e-10
0.22650663942798774,0.3047746000969462,1.364288951447074e-10
0.22659176029962547,0.3047746000969462,1.3642889228993466e-10
0.22659176029962547,0.30513814832767816,1.3642878443426634e-10
0.22718760640108954,0.30513814832767816,1.3642646477560827e-10
0.22718760640108954,0.30525933107125547,1.3642599037052065e-10
0.22727272727272727,0.30525933107125547,1.3642589583985602e-10
0.22727272727272727,0.3053805138148328,1.3642565750601348e-10
0.227357848144365,0.3053805138148328,1.364255983918929e-10
0.227357848144365,0.3055016965584101,1.364245365231216e-10
0.2276983316309159,0.3055016965584101,1.3642430341074893e-10
0.2276983316309159,0.3057440620455647,1.364243008049149e-10
0.22812393598910452,0.3057440620455647,1.3642378820442755e-10
0.22812393598910452,0.305865244789142,1.364233434653071e-10
0.22820905686074225,0.305865244789142,1.3642308365356908e-10
0.22820905686074225,0.3059864275327193,1.3642293114615945e-10
0.22854954034729316,0.3059864275327193,1.3642168031067034e-10
0.22854954034729316,0.3061076102762967,1.3642157294641917e-10
0.22889002383384405,0.3061076102762967,1.364210243292983e-10
0.22889002383384405,0.3063499757634513,1.364201643934798e-10
0.22914538644875723,0.3063499757634513,1.364197030041881e-10
0.22914538644875723,0.3064711585070286,1.3641862608022796e-10
0.22923050732039496,0.3064711585070286,1.3641850882279996e-10
0.22923050732039496,0.30683470673776053,1.3641772681013862e-10
0.22948586993530815,0.30683470673776053,1.3641732257294836e-10
0.22948586993530815,0.30695588948133784,1.3641725914600349e-10
0.2296561116785836,0.30695588948133784,1.364171472075628e-10
0.2296561116785836,0.3073194377120698,1.364167713837392e-10
0.2297412325502213,0.3073194377120698,1.364166866671556e-10
0.2297412325502213,0.30768298594280175,1.3641605598680753e-10
0.23016683690840994,0.30768298594280175,1.3641560700760945e-10
0.23016683690840994,0.30792535142995636,1.364155564919463e-10
0.2303370786516854,0.30792535142995636,1.3641514565914804e-10
0.2303370786516854,0.30804653417353367,1.3641483060759436e-10
0.23050732039496086,0.30804653417353367,1.364144748617779e-10
0.23050732039496086,0.308167716917111,1.3641433483403306e-10
0.23059244126659856,0.308167716917111,1.3641433224724004e-10
0.23059244126659856,0.30841008240426565,1.3641415317771268e-10
0.23084780388151174,0.30841008240426565,1.3641292011352677e-10
0.23084780388151174,0.30865244789142027,1.364126451932742e-10
0.2310180456247872,0.30865244789142027,1.3641246536770432e-10
0.2310180456247872,0.3087736306349976,1.3641224305255813e-10
0.23110316649642493,0.3087736306349976,1.3641197261933706e-10
0.23110316649642493,0.3091371788657295,1.3641035310662644e-10
0.23127340823970038,0.3091371788657295,1.364096238885905e-10
0.23127340823970038,0.3092583616093068,1.3640961433046328e-10
0.23152877085461354,0.3092583616093068,1.3640912101393934e-10
0.23152877085461354,0.3093795443528842,1.3640906812010632e-10
0.231699012597889,0.3093795443528842,1.36408162927957e-10
0.231699012597889,0.3095007270964615,1.364076878749265e-10
0.23178413346952673,0.3095007270964615,1.3640732108843144e-10
0.23178413346952673,0.3098642753271934,1.364067238091416e-10
0.23186925434116445,0.3098642753271934,1.3640639309115815e-10
0.23186925434116445,0.3099854580707707,1.3640544616809726e-10
0.23195437521280218,0.3099854580707707,1.36405376608501e-10
0.23195437521280218,0.310106640814348,1.364043436650759e-10
0.23220973782771537,0.310106640814348,1.3640261683436775e-10
0.23220973782771537,0.31022782355792533,1.3640261620298508e-10
0.23323118828736805,0.31022782355792533,1.364003181152764e-10
0.23323118828736805,0.31034900630150264,1.3639998208470122e-10
0.23331630915900578,0.31034900630150264,1.363998744811612e-10
0.2334014300306435,0.31047018904508,1.36399741406496e-10
0.2334014300306435,0.3105913717886573,1.3639946776262997e-10
0.23348655090228124,0.3105913717886573,1.363991777250535e-10
0.23348655090228124,0.3108337372758119,1.363988054755567e-10
0.23374191351719442,0.3108337372758119,1.3639731834368592e-10
0.23374191351719442,0.31095492001938924,1.363968219718872e-10
0.2340823970037453,0.31095492001938924,1.3639572672242405e-10
0.2340823970037453,0.31107610276296654,1.3639559461787646e-10
0.23416751787538304,0.31107610276296654,1.363951320145509e-10
0.23416751787538304,0.31131846825012116,1.3639497869173788e-10
0.23450800136193395,0.31131846825012116,1.3639323800551528e-10
0.23450800136193395,0.3114396509936985,1.363931745365903e-10
0.23459312223357168,0.3114396509936985,1.3639310067704887e-10
0.23459312223357168,0.31156083373727583,1.3639308741234244e-10
0.23476336397684713,0.31156083373727583,1.3639280326207354e-10
0.23476336397684713,0.3121667474551624,1.3639216294205333e-10
0.23493360572012256,0.3121667474551624,1.3639162072139324e-10
0.23493360572012256,0.3122879301987397,1.363915050843685e-10
0.2350187265917603,0.3122879301987397,1.3639069230898806e-10
0.2350187265917603,0.31253029568589435,1.363906188553221e-10
0.23510384746339802,0.31253029568589435,1.3639051981101815e-10
0.23510384746339802,0.31277266117304897,1.3639040411964863e-10
0.23518896833503575,0.31277266117304897,1.3639013440009296e-10
0.23518896833503575,0.3130150266602036,1.3638982438564366e-10
0.2353592100783112,0.3130150266602036,1.3638917298979757e-10
0.2353592100783112,0.3131362094037809,1.3638827102991348e-10
0.2356145726932244,0.3131362094037809,1.3638685962916933e-10
0.2356145726932244,0.3132573921473582,1.3638654040114253e-10
0.236040177051413,0.3132573921473582,1.3638587461442846e-10
0.236040177051413,0.3134997576345128,1.3638448221004749e-10
0.23621041879468846,0.3134997576345128,1.363843054384443e-10
0.23621041879468846,0.3136209403780902,1.3638430474736645e-10
0.2362955396663262,0.3136209403780902,1.3638429341976313e-10
0.2362955396663262,0.3137421231216675,1.3638416143412896e-10
0.23638066053796392,0.3137421231216675,1.3638388219828057e-10
0.23638066053796392,0.3142268540959767,1.3638345001051198e-10
0.23646578140960164,0.3142268540959767,1.3638300413495837e-10
0.23646578140960164,0.31446921958313134,1.3638261256658238e-10
0.23655090228123937,0.31446921958313134,1.3638181944957307e-10
0.23655090228123937,0.31459040232670865,1.363817280097025e-10
0.2367211440245148,0.31459040232670865,1.363807986124643e-10
0.2367211440245148,0.31495395055744063,1.363797520337681e-10
0.23680626489615253,0.31495395055744063,1.3637974760865367e-10
0.23680626489615253,0.31519631604459525,1.363792578614488e-10
0.23689138576779026,0.31519631604459525,1.363792088657641e-10
0.23689138576779026,0.31531749878817256,1.3637845464482717e-10
0.236976506639428,0.31531749878817256,1.3637777424250624e-10
0.236976506639428,0.31543868153174986,1.3637766820313906e-10
0.23714674838270344,0.31543868153174986,1.3637711038509977e-10
0.23714674838270344,0.3155598642753272,1.363769908125602e-10
0.2373169901259789,0.3155598642753272,1.3637675796151199e-10
0.2373169901259789,0.3156810470189045,1.3637657575983195e-10
0.23740211099761663,0.3156810470189045,1.363765716484729e-10
0.23740211099761663,0.31580222976248185,1.3637648252051953e-10
0.23748723186925433,0.31580222976248185,1.3637551056374122e-10
0.23748723186925433,0.31616577799321377,1.3637534924146896e-10
0.23765747361252978,0.31616577799321377,1.3637452659538357e-10
0.23765747361252978,0.3164081434803684,1.3637420516068346e-10
0.23791283622744297,0.3164081434803684,1.363734160125145e-10
0.23791283622744297,0.3165293262239457,1.363730665672832e-10
0.2379979570990807,0.3165293262239457,1.363728442614609e-10
0.2379979570990807,0.3171352399418323,1.3637080494087908e-10
0.23808307797071843,0.3171352399418323,1.36370788549747e-10
0.23808307797071843,0.3172564226854096,1.3637071690958664e-10
0.23816819884235615,0.3172564226854096,1.363707104044751e-10
0.23816819884235615,0.3173776054289869,1.3637047503086584e-10
0.23825331971399388,0.3173776054289869,1.3637005876138893e-10
0.23825331971399388,0.3174987881725642,1.363699512119347e-10
0.23833844058563158,0.3174987881725642,1.3636989949303053e-10
0.23833844058563158,0.31774115365971883,1.3636964984622297e-10
0.23859380320054477,0.31774115365971883,1.3636922123382157e-10
0.23859380320054477,0.3178623364032962,1.3636919748682098e-10
0.2386789240721825,0.3178623364032962,1.3636894284829221e-10
0.2386789240721825,0.3182258846340281,1.3636742525343472e-10
0.23884916581545795,0.3182258846340281,1.3636710638358295e-10
0.23884916581545795,0.31834706737760543,1.3636675712801287e-10
0.23893428668709568,0.31834706737760543,1.3636667216298925e-10
0.23893428668709568,0.31846825012118274,1.36366641967677e-10
0.2390194075587334,0.31846825012118274,1.3636661010618084e-10
0.2390194075587334,0.31871061560833736,1.3636651045109005e-10
0.23910452843037114,0.31871061560833736,1.3636632954055662e-10
0.23910452843037114,0.318952981095492,1.363646939840491e-10
0.23918964930200884,0.318952981095492,1.3636466434706688e-10
0.23918964930200884,0.31931652932622395,1.363642629784208e-10
0.23944501191692202,0.31931652932622395,1.363635232376087e-10
0.23944501191692202,0.31943771206980126,1.3636290823189826e-10
0.23978549540347294,0.31943771206980126,1.3636259767536304e-10
0.23978549540347294,0.3196800775569559,1.3636143626541295e-10
0.23987061627511067,0.3196800775569559,1.3636119597041439e-10
0.23987061627511067,0.3199224430441105,1.3635951721921458e-10
0.2399557371467484,0.3199224430441105,1.3635931958863585e-10
0.2399557371467484,0.32004362578768786,1.363591698546788e-10
0.24004085801838612,0.32004362578768786,1.3635898662113261e-10
0.24004085801838612,0.32016480853126517,1.3635897434040857e-10
0.24021109976166155,0.32016480853126517,1.3635812595986005e-10
0.24021109976166155,0.3202859912748425,1.3635765584267252e-10
0.24029622063329928,0.3202859912748425,1.3635734088615804e-10
0.24029622063329928,0.3206495395055744,1.3635715018065741e-10
0.240381341504937,0.3206495395055744,1.3635696382786347e-10
0.240381341504937,0.3210130877363063,1.3635452247965964e-10
0.24046646237657474,0.3210130877363063,1.3635424009332695e-10
0.24046646237657474,0.3211342704798837,1.3635422954045632e-10
0.24072182499148792,0.3211342704798837,1.3635331906101513e-10
0.24072182499148792,0.3213766359670383,1.3635292414628375e-10
0.24089206673476338,0.3213766359670383,1.3635260328122911e-10
0.24089206673476338,0.3214978187106156,1.3635243865669556e-10
0.24114742934967653,0.3214978187106156,1.3634933780287662e-10
0.24114742934967653,0.3216190014541929,1.3634881513355924e-10
0.24140279196458972,0.3216190014541929,1.3634823957579556e-10
0.24140279196458972,0.32174018419777023,1.3634820468256809e-10
0.24157303370786518,0.32174018419777023,1.3634751219266842e-10
0.24157303370786518,0.32198254968492485,1.363473092708782e-10
0.24182839632277833,0.32198254968492485,1.363463532105425e-10
0.24182839632277833,0.3223460979156568,1.3634471047657955e-10
0.24191351719441606,0.3223460979156568,1.3634431907112914e-10
0.24191351719441606,0.32246728065923413,1.363440398325785e-10
0.24225400068096697,0.32246728065923413,1.3634104771910456e-10
0.24225400068096697,0.32258846340281144,1.3634095125298523e-10
0.24242424242424243,0.32258846340281144,1.3634057625656484e-10
0.24242424242424243,0.32270964614638875,1.3634055827145058e-10
0.24250936329588016,0.32270964614638875,1.3633979067412874e-10
0.24250936329588016,0.32283082888996606,1.3633959242943409e-10
0.2426796050391556,0.32283082888996606,1.363393861260557e-10
0.2426796050391556,0.3230731943771207,1.3633856849631627e-10
0.24293496765406877,0.3230731943771207,1.3633789537167073e-10
0.24293496765406877,0.32319437712069804,1.363376558150014e-10
0.24310520939734423,0.32319437712069804,1.3633723022273113e-10
0.24310520939734423,0.32331555986427535,1.3633722738375654e-10
0.24344569288389514,0.32331555986427535,1.3633580066075825e-10
0.24344569288389514,0.32355792535142996,1.363354977025533e-10
0.2437010554988083,0.32355792535142996,1.3633474371006821e-10
0.2437010554988083,0.3236791080950073,1.3633456008939124e-10
0.2440415389853592,0.3236791080950073,1.3633419728984848e-10
0.2440415389853592,0.3238002908385846,1.3633418440676989e-10
0.24421178072863467,0.3238002908385846,1.3633312348569746e-10
0.24421178072863467,0.3240426563257392,1.3633165590406383e-10
0.2443820224719101,0.3240426563257392,1.3633130654976864e-10
0.2443820224719101,0.3245273873000485,1.3633025645147978e-10
0.24463738508682328,0.3245273873000485,1.3632972794802693e-10
0.24463738508682328,0.3246485700436258,1.3632970399295334e-10
0.24480762683009874,0.3246485700436258,1.3632960758707582e-10
0.24480762683009874,0.3248909355307804,1.363290558821857e-10
0.24489274770173647,0.3248909355307804,1.3632895538510056e-10
0.24489274770173647,0.32513330101793503,1.363277494435198e-10
0.2454034729315628,0.32513330101793503,1.363272114858888e-10
0.2454034729315628,0.32634512845370817,1.363255848321738e-10
0.24548859380320054,0.32634512845370817,1.363255311727714e-10
0.24548859380320054,0.32646631119728553,1.3632552923822975e-10
0.245658835546476,0.32646631119728553,1.36325501269599e-10
0.245658835546476,0.32658749394086284,1.3632547967596889e-10
0.24591419816138918,0.32658749394086284,1.3632438524867897e-10
0.24591419816138918,0.32682985942801746,1.3632340525607275e-10
0.24616956077630234,0.32682985942801746,1.3632332501848573e-10
0.24616956077630234,0.32695104217159476,1.3632304444054644e-10
0.24625468164794007,0.32695104217159476,1.363220712151962e-10
0.24625468164794007,0.32707222491517207,1.3632206943872344e-10
0.24642492339121552,0.32707222491517207,1.363217964736213e-10
0.24642492339121552,0.3273145904023267,1.3631971155358798e-10
0.2466802860061287,0.3273145904023267,1.3631815733489699e-10
0.2466802860061287,0.327435773145904,1.363179964493288e-10
0.2469356486210419,0.327435773145904,1.363167553856796e-10
0.2469356486210419,0.32755695588948136,1.363164890357021e-10
0.2470207694926796,0.32755695588948136,1.3631618384178188e-10
0.2470207694926796,0.32767813863305867,1.3631577048440705e-10
0.2473612529792305,0.32767813863305867,1.3631477920428974e-10
0.2473612529792305,0.327799321376636,1.3631465059331494e-10
0.24744637385086823,0.327799321376636,1.3631449330215018e-10
0.24744637385086823,0.3279205041202133,1.3631448310767656e-10
0.2480422199523323,0.3279205041202133,1.3631239551082486e-10
0.2480422199523323,0.3280416868637906,1.3631115248183455e-10
0.24812734082397003,0.3280416868637906,1.3631059040787416e-10
0.24812734082397003,0.3285264178380999,1.363097197828224e-10
0.24838270343888322,0.3285264178380999,1.3630925188874723e-10
0.24838270343888322,0.3286476005816772,1.363086473999612e-10
0.24846782431052095,0.3286476005816772,1.3630857148536074e-10
0.24846782431052095,0.3288899660688318,1.36308312370615e-10
0.2486380660537964,0.3288899660688318,1.3630817558040454e-10
0.2486380660537964,0.32949587978671835,1.3630627567591197e-10
0.2487231869254341,0.32949587978671835,1.3630568373266687e-10
0.2487231869254341,0.3296170625302957,1.363055831573507e-10
0.2493190330268982,0.3296170625302957,1.3630386597695514e-10
0.2493190330268982,0.32985942801745033,1.3630377303071364e-10
0.24940415389853593,0.32985942801745033,1.3630321711964232e-10
0.24940415389853593,0.33010179350460495,1.3630225548697663e-10
0.24948927477017366,0.33010179350460495,1.363019549697379e-10
0.24948927477017366,0.33022297624818225,1.3630172189227033e-10
0.24982975825672454,0.33022297624818225,1.3630058566603247e-10
0.24982975825672454,0.33046534173533687,1.3629967207504043e-10
0.24991487912836227,0.33046534173533687,1.3629964785120865e-10
0.24991487912836227,0.33070770722249154,1.362981264826902e-10
0.2500851208716377,0.33070770722249154,1.3629702612292688e-10
0.2500851208716377,0.3313136209403781,1.3629517463708215e-10
0.25017024174327546,0.3313136209403781,1.3629481938511123e-10
0.25017024174327546,0.33167716917111,1.36294032449893e-10
0.25025536261491316,0.33167716917111,1.362937349244482e-10
0.25025536261491316,0.3317983519146874,1.3629373358408958e-10
0.2504256043581886,0.3317983519146874,1.362935288277684e-10
0.2504256043581886,0.3322830828889966,1.3629015442416416e-10
0.25051072522982637,0.3322830828889966,1.3628954809172862e-10
0.25051072522982637,0.3325254483761512,1.362895328805199e-10
0.25059584610146407,0.3325254483761512,1.3628944713495837e-10
0.25059584610146407,0.33264663111972853,1.362883756318251e-10
0.2508512087163773,0.33264663111972853,1.362874107031445e-10
0.2508512087163773,0.3330101793504605,1.3628679049155668e-10
0.25110657133129044,0.3330101793504605,1.3628546304846423e-10
0.25110657133129044,0.3331313620940378,1.3628493545849422e-10
0.25119169220292814,0.3331313620940378,1.3628423202473418e-10
0.25119169220292814,0.33325254483761513,1.3628386880116664e-10
0.2516172965611168,0.33325254483761513,1.3628316044566398e-10
0.2516172965611168,0.33349491032476974,1.3628244321905388e-10
0.2517875383043922,0.33349491032476974,1.3628163515290272e-10
0.2517875383043922,0.33385845855550167,1.3627935469357644e-10
0.2520429009193054,0.33385845855550167,1.362790127674315e-10
0.2520429009193054,0.33434318952981096,1.3627823075431564e-10
0.2521280217909431,0.33434318952981096,1.362777706788311e-10
0.2521280217909431,0.33446437227338827,1.3627586545140296e-10
0.2522982635342186,0.33446437227338827,1.3627474326898023e-10
0.2522982635342186,0.3345855550169656,1.3627374802335385e-10
0.25238338440585634,0.3345855550169656,1.3627371173391824e-10
0.25238338440585634,0.3347067377605429,1.362733669130348e-10
0.2527238678924072,0.3347067377605429,1.3627186304885376e-10
0.2527238678924072,0.3348279205041202,1.3627180384705443e-10
0.25280898876404495,0.3348279205041202,1.3627141491235e-10
0.25280898876404495,0.33519146873485217,1.3627119749437093e-10
0.2529792305073204,0.33519146873485217,1.3627113728664782e-10
0.2529792305073204,0.335918565196316,1.3626829021457426e-10
0.2530643513789581,0.335918565196316,1.3626824811379638e-10
0.2530643513789581,0.3360397479398934,1.362679763525951e-10
0.25314947225059586,0.3360397479398934,1.3626792122956267e-10
0.25314947225059586,0.336282113427048,1.362674612172351e-10
0.25323459312223356,0.336282113427048,1.3626716695800136e-10
0.25323459312223356,0.3366456616577799,1.3626620332318497e-10
0.2533197139938713,0.3366456616577799,1.362661182094057e-10
0.2533197139938713,0.33676684440135723,1.362655290834322e-10
0.2535750766087845,0.33676684440135723,1.3626503741796918e-10
0.2535750766087845,0.33700920988851185,1.3626360094761034e-10
0.2539155600953354,0.33700920988851185,1.3626229155854488e-10
0.2539155600953354,0.3372515753756665,1.362608967691288e-10
0.2540006809669731,0.3372515753756665,1.3626044925683573e-10
0.2540006809669731,0.33749394086282114,1.3625914919067296e-10
0.25417092271024855,0.33749394086282114,1.362590155431357e-10
0.25417092271024855,0.3379786718371304,1.3625778885008144e-10
0.254341164453524,0.3379786718371304,1.3625733540714116e-10
0.254341164453524,0.33834222006786235,1.3625675081909968e-10
0.2544262853251617,0.33834222006786235,1.3625638910518716e-10
0.2544262853251617,0.3388269510421716,1.3625455523799076e-10
0.2546816479400749,0.3388269510421716,1.3625330195560447e-10
0.2546816479400749,0.3390693165293262,1.3625288563935876e-10
0.2547667688117126,0.3390693165293262,1.362521693712343e-10
0.2547667688117126,0.3393116820164809,1.3625154387054575e-10
0.2548518896833504,0.3393116820164809,1.36251514786767e-10
0.2548518896833504,0.3397964129907901,1.362510030208467e-10
0.2549370105549881,0.3397964129907901,1.3625086533215618e-10
0.2549370105549881,0.3404023267086767,1.362464559082197e-10
0.2556179775280899,0.3404023267086767,1.362436644099466e-10
0.2556179775280899,0.340523509452254,1.362424235097891e-10
0.25587334014300306,0.340523509452254,1.3624128066383682e-10
0.25587334014300306,0.3406446921958313,1.3623984447219587e-10
0.2568947906026558,0.3406446921958313,1.3623590587539066e-10
0.2568947906026558,0.34076587493940863,1.3623571985380637e-10
0.2569799114742935,0.34076587493940863,1.3623523705189607e-10
0.2569799114742935,0.34088705768298594,1.3623518532595385e-10
0.25715015321756896,0.34088705768298594,1.3623379293573915e-10
0.25715015321756896,0.34100824042656325,1.3623378230116545e-10
0.2573203949608444,0.34100824042656325,1.3623343342984083e-10
0.2573203949608444,0.34125060591371786,1.3623310299542734e-10
0.25749063670411987,0.34125060591371786,1.362318791937765e-10
0.25749063670411987,0.3413717886572952,1.3623166725793202e-10
0.2579162410623085,0.3413717886572952,1.3623106007339633e-10
0.2579162410623085,0.34149297140087254,1.3622977346967116e-10
0.2585972080354103,0.34149297140087254,1.3622805797215494e-10
0.2585972080354103,0.34197770237518177,1.362267918477124e-10
0.258682328907048,0.34197770237518177,1.3622636184367122e-10
0.258682328907048,0.3420988851187591,1.3622635167853344e-10
0.2587674497786857,0.3420988851187591,1.362261116302526e-10
0.2587674497786857,0.3423412506059137,1.3622593992137962e-10
0.25885257065032347,0.3423412506059137,1.3622588994078108e-10
0.25885257065032347,0.34258361609306837,1.3622537434806337e-10
0.25893769152196117,0.34258361609306837,1.3622497336991552e-10
0.25893769152196117,0.3427047988366457,1.3622495830804964e-10
0.2591930541368744,0.3427047988366457,1.3622477590613215e-10
0.2591930541368744,0.3430683470673776,1.3622239235702731e-10
0.2592781750085121,0.3430683470673776,1.3622232624128645e-10
0.2592781750085121,0.3431895298109549,1.362221276545364e-10
0.25953353762342524,0.3431895298109549,1.3621964606674072e-10
0.25953353762342524,0.3433107125545322,1.3621930355427746e-10
0.259618658495063,0.3433107125545322,1.3621889990034162e-10
0.259618658495063,0.3434318952981095,1.3621866461859554e-10
0.2602996254681648,0.3434318952981095,1.3621428953932228e-10
0.2602996254681648,0.3435530780416869,1.3621365376213968e-10
0.2604698672114402,0.3435530780416869,1.3621335873250015e-10
0.2604698672114402,0.3440378090159961,1.3621122993477594e-10
0.260554988083078,0.3440378090159961,1.3621113909589604e-10
0.260554988083078,0.34452253999030535,1.3621037840296154e-10
0.26072522982635343,0.34452253999030535,1.3621002736129402e-10
0.26072522982635343,0.34476490547746,1.362086833143153e-10
0.26081035069799113,0.34476490547746,1.3620827874442007e-10
0.26081035069799113,0.34488608822103733,1.3620827826508883e-10
0.26106571331290435,0.34488608822103733,1.3620808265309774e-10
0.26106571331290435,0.34500727096461464,1.362076822646588e-10
0.2613210759278175,0.34500727096461464,1.3620666145387966e-10
0.2613210759278175,0.34524963645176926,1.3620480706888395e-10
0.2614061967994552,0.34524963645176926,1.3620450041501212e-10
0.2614061967994552,0.34537081919534657,1.3620421112036058e-10
0.26149131767109296,0.34537081919534657,1.3620406848623933e-10
0.26149131767109296,0.3456131846825012,1.3620291575981483e-10
0.2616615594143684,0.3456131846825012,1.362024862281678e-10
0.2616615594143684,0.3463402811439651,1.3620101305597814e-10
0.2619169220292816,0.3463402811439651,1.361998382771874e-10
0.2619169220292816,0.3464614638875424,1.361992568293611e-10
0.26208716377255703,0.3464614638875424,1.3619868490783085e-10
0.26208716377255703,0.34670382937469707,1.3619671911171974e-10
0.26217228464419473,0.34670382937469707,1.3619652832758378e-10
0.26217228464419473,0.3468250121182744,1.3619612803105308e-10
0.2622574055158325,0.3468250121182744,1.3619606268169003e-10
0.2622574055158325,0.347067377605429,1.3619452753631962e-10
0.2623425263874702,0.347067377605429,1.3619441058418514e-10
0.2623425263874702,0.3474309258361609,1.3619396893368132e-10
0.26242764725910794,0.3474309258361609,1.3619377756860956e-10
0.26242764725910794,0.3481580222976248,1.3619113067879839e-10
0.2625978890023834,0.3481580222976248,1.361898069768276e-10
0.2625978890023834,0.34827920504120213,1.3618965297461103e-10
0.26276813074565886,0.34827920504120213,1.361888498201495e-10
0.26276813074565886,0.34852157052835675,1.3618810217022857e-10
0.2629383724889343,0.34852157052835675,1.3618748861542695e-10
0.2629383724889343,0.34876393601551137,1.3618672460016931e-10
0.263023493360572,0.34876393601551137,1.3618661341121208e-10
0.263023493360572,0.34900630150266604,1.3618622619968662e-10
0.2631086142322097,0.34900630150266604,1.361860931230629e-10
0.2631086142322097,0.34912748424624335,1.3618605228053724e-10
0.26319373510384747,0.34912748424624335,1.3618541000329308e-10
0.26319373510384747,0.34949103247697527,1.3618358419307038e-10
0.2633639768471229,0.34949103247697527,1.3618276837562443e-10
0.2633639768471229,0.3498545807077072,1.3618159432641877e-10
0.2636193394620361,0.3498545807077072,1.3618051801349356e-10
0.2636193394620361,0.34997576345128456,1.3618051120393412e-10
0.26370446033367384,0.34997576345128456,1.361803201221234e-10
0.26370446033367384,0.35009694619486187,1.3617963701810727e-10
0.26387470207694924,0.35009694619486187,1.3617938908047347e-10
0.26387470207694924,0.3502181289384392,1.3617933051062658e-10
0.26413006469186245,0.3502181289384392,1.3617869762088917e-10
0.26413006469186245,0.3507028599127484,1.3617815887660752e-10
0.26455566905005107,0.3507028599127484,1.3617682185391445e-10
0.26455566905005107,0.350945225399903,1.3617604545561023e-10
0.2646407899216888,0.350945225399903,1.3617602094580128e-10
0.2646407899216888,0.3510664081434804,1.361758335512338e-10
0.2647259107933265,0.3510664081434804,1.3617450805052913e-10
0.2647259107933265,0.3511875908870577,1.3617410554273188e-10
0.2648110316649642,0.3511875908870577,1.3617394679243765e-10
0.2648110316649642,0.3514299563742123,1.3617346442361107e-10
0.264896152536602,0.3514299563742123,1.3617316964208235e-10
0.264896152536602,0.3515511391177896,1.3617315033244172e-10
0.26515151515151514,0.3515511391177896,1.3617091094670028e-10
0.26515151515151514,0.35191468734852155,1.3616963723492312e-10
0.2652366360231529,0.35191468734852155,1.3616952528682504e-10
0.2652366360231529,0.3521570528356762,1.361679954684062e-10
0.2653217568947906,0.3521570528356762,1.3616766053597212e-10
0.2653217568947906,0.35227823557925353,1.3616655499240283e-10
0.26540687776642835,0.35227823557925353,1.361665429540105e-10
0.26540687776642835,0.35239941832283084,1.361664713225491e-10
0.26549199863806605,0.35239941832283084,1.361662688057691e-10
0.26549199863806605,0.35264178380998545,1.3616609551116498e-10
0.26583248212461696,0.35264178380998545,1.3616529426008217e-10
0.26583248212461696,0.3530053320407174,1.361642994502003e-10
0.2660027238678924,0.3530053320407174,1.3616394890824574e-10
0.2660027238678924,0.35312651478429474,1.3616384615770385e-10
0.2660878447395301,0.35312651478429474,1.3616362745283316e-10
0.2660878447395301,0.35336888027144936,1.361628346154872e-10
0.2661729656111679,0.35336888027144936,1.361627539645346e-10
0.2661729656111679,0.353611245758604,1.361624455277449e-10
0.26634320735444333,0.353611245758604,1.3616115627749285e-10
0.26634320735444333,0.3537324285021813,1.3616087946718393e-10
0.26651344909771874,0.3537324285021813,1.361607252663964e-10
0.26651344909771874,0.3538536112457586,1.3616071864556617e-10
0.26685393258426965,0.3538536112457586,1.3615857389415662e-10
0.26685393258426965,0.3543383422200679,1.3615753808077278e-10
0.2669390534559074,0.3543383422200679,1.361574886740896e-10
0.2669390534559074,0.3547018904507998,1.3615638211557496e-10
0.2670241743275451,0.3547018904507998,1.361562283318065e-10
0.2670241743275451,0.3549442559379544,1.3615563509549815e-10
0.2675348995573715,0.3549442559379544,1.3615330943532368e-10
0.2675348995573715,0.35506543868153173,1.3615307430686872e-10
0.26779026217228463,0.35506543868153173,1.3615162887380555e-10
0.26779026217228463,0.35518662142510904,1.361506457410717e-10
0.2678753830439224,0.35518662142510904,1.361505478670922e-10
0.2678753830439224,0.3554289869122637,1.3615023177024262e-10
0.2679605039155601,0.3554289869122637,1.3614985421364669e-10
0.2679605039155601,0.355550169655841,1.3614971554423357e-10
0.26804562478719784,0.355550169655841,1.3614955951960826e-10
0.26804562478719784,0.35567135239941833,1.361495393029548e-10
0.268300987402111,0.35567135239941833,1.3614917434249348e-10
0.268300987402111,0.35579253514299564,1.361489748817585e-10
0.2683861082737487,0.35579253514299564,1.3614857782053868e-10
0.2683861082737487,0.35603490063015025,1.3614597417579998e-10
0.26847122914538646,0.35603490063015025,1.361455522324133e-10
0.26847122914538646,0.35615608337372756,1.3614554048475064e-10
0.26855635001702416,0.35615608337372756,1.3614524153642916e-10
0.26855635001702416,0.35627726611730487,1.3614519799393826e-10
0.26898195437521283,0.35627726611730487,1.3614453888553423e-10
0.26898195437521283,0.35639844886088223,1.3614405967591394e-10
0.269237316990126,0.35639844886088223,1.3614355062471053e-10
0.269237316990126,0.3570043625787688,1.3614216830322497e-10
0.2693224378617637,0.3570043625787688,1.361421260790495e-10
0.2693224378617637,0.3571255453223461,1.361418940240153e-10
0.2695778004766769,0.3571255453223461,1.3614057611789578e-10
0.2695778004766769,0.3573679108095007,1.3614029333531238e-10
0.2696629213483146,0.3573679108095007,1.361401547354686e-10
0.2696629213483146,0.35748909355307806,1.3613932236133557e-10
0.26983316309159006,0.35748909355307806,1.361393093991517e-10
0.26983316309159006,0.3579738245273873,1.3613864667864163e-10
0.2700034048348655,0.3579738245273873,1.3613825593401524e-10
0.2700034048348655,0.3580950072709646,1.361378713522779e-10
0.27017364657814097,0.3580950072709646,1.3613679341000327e-10
0.27017364657814097,0.3582161900145419,1.3613660018728083e-10
0.27025876744977867,0.3582161900145419,1.3613658852778694e-10
0.27025876744977867,0.3583373727581192,1.3613646867354e-10
0.2703438883214164,0.3583373727581192,1.361361891679933e-10
0.2703438883214164,0.3588221037324285,1.361358852907486e-10
0.27068437180796734,0.3588221037324285,1.3613558445820653e-10
0.27068437180796734,0.3589432864760058,1.361347852959878e-10
0.27085461355124274,0.3589432864760058,1.3613430121958483e-10
0.27085461355124274,0.3590644692195831,1.3613411660108343e-10
0.2710248552945182,0.3590644692195831,1.3613391180489664e-10
0.2710248552945182,0.35918565196316043,1.3613372286275968e-10
0.27110997616615595,0.35918565196316043,1.3613283412561849e-10
0.27110997616615595,0.3595492001938924,1.3613115388286774e-10
0.2712802179094314,0.3595492001938924,1.3612930901055214e-10
0.2712802179094314,0.35979156568104703,1.36128985100648e-10
0.2713653387810691,0.35979156568104703,1.361289067618681e-10
0.2713653387810691,0.35991274842462434,1.361285339676914e-10
0.27170582226762,0.35991274842462434,1.3612756628593434e-10
0.27170582226762,0.36003393116820165,1.3612634673904358e-10
0.2718760640108955,0.36003393116820165,1.3612577005233455e-10
0.2718760640108955,0.36015511391177896,1.3612557477218136e-10
0.27204630575417094,0.36015511391177896,1.3612505697680152e-10
0.27204630575417094,0.36027629665535627,1.3612492804404568e-10
0.2722165474974464,0.36027629665535627,1.3612431353916712e-10
0.2722165474974464,0.36063984488608825,1.3612328418136964e-10
0.27255703098399725,0.36063984488608825,1.3612176945819206e-10
0.27255703098399725,0.36076102762966555,1.3612163616333729e-10
0.27281239359891046,0.36076102762966555,1.3612035693933655e-10
0.27281239359891046,0.36088221037324286,1.361203502322051e-10
0.2729826353421859,0.36088221037324286,1.3611871818782316e-10
0.2729826353421859,0.3611245758603975,1.361181587210448e-10
0.2736636023152877,0.3611245758603975,1.3611577707224983e-10
0.2736636023152877,0.3614881240911294,1.36115576342475e-10
0.27374872318692545,0.3614881240911294,1.3611515379934904e-10
0.27374872318692545,0.3616093068347067,1.36113134538869e-10
0.2739189649302009,0.3616093068347067,1.3611300358869769e-10
0.2739189649302009,0.3618516723218614,1.3610985292232267e-10
0.2740040858018386,0.3618516723218614,1.3610967953196423e-10
0.2740040858018386,0.3619728550654387,1.361094721687503e-10
0.27408920667347636,0.3619728550654387,1.361089649074172e-10
0.27408920667347636,0.3624575860397479,1.361069512542174e-10
0.27417432754511406,0.3624575860397479,1.3610672343987737e-10
0.27417432754511406,0.36257876878332523,1.3610672309729506e-10
0.27519577800476674,0.36257876878332523,1.3610337207694954e-10
0.27519577800476674,0.36269995152690254,1.3610327335444037e-10
0.27553626149131766,0.36269995152690254,1.3610119606353168e-10
0.27553626149131766,0.36318468250121183,1.3610080636317374e-10
0.2757065032345931,0.36318468250121183,1.3609991442364214e-10
0.2757065032345931,0.36354823073194376,1.3609974729888278e-10
0.27587674497786857,0.36354823073194376,1.3609891283016538e-10
0.27587674497786857,0.36427532719340766,1.3609758832184636e-10
0.27613210759278173,0.36427532719340766,1.3609682027725228e-10
0.27613210759278173,0.36439650993698497,1.3609561775293422e-10
0.2762172284644195,0.36439650993698497,1.360953417770591e-10
0.2762172284644195,0.3647600581677169,1.3609414716388709e-10
0.27638747020769494,0.3647600581677169,1.3609386503781683e-10
0.27638747020769494,0.36500242365487157,1.3609347874612784e-10
0.2765577119509704,0.36500242365487157,1.360933565136364e-10
0.2765577119509704,0.3651236063984489,1.36092362355318e-10
0.27681307456588355,0.3651236063984489,1.360917391094444e-10
0.27681307456588355,0.3652447891420262,1.3609088580785266e-10
0.27715355805243447,0.3652447891420262,1.3608930949326036e-10
0.27715355805243447,0.3654871546291808,1.3608809209283492e-10
0.27723867892407217,0.3654871546291808,1.360872166952129e-10
0.27723867892407217,0.3656083373727581,1.3608611952669553e-10
0.277919645897174,0.3656083373727581,1.3608485846471928e-10
0.277919645897174,0.3657295201163354,1.3608485775936092e-10
0.2783452502553626,0.3657295201163354,1.3608387564182767e-10
0.2783452502553626,0.3659718856034901,1.3608288929121552e-10
0.27851549199863807,0.3659718856034901,1.3608257594123326e-10
0.27851549199863807,0.3660930683470674,1.3608249045589368e-10
0.27860061287027577,0.3660930683470674,1.360822836731811e-10
0.27860061287027577,0.36669898206495394,1.3607883323159431e-10
0.278855975485189,0.36669898206495394,1.3607857312026178e-10
0.278855975485189,0.36694134755210855,1.3607829075146114e-10
0.27902621722846443,0.36694134755210855,1.360763315382874e-10
0.27902621722846443,0.3671837130392632,1.3607605657977196e-10
0.2791964589717399,0.3671837130392632,1.3607535626420138e-10
0.2791964589717399,0.36742607852641784,1.360737770106344e-10
0.2792815798433776,0.36742607852641784,1.360737137185565e-10
0.2792815798433776,0.36766844401357246,1.360733650641336e-10
0.2797071842015662,0.36766844401357246,1.3607025940360965e-10
0.2797071842015662,0.3679108095007271,1.3606950638402787e-10
0.2799625468164794,0.3679108095007271,1.3606841236707162e-10
0.2799625468164794,0.3680319922443044,1.3606829074102007e-10
0.2800476676881171,0.3680319922443044,1.3606825947093404e-10
0.2800476676881171,0.3685167232186137,1.3606779332412712e-10
0.28072863466121895,0.3685167232186137,1.360666155851367e-10
0.28072863466121895,0.368637905962191,1.3606642115725137e-10
0.28081375553285665,0.368637905962191,1.3606620249559236e-10
0.28081375553285665,0.3688802714493456,1.360655650328621e-10
0.2809839972761321,0.3688802714493456,1.360652511014833e-10
0.2809839972761321,0.3690014541929229,1.3606422487066426e-10
0.28115423901940756,0.3690014541929229,1.360629601587542e-10
0.28115423901940756,0.3691226369365002,1.3606289840869272e-10
0.2815798433775962,0.3691226369365002,1.3606217797737286e-10
0.2815798433775962,0.3692438196800776,1.3606193872860624e-10
0.2818352059925094,0.3692438196800776,1.360610080916791e-10
0.2818352059925094,0.3693650024236549,1.3606030863550546e-10
0.2819203268641471,0.3693650024236549,1.3606016844755286e-10
0.2819203268641471,0.3694861851672322,1.3605944327055037e-10
0.28200544773578484,0.3694861851672322,1.3605925370891384e-10
0.28200544773578484,0.3697285506543868,1.3605892052262958e-10
0.28209056860742254,0.3697285506543868,1.360586466436669e-10
0.28209056860742254,0.36997091614154143,1.3605862317720355e-10
0.2823459312223357,0.36997091614154143,1.360574872811016e-10
0.2823459312223357,0.37009209888511874,1.3605703179475616e-10
0.28243105209397346,0.37009209888511874,1.360570292561442e-10
0.28243105209397346,0.3702132816286961,1.3605567635183957e-10
0.28251617296561116,0.3702132816286961,1.3605563547458905e-10
0.28251617296561116,0.3703344643722734,1.3605495413826051e-10
0.28294177732379977,0.3703344643722734,1.3605297115569222e-10
0.28294177732379977,0.3704556471158507,1.3605282536721495e-10
0.2830268981954375,0.3704556471158507,1.360527860170465e-10
0.2830268981954375,0.370576829859428,1.3605236461102315e-10
0.283197139938713,0.370576829859428,1.3605194967624447e-10
0.283197139938713,0.37094037809015995,1.3605013973794382e-10
0.2832822608103507,0.37094037809015995,1.360501299723685e-10
0.2832822608103507,0.37130392632089193,1.3604946557300937e-10
0.2839632277834525,0.37130392632089193,1.3604762213514924e-10
0.2839632277834525,0.37154629180804655,1.3604583766533663e-10
0.28413346952672797,0.37154629180804655,1.3604513789956467e-10
0.28413346952672797,0.3720310227823558,1.360437197828325e-10
0.2843888321416411,0.3720310227823558,1.3604276624824286e-10
0.2843888321416411,0.3722733882695104,1.360424693124017e-10
0.2848995573714675,0.3722733882695104,1.360399331920523e-10
0.2848995573714675,0.37239457101308776,1.360398811212522e-10
0.28506979911474295,0.37239457101308776,1.3603949876827823e-10
0.28506979911474295,0.37251575375666507,1.3603943252411558e-10
0.28541028260129386,0.37251575375666507,1.3603825352718234e-10
0.28541028260129386,0.3730004847309743,1.360363818973827e-10
0.2857507660878447,0.3730004847309743,1.3603405276723965e-10
0.2857507660878447,0.3732428502181289,1.3603322727059275e-10
0.28609124957439563,0.3732428502181289,1.3603212582786867e-10
0.28609124957439563,0.3737275811924382,1.3603187201975149e-10
0.2861763704460334,0.3737275811924382,1.360316514331589e-10
0.2861763704460334,0.3739699466795928,1.360313102229115e-10
0.2862614913176711,0.3739699466795928,1.360302347725309e-10
0.2862614913176711,0.37433349491032475,1.3602987225959122e-10
0.2863466121893088,0.37433349491032475,1.3602976019445412e-10
0.2863466121893088,0.37445467765390206,1.3602912432283454e-10
0.28643173306094655,0.37445467765390206,1.3602815737416684e-10
0.28643173306094655,0.3745758603974794,1.360275529164164e-10
0.2869424582907729,0.3745758603974794,1.3602616598995502e-10
0.2869424582907729,0.37518177411536596,1.3602552802983284e-10
0.2871978209056861,0.37518177411536596,1.3602505377623257e-10
0.2871978209056861,0.37530295685894327,1.3602505346131648e-10
0.2872829417773238,0.37530295685894327,1.3602430558635598e-10
0.2872829417773238,0.37554532234609794,1.3602396981150856e-10
0.28736806264896153,0.37554532234609794,1.3602381236236502e-10
0.28736806264896153,0.37566650508967525,1.360235542183522e-10
0.2876234252638747,0.37566650508967525,1.360214645043492e-10
0.2876234252638747,0.3760300533204072,1.3602126770891713e-10
0.28770854613551244,0.3760300533204072,1.360207415439933e-10
0.28770854613551244,0.3761512360639845,1.3602039059547292e-10
0.2878787878787879,0.3761512360639845,1.360197319108084e-10
0.2878787878787879,0.3766359670382938,1.360176187515065e-10
0.28804902962206336,0.3766359670382938,1.3601707522376356e-10
0.28804902962206336,0.3769995152690257,1.3601584901803433e-10
0.2883043922369765,0.3769995152690257,1.3601510873176557e-10
0.2883043922369765,0.377120698012603,1.3601506810105473e-10
0.2883895131086142,0.377120698012603,1.3601496801073006e-10
0.2883895131086142,0.3772418807561803,1.3601481417963877e-10
0.28847463398025197,0.3772418807561803,1.3601474327363342e-10
0.28847463398025197,0.37748424624333493,1.3601363100289057e-10
0.28855975485188967,0.37748424624333493,1.3601361564745353e-10
0.28855975485188967,0.3777266117304896,1.3601275612738108e-10
0.28872999659516513,0.3777266117304896,1.3601219405923212e-10
0.28872999659516513,0.3779689772176442,1.360120399226894e-10
0.2888151174668029,0.3779689772176442,1.3601152963319864e-10
0.2888151174668029,0.37809015996122153,1.3601034563313626e-10
0.2889853592100783,0.37809015996122153,1.3601020826131971e-10
0.2889853592100783,0.37833252544837614,1.3600897593895493e-10
0.28983656792645557,0.37833252544837614,1.3600359081212129e-10
0.28983656792645557,0.37845370819195345,1.3600318142626622e-10
0.2906877766428328,0.37845370819195345,1.3600154315826782e-10
0.2906877766428328,0.37857489093553076,1.3600151790604557e-10
0.29077289751447055,0.37857489093553076,1.3600134474134092e-10
0.29077289751447055,0.37869607367910807,1.3600108234188286e-10
0.29085801838610825,0.37869607367910807,1.3600005254855266e-10
0.29085801838610825,0.37881725642268543,1.360000183470372e-10
0.290943139257746,0.37881725642268543,1.3599983819181964e-10
0.290943139257746,0.37918080465341736,1.359975025780393e-10
0.2910282601293837,0.37918080465341736,1.359974485345847e-10
0.2910282601293837,0.37930198739699467,1.3599698940252023e-10
0.29119850187265917,0.37930198739699467,1.359968583433298e-10
0.29119850187265917,0.3795443528841493,1.359962534367565e-10
0.29179434797412324,0.3795443528841493,1.3599390895851623e-10
0.29179434797412324,0.3797867183713039,1.3599347455669696e-10
0.291879468845761,0.3797867183713039,1.3599289625753938e-10
0.291879468845761,0.37990790111488126,1.3599167969356042e-10
0.2919645897173987,0.37990790111488126,1.3599152800950192e-10
0.2919645897173987,0.38002908385845857,1.3599094858466283e-10
0.29213483146067415,0.38002908385845857,1.3599093969572098e-10
0.29213483146067415,0.3802714493456132,1.3598962068167605e-10
0.2922199523323119,0.3802714493456132,1.359895163049517e-10
0.2922199523323119,0.3805138148327678,1.3598879675199219e-10
0.2923050732039496,0.3805138148327678,1.359887754097859e-10
0.2923050732039496,0.3806349975763451,1.3598805082869499e-10
0.2923901940755873,0.3806349975763451,1.3598763263002376e-10
0.2923901940755873,0.3808773630634998,1.359871445326765e-10
0.2926455566905005,0.3808773630634998,1.3598677863024956e-10
0.2926455566905005,0.3809985458070771,1.3598657842561993e-10
0.292815798433776,0.3809985458070771,1.359854245772419e-10
0.292815798433776,0.3812409112942317,1.3598465408488728e-10
0.2929009193054137,0.3812409112942317,1.3598420870949293e-10
0.2929009193054137,0.381362094037809,1.3598295077316361e-10
0.29298604017705143,0.381362094037809,1.3598291889495415e-10
0.29298604017705143,0.38160445952496364,1.3597937862949649e-10
0.2933265236636023,0.38160445952496364,1.3597636166535755e-10
0.2933265236636023,0.38172564226854094,1.3597634626759153e-10
0.29349676540687775,0.38172564226854094,1.3597509260027584e-10
0.29349676540687775,0.3819680077556956,1.3597351792297648e-10
0.2935818862785155,0.3819680077556956,1.359734132720633e-10
0.2935818862785155,0.3820891904992729,1.3597309290017206e-10
0.2936670071501532,0.3820891904992729,1.3597281118550722e-10
0.2936670071501532,0.38221037324285023,1.3597229960200366e-10
0.2940926115083419,0.38221037324285023,1.3596997172138208e-10
0.2940926115083419,0.38233155598642754,1.3596983441460683e-10
0.29434797412325503,0.38233155598642754,1.3596832952065137e-10
0.29434797412325503,0.38269510421715947,1.35967711426404e-10
0.2945182158665305,0.38269510421715947,1.3596593767094933e-10
0.2945182158665305,0.3828162869607368,1.35964950764852e-10
0.2948586993530814,0.3828162869607368,1.3596468197623522e-10
0.2948586993530814,0.3829374697043141,1.3596466370386657e-10
0.29511406196799456,0.3829374697043141,1.3596251378897954e-10
0.29511406196799456,0.38305865244789145,1.3596222745714864e-10
0.29519918283963226,0.38305865244789145,1.3596192237231642e-10
0.29519918283963226,0.38330101793504606,1.359605125499579e-10
0.29545454545454547,0.38330101793504606,1.359594990910755e-10
0.29545454545454547,0.383664566165778,1.3595817352389475e-10
0.2957099080694586,0.383664566165778,1.359578438968563e-10
0.2957099080694586,0.3837857489093553,1.3595617092342588e-10
0.2957950289410964,0.3837857489093553,1.359560898642794e-10
0.2957950289410964,0.3839069316529326,1.3595577618018866e-10
0.2958801498127341,0.3839069316529326,1.3595335695381476e-10
0.2958801498127341,0.3840281143965099,1.3595323033244518e-10
0.29605039155600954,0.3840281143965099,1.3595120146146733e-10
0.29605039155600954,0.3842704798836646,1.3595023969797014e-10
0.29613551242764724,0.3842704798836646,1.3594964977041093e-10
0.29613551242764724,0.3843916626272419,1.3594936420945707e-10
0.2963057541709227,0.3843916626272419,1.359483731064037e-10
0.2963057541709227,0.3845128453708192,1.3594836385130365e-10
0.29639087504256045,0.3845128453708192,1.3594821916181604e-10
0.29639087504256045,0.3846340281143965,1.3594820645169479e-10
0.29647599591419815,0.3846340281143965,1.3594788599349731e-10
0.29647599591419815,0.3847552108579738,1.3594765410607597e-10
0.2966462376574736,0.3847552108579738,1.3594484484032384e-10
0.2966462376574736,0.3853611245758604,1.3594306250836868e-10
0.2972420837589377,0.3853611245758604,1.3594236715941466e-10
0.2972420837589377,0.38560349006301503,1.3594152991452543e-10
0.29732720463057544,0.38560349006301503,1.359414697225134e-10
0.29732720463057544,0.38584585555016965,1.3594145072147008e-10
0.2974974463738509,0.38584585555016965,1.359413107904548e-10
0.2974974463738509,0.38596703829374696,1.3594110057394936e-10
0.2980081716036772,0.38596703829374696,1.3593969880642946e-10
0.2980081716036772,0.38608822103732426,1.359382214131579e-10
0.2982635342185904,0.38608822103732426,1.3593624139404826e-10
0.2982635342185904,0.3862094037809016,1.359362243195384e-10
0.2985188968335036,0.3862094037809016,1.3593435612643884e-10
0.2985188968335036,0.38657295201163355,1.3593139896497687e-10
0.29868913857677903,0.38657295201163355,1.359309343918231e-10
0.29868913857677903,0.38669413475521086,1.3592918406337779e-10
0.2989445011916922,0.38669413475521086,1.3592834784153804e-10
0.2989445011916922,0.38681531749878817,1.3592817386887446e-10
0.29902962206332995,0.38681531749878817,1.3592788006343543e-10
0.29902962206332995,0.3869365002423655,1.3592757226333066e-10
0.2993701055498808,0.3869365002423655,1.3592394303494206e-10
0.2993701055498808,0.3870576829859428,1.359239114678304e-10
0.299625468164794,0.3870576829859428,1.3592303111184077e-10
0.299625468164794,0.3877847794474067,1.3591843703114441e-10
0.2997105890364317,0.3877847794474067,1.3591819653349849e-10
0.2997105890364317,0.387905962190984,1.3591704965072172e-10
0.29996595165134493,0.387905962190984,1.359158501450745e-10
0.29996595165134493,0.3880271449345613,1.3591542050959824e-10
0.30005107252298263,0.3880271449345613,1.3591476443659615e-10
0.30005107252298263,0.3881483276781386,1.3591234079022847e-10
0.3001361933946204,0.3881483276781386,1.3591205946637578e-10
0.3001361933946204,0.3882695104217159,1.3591173144607177e-10
0.3006469186244467,0.3882695104217159,1.3590978234546347e-10
0.3006469186244467,0.3883906931652933,1.359096856696534e-10
0.30073203949608446,0.3883906931652933,1.359088874372585e-10
0.30073203949608446,0.38923897237033445,1.3590712926596037e-10
0.3010725229826353,0.38923897237033445,1.359051947021287e-10
0.3010725229826353,0.3896025206010664,1.3590477633432077e-10
0.30115764385427307,0.3896025206010664,1.3590415097954986e-10
0.30115764385427307,0.38972370334464373,1.3590364300234002e-10
0.30124276472591077,0.38972370334464373,1.3590360314149773e-10
0.30124276472591077,0.38984488608822104,1.3590285996136124e-10
0.3015832482124617,0.38984488608822104,1.3589800298338298e-10
0.3015832482124617,0.39008725157537566,1.3589731341346278e-10
0.30166836908409944,0.39008725157537566,1.358970171017692e-10
0.30166836908409944,0.3903296170625303,1.3589643650341196e-10
0.30217909431392576,0.3903296170625303,1.3589512681546958e-10
0.30217909431392576,0.3904507998061076,1.3589507422363697e-10
0.3022642151855635,0.3904507998061076,1.3589507297120932e-10
0.3022642151855635,0.39069316529326226,1.3589235505313333e-10
0.3023493360572012,0.39069316529326226,1.3589234401258182e-10
0.30251957780047667,0.39069316529326226,1.3589228336629966e-10
0.3026046986721144,0.39069316529326226,1.358915165914436e-10
0.3026046986721144,0.3909355307804169,1.3589124011197603e-10
0.3026898195437521,0.3909355307804169,1.35889432771497e-10
0.3026898195437521,0.3910567135239942,1.3588890714476925e-10
0.3027749404153898,0.3910567135239942,1.358872521101041e-10
0.3027749404153898,0.3911778962675715,1.3588718721731063e-10
0.3029451821586653,0.3911778962675715,1.3588570885902168e-10
0.3029451821586653,0.3915414444983034,1.3588204573982818e-10
0.30303030303030304,0.3915414444983034,1.358813585260168e-10
0.30303030303030304,0.3916626272418808,1.3588063677436059e-10
0.30311542390194074,0.3916626272418808,1.358803313413573e-10
0.30311542390194074,0.3917838099854581,1.358797379464583e-10
0.3032856656452162,0.3917838099854581,1.358794955718164e-10
0.3032856656452162,0.3922685409597673,1.3587740557507509e-10
0.3035410282601294,0.3922685409597673,1.3587682321135582e-10
0.3035410282601294,0.39251090644692194,1.3587602463172774e-10
0.3036261491317671,0.39251090644692194,1.3587468225054416e-10
0.3036261491317671,0.3927532719340766,1.3587385182637442e-10
0.30379639087504257,0.3927532719340766,1.3587360087457716e-10
0.30379639087504257,0.39311682016480853,1.3587248652128865e-10
0.303966632618318,0.39311682016480853,1.3587116724545525e-10
0.303966632618318,0.39323800290838584,1.358711395986885e-10
0.30430711610486894,0.39323800290838584,1.3587011752513083e-10
0.30430711610486894,0.39372273388269513,1.3586719993532348e-10
0.30439223697650664,0.39372273388269513,1.3586655563724456e-10
0.30439223697650664,0.39396509936984975,1.3586633689740798e-10
0.30473272046305755,0.39396509936984975,1.3586517252183252e-10
0.30473272046305755,0.39420746485700436,1.3586320910760112e-10
0.30481784133469525,0.39420746485700436,1.3586298135698312e-10
0.30481784133469525,0.394449830344159,1.3586288056465607e-10
0.3049880830779707,0.394449830344159,1.3586181743766694e-10
0.3049880830779707,0.3946921958313136,1.3586147034404943e-10
0.30515832482124616,0.3946921958313136,1.358578368360697e-10
0.30515832482124616,0.39481337857489096,1.358571116387734e-10
0.3052434456928839,0.39481337857489096,1.3585621030232072e-10
0.3052434456928839,0.3954192922927775,1.3585472401977744e-10
0.3055839291794348,0.3954192922927775,1.3585353091844108e-10
0.3055839291794348,0.3956616577799321,1.3585252530090546e-10
0.30575417092271023,0.3956616577799321,1.358521649527877e-10
0.30575417092271023,0.3960252060106641,1.3585122051335176e-10
0.3059244126659857,0.3960252060106641,1.358506539421291e-10
0.3059244126659857,0.396388754241396,1.3584953452904552e-10
0.30600953353762345,0.396388754241396,1.3584948516830218e-10
0.30600953353762345,0.39650993698497333,1.3584946654228463e-10
0.30652025876744976,0.39650993698497333,1.35845979928084e-10
0.30652025876744976,0.39675230247212795,1.3584516111380836e-10
0.3066053796390875,0.39675230247212795,1.3584487427488236e-10
0.3066053796390875,0.39687348521570526,1.3584486877300125e-10
0.306775621382363,0.39687348521570526,1.358443830694751e-10
0.306775621382363,0.3969946679592826,1.3584385157693676e-10
0.30694586312563843,0.3969946679592826,1.3584331280549563e-10
0.30694586312563843,0.39735821619001455,1.3584201874954202e-10
0.30711610486891383,0.39735821619001455,1.3584188572265741e-10
0.30711610486891383,0.39760058167716916,1.358408806434774e-10
0.30737146748382704,0.39760058167716916,1.3584044216552089e-10
0.30737146748382704,0.39772176442074647,1.358401144389376e-10
0.3075417092271025,0.39772176442074647,1.3583991290194424e-10
0.3075417092271025,0.3978429471643238,1.3583944050233214e-10
0.3076268300987402,0.3978429471643238,1.3583936271509826e-10
0.3076268300987402,0.3979641299079011,1.358386982925908e-10
0.3079673135852911,0.3979641299079011,1.3583776151681189e-10
0.3079673135852911,0.39820649539505576,1.3583730009129203e-10
0.30813755532856657,0.39820649539505576,1.358366098474426e-10
0.30813755532856657,0.3984488608822104,1.358365674965273e-10
0.30864828055839294,0.3984488608822104,1.3583036859624452e-10
0.30864828055839294,0.3985700436257877,1.3583019950200917e-10
0.30873340143003064,0.3985700436257877,1.3582974078151576e-10
0.30873340143003064,0.398691226369365,1.3582868103856884e-10
0.30907388491658155,0.398691226369365,1.358264811778828e-10
0.30907388491658155,0.3992971400872516,1.3582178932040965e-10
0.30941436840313247,0.3992971400872516,1.3581850625330052e-10
0.30941436840313247,0.3994183228308289,1.3581799245560437e-10
0.3095846101464079,0.3994183228308289,1.3581783687114068e-10
0.3095846101464079,0.3995395055744062,1.3581713742162693e-10
0.3099250936329588,0.3995395055744062,1.3581641710287653e-10
0.3099250936329588,0.3996606883179835,1.3581640380696153e-10
0.3102655771195097,0.3996606883179835,1.358131073695413e-10
0.3102655771195097,0.3997818710615608,1.3581272993911582e-10
0.31035069799114745,0.3997818710615608,1.3581271661241905e-10
0.31035069799114745,0.39990305380513813,1.358117622839266e-10
0.31077630234933606,0.39990305380513813,1.3580875340941128e-10
0.31077630234933606,0.40002423654871544,1.35808325354078e-10
0.31086142322097376,0.40002423654871544,1.358081221360342e-10
0.31086142322097376,0.4001454192922928,1.3580770411241776e-10
0.31128702757916243,0.4001454192922928,1.3580628679167343e-10
0.31128702757916243,0.4003877847794474,1.358060701273734e-10
0.31137214845080013,0.4003877847794474,1.3580379412056232e-10
0.31137214845080013,0.40050896752302473,1.3580302075059141e-10
0.31145726932243784,0.40050896752302473,1.3580289250223928e-10
0.31145726932243784,0.40075133301017934,1.358012477381903e-10
0.3116275110657133,0.40075133301017934,1.3580078912525016e-10
0.3116275110657133,0.40111488124091127,1.3579952667631425e-10
0.31171263193735105,0.40111488124091127,1.3579872427016156e-10
0.31171263193735105,0.40123606398448863,1.3579862098615642e-10
0.31179775280898875,0.40123606398448863,1.3579839789258641e-10
0.31179775280898875,0.40135724672806594,1.3579813401161274e-10
0.3118828736806265,0.40135724672806594,1.357977917865493e-10
0.3118828736806265,0.40147842947164325,1.3579778204422253e-10
0.3122233571671774,0.40147842947164325,1.357966040651964e-10
0.3122233571671774,0.40159961221522056,1.3579633999773688e-10
0.3123084780388151,0.40159961221522056,1.3579625204322972e-10
0.3123084780388151,0.40172079495879787,1.35795703120776e-10
0.3124787197820906,0.40172079495879787,1.3579461874995345e-10
0.3124787197820906,0.4019631604459525,1.357944061583953e-10
0.31264896152536603,0.4019631604459525,1.3579397776395438e-10
0.31264896152536603,0.4020843431895298,1.3579390912277356e-10
0.31273408239700373,0.4020843431895298,1.3579376284388433e-10
0.31273408239700373,0.4022055259331071,1.3579182783947092e-10
0.31315968675519235,0.4022055259331071,1.3578743138342525e-10
0.31315968675519235,0.40244789142026177,1.3578643724741862e-10
0.3132448076268301,0.40244789142026177,1.357849898863725e-10
0.3132448076268301,0.4026902569074164,1.357847611557165e-10
0.31350017024174326,0.4026902569074164,1.3578294184443972e-10
0.31350017024174326,0.4028114396509937,1.357828727271459e-10
0.313585291113381,0.4028114396509937,1.3578272476554965e-10
0.313585291113381,0.402932622394571,1.3578271164916423e-10
0.31375553285665647,0.402932622394571,1.3578063047067371e-10
0.31375553285665647,0.4031749878817256,1.3577892253958142e-10
0.31384065372829417,0.4031749878817256,1.357782516374595e-10
0.31384065372829417,0.40329617062530293,1.3577810402024205e-10
0.31392577459993193,0.40329617062530293,1.3577807132924042e-10
0.31392577459993193,0.4035385361124576,1.3577644204865972e-10
0.31401089547156963,0.4035385361124576,1.3577584294031828e-10
0.31401089547156963,0.4037809015996122,1.3577494982585122e-10
0.31409601634320733,0.4037809015996122,1.3577475511084207e-10
0.31409601634320733,0.4039020843431895,1.357740696626121e-10
0.3141811372148451,0.4039020843431895,1.3577387408696257e-10
0.3141811372148451,0.40402326708676684,1.3577291679241144e-10
0.314521620701396,0.40402326708676684,1.3577169227732384e-10
0.314521620701396,0.40414444983034414,1.3577140904726954e-10
0.3146067415730337,0.40414444983034414,1.3577135585320914e-10
0.3146067415730337,0.40426563257392145,1.3577130418424405e-10
0.31469186244467146,0.40426563257392145,1.3576812392638707e-10
0.31469186244467146,0.4043868153174988,1.3576769765829333e-10
0.31477698331630916,0.4043868153174988,1.3576769200347082e-10
0.31477698331630916,0.40462918080465343,1.3576582350327975e-10
0.3148621041879469,0.40462918080465343,1.3576463470990923e-10
0.3148621041879469,0.40499272903538536,1.3576290570965383e-10
0.3149472250595846,0.40499272903538536,1.357620429017055e-10
0.3149472250595846,0.40511391177896267,1.3576163270234328e-10
0.3150323459312223,0.40511391177896267,1.357614878081619e-10
0.3150323459312223,0.40523509452254,1.3576133849189054e-10
0.31511746680286007,0.40523509452254,1.3576117955569034e-10
0.31511746680286007,0.40571982549684926,1.3575922097481937e-10
0.31520258767449777,0.40571982549684926,1.3575872998006922e-10
0.31520258767449777,0.40584100824042657,1.3575864347815258e-10
0.3152877085461355,0.40584100824042657,1.357581466285384e-10
0.3152877085461355,0.4059621909840039,1.3575722202868982e-10
0.3155430711610487,0.4059621909840039,1.357554748531178e-10
0.3155430711610487,0.4068104701890451,1.3575150655439813e-10
0.31571331290432414,0.4068104701890451,1.3575113552918056e-10
0.31571331290432414,0.4069316529326224,1.357511307834585e-10
0.3158835546475996,0.4069316529326224,1.3575017544043095e-10
0.3158835546475996,0.4070528356761997,1.3574977863131496e-10
0.3162240381341505,0.4070528356761997,1.3574889643438431e-10
0.3162240381341505,0.407174018419777,1.357488922684297e-10
0.3165645216207014,0.407174018419777,1.3574696941815735e-10
0.3165645216207014,0.40741638390693163,1.3574630192497187e-10
0.3167347633639768,0.40741638390693163,1.3574561209655764e-10
0.3167347633639768,0.40753756665050894,1.3574466499188113e-10
0.3169050051072523,0.40753756665050894,1.3574426006560133e-10
0.3169050051072523,0.4077799321376636,1.357428148310937e-10
0.31733060946544095,0.4077799321376636,1.3574172762599864e-10
0.31733060946544095,0.40802229762481823,1.3574068747354516e-10
0.31741573033707865,0.40802229762481823,1.3573951819695375e-10
0.31741573033707865,0.40814348036839554,1.357394742125174e-10
0.31750085120871635,0.40814348036839554,1.3573827490656776e-10
0.31750085120871635,0.40826466311197285,1.357381330317864e-10
0.3175859720803541,0.40826466311197285,1.3573769847648322e-10
0.3175859720803541,0.40838584585555016,1.3573767550316895e-10
0.3176710929519918,0.40838584585555016,1.3573748758869076e-10
0.3176710929519918,0.4086282113427048,1.3573747824210035e-10
0.31784133469526726,0.4086282113427048,1.3573719387536741e-10
0.31784133469526726,0.40899175957343675,1.3573568624727793e-10
0.317926455566905,0.40899175957343675,1.3573474113519832e-10
0.317926455566905,0.40911294231701406,1.3573279304234974e-10
0.3180115764385427,0.40911294231701406,1.357327844009181e-10
0.3180115764385427,0.40923412506059137,1.3573275293551407e-10
0.3180966973101805,0.40923412506059137,1.3573205596918052e-10
0.3180966973101805,0.4093553078041687,1.357310042073956e-10
0.3181818181818182,0.4093553078041687,1.357309454582432e-10
0.3181818181818182,0.409476490547746,1.357309449044773e-10
0.31826693905345593,0.409476490547746,1.3573054875820775e-10
0.31826693905345593,0.4095976732913233,1.357298786260449e-10
0.31843718079673133,0.4095976732913233,1.3572885972023037e-10
0.31843718079673133,0.4097188560349006,1.357267879315807e-10
0.31886278515492,0.4097188560349006,1.3572432098545592e-10
0.31886278515492,0.4100824042656326,1.35723468309086e-10
0.3189479060265577,0.4100824042656326,1.3572334837615652e-10
0.3189479060265577,0.4102035870092099,1.3572333947655035e-10
0.31903302689819546,0.4102035870092099,1.357230907017664e-10
0.31903302689819546,0.4104459524963645,1.3572288728019248e-10
0.3192032686414709,0.4104459524963645,1.3572278147542893e-10
0.3192032686414709,0.4105671352399418,1.3572274869704787e-10
0.3193735103847463,0.4105671352399418,1.357225668814435e-10
0.3193735103847463,0.4106883179835191,1.3572247681816833e-10
0.3198842356145727,0.4106883179835191,1.3571833593184287e-10
0.3198842356145727,0.4108095007270965,1.3571722010497004e-10
0.32013959822948584,0.4108095007270965,1.35715939510384e-10
0.32013959822948584,0.4109306834706738,1.3571584709738962e-10
0.3202247191011236,0.4109306834706738,1.357157865409587e-10
0.3202247191011236,0.4110518662142511,1.357152170276692e-10
0.3203098399727613,0.4110518662142511,1.3571503456841547e-10
0.3203098399727613,0.4111730489578284,1.3571452384081123e-10
0.32039496084439906,0.4111730489578284,1.357143662143991e-10
0.32039496084439906,0.4112942317014057,1.357140600207544e-10
0.3205652025876745,0.4112942317014057,1.357116774211646e-10
0.3205652025876745,0.41141541444498303,1.3571023219153783e-10
0.32082056520258767,0.41141541444498303,1.357097201184375e-10
0.32082056520258767,0.4119001454192923,1.3570577688841e-10
0.3209056860742254,0.4119001454192923,1.3570537549591795e-10
0.3209056860742254,0.4120213281628696,1.357052647934739e-10
0.3209908069458631,0.4120213281628696,1.3570504989719563e-10
0.3209908069458631,0.41262724188075617,1.3570286655297789e-10
0.32107592781750083,0.41262724188075617,1.3570201400866487e-10
0.32107592781750083,0.4127484246243335,1.3570069756780346e-10
0.3211610486891386,0.4127484246243335,1.3570000235382803e-10
0.3211610486891386,0.4128696073679108,1.356990146689346e-10
0.3212461695607763,0.4128696073679108,1.3569618865754717e-10
0.3212461695607763,0.41323315559864277,1.356933041063044e-10
0.32141641130405174,0.41323315559864277,1.3569275356347872e-10
0.32141641130405174,0.4133543383422201,1.3569259237390802e-10
0.32167177391896495,0.4133543383422201,1.35689750946342e-10
0.32167177391896495,0.4135967038293747,1.3568876639363054e-10
0.32184201566224035,0.4135967038293747,1.356876757008052e-10
0.32184201566224035,0.4138390693165293,1.3568749774192284e-10
0.3219271365338781,0.4138390693165293,1.356865871903762e-10
0.3219271365338781,0.4139602520601066,1.3568580519683057e-10
0.32209737827715357,0.4139602520601066,1.3568450597603802e-10
0.32209737827715357,0.414081434803684,1.356844656011059e-10
0.3225229826353422,0.414081434803684,1.3568197850285093e-10
0.3225229826353422,0.4143238002908386,1.3568055324658124e-10
0.32269322437861764,0.4143238002908386,1.3568052022505703e-10
0.3228634661218931,0.4143238002908386,1.3568040326491555e-10
0.3229485869935308,0.4143238002908386,1.3568001375798444e-10
0.3229485869935308,0.4144449830344159,1.3567958388446485e-10
0.32311882873680625,0.4144449830344159,1.3567767179912089e-10
0.32311882873680625,0.4146873485215705,1.356764308148722e-10
0.323203949608444,0.4146873485215705,1.3567572450821804e-10
0.323203949608444,0.41505089675230245,1.3567285577159478e-10
0.32337419135171946,0.41505089675230245,1.356726086903568e-10
0.32337419135171946,0.4152932622394571,1.3567132870888326e-10
0.32405515832482124,0.4152932622394571,1.3566902536227596e-10
0.32405515832482124,0.41565681047018904,1.356686458948894e-10
0.3242254000680967,0.41565681047018904,1.3566818846211856e-10
0.3242254000680967,0.41577799321376635,1.3566704867934228e-10
0.32431052093973445,0.41577799321376635,1.356670271537583e-10
0.32431052093973445,0.41589917595734366,1.3566685758216896e-10
0.32439564181137215,0.41589917595734366,1.3566590013645964e-10
0.32439564181137215,0.41614154144449833,1.3566466472908653e-10
0.3245658835546476,0.41614154144449833,1.3566446729981632e-10
0.3245658835546476,0.4171110033931168,1.356628680569073e-10
0.3246510044262853,0.4171110033931168,1.3566282237876302e-10
0.3246510044262853,0.41723218613669416,1.3566227458400906e-10
0.32473612529792306,0.41723218613669416,1.356617784106595e-10
0.32473612529792306,0.41735336888027147,1.3566109716906706e-10
0.32482124616956076,0.41735336888027147,1.356606313714229e-10
0.32482124616956076,0.417959282598158,1.3565955203543603e-10
0.325076608784474,0.417959282598158,1.3565890932184924e-10
0.325076608784474,0.4182016480853126,1.3565855800364635e-10
0.32533197139938713,0.4182016480853126,1.3565817773124465e-10
0.32533197139938713,0.41832283082889,1.3565793713894576e-10
0.32541709227102483,0.41832283082889,1.3565792285557835e-10
0.32541709227102483,0.4184440135724673,1.3565707682727612e-10
0.32575757575757575,0.4184440135724673,1.3565580702474202e-10
0.32575757575757575,0.4185651963160446,1.3565555365194414e-10
0.32601293837248896,0.4185651963160446,1.3565443973679053e-10
0.32601293837248896,0.4186863790596219,1.3565313702165534e-10
0.32618318011576436,0.4186863790596219,1.3565278882490535e-10
0.32618318011576436,0.4188075618031992,1.356508767986431e-10
0.3265236636023153,0.4188075618031992,1.3565023703162207e-10
0.3265236636023153,0.41892874454677653,1.3564988776365731e-10
0.32660878447395303,0.41892874454677653,1.3564803053515887e-10
0.32660878447395303,0.41904992729035384,1.3564735129897698e-10
0.3268641470888662,0.41904992729035384,1.356469621841157e-10
0.3268641470888662,0.41929229277750846,1.3564658777196775e-10
0.32737487231869256,0.41929229277750846,1.3564352846349298e-10
0.32737487231869256,0.4194134755210858,1.3564294279492637e-10
0.327545114061968,0.4194134755210858,1.3564127709967807e-10
0.327545114061968,0.41989820649539505,1.356384430322457e-10
0.3276302349336057,0.41989820649539505,1.3563822860014468e-10
0.3276302349336057,0.42001938923897236,1.3563821354116335e-10
0.32788559754851887,0.42001938923897236,1.3563738343877023e-10
0.32788559754851887,0.42014057198254967,1.356370057168616e-10
0.3281409601634321,0.42014057198254967,1.3563672275471868e-10
0.3281409601634321,0.420261754726127,1.3563555374701243e-10
0.32839632277834524,0.420261754726127,1.3563380186070344e-10
0.32839632277834524,0.4203829374697043,1.3563373813200172e-10
0.328481443649983,0.4203829374697043,1.3563366373356716e-10
0.328481443649983,0.42050412021328165,1.3563356001421971e-10
0.32882192713653385,0.42050412021328165,1.3563050402223232e-10
0.32882192713653385,0.4212312166747455,1.3562574152033343e-10
0.3289070480081716,0.4212312166747455,1.356255244602408e-10
0.3289070480081716,0.4213523994183228,1.3562542827792824e-10
0.32907728975144707,0.4213523994183228,1.356243732358282e-10
0.32907728975144707,0.4217159476490548,1.356232137178822e-10
0.3292475314947225,0.4217159476490548,1.3562169808858546e-10
0.3292475314947225,0.4218371303926321,1.35621250162653e-10
0.3293326523663602,0.4218371303926321,1.3562113172618623e-10
0.3293326523663602,0.4219583131362094,1.3562091863648267e-10
0.3295028941096357,0.4219583131362094,1.3562087807228428e-10
0.3295028941096357,0.4220794958797867,1.3561983993432533e-10
0.32967313585291114,0.4220794958797867,1.356190697145384e-10
0.32967313585291114,0.422200678623364,1.3561891732026333e-10
0.3298433775961866,0.422200678623364,1.3561749788215125e-10
0.3298433775961866,0.42232186136694133,1.3561733030768406e-10
0.3299284984678243,0.42232186136694133,1.3561727792205336e-10
0.3299284984678243,0.422564226854096,1.35617077422325e-10
0.33009874021109975,0.422564226854096,1.3561645442779874e-10
0.33009874021109975,0.4228065923412506,1.3561532944040805e-10
0.3302689819543752,0.4228065923412506,1.3561340935769214e-10
0.3302689819543752,0.42292777508482793,1.356132453328429e-10
0.33043922369765066,0.42292777508482793,1.3561207566715834e-10
0.33043922369765066,0.42304895782840524,1.3561205389270815e-10
0.33052434456928836,0.42304895782840524,1.3561204728246725e-10
0.33052434456928836,0.42317014057198254,1.3561192295448557e-10
0.33103506979911473,0.42317014057198254,1.356111727133547e-10
0.33103506979911473,0.42341250605913716,1.3560926297733358e-10
0.3311201906707525,0.42341250605913716,1.3560915463516242e-10
0.3311201906707525,0.42365487154629183,1.3560853959924564e-10
0.3312053115423902,0.42365487154629183,1.356085024464343e-10
0.3312053115423902,0.42377605428986914,1.356082109871084e-10
0.33137555328566565,0.42377605428986914,1.3560719143978169e-10
0.33137555328566565,0.4242607852641784,1.3560534282003995e-10
0.33146067415730335,0.4242607852641784,1.3560388029574715e-10
0.33146067415730335,0.4246243334949103,1.3560291062441072e-10
0.3315457950289411,0.4246243334949103,1.356027090404245e-10
0.3315457950289411,0.42474551623848766,1.3559992629999708e-10
0.33180115764385426,0.42474551623848766,1.3559956771071122e-10
0.33180115764385426,0.42486669898206497,1.3559928719094406e-10
0.331886278515492,0.42486669898206497,1.3559927632559227e-10
0.331886278515492,0.4249878817256423,1.3559911649670935e-10
0.3320565202587675,0.4249878817256423,1.3559864375828893e-10
0.3320565202587675,0.4252302472127969,1.3559835618084692e-10
0.3322267620020429,0.4252302472127969,1.355964961641287e-10
0.3322267620020429,0.4254726126999515,1.3559494793582785e-10
0.33231188287368063,0.4254726126999515,1.3559481436829337e-10
0.33231188287368063,0.4255937954435288,1.3559474664274263e-10
0.33265236636023154,0.4255937954435288,1.3559232482794474e-10
0.33265236636023154,0.4258361609306835,1.3559200457226538e-10
0.3329077289751447,0.4258361609306835,1.3559036835550915e-10
0.3329077289751447,0.4261997091614154,1.3558889223205492e-10
0.33307797071842016,0.4261997091614154,1.3558800411764277e-10
0.33307797071842016,0.42668444013572465,1.3558668206736197e-10
0.33316309159005786,0.42668444013572465,1.3558611023261592e-10
0.33316309159005786,0.4269268056228793,1.3558603669585078e-10
0.3333333333333333,0.4269268056228793,1.355840198834888e-10
0.3333333333333333,0.42704798836645663,1.35584015491625e-10
0.33341845420497107,0.42704798836645663,1.3558371910748718e-10
0.33341845420497107,0.42801745031507515,1.3557851549674844e-10
0.33350357507660877,0.42801745031507515,1.3557804596709228e-10
0.33350357507660877,0.42813863305865246,1.3557758061920139e-10
0.3335886959482465,0.42813863305865246,1.3557548333820452e-10
0.3335886959482465,0.4283809985458071,1.3557542491825362e-10
0.333758937691522,0.4283809985458071,1.3557277189439197e-10
0.333758937691522,0.4289869122636937,1.3556913695773543e-10
0.3339291794347974,0.4289869122636937,1.355682844205468e-10
0.3339291794347974,0.429108095007271,1.3556796864301745e-10
0.33401430030643514,0.429108095007271,1.3556796409379007e-10
0.33401430030643514,0.4294716432380029,1.3556727142908982e-10
0.3341845420497106,0.4294716432380029,1.3556722253291991e-10
0.3341845420497106,0.4295928259815802,1.3556694506870329e-10
0.3342696629213483,0.4295928259815802,1.3556682986320867e-10
0.3342696629213483,0.4297140087251575,1.3556457602594305e-10
0.33435478379298605,0.4297140087251575,1.3556440667604718e-10
0.33435478379298605,0.4300775569558895,1.3556271194930601e-10
0.3345250255362615,0.4300775569558895,1.35561603793122e-10
0.3345250255362615,0.4301987396994668,1.355594147008333e-10
0.33478038815117467,0.4301987396994668,1.3555829464801534e-10
0.33478038815117467,0.43044110518662143,1.355581069148208e-10
0.33486550902281237,0.43044110518662143,1.3555792012519708e-10
0.33486550902281237,0.43056228793019874,1.35557793010313e-10
0.3349506298944501,0.43056228793019874,1.3555690171434882e-10
0.3349506298944501,0.43068347067377605,1.3555669086707267e-10
0.3350357507660878,0.43068347067377605,1.3555369691089985e-10
0.3350357507660878,0.43080465341735336,1.355536781035139e-10
0.3352059925093633,0.43080465341735336,1.3555322921805242e-10
0.3352059925093633,0.431047018904508,1.3555187796730967e-10
0.3354613551242765,0.431047018904508,1.3555124160395672e-10
0.3354613551242765,0.43116820164808534,1.3555099172239412e-10
0.33563159686755195,0.43116820164808534,1.3555060586422646e-10
0.33563159686755195,0.43141056713523995,1.3555038398062803e-10
0.3358869594824651,0.43141056713523995,1.3554839655536226e-10
0.3358869594824651,0.43153174987881726,1.3554827056123823e-10
0.33605720122574056,0.43153174987881726,1.355476611900082e-10
0.33605720122574056,0.4317741153659719,1.3554705458706012e-10
0.33614232209737827,0.4317741153659719,1.3554545703717455e-10
0.33614232209737827,0.4321376635967038,1.355445421568969e-10
0.336227442969016,0.4321376635967038,1.3554430561739138e-10
0.336227442969016,0.43225884634028117,1.3554228004372655e-10
0.3363125638406537,0.43225884634028117,1.355415800715726e-10
0.3363125638406537,0.4323800290838585,1.3554097404040075e-10
0.3363976847122915,0.4323800290838585,1.3554087114336934e-10
0.3363976847122915,0.4326223945710131,1.3554072667863994e-10
0.3364828055839292,0.4326223945710131,1.3554035415196798e-10
0.3364828055839292,0.432985942801745,1.3553934912102126e-10
0.3365679264555669,0.432985942801745,1.3553929353123553e-10
0.3365679264555669,0.4331071255453223,1.3553928984560084e-10
0.33673816819884234,0.4331071255453223,1.3553861186005552e-10
0.33673816819884234,0.433349491032477,1.3553836458746263e-10
0.3368232890704801,0.433349491032477,1.355383026517527e-10
0.3368232890704801,0.4334706737760543,1.3553805147148558e-10
0.33707865168539325,0.4334706737760543,1.3553641881270867e-10
0.33707865168539325,0.43383422200678623,1.3553484831753277e-10
0.3375893769152196,0.43383422200678623,1.3553390158577306e-10
0.3375893769152196,0.43407658749394085,1.3553315010296847e-10
0.33792986040177053,0.43407658749394085,1.3553169430232123e-10
0.33792986040177053,0.43468250121182744,1.3553009548367766e-10
0.33835546475995915,0.43468250121182744,1.3552640335338874e-10
0.33835546475995915,0.43504604944255937,1.3552443935363315e-10
0.33869594824651006,0.43504604944255937,1.3552337447117462e-10
0.33869594824651006,0.435288414929714,1.355225540686335e-10
0.3389513108614232,0.435288414929714,1.3552204354033646e-10
0.3389513108614232,0.43540959767329135,1.355217492967479e-10
0.3391215526046987,0.43540959767329135,1.355211818920152e-10
0.3391215526046987,0.43553078041686866,1.3552094173315707e-10
0.33929179434797413,0.43553078041686866,1.3552047636420256e-10
0.33929179434797413,0.43565196316044597,1.355192482522325e-10
0.33937691521961183,0.43565196316044597,1.3551807269885795e-10
0.33937691521961183,0.4357731459040233,1.3551806979478308e-10
0.33971739870616274,0.4357731459040233,1.355156766829458e-10
0.33971739870616274,0.4360155113911779,1.3551511603524654e-10
0.3398025195778005,0.4360155113911779,1.355149917422202e-10
0.3398025195778005,0.4362578768783325,1.3551405115389499e-10
0.3399727613210759,0.4362578768783325,1.3551345615041588e-10
0.3399727613210759,0.4363790596219098,1.355130246402072e-10
0.34005788219271366,0.4363790596219098,1.3551251421051286e-10
0.34005788219271366,0.4371061560833737,1.3550911886265756e-10
0.3402281239359891,0.4371061560833737,1.3550710108883253e-10
0.3402281239359891,0.43722733882695103,1.3550682576043557e-10
0.3403132448076268,0.43722733882695103,1.3550648212967866e-10
0.3403132448076268,0.43746970431410565,1.3550519019263096e-10
0.34039836567926457,0.43746970431410565,1.3550496999128044e-10
0.34039836567926457,0.4377120698012603,1.355042805979524e-10
0.34099421178072864,0.4377120698012603,1.3550033029647683e-10
0.34099421178072864,0.43795443528841493,1.3550005383073994e-10
0.34107933265236634,0.43795443528841493,1.354996597958047e-10
0.34107933265236634,0.43819680077556955,1.3549925689810663e-10
0.3411644535240041,0.43819680077556955,1.35499218432356e-10
0.3411644535240041,0.43843916626272417,1.354984264936588e-10
0.3412495743956418,0.43843916626272417,1.3549803363068918e-10
0.3412495743956418,0.4385603490063015,1.3549763819800638e-10
0.34141981613891725,0.4385603490063015,1.3549718826476054e-10
0.34141981613891725,0.43868153174987884,1.354969480045214e-10
0.3421007831120191,0.43868153174987884,1.3549271784271796e-10
0.3421007831120191,0.43880271449345615,1.354916151388054e-10
0.34227102485529454,0.43880271449345615,1.3549064312030743e-10
0.34227102485529454,0.43892389723703346,1.3548913824110518e-10
0.34235614572693224,0.43892389723703346,1.3548737895286152e-10
0.34235614572693224,0.4391662627241881,1.3548716175875928e-10
0.34244126659857,0.4391662627241881,1.3548646288387816e-10
0.34244126659857,0.4392874454677654,1.3548612107778e-10
0.3426115083418454,0.4392874454677654,1.3548598084520076e-10
0.3426115083418454,0.4394086282113427,1.3548573782266002e-10
0.34278175008512085,0.4394086282113427,1.354849340504805e-10
0.34278175008512085,0.43965099369849736,1.3548477380702327e-10
0.3432073544433095,0.43965099369849736,1.3548309352688787e-10
0.3432073544433095,0.43977217644207467,1.3548307632198876e-10
0.343377596186585,0.43977217644207467,1.3548213037523002e-10
0.343377596186585,0.4400145419292293,1.354818114302252e-10
0.3438032005447736,0.4400145419292293,1.354799703598244e-10
0.3438032005447736,0.4401357246728066,1.3547995376332912e-10
0.34405856315968675,0.4401357246728066,1.3547857734991235e-10
0.34405856315968675,0.4404992729035385,1.3547807739882806e-10
0.3441436840313245,0.4404992729035385,1.354772360084275e-10
0.3441436840313245,0.4406204556471158,1.354769033456464e-10
0.3443139257745999,0.4406204556471158,1.3547525208413053e-10
0.3443139257745999,0.4407416383906932,1.3547459480308802e-10
0.3448246510044263,0.4407416383906932,1.3547203522817528e-10
0.3448246510044263,0.4409840038778478,1.3547113896579243e-10
0.3451651344909772,0.4409840038778478,1.3546793501728792e-10
0.3451651344909772,0.4412263693650024,1.3546547493942153e-10
0.34542049710589035,0.4412263693650024,1.3546274575192164e-10
0.34542049710589035,0.44134755210857973,1.354624107953941e-10
0.3455907388491658,0.44134755210857973,1.3546079033573022e-10
0.3455907388491658,0.441832283082889,1.3545784275695722e-10
0.34576098059244126,0.441832283082889,1.3545670709188277e-10
0.34576098059244126,0.44207464857004364,1.3545667607314048e-10
0.345846101464079,0.44207464857004364,1.35455447966662e-10
0.345846101464079,0.44219583131362095,1.3545511907364334e-10
0.34601634320735447,0.44219583131362095,1.3545383216992818e-10
0.34601634320735447,0.4426805622879302,1.3545294016209762e-10
0.3465270684371808,0.4426805622879302,1.3544845615978363e-10
0.3465270684371808,0.44292292777508485,1.3544749691710074e-10
0.34669731018045624,0.44292292777508485,1.3544424362483913e-10
0.34669731018045624,0.44304411051866216,1.3544369632582765e-10
0.3469526727953694,0.44304411051866216,1.3544051319405397e-10
0.3469526727953694,0.44316529326223947,1.3543977469490834e-10
0.34703779366700716,0.44316529326223947,1.354385449857729e-10
0.34703779366700716,0.4435288414929714,1.3543511580909038e-10
0.34712291453864486,0.4435288414929714,1.3543511438171313e-10
0.34712291453864486,0.4436500242365487,1.3543403043052784e-10
0.3472080354102826,0.4436500242365487,1.3543328762174388e-10
0.3472080354102826,0.4440135724672807,1.3543090796620546e-10
0.34737827715355807,0.4440135724672807,1.354301272213833e-10
0.34737827715355807,0.4442559379544353,1.3542904128941057e-10
0.34746339802519577,0.4442559379544353,1.354281357298524e-10
0.34746339802519577,0.4443771206980126,1.354275051552433e-10
0.3475485188968335,0.4443771206980126,1.3542717324548092e-10
0.3475485188968335,0.4446194861851672,1.3542673204704884e-10
0.3476336397684712,0.4446194861851672,1.3542589529176522e-10
0.3476336397684712,0.44474066892874453,1.3542586580508923e-10
0.347718760640109,0.44474066892874453,1.3542454650854028e-10
0.347718760640109,0.44486185167232184,1.3542414795818147e-10
0.3478038815117467,0.44486185167232184,1.3542395819787477e-10
0.3478038815117467,0.4449830344158992,1.3542391046866345e-10
0.3478890023833844,0.4449830344158992,1.3542373955335046e-10
0.3478890023833844,0.4451042171594765,1.3542282726160044e-10
0.3482294858699353,0.4451042171594765,1.3542214995735493e-10
0.3482294858699353,0.44534658264663113,1.3542073299444803e-10
0.3485699693564862,0.44534658264663113,1.3541669870384284e-10
0.3485699693564862,0.44571013087736305,1.3541270712550738e-10
0.3486550902281239,0.44571013087736305,1.3541015192835565e-10
0.3486550902281239,0.44583131362094036,1.3540839309684956e-10
0.3489104528430371,0.44583131362094036,1.354070769677618e-10
0.3489104528430371,0.44595249636451767,1.3540670869776866e-10
0.3491658154579503,0.44595249636451767,1.354023122563627e-10
0.3491658154579503,0.44607367910809503,1.3540222582810807e-10
0.34967654068777665,0.44607367910809503,1.35394928158705e-10
0.34967654068777665,0.44619486185167234,1.3539416320695456e-10
0.35001702417432756,0.44619486185167234,1.353921072126008e-10
0.35001702417432756,0.44631604459524965,1.3539198544977854e-10
0.3502723867892407,0.44631604459524965,1.353898622746426e-10
0.3502723867892407,0.44643722733882696,1.3538957951130231e-10
0.3508682328907048,0.44643722733882696,1.3538478039414535e-10
0.3508682328907048,0.44655841008240427,1.3538433371381718e-10
0.35095335376234255,0.44655841008240427,1.3538200263532324e-10
0.35095335376234255,0.4466795928259816,1.353813743816421e-10
0.35103847463398025,0.4466795928259816,1.3538037694031145e-10
0.35103847463398025,0.4469219583131362,1.353799419129191e-10
0.3512087163772557,0.4469219583131362,1.353787849858714e-10
0.3512087163772557,0.4477702375181774,1.3537336234814815e-10
0.3516343207354443,0.4477702375181774,1.3537102655372422e-10
0.3516343207354443,0.4478914202617547,1.3536933307789698e-10
0.3517194416070821,0.4478914202617547,1.3536927969232794e-10
0.3517194416070821,0.448376151236064,1.3536687509075785e-10
0.35188968335035753,0.448376151236064,1.3536417777238704e-10
0.35188968335035753,0.4484973339796413,1.3536406162904997e-10
0.35197480422199523,0.4484973339796413,1.3536334900694974e-10
0.35197480422199523,0.4487396994667959,1.353611858949402e-10
0.3522301668369084,0.4487396994667959,1.3535626872351033e-10
0.3522301668369084,0.44910324769752785,1.3535410530571204e-10
0.35240040858018384,0.44910324769752785,1.3535337095923896e-10
0.35240040858018384,0.44922443044110516,1.3535334679712915e-10
0.3524855294518216,0.44922443044110516,1.3535243381468693e-10
0.3524855294518216,0.4493456131846825,1.3535202113104454e-10
0.3529111338100102,0.4493456131846825,1.3534784220378283e-10
0.3529111338100102,0.44946679592825983,1.353472531923563e-10
0.35308137555328567,0.44946679592825983,1.3534606055735066e-10
0.35308137555328567,0.44958797867183714,1.353455236943309e-10
0.3532516172965611,0.44958797867183714,1.3534299426821844e-10
0.3532516172965611,0.4500727096461464,1.3533991137641464e-10
0.35359210078311204,0.4500727096461464,1.3533801790675077e-10
0.35359210078311204,0.450315075133301,1.353375541770715e-10
0.3541879468845761,0.450315075133301,1.3533452024330345e-10
0.3541879468845761,0.45043625787687835,1.3533421678026232e-10
0.35435818862785157,0.45043625787687835,1.3533214959003368e-10
0.35435818862785157,0.45067862336403297,1.3532971840255827e-10
0.3546135512427647,0.45067862336403297,1.3532819921678097e-10
0.3546135512427647,0.4507998061076103,1.3532724405563547e-10
0.3548689138576779,0.4507998061076103,1.3532606077948917e-10
0.3548689138576779,0.4510421715947649,1.3532561808724721e-10
0.35503915560095334,0.4510421715947649,1.3532436710900048e-10
0.35503915560095334,0.4512845370819195,1.3532350742291493e-10
0.3551242764725911,0.4512845370819195,1.3532210159956803e-10
0.3551242764725911,0.4514057198254969,1.3532159815643036e-10
0.35529451821586655,0.4514057198254969,1.353202711956631e-10
0.35529451821586655,0.4515269025690742,1.3531874856943734e-10
0.3555498808307797,0.4515269025690742,1.3531400573866122e-10
0.3555498808307797,0.4516480853126515,1.3531398083853842e-10
0.3559754851889683,0.4516480853126515,1.3530970812939145e-10
0.3559754851889683,0.4517692680562288,1.353085652023474e-10
0.3561457269322438,0.4517692680562288,1.35307829960641e-10
0.3561457269322438,0.4518904507998061,1.3530736658517914e-10
0.35631596867551923,0.4518904507998061,1.353062385009978e-10
0.35631596867551923,0.4521328162869607,1.3530453946868953e-10
0.356401089547157,0.4521328162869607,1.3530445020807112e-10
0.356401089547157,0.45225399903053803,1.3530437503057687e-10
0.3568266939053456,0.45225399903053803,1.3530204444037354e-10
0.3568266939053456,0.4524963645176927,1.3530050632235576e-10
0.35699693564862106,0.4524963645176927,1.353001073005501e-10
0.35699693564862106,0.45261754726127,1.3530008179279694e-10
0.3571671773918965,0.45261754726127,1.3529783929460615e-10
0.3571671773918965,0.4527387300048473,1.352978283607637e-10
0.3574225400068097,0.4527387300048473,1.3529770098775408e-10
0.3574225400068097,0.45310227823557925,1.352950254731314e-10
0.3578481443649983,0.45310227823557925,1.3529265370782732e-10
0.3578481443649983,0.45334464372273386,1.3529245341463224e-10
0.35801838610827375,0.45334464372273386,1.352919935517935e-10
0.35801838610827375,0.4534658264663112,1.3529043622165612e-10
0.3581886278515492,0.4534658264663112,1.3528894549103252e-10
0.3581886278515492,0.45358700920988854,1.3528811801113392e-10
0.35835886959482466,0.45358700920988854,1.3528793073046556e-10
0.35835886959482466,0.45370819195346584,1.3528707632829087e-10
0.35878447395301327,0.45370819195346584,1.3528307384273149e-10
0.35878447395301327,0.45407174018419777,1.3528106129840934e-10
0.35895471569628873,0.45407174018419777,1.3527946946999443e-10
0.35895471569628873,0.4541929229277751,1.3527945412532322e-10
0.3591249574395642,0.4541929229277751,1.3527834311062218e-10
0.3591249574395642,0.4544352884149297,1.3527741434929215e-10
0.3592100783112019,0.4544352884149297,1.3527566474299516e-10
0.3592100783112019,0.454556471158507,1.3527435721984986e-10
0.35938032005447734,0.454556471158507,1.3527349572636756e-10
0.35938032005447734,0.4547988366456617,1.3527308923931683e-10
0.3595505617977528,0.4547988366456617,1.3527226406766451e-10
0.3595505617977528,0.454920019389239,1.3527199911257637e-10
0.3598910452843037,0.454920019389239,1.3527027229548886e-10
0.3598910452843037,0.4550412021328163,1.3526965876538902e-10
0.3599761661559414,0.4550412021328163,1.352691508182771e-10
0.3599761661559414,0.4555259331071255,1.3526783579757761e-10
0.3602315287708546,0.4555259331071255,1.35265670513305e-10
0.3602315287708546,0.45564711585070283,1.3526378298251761e-10
0.3603166496424923,0.45564711585070283,1.3526118498053805e-10
0.3603166496424923,0.4557682985942802,1.352604119443461e-10
0.3604017705141301,0.4557682985942802,1.3525992278435515e-10
0.3604017705141301,0.4560106640814348,1.3525939977881012e-10
0.36065713312904324,0.4560106640814348,1.3525677616770346e-10
0.36065713312904324,0.4561318468250121,1.3525675611612493e-10
0.3608273748723187,0.4561318468250121,1.352563200435532e-10
0.3608273748723187,0.45637421231216674,1.3525608877175762e-10
0.3609124957439564,0.45637421231216674,1.35253518109199e-10
0.3609124957439564,0.4567377605428987,1.3525272382471742e-10
0.3612529792305073,0.4567377605428987,1.3524795348222962e-10
0.3612529792305073,0.45710130877363064,1.352460070805942e-10
0.36142322097378277,0.45710130877363064,1.352452937617529e-10
0.36142322097378277,0.45746485700436257,1.352435942213532e-10
0.3615934627170582,0.45746485700436257,1.3524262981945694e-10
0.3615934627170582,0.4575860397479399,1.3524233827009963e-10
0.3616785835886959,0.4575860397479399,1.3524035625928924e-10
0.3616785835886959,0.45782840523509455,1.3523960909902028e-10
0.3617637044603337,0.45782840523509455,1.3523886181787754e-10
0.3617637044603337,0.45794958797867186,1.3523785347998834e-10
0.36201906707524684,0.45794958797867186,1.3523565011486623e-10
0.36201906707524684,0.4583131362094038,1.352340698011454e-10
0.3621893088185223,0.4583131362094038,1.3523359484440507e-10
0.3621893088185223,0.4585555016965584,1.35232831966874e-10
0.36227442969016005,0.4585555016965584,1.3523163097903327e-10
0.36227442969016005,0.4586766844401357,1.3523161267452718e-10
0.36235955056179775,0.4586766844401357,1.3523129219400847e-10
0.36235955056179775,0.458797867183713,1.352298669576261e-10
0.3624446714334355,0.458797867183713,1.352298646012349e-10
0.3624446714334355,0.4590402326708677,1.352284193514226e-10
0.3625297923050732,0.4590402326708677,1.3522815001769723e-10
0.3625297923050732,0.4592825981580223,1.3522517359054909e-10
0.3626149131767109,0.4592825981580223,1.352248573779504e-10
0.3626149131767109,0.4594037809015996,1.3522469878243773e-10
0.3628702757916241,0.4594037809015996,1.352213005568161e-10
0.3628702757916241,0.4595249636451769,1.3522106989951762e-10
0.3630405175348996,0.4595249636451769,1.3521988862360514e-10
0.3630405175348996,0.45976732913233154,1.3521987054035888e-10
0.36338100102145043,0.45976732913233154,1.3521638338845269e-10
0.36338100102145043,0.46049442559379544,1.3521077721318837e-10
0.3635512427647259,0.46049442559379544,1.3521037892144543e-10
0.3635512427647259,0.46073679108095006,1.3521012523965504e-10
0.36363636363636365,0.46073679108095006,1.3520718566590814e-10
0.36363636363636365,0.46085797382452737,1.3520599455313626e-10
0.36372148450800135,0.46085797382452737,1.3520595871087165e-10
0.36372148450800135,0.4609791565681047,1.352056365817791e-10
0.3638066053796391,0.4609791565681047,1.352054766287414e-10
0.3638066053796391,0.46110033931168204,1.3520499750632115e-10
0.36397684712291456,0.46110033931168204,1.3520430120647817e-10
0.36397684712291456,0.46146388754241396,1.3520319397968946e-10
0.36414708886619,0.46146388754241396,1.352018422616538e-10
0.36414708886619,0.4615850702859913,1.3520089513589106e-10
0.3644024514811032,0.4615850702859913,1.351990661114589e-10
0.3644024514811032,0.4619486185167232,1.3519306827227559e-10
0.36457269322437863,0.4619486185167232,1.351912359790977e-10
0.36457269322437863,0.4620698012603005,1.3519120759285896e-10
0.36465781409601633,0.4620698012603005,1.3519120320586543e-10
0.36465781409601633,0.4627968977217644,1.3518943496589055e-10
0.3647429349676541,0.4627968977217644,1.3518870675014085e-10
0.3647429349676541,0.4631604459524964,1.351848902918854e-10
0.36491317671092954,0.4631604459524964,1.3518280722648393e-10
0.36491317671092954,0.463402811439651,1.3518222217737652e-10
0.36508341845420494,0.463402811439651,1.3518135172367869e-10
0.36508341845420494,0.4635239941832283,1.351805181148504e-10
0.36533878106911816,0.4635239941832283,1.3517484822755965e-10
0.36533878106911816,0.4636451769268056,1.351739227726245e-10
0.3655090228123936,0.4636451769268056,1.3517305409859295e-10
0.3655090228123936,0.46376635967038293,1.3517271661038045e-10
0.3655941436840313,0.46376635967038293,1.35171441240089e-10
0.3655941436840313,0.46388754241396024,1.351710965014673e-10
0.36567926455566907,0.46388754241396024,1.351709930934307e-10
0.36567926455566907,0.46412990790111486,1.3516920337738373e-10
0.36576438542730677,0.46412990790111486,1.3516878064926448e-10
0.36576438542730677,0.46473582161900145,1.3516652331285118e-10
0.36601974804221993,0.46473582161900145,1.3516488581442866e-10
0.36601974804221993,0.46546291808046536,1.351617304929863e-10
0.3661899897854954,0.46546291808046536,1.3516021219955168e-10
0.3661899897854954,0.4660688317983519,1.3515302566934618e-10
0.36627511065713314,0.4660688317983519,1.3515298795150983e-10
0.36627511065713314,0.4665535627726612,1.3515108303470085e-10
0.3665304732720463,0.4665535627726612,1.3514868829307693e-10
0.3665304732720463,0.4666747455162385,1.3514723279290793e-10
0.36670071501532175,0.4666747455162385,1.3514681731612867e-10
0.36670071501532175,0.4667959282598158,1.3514678689831381e-10
0.3672114402451481,0.4667959282598158,1.351428108389553e-10
0.3672114402451481,0.4669171110033931,1.351411814739692e-10
0.3673816819884236,0.4669171110033931,1.3514077351564636e-10
0.3673816819884236,0.4670382937469704,1.3514049492910193e-10
0.3674668028600613,0.4670382937469704,1.351398421514903e-10
0.3674668028600613,0.46728065923412504,1.3513916965492854e-10
0.36797752808988765,0.46728065923412504,1.351367279954567e-10
0.36797752808988765,0.46788657295201164,1.3513574790255387e-10
0.36806264896152535,0.46788657295201164,1.3513543551454945e-10
0.36806264896152535,0.46800775569558895,1.351349777065759e-10
0.3681477698331631,0.46800775569558895,1.3513443647480292e-10
0.3681477698331631,0.46837130392632087,1.3513255025710864e-10
0.3682328907048008,0.46837130392632087,1.3513125280287784e-10
0.3682328907048008,0.46849248666989823,1.3513058816401532e-10
0.36831801157643856,0.46849248666989823,1.3513028724178897e-10
0.36831801157643856,0.46861366941347554,1.3512950071759293e-10
0.36840313244807626,0.46861366941347554,1.3512828726464858e-10
0.36840313244807626,0.4690984003877848,1.351272414988268e-10
0.368488253319714,0.4690984003877848,1.3512718974345182e-10
0.368488253319714,0.4693407658749394,1.3512679007731998e-10
0.3685733741913517,0.4693407658749394,1.3512623422055981e-10
0.3685733741913517,0.4694619486185167,1.3512600107971182e-10
0.3688287368062649,0.4694619486185167,1.351234175465895e-10
0.3688287368062649,0.4698254968492487,1.3511738443706635e-10
0.36891385767790263,0.4698254968492487,1.3511716827092904e-10
0.36891385767790263,0.469946679592826,1.3511678048053858e-10
0.3690840994211781,0.469946679592826,1.3511512329598529e-10
0.3690840994211781,0.4700678623364033,1.351125945161655e-10
0.3691692202928158,0.4700678623364033,1.3511232999663761e-10
0.3691692202928158,0.4703102278235579,1.351120317887638e-10
0.3695097037793667,0.4703102278235579,1.3511046514306284e-10
0.3695097037793667,0.4704314105671352,1.3511010849364836e-10
0.3695948246510044,0.4704314105671352,1.3510958010356888e-10
0.3695948246510044,0.4707949587978672,1.3510681927521526e-10
0.36967994552264216,0.4707949587978672,1.3510617947699942e-10
0.36967994552264216,0.4709161415414445,1.3510520147851277e-10
0.36976506639427986,0.4709161415414445,1.3510462597190168e-10
0.36976506639427986,0.47140087251575374,1.351024750221286e-10
0.3698501872659176,0.47140087251575374,1.351015668192645e-10
0.3698501872659176,0.47152205525933105,1.3510155072017025e-10
0.3700204290091931,0.47152205525933105,1.3510020797338318e-10
0.3700204290091931,0.47164323800290836,1.3509945782031444e-10
0.3701055498808308,0.47164323800290836,1.3509922291778192e-10
0.3701055498808308,0.4717644207464857,1.3509867862570454e-10
0.37019067075246853,0.4717644207464857,1.350986745429543e-10
0.37019067075246853,0.47188560349006303,1.350974656320835e-10
0.37061627511065715,0.47188560349006303,1.350936597088935e-10
0.37061627511065715,0.47200678623364034,1.350919625344059e-10
0.37095675859720806,0.47200678623364034,1.3509055512706514e-10
0.37095675859720806,0.47237033446437227,1.3509024646155313e-10
0.37104187946884576,0.47237033446437227,1.3508838946439658e-10
0.37104187946884576,0.4724915172079496,1.3508775871622587e-10
0.37112700034048346,0.4724915172079496,1.350860762853868e-10
0.37112700034048346,0.4727338826951042,1.35084596193037e-10
0.3714674838270344,0.4727338826951042,1.3508155076752186e-10
0.3714674838270344,0.4733397964129908,1.3507681054505362e-10
0.3717228464419476,0.4733397964129908,1.3507648053337888e-10
0.3717228464419476,0.4737033446437227,1.3507464811535626e-10
0.37197820905686074,0.4737033446437227,1.3506739874898238e-10
0.37197820905686074,0.474188075618032,1.3506472490070886e-10
0.37206332992849844,0.474188075618032,1.350647221920034e-10
0.37206332992849844,0.4743092583616093,1.3506436361707727e-10
0.3724889342866871,0.4743092583616093,1.3506165177382638e-10
0.3724889342866871,0.4745516238487639,1.3505907130982038e-10
0.3725740551583248,0.4745516238487639,1.3505780814183531e-10
0.3725740551583248,0.47479398933591854,1.350559373925723e-10
0.3729145386448757,0.47479398933591854,1.3505520819267308e-10
0.3729145386448757,0.4750363548230732,1.3505478766389732e-10
0.3729996595165134,0.4750363548230732,1.3505477283669829e-10
0.3729996595165134,0.47527872031022783,1.3505394257852043e-10
0.37325502213142664,0.47527872031022783,1.3505390571062465e-10
0.37325502213142664,0.47552108579738245,1.350533810194917e-10
0.3738508682328907,0.47552108579738245,1.3504815786298756e-10
0.3738508682328907,0.4758846340281144,1.35047849080991e-10
0.3739359891045284,0.4758846340281144,1.3504585680619742e-10
0.3739359891045284,0.4767329132331556,1.3504244938719556e-10
0.37402110997616617,0.4767329132331556,1.350424378706656e-10
0.37402110997616617,0.4769752787203102,1.350408450263763e-10
0.3742764725910793,0.4769752787203102,1.3503894737502743e-10
0.3742764725910793,0.4772176442074649,1.350374451309238e-10
0.3744467143343548,0.4772176442074649,1.3503531653880393e-10
0.3744467143343548,0.4775811924381968,1.3503250999342297e-10
0.37453183520599254,0.4775811924381968,1.350319822311044e-10
0.37453183520599254,0.4783082888996607,1.350281777845558e-10
0.37461695607763024,0.4783082888996607,1.3502817769553577e-10
0.37461695607763024,0.478429471643238,1.3502796928665953e-10
0.3747871978209057,0.478429471643238,1.3502575293411658e-10
0.3747871978209057,0.47879301987396994,1.3502450209118078e-10
0.3751276813074566,0.47879301987396994,1.3502276279506067e-10
0.3751276813074566,0.47952011633543384,1.3501900258843416e-10
0.37529792305073206,0.47952011633543384,1.3501879982223084e-10
0.37529792305073206,0.47976248182258846,1.350171319054675e-10
0.37538304392236976,0.47976248182258846,1.350157616305576e-10
0.37538304392236976,0.47988366456616577,1.350151350241588e-10
0.3756384065372829,0.47988366456616577,1.350090970808224e-10
0.3756384065372829,0.48048957828405237,1.3500301182824686e-10
0.3761491317671093,0.48048957828405237,1.3500175590196204e-10
0.3761491317671093,0.4806107610276297,1.3500157616932336e-10
0.37631937351038475,0.4806107610276297,1.3500079555042288e-10
0.37631937351038475,0.4809743092583616,1.3499578063003423e-10
0.37640449438202245,0.4809743092583616,1.3499572077393545e-10
0.37640449438202245,0.4810954920019389,1.3499564967040077e-10
0.3765747361252979,0.4810954920019389,1.3499347200211611e-10
0.3765747361252979,0.4817014057198255,1.3498990159725416e-10
0.37674497786857336,0.4817014057198255,1.3498923385261174e-10
0.37674497786857336,0.48206495395055743,1.3498833254760317e-10
0.3770003404834866,0.48206495395055743,1.3498602786471999e-10
0.3770003404834866,0.48218613669413474,1.349853895070202e-10
0.37725570309839973,0.48218613669413474,1.3498086829136439e-10
0.37725570309839973,0.4824285021812894,1.3497725684564393e-10
0.37734082397003743,0.4824285021812894,1.3497663096398992e-10
0.37734082397003743,0.48303441589917595,1.3497273426406388e-10
0.3774259448416752,0.48303441589917595,1.3496936031067008e-10
0.3774259448416752,0.48327678138633057,1.3496801400962004e-10
0.3775110657133129,0.48327678138633057,1.3496721927347227e-10
0.3775110657133129,0.48351914687348524,1.349661015258591e-10
0.37810691181477696,0.48351914687348524,1.349622114194991e-10
0.37810691181477696,0.48376151236063986,1.3496183038075452e-10
0.37836227442969017,0.48376151236063986,1.3496144395965623e-10
0.37836227442969017,0.4840038778477945,1.349596755821319e-10
0.37844739530132787,0.4840038778477945,1.3495855555865255e-10
0.37844739530132787,0.4843674260785264,1.3495539044080817e-10
0.37861763704460333,0.4843674260785264,1.349544836350461e-10
0.37861763704460333,0.48460979156568107,1.3495165599342005e-10
0.3787027579162411,0.48460979156568107,1.349508491037189e-10
0.3787027579162411,0.4847309743092584,1.3495043254639726e-10
0.37887299965951654,0.4847309743092584,1.3494993380333976e-10
0.37887299965951654,0.4848521570528357,1.3494925970242542e-10
0.37895812053115424,0.4848521570528357,1.349481216790825e-10
0.37895812053115424,0.4853368880271449,1.3494381849537747e-10
0.37904324140279194,0.4853368880271449,1.349438092843879e-10
0.37904324140279194,0.4857004362578769,1.3494085160337587e-10
0.3791283622744297,0.4857004362578769,1.3494082653192728e-10
0.3791283622744297,0.4858216190014542,1.3494081677753567e-10
0.37929860401770515,0.4858216190014542,1.3494039839980494e-10
0.37929860401770515,0.4859428017450315,1.3493829830788886e-10
0.3794688457609806,0.4859428017450315,1.3493717398371497e-10
0.3794688457609806,0.4860639844886088,1.3493670142817384e-10
0.37980932924753147,0.4860639844886088,1.349337204597361e-10
0.37980932924753147,0.48618516723218613,1.3493193402350846e-10
0.3798944501191692,0.48618516723218613,1.3493164134963108e-10
0.3798944501191692,0.48703344643722735,1.3492511537164765e-10
0.3800646918624447,0.48703344643722735,1.3492261788618552e-10
0.3800646918624447,0.48727581192438196,1.349224876207799e-10
0.38023493360572014,0.48727581192438196,1.3492083765536098e-10
0.38023493360572014,0.48776054289869125,1.3491848917913978e-10
0.38032005447735784,0.48776054289869125,1.3491842899567488e-10
0.38032005447735784,0.48788172564226856,1.3491676812837983e-10
0.3804902962206333,0.48788172564226856,1.349161832749904e-10
0.3804902962206333,0.4882452738730005,1.349155347173048e-10
0.38074565883554645,0.4882452738730005,1.349137521900899e-10
0.38074565883554645,0.4883664566165778,1.3491337477710878e-10
0.3809159005788219,0.4883664566165778,1.3491243668689824e-10
0.3809159005788219,0.4886088221037324,1.3490971303895957e-10
0.38108614232209737,0.4886088221037324,1.3490739639669281e-10
0.38108614232209737,0.4888511875908871,1.349067436505383e-10
0.3811712631937351,0.4888511875908871,1.349057298989451e-10
0.3811712631937351,0.489214735821619,1.349035188079575e-10
0.3812563840653728,0.489214735821619,1.3490340118931547e-10
0.3812563840653728,0.4893359185651963,1.3490332057245791e-10
0.3814266258086483,0.4893359185651963,1.3490276959131315e-10
0.3814266258086483,0.4894571013087736,1.349015080075252e-10
0.38159686755192374,0.4894571013087736,1.3489844589118456e-10
0.38159686755192374,0.48957828405235093,1.3489826714885126e-10
0.3821075927817501,0.48957828405235093,1.3489551141308262e-10
0.3821075927817501,0.48982064953950555,1.3489437197430234e-10
0.38227783452502556,0.48982064953950555,1.3489275050954117e-10
0.38227783452502556,0.4899418322830829,1.3489228513380407e-10
0.38244807626830096,0.4899418322830829,1.3489143788788485e-10
0.38244807626830096,0.49042656325739215,1.3488728734735263e-10
0.3825331971399387,0.49042656325739215,1.3488695786980606e-10
0.3825331971399387,0.49054774600096945,1.3488619020032236e-10
0.3826183180115764,0.49054774600096945,1.3488588899387432e-10
0.3826183180115764,0.49079011148812407,1.3488451666682596e-10
0.38287368062648963,0.49079011148812407,1.3488341035596143e-10
0.38287368062648963,0.49103247697527874,1.3487905735824623e-10
0.38295880149812733,0.49103247697527874,1.3487869977053092e-10
0.38295880149812733,0.49115365971885605,1.348764775034504e-10
0.3831290432414028,0.49115365971885605,1.3487615075058844e-10
0.3831290432414028,0.4917595734367426,1.3487383606472927e-10
0.3834695267279537,0.4917595734367426,1.3487060859056178e-10
0.3834695267279537,0.4918807561803199,1.3486933949714223e-10
0.38363976847122916,0.4918807561803199,1.3486778707821576e-10
0.38363976847122916,0.49200193892389726,1.348663037145766e-10
0.38372488934286686,0.49200193892389726,1.348634268112413e-10
0.38372488934286686,0.4921231216674746,1.3486321089115126e-10
0.3838100102145046,0.4921231216674746,1.3486254762277556e-10
0.3838100102145046,0.4922443044110519,1.348617415840993e-10
0.38398025195778007,0.4922443044110519,1.3485808567217618e-10
0.38398025195778007,0.4923654871546292,1.348579404588054e-10
0.3841504937010555,0.4923654871546292,1.3485458338050427e-10
0.3841504937010555,0.4924866698982065,1.3485457628192723e-10
0.38432073544433093,0.4924866698982065,1.348532904348968e-10
0.38432073544433093,0.4927290353853611,1.3485135116619368e-10
0.3844058563159687,0.4927290353853611,1.348505534764999e-10
0.3844058563159687,0.49297140087251573,1.3484940754120347e-10
0.3848314606741573,0.49297140087251573,1.3484714440600427e-10
0.3848314606741573,0.4932137663596704,1.3484620162992017e-10
0.3851719441607082,0.4932137663596704,1.348440181923217e-10
0.3851719441607082,0.4933349491032477,1.3484374825810743e-10
0.3855124276472591,0.4933349491032477,1.3484110516310725e-10
0.3855124276472591,0.493456131846825,1.3484035359598662e-10
0.3855975485188968,0.493456131846825,1.3483977302514157e-10
0.3855975485188968,0.4935773145904023,1.3483961184754157e-10
0.3857677902621723,0.4935773145904023,1.3483932424376748e-10
0.3857677902621723,0.49369849733397964,1.34839292655993e-10
0.3861082737487232,0.49369849733397964,1.3483745315698613e-10
0.3861082737487232,0.49381968007755694,1.3483715801946826e-10
0.38627851549199865,0.49381968007755694,1.3483638969496262e-10
0.38627851549199865,0.49394086282113425,1.348349711766147e-10
0.3864487572352741,0.49394086282113425,1.348339887362797e-10
0.3864487572352741,0.49406204556471156,1.3483376662976414e-10
0.38661899897854957,0.49406204556471156,1.3483162363777742e-10
0.38661899897854957,0.49442559379544354,1.348300610075481e-10
0.3868743615934627,0.49442559379544354,1.3482830040091073e-10
0.3868743615934627,0.49466795928259816,1.348263139721566e-10
0.3870446033367382,0.49466795928259816,1.3482375133948822e-10
0.3870446033367382,0.4951526902569074,1.3481847189727115e-10
0.38729996595165134,0.4951526902569074,1.348167955649104e-10
0.38729996595165134,0.49551623848763937,1.348164998460983e-10
0.38764044943820225,0.49551623848763937,1.348145663560545e-10
0.38764044943820225,0.4958797867183713,1.3480880565687214e-10
0.38772557030983995,0.4958797867183713,1.3480801084430328e-10
0.38772557030983995,0.4960009694619486,1.3480574975816133e-10
0.3878106911814777,0.4960009694619486,1.3480485848977079e-10
0.3878106911814777,0.4962433349491032,1.3480461113931704e-10
0.3881511746680286,0.4962433349491032,1.347984775203014e-10
0.3881511746680286,0.4968492486669898,1.3479211180648152e-10
0.3882362955396663,0.4968492486669898,1.3479197232245523e-10
0.3882362955396663,0.4969704314105671,1.347914742005309e-10
0.3883214164113041,0.4969704314105671,1.34790780224814e-10
0.3883214164113041,0.49709161415414443,1.3478842217573598e-10
0.38866189989785493,0.49709161415414443,1.347856234323643e-10
0.38866189989785493,0.49721279689772174,1.347855965049099e-10
0.3887470207694927,0.49721279689772174,1.3478478078930915e-10
0.3887470207694927,0.4974551623848764,1.347835008001645e-10
0.3888321416411304,0.4974551623848764,1.3478343785824477e-10
0.3888321416411304,0.4975763451284537,1.347826706933988e-10
0.38925774599931906,0.4975763451284537,1.3477947115680724e-10
0.38925774599931906,0.49769752787203103,1.3477930845821837e-10
0.3895131086142322,0.49769752787203103,1.3477752254604987e-10
0.3895131086142322,0.49781871061560834,1.3477687595522552e-10
0.3895982294858699,0.49781871061560834,1.347766716608818e-10
0.3895982294858699,0.4983034415899176,1.347745108623377e-10
0.3897684712291454,0.4983034415899176,1.34767921132382e-10
0.3897684712291454,0.49842462433349494,1.347671741970892e-10
0.38985359210078313,0.49842462433349494,1.3476715858944561e-10
0.38985359210078313,0.49854580707707224,1.347668039502403e-10
0.39027919645897174,0.49854580707707224,1.347605854506319e-10
0.39027919645897174,0.49866698982064955,1.3475986792860721e-10
0.39036431733060944,0.49866698982064955,1.3475983882193958e-10
0.39036431733060944,0.4990305380513815,1.3475523964020135e-10
0.3904494382022472,0.4990305380513815,1.3475465935714173e-10
0.3904494382022472,0.4993940862821134,1.3475240684987362e-10
0.39061967994552266,0.4993940862821134,1.3475110025001564e-10
0.39061967994552266,0.4996364517692681,1.347490467164433e-10
0.39070480081716036,0.4996364517692681,1.347484617438306e-10
0.39070480081716036,0.4997576345128454,1.3474678120176483e-10
0.3908750425604358,0.4997576345128454,1.347423301521683e-10
0.3908750425604358,0.4998788172564227,1.3474128314857034e-10
0.39121552604698673,0.4998788172564227,1.347408330899486e-10
0.39121552604698673,0.5006059137178865,1.3473037701024524e-10
0.39130064691862443,0.5006059137178865,1.34729754532191e-10
0.39130064691862443,0.5013330101793505,1.3472582598910328e-10
0.3914708886618999,0.5013330101793505,1.3472524568665627e-10
0.3914708886618999,0.5015753756665051,1.347239905527464e-10
0.39164113040517534,0.5015753756665051,1.347217941776188e-10
0.39164113040517534,0.5016965584100824,1.3472124657503475e-10
0.3917262512768131,0.5016965584100824,1.347206049094286e-10
0.3917262512768131,0.5020601066408144,1.3471615504855572e-10
0.3918964930200885,0.5020601066408144,1.3471590993799742e-10
0.3918964930200885,0.5021812893843917,1.3471504806766248e-10
0.39198161389172625,0.5021812893843917,1.34715006451187e-10
0.39198161389172625,0.5024236548715463,1.347091203734841e-10
0.3921518556350017,0.5024236548715463,1.3470884513073061e-10
0.3921518556350017,0.5025448376151236,1.3470803049357907e-10
0.3925774599931903,0.5025448376151236,1.3470606079232257e-10
0.3925774599931903,0.5026660203587009,1.34705336987479e-10
0.39334354783792985,0.5026660203587009,1.3470036142070965e-10
0.39334354783792985,0.5029083858458555,1.347000355067908e-10
0.3934286687095676,0.5029083858458555,1.346974815855898e-10
0.3934286687095676,0.5030295685894328,1.346973657483283e-10
0.39368403132448077,0.5030295685894328,1.3469464805900013e-10
0.39368403132448077,0.5035142995637422,1.3469165082831733e-10
0.3938542730677562,0.5035142995637422,1.3469102741740036e-10
0.3938542730677562,0.5037566650508968,1.3469031984005287e-10
0.3939393939393939,0.5037566650508968,1.3468986182399604e-10
0.3939393939393939,0.5038778477944741,1.3468985176770188e-10
0.3941096356826694,0.5038778477944741,1.3468765986788666e-10
0.3941096356826694,0.5039990305380514,1.3468698610237366e-10
0.39427987742594484,0.5039990305380514,1.3468582044653486e-10
0.39427987742594484,0.504241396025206,1.3468546687645383e-10
0.394535240040858,0.504241396025206,1.3468493332036e-10
0.394535240040858,0.5043625787687833,1.346843131622362e-10
0.3948757235274089,0.5043625787687833,1.3468320019886627e-10
0.3948757235274089,0.5046049442559379,1.346831174370859e-10
0.39496084439904666,0.5046049442559379,1.3468310964062995e-10
0.39496084439904666,0.5048473097430926,1.3468263703220574e-10
0.395471569628873,0.5048473097430926,1.3467885034625425e-10
0.395471569628873,0.5049684924866699,1.3467883098780151e-10
0.39564181137214843,0.5049684924866699,1.346779547424215e-10
0.39564181137214843,0.5054532234609792,1.346769373974332e-10
0.3962376574736125,0.5054532234609792,1.3467338886148772e-10
0.3962376574736125,0.5058167716917111,1.3466939119177234e-10
0.3965781409601634,0.5058167716917111,1.3466815715630366e-10
0.3965781409601634,0.5059379544352884,1.3466779493921545e-10
0.39683350357507663,0.5059379544352884,1.3466545013423695e-10
0.39683350357507663,0.5063015026660204,1.346627503111522e-10
0.3970037453183521,0.5063015026660204,1.3466051191899068e-10
0.3970037453183521,0.5064226854095977,1.3465864553093432e-10
0.3970888661899898,0.5064226854095977,1.3465862555038983e-10
0.3970888661899898,0.5067862336403296,1.3465534058687025e-10
0.39725910793326524,0.5067862336403296,1.3465051617278788e-10
0.39725910793326524,0.5073921473582161,1.346472651711538e-10
0.39734422880490294,0.5073921473582161,1.34647189671449e-10
0.39734422880490294,0.5077556955889482,1.346456392799956e-10
0.39759959141981616,0.5077556955889482,1.3464197749030506e-10
0.39759959141981616,0.5078768783325255,1.3464194174118595e-10
0.3977698331630916,0.5078768783325255,1.3464173483873037e-10
0.3977698331630916,0.5082404265632574,1.3463920002927053e-10
0.3978549540347293,0.5082404265632574,1.346389585078627e-10
0.3978549540347293,0.508846340281144,1.3463686611095674e-10
0.397940074906367,0.508846340281144,1.346368647075648e-10
0.397940074906367,0.5089675230247213,1.3463610236270363e-10
0.39802519577800477,0.5089675230247213,1.3463576253354619e-10
0.39802519577800477,0.5092098885118759,1.346345645358476e-10
0.3982805583929179,0.5092098885118759,1.346334744981627e-10
0.3982805583929179,0.5093310712554532,1.346332955443623e-10
0.39862104187946884,0.5093310712554532,1.3462519795586057e-10
0.39862104187946884,0.5095734367426078,1.346235835086619e-10
0.3987061627511066,0.5095734367426078,1.3462358327406218e-10
0.3987061627511066,0.5101793504604945,1.346216064938229e-10
0.39904664623765745,0.5101793504604945,1.3462018734133728e-10
0.39904664623765745,0.5104217159476491,1.3461921168375924e-10
0.3991317671092952,0.5104217159476491,1.3461659390198668e-10
0.3991317671092952,0.510785264178381,1.3461410231803628e-10
0.39930200885257067,0.510785264178381,1.3461309193227277e-10
0.39930200885257067,0.5109064469219583,1.346116280126198e-10
0.3995573714674838,0.5109064469219583,1.3460993751549027e-10
0.3995573714674838,0.5111488124091129,1.3460987629294167e-10
0.3996424923391216,0.5111488124091129,1.3460946091298735e-10
0.3996424923391216,0.5115123606398448,1.346078595338056e-10
0.39989785495403474,0.5115123606398448,1.3460282796724454e-10
0.39989785495403474,0.5117547261269996,1.3460158166098698e-10
0.40023833844058565,0.5117547261269996,1.3459517284437117e-10
0.40023833844058565,0.5118759088705769,1.345939644511267e-10
0.40066394279877426,0.5118759088705769,1.345913942123662e-10
0.40066394279877426,0.5124818225884634,1.3458658928597581e-10
0.4009193054136874,0.5124818225884634,1.3458500341893978e-10
0.4009193054136874,0.5126030053320407,1.3458477872514824e-10
0.4010044262853252,0.5126030053320407,1.3458477605816662e-10
0.4010044262853252,0.512724188075618,1.3458455599385744e-10
0.4010895471569629,0.512724188075618,1.345843828858329e-10
0.4010895471569629,0.5129665535627727,1.3458282825345038e-10
0.40117466802860063,0.5129665535627727,1.345827738728485e-10
0.40117466802860063,0.51308773630635,1.3458133944866542e-10
0.40125978890023833,0.51308773630635,1.3458062263696697e-10
0.40125978890023833,0.5132089190499273,1.3457861664957647e-10
0.4013449097718761,0.5132089190499273,1.345780268171261e-10
0.4013449097718761,0.5138148327678138,1.3457566778771924e-10
0.4015151515151515,0.5138148327678138,1.3457225484341706e-10
0.4015151515151515,0.5140571982549685,1.3457136041410105e-10
0.40160027238678925,0.5140571982549685,1.345710644548522e-10
0.40160027238678925,0.5141783809985458,1.3457054371050365e-10
0.4017705141300647,0.5141783809985458,1.3456989114019272e-10
0.4017705141300647,0.5142995637421232,1.345682090646501e-10
0.4024514811031665,0.5142995637421232,1.3456096371802197e-10
0.4024514811031665,0.5147842947164324,1.345602135832904e-10
0.4027068437180797,0.5147842947164324,1.3455865396827117e-10
0.4027068437180797,0.5149054774600097,1.345578891741077e-10
0.4030473272046306,0.5149054774600097,1.345554898958694e-10
0.4030473272046306,0.515026660203587,1.345534936947156e-10
0.4031324480762683,0.515026660203587,1.3455274698459048e-10
0.4031324480762683,0.5152690256907416,1.3455091461003512e-10
0.403217568947906,0.5152690256907416,1.3454948645068733e-10
0.403217568947906,0.5157537566650509,1.345462517214545e-10
0.40330268981954376,0.5157537566650509,1.3454491194648408e-10
0.40330268981954376,0.5161173048957829,1.3454235740397065e-10
0.4034729315628192,0.5161173048957829,1.3454047995303137e-10
0.4034729315628192,0.5162384876393602,1.345402739876145e-10
0.40364317330609467,0.5162384876393602,1.3453931175438973e-10
0.40364317330609467,0.5166020358700921,1.3453571093175894e-10
0.40372829417773237,0.5166020358700921,1.3453566116951028e-10
0.40372829417773237,0.5167232186136694,1.345346518874788e-10
0.40398365679264553,0.5167232186136694,1.3452988604382796e-10
0.40398365679264553,0.516965584100824,1.3452851524942225e-10
0.4040687776642833,0.516965584100824,1.3452565681740564e-10
0.4040687776642833,0.5172079495879787,1.3452430763322959e-10
0.404153898535921,0.5172079495879787,1.3452351078732283e-10
0.404153898535921,0.5174503150751333,1.3452319712898868e-10
0.40432414027919644,0.5174503150751333,1.345231110350041e-10
0.40432414027919644,0.5175714978187106,1.345229867587554e-10
0.40457950289410965,0.5175714978187106,1.3452166605578722e-10
0.40457950289410965,0.5176926805622879,1.345195198495008e-10
0.40466462376574736,0.5176926805622879,1.3451918630142642e-10
0.40466462376574736,0.5178138633058652,1.3451901513921961e-10
0.40500510725229827,0.5178138633058652,1.345175505223789e-10
0.40500510725229827,0.5181774115365972,1.345130190899345e-10
0.40509022812393597,0.5181774115365972,1.3451277475378477e-10
0.40509022812393597,0.5182985942801746,1.345122229866658e-10
0.4051753489955737,0.5182985942801746,1.34512114603162e-10
0.4051753489955737,0.5185409597673292,1.3451126374555791e-10
0.4052604698672114,0.5185409597673292,1.3451020684836224e-10
0.4052604698672114,0.5187833252544838,1.3450808619301733e-10
0.4053455907388492,0.5187833252544838,1.345068578545503e-10
0.4053455907388492,0.5190256907416384,1.3450180497173126e-10
0.4054307116104869,0.5190256907416384,1.3450161660501588e-10
0.4054307116104869,0.519268056228793,1.3450123008535147e-10
0.40551583248212464,0.519268056228793,1.3450073934923118e-10
0.40551583248212464,0.5201163354338342,1.3449740144104574e-10
0.4058563159686755,0.5201163354338342,1.344968680210849e-10
0.4058563159686755,0.5203587009209889,1.3449575167786514e-10
0.40594143684031325,0.5203587009209889,1.3449561137128576e-10
0.40594143684031325,0.5206010664081435,1.3449395363030808e-10
0.40602655771195095,0.5206010664081435,1.3449314893435422e-10
0.40602655771195095,0.5209646146388754,1.3449122101806125e-10
0.4061967994552264,0.5209646146388754,1.34490537744321e-10
0.4061967994552264,0.5210857973824528,1.3449020128141023e-10
0.4064521620701396,0.5210857973824528,1.3448218261308866e-10
0.4064521620701396,0.5212069801260301,1.3448210972584156e-10
0.4067926455566905,0.5212069801260301,1.344799859303113e-10
0.4067926455566905,0.5213281628696074,1.34478419996592e-10
0.40687776642832824,0.5213281628696074,1.344760871732383e-10
0.40687776642832824,0.5219340765874939,1.344673858555196e-10
0.40696288729996594,0.5219340765874939,1.344671012667201e-10
0.40696288729996594,0.5230247212796898,1.344606971354549e-10
0.4071331290432414,0.5230247212796898,1.344604911337957e-10
0.4071331290432414,0.5231459040232671,1.344601581510467e-10
0.40764385427306776,0.5231459040232671,1.3445675424717586e-10
0.40764385427306776,0.5232670867668444,1.3445501078488686e-10
0.40772897514470546,0.5232670867668444,1.3445251664773403e-10
0.40772897514470546,0.5233882695104217,1.3445002829696666e-10
0.4079843377596187,0.5233882695104217,1.3444833179580995e-10
0.4079843377596187,0.523509452253999,1.3444799184228896e-10
0.4080694586312564,0.523509452253999,1.344466322136288e-10
0.4080694586312564,0.523873000484731,1.3444631187135147e-10
0.40858018386108275,0.523873000484731,1.344445841834366e-10
0.40858018386108275,0.5241153659718856,1.3444188177270725e-10
0.4087504256043582,0.5241153659718856,1.3443917762303982e-10
0.4087504256043582,0.5242365487154629,1.3443862739645194e-10
0.40892066734763366,0.5242365487154629,1.3443836678660875e-10
0.40892066734763366,0.5250848279205041,1.3443660021360004e-10
0.4091760299625468,0.5250848279205041,1.3443375103518624e-10
0.4091760299625468,0.5252060106640815,1.3443116086606068e-10
0.4092611508341845,0.5252060106640815,1.3442918977293135e-10
0.4092611508341845,0.5254483761512361,1.3442773564930352e-10
0.4093462717058223,0.5254483761512361,1.3442771991157602e-10
0.4093462717058223,0.5255695588948134,1.344275756588573e-10
0.40943139257746,0.5255695588948134,1.3442730083306736e-10
0.40943139257746,0.525811924381968,1.3442429942628018e-10
0.40960163432073543,0.525811924381968,1.3442419470320644e-10
0.40960163432073543,0.5259331071255453,1.3442283339517418e-10
0.4096867551923732,0.5259331071255453,1.3442225135055966e-10
0.4096867551923732,0.5260542898691226,1.3442169364293365e-10
0.40994211780728634,0.5260542898691226,1.3441768747219088e-10
0.40994211780728634,0.5262966553562772,1.3441720014012093e-10
0.41036772216547496,0.5262966553562772,1.3441412334298117e-10
0.41036772216547496,0.5264178380998545,1.3441281452712554e-10
0.4105379639087504,0.5264178380998545,1.3441158273625832e-10
0.4105379639087504,0.5265390208434318,1.3440988662925659e-10
0.41070820565202587,0.5265390208434318,1.3440848084141373e-10
0.41070820565202587,0.5269025690741639,1.344036946426337e-10
0.4107933265236636,0.5269025690741639,1.3440307006650064e-10
0.4107933265236636,0.5270237518177412,1.3440272204452052e-10
0.410963568266939,0.5270237518177412,1.3439876912414554e-10
0.410963568266939,0.5271449345613185,1.3439801306711444e-10
0.4113891726251277,0.5271449345613185,1.3439654997432114e-10
0.4113891726251277,0.5272661173048958,1.3439544215914607e-10
0.41164453524004085,0.5272661173048958,1.3439179684445301e-10
0.41164453524004085,0.5273873000484731,1.3439143553697732e-10
0.4117296561116786,0.5273873000484731,1.3439133084946772e-10
0.4117296561116786,0.5275084827920504,1.343913155463715e-10
0.4118147769833163,0.5275084827920504,1.3439068682320677e-10
0.4118147769833163,0.5278720310227824,1.343846015571919e-10
0.411899897854954,0.5278720310227824,1.3438412223859572e-10
0.411899897854954,0.5279932137663597,1.3438370890817623e-10
0.4121552604698672,0.5279932137663597,1.3438207082550542e-10
0.4121552604698672,0.528114396509937,1.343813717606334e-10
0.41258086482805584,0.528114396509937,1.3437620338812448e-10
0.41258086482805584,0.5283567619970916,1.3437460998826423e-10
0.4127511065713313,0.5283567619970916,1.3437452375962183e-10
0.4127511065713313,0.5285991274842462,1.3437067583404746e-10
0.41292134831460675,0.5285991274842462,1.3436827519811866e-10
0.41292134831460675,0.5287203102278235,1.343674814511323e-10
0.41326183180115766,0.5287203102278235,1.3436470620300887e-10
0.41326183180115766,0.5288414929714008,1.343646254577999e-10
0.4136874361593463,0.5288414929714008,1.343629651047409e-10
0.4136874361593463,0.5289626757149782,1.3436203147965035e-10
0.4141130405175349,0.5289626757149782,1.3436142127447554e-10
0.4141130405175349,0.5292050412021329,1.3435924702767775e-10
0.4145386448757235,0.5292050412021329,1.343550468419702e-10
0.4145386448757235,0.5293262239457102,1.3435434352315556e-10
0.4150493701055499,0.5293262239457102,1.3434870233362864e-10
0.4150493701055499,0.5294474066892875,1.34348344061607e-10
0.41521961184882533,0.5294474066892875,1.3434714845159627e-10
0.41521961184882533,0.5295685894328648,1.3434530930084565e-10
0.4154749744637385,0.5295685894328648,1.3434144729011541e-10
0.4154749744637385,0.5296897721764421,1.3434087459083386e-10
0.41556009533537625,0.5296897721764421,1.343408715598076e-10
0.41556009533537625,0.5298109549200194,1.3434039483890694e-10
0.41564521620701395,0.5298109549200194,1.3434032740423338e-10
0.41564521620701395,0.5299321376635967,1.3433874690156474e-10
0.4157303370786517,0.5299321376635967,1.3433811426401802e-10
0.4157303370786517,0.530053320407174,1.3433718197805248e-10
0.41632618318011577,0.530053320407174,1.3433386019609159e-10
0.41632618318011577,0.5301745031507513,1.3433357819359992e-10
0.41658154579502893,0.5301745031507513,1.3432889052139426e-10
0.41658154579502893,0.5302956858943286,1.3432869298593002e-10
0.4166666666666667,0.5302956858943286,1.3432788899565007e-10
0.4166666666666667,0.5305380513814832,1.3432562281418644e-10
0.41683690840994214,0.5305380513814832,1.3432538156870275e-10
0.41683690840994214,0.5306592341250606,1.3432318283415141e-10
0.41692202928157984,0.5306592341250606,1.343230995421053e-10
0.41692202928157984,0.5307804168686379,1.343222689993342e-10
0.41700715015321754,0.5307804168686379,1.343214418787885e-10
0.41700715015321754,0.5311439650993699,1.343208848560842e-10
0.4170922710248553,0.5311439650993699,1.3431726885137276e-10
0.4170922710248553,0.5312651478429472,1.3431534003071366e-10
0.41726251276813076,0.5312651478429472,1.3431362375509924e-10
0.41726251276813076,0.5315075133301018,1.3431330301349336e-10
0.41734763363976846,0.5315075133301018,1.3431308607528903e-10
0.41734763363976846,0.5317498788172564,1.34310915838889e-10
0.4177732379979571,0.5317498788172564,1.3430789535726397e-10
0.4177732379979571,0.5321134270479884,1.3430697852623134e-10
0.4178583588695948,0.5321134270479884,1.3430627038186295e-10
0.4178583588695948,0.5322346097915657,1.3430366436451072e-10
0.4179434797412325,0.5322346097915657,1.3430323912093373e-10
0.4179434797412325,0.532355792535143,1.3430317186849794e-10
0.41819884235614574,0.532355792535143,1.3430158134294998e-10
0.41819884235614574,0.5325981580222976,1.3430074347802143e-10
0.4183690840994212,0.5325981580222976,1.3430064516405925e-10
0.4183690840994212,0.5332040717401842,1.3429770582874562e-10
0.41862444671433435,0.5332040717401842,1.342955586312347e-10
0.41862444671433435,0.5333252544837616,1.3429510127816057e-10
0.41870956758597205,0.5333252544837616,1.3429415154679697e-10
0.41870956758597205,0.5338099854580708,1.342928926036251e-10
0.4187946884576098,0.5338099854580708,1.3429288689158684e-10
0.4187946884576098,0.53429471643238,1.3429068902318738e-10
0.41964589717398704,0.53429471643238,1.3428643064838635e-10
0.41964589717398704,0.5344158991759573,1.3428522148925247e-10
0.42032686414708886,0.5344158991759573,1.3427741606094877e-10
0.42032686414708886,0.5345370819195346,1.3427623987129587e-10
0.4204119850187266,0.5345370819195346,1.3427537564332176e-10
0.4204119850187266,0.534658264663112,1.3427481176274835e-10
0.4204971058903643,0.534658264663112,1.3427475267775963e-10
0.4204971058903643,0.5349006301502666,1.3427135074471945e-10
0.4206673476336398,0.5349006301502666,1.342694547854718e-10
0.4206673476336398,0.5351429956374212,1.3426798800067753e-10
0.42083758937691523,0.5351429956374212,1.3426710207052068e-10
0.42083758937691523,0.5356277266117305,1.3426327289353643e-10
0.42092271024855293,0.5356277266117305,1.3426204942984345e-10
0.42092271024855293,0.5359912748424625,1.3426187969935447e-10
0.4210929519918284,0.5359912748424625,1.3426045501936636e-10
0.4210929519918284,0.5362336403296171,1.3425943748250806e-10
0.4214334354783793,0.5362336403296171,1.3425777171320112e-10
0.4214334354783793,0.5363548230731944,1.3425756879972789e-10
0.42160367722165476,0.5363548230731944,1.3425509595351387e-10
0.42160367722165476,0.5367183713039263,1.342507063055215e-10
0.42168879809329246,0.5367183713039263,1.3425050047998944e-10
0.42168879809329246,0.5368395540475036,1.34248412813548e-10
0.4218590398365679,0.5368395540475036,1.3424602722890444e-10
0.4218590398365679,0.5376878332525449,1.342414377662534e-10
0.4219441607082057,0.5376878332525449,1.3424060995846266e-10
0.4219441607082057,0.5378090159961222,1.3423821174713148e-10
0.4220292815798434,0.5378090159961222,1.3423818301102012e-10
0.4220292815798434,0.5382937469704314,1.342342664398489e-10
0.42219952332311883,0.5382937469704314,1.3423419710198589e-10
0.42219952332311883,0.5386572952011633,1.342320976015811e-10
0.422454885938032,0.5386572952011633,1.342288982791797e-10
0.422454885938032,0.5387784779447407,1.3422884108601113e-10
0.42254000680966974,0.5387784779447407,1.3422876862637254e-10
0.42254000680966974,0.538899660688318,1.3422697751720196e-10
0.42262512768130744,0.538899660688318,1.3422665312428754e-10
0.42262512768130744,0.5393843916626272,1.3422076805611808e-10
0.4227102485529452,0.5393843916626272,1.3421977162378996e-10
0.4227102485529452,0.5395055744062045,1.3421974419664785e-10
0.4227953694245829,0.5395055744062045,1.3421874045837733e-10
0.4227953694245829,0.5398691226369365,1.3421840268657056e-10
0.42330609465440927,0.5398691226369365,1.3421591375954504e-10
0.42330609465440927,0.5399903053805138,1.3421573102524873e-10
0.42339121552604697,0.5399903053805138,1.342155023689259e-10
0.42339121552604697,0.5402326708676685,1.3421380071812312e-10
0.4234763363976847,0.5402326708676685,1.342119285299447e-10
0.4234763363976847,0.5404750363548231,1.3420892275334676e-10
0.42356145726932243,0.5404750363548231,1.3420891922070735e-10
0.42356145726932243,0.5405962190984004,1.3420869135357075e-10
0.42381681988423564,0.5405962190984004,1.3420753205159885e-10
0.42381681988423564,0.5412021328162869,1.3420226756324846e-10
0.42398706162751104,0.5412021328162869,1.3420198272694933e-10
0.42398706162751104,0.5414444983034415,1.3419643115298713e-10
0.42432754511406195,0.5414444983034415,1.3419587021414648e-10
0.42432754511406195,0.5418080465341736,1.3419199978416934e-10
0.42475314947225057,0.5418080465341736,1.3418825652567768e-10
0.42475314947225057,0.5421715947649055,1.3418657387056668e-10
0.4248382703438883,0.5421715947649055,1.341851845089576e-10
0.4248382703438883,0.5424139602520601,1.341837094733398e-10
0.424923391215526,0.5424139602520601,1.3418327547694705e-10
0.424923391215526,0.5425351429956374,1.3418242005076317e-10
0.4250085120871638,0.5425351429956374,1.3418235229351835e-10
0.4250085120871638,0.542777508482792,1.3417994774632856e-10
0.42517875383043924,0.542777508482792,1.3417832918687732e-10
0.42517875383043924,0.5428986912263694,1.341782194287014e-10
0.42560435818862785,0.5428986912263694,1.3417096424157078e-10
0.42560435818862785,0.5430198739699467,1.3417006052954358e-10
0.42568947906026555,0.5430198739699467,1.3416943906615918e-10
0.42568947906026555,0.543141056713524,1.3416896947399688e-10
0.4261150834184542,0.543141056713524,1.341662709839936e-10
0.4261150834184542,0.5435046049442559,1.3416509930219925e-10
0.4262002042900919,0.5435046049442559,1.3416499373898415e-10
0.4262002042900919,0.5436257876878332,1.341646160252732e-10
0.4263704460333674,0.5436257876878332,1.3416254307931233e-10
0.4263704460333674,0.5438681531749879,1.3416123047075214e-10
0.42645556690500513,0.5438681531749879,1.341609700241649e-10
0.42645556690500513,0.5439893359185652,1.3416012925447808e-10
0.4267109295199183,0.5439893359185652,1.341582182510713e-10
0.4267109295199183,0.5441105186621426,1.341580357611965e-10
0.42688117126319375,0.5441105186621426,1.3415774155050631e-10
0.42688117126319375,0.5443528841492972,1.3415576387624692e-10
0.427732379979571,0.5443528841492972,1.3414999589144471e-10
0.427732379979571,0.5444740668928745,1.3414984949987277e-10
0.42790262172284643,0.5444740668928745,1.341484488766526e-10
0.42790262172284643,0.5445952496364518,1.3414812306877356e-10
0.42815798433775965,0.5445952496364518,1.3414587120024773e-10
0.42815798433775965,0.5448376151236064,1.3414074001217421e-10
0.4284984678243105,0.5448376151236064,1.3413578148938823e-10
0.4284984678243105,0.5449587978671837,1.341342060235929e-10
0.42858358869594826,0.5449587978671837,1.3413418373262895e-10
0.42858358869594826,0.5452011633543383,1.3413258229802546e-10
0.42866870956758596,0.5452011633543383,1.3413123530863763e-10
0.42866870956758596,0.5453223460979156,1.3413094289219734e-10
0.4287538304392237,0.5453223460979156,1.3413088509981621e-10
0.4287538304392237,0.5454435288414929,1.3413056425926968e-10
0.42892407218249917,0.5454435288414929,1.341294431758904e-10
0.42892407218249917,0.5455647115850702,1.3412925161745798e-10
0.4290943139257746,0.5455647115850702,1.341272810320497e-10
0.4290943139257746,0.5456858943286476,1.3412591312769494e-10
0.42917943479741233,0.5456858943286476,1.341254627722835e-10
0.42917943479741233,0.5458070770722249,1.341254503558776e-10
0.42926455566905003,0.5458070770722249,1.341248586142347e-10
0.42926455566905003,0.5460494425593796,1.3412382505557625e-10
0.4293496765406878,0.5460494425593796,1.3412341689428634e-10
0.4293496765406878,0.5462918080465342,1.3412317522272092e-10
0.4294347974123255,0.5462918080465342,1.3412299863155031e-10
0.4294347974123255,0.5464129907901115,1.3412266602945422e-10
0.430200885257065,0.5464129907901115,1.3411573071181066e-10
0.430200885257065,0.5470189045079981,1.3411243989447587e-10
0.43028600612870277,0.5470189045079981,1.341123470683984e-10
0.43028600612870277,0.54738245273873,1.3410847546080107e-10
0.4307116104868914,0.54738245273873,1.3409943794746688e-10
0.4307116104868914,0.5476248182258846,1.3409547636292077e-10
0.4307967313585291,0.5476248182258846,1.3409547605125232e-10
0.4307967313585291,0.5477460009694619,1.340944883381672e-10
0.43088185223016684,0.5477460009694619,1.3409365522700793e-10
0.43088185223016684,0.5478671837130392,1.340935950772509e-10
0.4310520939734423,0.5478671837130392,1.3409095519893664e-10
0.4310520939734423,0.5479883664566165,1.340906963573901e-10
0.43113721484508,0.5479883664566165,1.3408723244011383e-10
0.43113721484508,0.5483519146873486,1.3408457343967562e-10
0.43122233571671775,0.5483519146873486,1.3408428669408624e-10
0.43122233571671775,0.5484730974309259,1.34082189629427e-10
0.4319033026898195,0.5484730974309259,1.3407508651694995e-10
0.4319033026898195,0.5485942801745032,1.3407195056020043e-10
0.4319884235614573,0.5485942801745032,1.3407067582407762e-10
0.4319884235614573,0.5488366456616578,1.340660808952528e-10
0.43215866530473274,0.5488366456616578,1.3406455759094904e-10
0.43215866530473274,0.5489578284052351,1.3406428247639614e-10
0.43249914879128365,0.5489578284052351,1.340619510767721e-10
0.43249914879128365,0.5490790111488124,1.3406192947434811e-10
0.43292475314947226,0.5490790111488124,1.3405720757444775e-10
0.43292475314947226,0.5492001938923897,1.3405608807878476e-10
0.4332652366360232,0.5492001938923897,1.3405217232538298e-10
0.4332652366360232,0.549321376635967,1.340517839800729e-10
0.43360572012257403,0.549321376635967,1.340508092614723e-10
0.43360572012257403,0.549684924866699,1.3404819787820996e-10
0.4340313244807627,0.549684924866699,1.3404155156821627e-10
0.4340313244807627,0.5500484730974309,1.340395602423409e-10
0.43420156622403816,0.5500484730974309,1.340383283161851e-10
0.43420156622403816,0.5502908385845856,1.3403710210690061e-10
0.43428668709567586,0.5502908385845856,1.3403367035594185e-10
0.43428668709567586,0.5505332040717402,1.3403162842306347e-10
0.43437180796731356,0.5505332040717402,1.3403159360543128e-10
0.43437180796731356,0.5507755695588948,1.3403130072994646e-10
0.4347122914538645,0.5507755695588948,1.3402832151964107e-10
0.4347122914538645,0.5511391177896268,1.340262576633584e-10
0.43479741232550223,0.5511391177896268,1.3402590476305379e-10
0.43479741232550223,0.5512603005332041,1.3402495468503645e-10
0.43522301668369084,0.5512603005332041,1.340217538006604e-10
0.43522301668369084,0.5515026660203587,1.3402096671304483e-10
0.43530813755532854,0.5515026660203587,1.3402056205812928e-10
0.43530813755532854,0.5517450315075133,1.3401596153574597e-10
0.4353932584269663,0.5517450315075133,1.3401590805845523e-10
0.4353932584269663,0.5519873969946679,1.3401363669846765e-10
0.435478379298604,0.5519873969946679,1.3401163987341355e-10
0.435478379298604,0.5521085797382452,1.3401135051643192e-10
0.43564862104187946,0.5521085797382452,1.340066191370161e-10
0.43564862104187946,0.5524721279689773,1.3400059762479103e-10
0.4357337419135172,0.5524721279689773,1.3399988317191475e-10
0.4357337419135172,0.5538051381483277,1.3398051627798425e-10
0.4358188627851549,0.5538051381483277,1.3397657197995739e-10
0.4358188627851549,0.5540475036354823,1.3397305601530551e-10
0.43624446714334353,0.5540475036354823,1.3397118153955495e-10
0.43624446714334353,0.5541686863790596,1.3397026808683711e-10
0.4363295880149813,0.5541686863790596,1.3396951557959017e-10
0.4363295880149813,0.5542898691226369,1.3396889638274163e-10
0.4366700715015322,0.5542898691226369,1.3396291999290302e-10
0.4366700715015322,0.5544110518662142,1.339628368024203e-10
0.43726591760299627,0.5544110518662142,1.3395829325169727e-10
0.43726591760299627,0.5547746000969462,1.3395717277470018e-10
0.4374361593462717,0.5547746000969462,1.3395609005930906e-10
0.4374361593462717,0.5548957828405235,1.3395470297035705e-10
0.4375212802179094,0.5548957828405235,1.339522390290321e-10
0.4375212802179094,0.5550169655841009,1.3395051695327497e-10
0.4376915219611849,0.5550169655841009,1.3394979526461663e-10
0.4376915219611849,0.5551381483276782,1.3394809568594664e-10
0.43786176370446034,0.5551381483276782,1.339480754559737e-10
0.43786176370446034,0.5553805138148328,1.339480619146292e-10
0.4380320054477358,0.5553805138148328,1.3394545593585442e-10
0.4380320054477358,0.555865244789142,1.3394097155323572e-10
0.4381171263193735,0.555865244789142,1.3393951584454147e-10
0.4381171263193735,0.5565923412506059,1.3393222258425204e-10
0.43820224719101125,0.5565923412506059,1.3393158998718185e-10
0.43820224719101125,0.5568347067377606,1.3393137248135727e-10
0.4383724889342867,0.5568347067377606,1.3392460939956862e-10
0.4383724889342867,0.5569558894813379,1.3392306222551524e-10
0.4384576098059244,0.5569558894813379,1.339219286738124e-10
0.4384576098059244,0.5573194377120698,1.339208923413783e-10
0.43871297242083757,0.5573194377120698,1.3391496911322236e-10
0.43871297242083757,0.5574406204556471,1.3391471719318946e-10
0.4387980932924753,0.5574406204556471,1.3391468217293615e-10
0.4387980932924753,0.5575618031992244,1.339140171802932e-10
0.4389683350357508,0.5575618031992244,1.3391193557040472e-10
0.4389683350357508,0.5576829859428017,1.3391152117044085e-10
0.4393939393939394,0.5576829859428017,1.3390990215019704e-10
0.4393939393939394,0.5580465341735337,1.3390907909366362e-10
0.43964930200885255,0.5580465341735337,1.3390803149435174e-10
0.43964930200885255,0.5582888996606883,1.3390715825088536e-10
0.43998978549540346,0.5582888996606883,1.339037420854122e-10
0.43998978549540346,0.5584100824042656,1.339037407663464e-10
0.4402451481103167,0.5584100824042656,1.3390191159127418e-10
0.4402451481103167,0.5591371788657296,1.338951195761229e-10
0.4404153898535921,0.5591371788657296,1.3389438297803806e-10
0.4404153898535921,0.5592583616093069,1.338923765968397e-10
0.4406707524685053,0.5592583616093069,1.338888314160666e-10
0.4406707524685053,0.5596219098400388,1.3388392222326097e-10
0.440755873340143,0.5596219098400388,1.33883737049383e-10
0.440755873340143,0.5597430925836161,1.3388224228851987e-10
0.44092611508341845,0.5597430925836161,1.3387905758894132e-10
0.44092611508341845,0.560106640814348,1.3387711610847822e-10
0.4410112359550562,0.560106640814348,1.338770979679701e-10
0.4410112359550562,0.5602278235579253,1.3387548209891534e-10
0.4410963568266939,0.5602278235579253,1.3387437030723502e-10
0.4410963568266939,0.56047018904508,1.3387376382283926e-10
0.4411814776983316,0.56047018904508,1.3387306325743953e-10
0.4411814776983316,0.5608337372758119,1.3387046154491322e-10
0.44135171944160706,0.5608337372758119,1.338698661453529e-10
0.44135171944160706,0.5609549200193893,1.33869311891614e-10
0.4414368403132448,0.5609549200193893,1.3386907916291065e-10
0.4414368403132448,0.5610761027629666,1.3386801126551153e-10
0.4415219611848825,0.5610761027629666,1.3386680574268123e-10
0.4415219611848825,0.5618031992244304,1.338634858301662e-10
0.4416070820565203,0.5618031992244304,1.3386256362705683e-10
0.4416070820565203,0.5619243819680078,1.338616549353938e-10
0.441692202928158,0.5619243819680078,1.338609170546396e-10
0.441692202928158,0.5620455647115851,1.3386057532230159e-10
0.44220292815798434,0.5620455647115851,1.338553154008364e-10
0.44220292815798434,0.5621667474551624,1.3385451798900826e-10
0.4423731699012598,0.5621667474551624,1.3385222418376588e-10
0.4423731699012598,0.5622879301987397,1.3385221442611685e-10
0.4424582907728975,0.5622879301987397,1.3385164574639704e-10
0.4424582907728975,0.562409112942317,1.3385083860319912e-10
0.44254341164453526,0.562409112942317,1.3385047410818316e-10
0.44254341164453526,0.5626514784294716,1.3384934308265703e-10
0.44305413687436157,0.5626514784294716,1.338444378710949e-10
0.44305413687436157,0.5627726611730489,1.3384396271710795e-10
0.4431392577459993,0.5627726611730489,1.3384341410993152e-10
0.4431392577459993,0.5628938439166262,1.3384339745367927e-10
0.443224378617637,0.5628938439166262,1.3384296401431775e-10
0.443224378617637,0.563136209403781,1.3384033630160433e-10
0.44390534559073885,0.563136209403781,1.3383216063877996e-10
0.44390534559073885,0.5633785748909356,1.338320132505809e-10
0.44399046646237655,0.5633785748909356,1.3383108399080123e-10
0.44399046646237655,0.5634997576345129,1.3382992016208374e-10
0.4444160708205652,0.5634997576345129,1.3382718917792605e-10
0.4444160708205652,0.5636209403780902,1.33826339346486e-10
0.44484167517875384,0.5636209403780902,1.3382354369035452e-10
0.44484167517875384,0.5637421231216675,1.338235152420357e-10
0.445097037793667,0.5637421231216675,1.3381950008756845e-10
0.445097037793667,0.5641056713523994,1.3381746674751426e-10
0.4457780047667688,0.5641056713523994,1.3381025866568048e-10
0.4457780047667688,0.564348036839554,1.338078863328015e-10
0.4458631256384065,0.564348036839554,1.3380716087132188e-10
0.4458631256384065,0.5645904023267087,1.3380566082353505e-10
0.44620360912495743,0.5645904023267087,1.3380397680354495e-10
0.44620360912495743,0.564711585070286,1.3380396325561412e-10
0.4462887299965952,0.564711585070286,1.3380170808675211e-10
0.4462887299965952,0.5649539505574406,1.3380099970274482e-10
0.4464589717398706,0.5649539505574406,1.3380026899239132e-10
0.4464589717398706,0.5650751333010179,1.338001030075034e-10
0.44654409261150835,0.5650751333010179,1.3380009650183135e-10
0.44654409261150835,0.5660445952496365,1.3379375316775936e-10
0.44662921348314605,0.5660445952496365,1.337934836512331e-10
0.44662921348314605,0.5662869607367911,1.3379166994005107e-10
0.4467994552264215,0.5662869607367911,1.3379039981789904e-10
0.4467994552264215,0.5665293262239457,1.337887883446288e-10
0.44696969696969696,0.5665293262239457,1.3378648841323193e-10
0.44696969696969696,0.566650508967523,1.337835395084789e-10
0.4471399387129724,0.566650508967523,1.3378266224672097e-10
0.4471399387129724,0.5667716917111003,1.3378160127493882e-10
0.4472250595846102,0.5667716917111003,1.3378150936205069e-10
0.4472250595846102,0.5678623364032962,1.3377307522673824e-10
0.4473953013278856,0.5678623364032962,1.3377284936070023e-10
0.4473953013278856,0.5679835191468735,1.3377284835433862e-10
0.44756554307116103,0.5679835191468735,1.3377088988362065e-10
0.44756554307116103,0.5682258846340281,1.3376788940375741e-10
0.4477357848144365,0.5682258846340281,1.3376652659167474e-10
0.4477357848144365,0.5684682501211827,1.3376367145982483e-10
0.44782090568607424,0.5684682501211827,1.3376344664613766e-10
0.44782090568607424,0.5690741638390693,1.3376160853640278e-10
0.4479911474293497,0.5690741638390693,1.3376155894509758e-10
0.4479911474293497,0.5693165293262239,1.337598789501591e-10
0.4480762683009874,0.5693165293262239,1.3375939087385294e-10
0.4480762683009874,0.5694377120698012,1.337590449433651e-10
0.44833163091590056,0.5694377120698012,1.3375762677108277e-10
0.44833163091590056,0.5696800775569559,1.3375595227745951e-10
0.448501872659176,0.5696800775569559,1.33753560026008e-10
0.448501872659176,0.5698012603005332,1.3375235910897567e-10
0.44867211440245147,0.5698012603005332,1.337520715186283e-10
0.44867211440245147,0.5700436257876879,1.3375101140793518e-10
0.44926796050391554,0.5700436257876879,1.337462812991391e-10
0.44926796050391554,0.5701648085312652,1.3374621807394625e-10
0.4496935648621042,0.5701648085312652,1.3374365451017866e-10
0.4496935648621042,0.5702859912748425,1.3374349444111726e-10
0.4498638066053796,0.5702859912748425,1.337431685934511e-10
0.4498638066053796,0.570891904992729,1.3373666974123213e-10
0.44994892747701737,0.570891904992729,1.3373621063751662e-10
0.44994892747701737,0.5712554532234609,1.337297404857166e-10
0.4502042900919305,0.5712554532234609,1.3372828751007365e-10
0.4502042900919305,0.5713766359670382,1.3372820483392351e-10
0.45045965270684374,0.5713766359670382,1.3372680654841787e-10
0.45045965270684374,0.5714978187106156,1.3372644123996602e-10
0.4506298944501192,0.5714978187106156,1.3372595019528994e-10
0.4506298944501192,0.571619001454193,1.3372429121542004e-10
0.45122574055158327,0.571619001454193,1.3371882330250797e-10
0.45122574055158327,0.5717401841977703,1.3371802682928255e-10
0.4517364657814096,0.5717401841977703,1.3371104632582246e-10
0.4517364657814096,0.5718613669413476,1.3371060429527208e-10
0.4519918283963228,0.5718613669413476,1.3370927412579207e-10
0.4519918283963228,0.5719825496849249,1.337051795060356e-10
0.4520769492679605,0.5719825496849249,1.3370297983692949e-10
0.4520769492679605,0.5721037324285022,1.3370270109525576e-10
0.45258767449778686,0.5721037324285022,1.3369444734501144e-10
0.45258767449778686,0.5722249151720795,1.336943978638226e-10
0.45267279536942456,0.5722249151720795,1.336933596064894e-10
0.45267279536942456,0.5724672806592341,1.3369279082826774e-10
0.4528430371127,0.5724672806592341,1.3369276683850475e-10
0.4528430371127,0.5725884634028114,1.3369187148401042e-10
0.4529281579843378,0.5725884634028114,1.3369051705875925e-10
0.4529281579843378,0.5727096461463888,1.336900663335109e-10
0.45318352059925093,0.5727096461463888,1.336892793328044e-10
0.45318352059925093,0.5730731943771207,1.3368806798861027e-10
0.4532686414708887,0.5730731943771207,1.336861525211395e-10
0.4532686414708887,0.573194377120698,1.336861458687927e-10
0.4533537623425264,0.573194377120698,1.3368457317892717e-10
0.4533537623425264,0.5733155598642753,1.3368261165017698e-10
0.4534388832141641,0.5733155598642753,1.3368191076058756e-10
0.4534388832141641,0.5735579253514299,1.3368042708965968e-10
0.4536942458290773,0.5735579253514299,1.3367732149689967e-10
0.4536942458290773,0.5736791080950072,1.336761387927385e-10
0.453779366700715,0.5736791080950072,1.336752824877621e-10
0.453779366700715,0.5738002908385846,1.336711159678987e-10
0.45386448757235276,0.5738002908385846,1.336710354264869e-10
0.45386448757235276,0.5741638390693166,1.336690745474146e-10
0.45394960844399046,0.5741638390693166,1.3366881033230687e-10
0.45394960844399046,0.5744062045564712,1.336685470168346e-10
0.4542049710589036,0.5744062045564712,1.3366734889866978e-10
0.4542049710589036,0.5745273873000485,1.3366731964316255e-10
0.4542900919305414,0.5745273873000485,1.3366608506082608e-10
0.4542900919305414,0.5750121182743577,1.3366465819885253e-10
0.4543752128021791,0.5750121182743577,1.3366463538792292e-10
0.4543752128021791,0.5753756665050896,1.3366411911473133e-10
0.45471569628873,0.5753756665050896,1.3366120824374498e-10
0.45471569628873,0.575496849248667,1.336611166189025e-10
0.4549710589036432,0.575496849248667,1.3365927955393397e-10
0.4549710589036432,0.5756180319922443,1.336571590009789e-10
0.4550561797752809,0.5756180319922443,1.33654645271427e-10
0.4550561797752809,0.575860397479399,1.336545010873829e-10
0.45556690500510727,0.575860397479399,1.3365046797350934e-10
0.45556690500510727,0.5759815802229763,1.3364975633027488e-10
0.4557371467483827,0.5759815802229763,1.3364818795827614e-10
0.4557371467483827,0.5765874939408628,1.3364448659258168e-10
0.4559925093632959,0.5765874939408628,1.336430992936094e-10
0.4559925093632959,0.5769510421715948,1.336380975724879e-10
0.45624787197820904,0.5769510421715948,1.3363442905830881e-10
0.45624787197820904,0.5770722249151721,1.3363378853054077e-10
0.4563329928498468,0.5770722249151721,1.3363355494703294e-10
0.4563329928498468,0.5773145904023267,1.336277034980707e-10
0.4564181137214845,0.5773145904023267,1.3362686721886691e-10
0.4564181137214845,0.577435773145904,1.336257066887179e-10
0.4566734763363977,0.577435773145904,1.336216226061926e-10
0.4566734763363977,0.5775569558894813,1.3362098157664122e-10
0.4568437180796731,0.5775569558894813,1.3362073178667264e-10
0.4568437180796731,0.5776781386330586,1.3362008461202294e-10
0.45692883895131087,0.5776781386330586,1.3361946467814454e-10
0.45692883895131087,0.5777993213766359,1.3361909373112335e-10
0.4572693224378618,0.5777993213766359,1.336168814813209e-10
0.4572693224378618,0.5779205041202132,1.3361613631658473e-10
0.4576098059244127,0.5779205041202132,1.3361136167548688e-10
0.4576098059244127,0.5784052350945226,1.3360969914450487e-10
0.4576949267960504,0.5784052350945226,1.336096110385273e-10
0.4576949267960504,0.5785264178380999,1.336092794070168e-10
0.4580354102826013,0.5785264178380999,1.3360813144014826e-10
0.4580354102826013,0.5792535142995637,1.3360366229145253e-10
0.458120531154239,0.5792535142995637,1.3359977125145485e-10
0.458120531154239,0.579374697043141,1.3359879016206295e-10
0.45820565202587676,0.579374697043141,1.33598785099805e-10
0.45820565202587676,0.5794958797867183,1.3359855938834784e-10
0.45829077289751446,0.5794958797867183,1.3359852911381926e-10
0.45829077289751446,0.5796170625302957,1.3359850562103195e-10
0.4586312563840654,0.5796170625302957,1.3359403820526923e-10
0.4586312563840654,0.5798594280174503,1.3359366421471685e-10
0.4587163772557031,0.5798594280174503,1.3359361433725186e-10
0.4587163772557031,0.5801017935046049,1.3359098965775768e-10
0.45880149812734083,0.5801017935046049,1.335903995247417e-10
0.45880149812734083,0.5807077072224915,1.3358691433062033e-10
0.459056860742254,0.5807077072224915,1.3358076135532092e-10
0.459056860742254,0.5813136209403781,1.335773147109732e-10
0.45914198161389175,0.5813136209403781,1.3357646994788008e-10
0.45914198161389175,0.5814348036839554,1.335742796950853e-10
0.45922710248552945,0.5814348036839554,1.3357378544739828e-10
0.45922710248552945,0.5817983519146873,1.3357153618135097e-10
0.4593122233571672,0.5817983519146873,1.33570616787884e-10
0.4593122233571672,0.5819195346582646,1.3357033749664223e-10
0.4593973442288049,0.5819195346582646,1.335702439008703e-10
0.4593973442288049,0.5821619001454192,1.3356809297719733e-10
0.4594824651004426,0.5821619001454192,1.335669579875475e-10
0.4594824651004426,0.5822830828889967,1.3356693890752998e-10
0.45956758597208036,0.5822830828889967,1.3356660052825606e-10
0.45956758597208036,0.5825254483761513,1.3356626739223895e-10
0.4597378277153558,0.5825254483761513,1.3356451944556457e-10
0.4597378277153558,0.5830101793504605,1.335607293594473e-10
0.4598229485869935,0.5830101793504605,1.3356053646685443e-10
0.4598229485869935,0.5832525448376151,1.3355968875028637e-10
0.46007831120190673,0.5832525448376151,1.335575911085511e-10
0.46007831120190673,0.5834949103247697,1.3355661923047477e-10
0.4604187946884576,0.5834949103247697,1.3355523120528043e-10
0.4604187946884576,0.583616093068347,1.3355453425156466e-10
0.46050391556009534,0.583616093068347,1.335520488756957e-10
0.46050391556009534,0.5837372758119244,1.335509343113593e-10
0.4606741573033708,0.5837372758119244,1.3354554827188823e-10
0.4606741573033708,0.583979641299079,1.335426916571942e-10
0.46084439904664626,0.583979641299079,1.3354172860556086e-10
0.46084439904664626,0.5841008240426563,1.3354131935657182e-10
0.4613551242764726,0.5841008240426563,1.3353529999908867e-10
0.4613551242764726,0.5842220067862336,1.3353529157974772e-10
0.46144024514811033,0.5842220067862336,1.3353413538981447e-10
0.46144024514811033,0.5843431895298109,1.3353336229159168e-10
0.46152536601974803,0.5843431895298109,1.3353076605872048e-10
0.46152536601974803,0.5845855550169656,1.3353001795980424e-10
0.4616104868913858,0.5845855550169656,1.335290119422727e-10
0.4616104868913858,0.5847067377605429,1.33528058353426e-10
0.46195097037793664,0.5847067377605429,1.335244348857678e-10
0.46195097037793664,0.5849491032476976,1.3352351706519453e-10
0.4620360912495744,0.5849491032476976,1.3352315759814017e-10
0.4620360912495744,0.5850702859912749,1.3352262085682424e-10
0.4621212121212121,0.5850702859912749,1.335224467147e-10
0.4621212121212121,0.5851914687348522,1.335222755326766e-10
0.462461695607763,0.5851914687348522,1.335200731959245e-10
0.462461695607763,0.5855550169655841,1.3351919393099996e-10
0.46263193735103847,0.5855550169655841,1.3351871163680384e-10
0.46263193735103847,0.5864032961706253,1.335145186200657e-10
0.4627170582226762,0.5864032961706253,1.3351357368230828e-10
0.4627170582226762,0.58664566165778,1.3351313712780613e-10
0.4628021790943139,0.58664566165778,1.33513043124565e-10
0.4628021790943139,0.5868880271449346,1.3351034109342968e-10
0.4630575417092271,0.5868880271449346,1.3350908165556824e-10
0.4630575417092271,0.5870092098885119,1.335076389504272e-10
0.463398025195778,0.5870092098885119,1.3350454966942045e-10
0.463398025195778,0.5871303926320892,1.3350363517411587e-10
0.46348314606741575,0.5871303926320892,1.33503513223924e-10
0.46348314606741575,0.5874939408628211,1.3350237042766648e-10
0.46399387129724207,0.5874939408628211,1.3349628315075406e-10
0.46399387129724207,0.5877363063499758,1.3349466720172454e-10
0.4640789921688798,0.5877363063499758,1.334939129468645e-10
0.4640789921688798,0.5878574890935531,1.3349341891508103e-10
0.4642492339121553,0.5878574890935531,1.334891852735126e-10
0.4642492339121553,0.5880998545807077,1.3348366647823708e-10
0.46458971739870614,0.5880998545807077,1.3348116029734608e-10
0.46458971739870614,0.5883422200678623,1.3347905612964863e-10
0.46484508001361935,0.5883422200678623,1.334779615404185e-10
0.46484508001361935,0.5891904992729036,1.334723027076561e-10
0.4653558052434457,0.5891904992729036,1.334669930106391e-10
0.4653558052434457,0.5893116820164809,1.334668074116201e-10
0.4656111678583589,0.5893116820164809,1.3346608714284256e-10
0.4656111678583589,0.5895540475036355,1.334634567259374e-10
0.46586653047327203,0.5895540475036355,1.3345896560096761e-10
0.46586653047327203,0.5896752302472128,1.334580016020215e-10
0.46612189308818525,0.5896752302472128,1.3345528239677179e-10
0.46612189308818525,0.5897964129907901,1.3345434414717703e-10
0.46654749744637386,0.5897964129907901,1.3344810268723902e-10
0.46654749744637386,0.590159961221522,1.3344417490275134e-10
0.4668879809329248,0.590159961221522,1.3343937452975122e-10
0.4668879809329248,0.5902811439650993,1.3343922399414384e-10
0.4669731018045625,0.5902811439650993,1.3343922283256094e-10
0.4669731018045625,0.5904023267086767,1.3343886154802648e-10
0.46756894790602654,0.5904023267086767,1.3343399100827605e-10
0.46756894790602654,0.590523509452254,1.3343266884396813e-10
0.46782431052093976,0.590523509452254,1.3343153639140052e-10
0.46782431052093976,0.5906446921958313,1.3343152034081622e-10
0.46799455226421516,0.5906446921958313,1.334308762018782e-10
0.46799455226421516,0.590887057682986,1.3342966285452278e-10
0.46833503575076607,0.590887057682986,1.3342574416004037e-10
0.46833503575076607,0.5910082404265633,1.334253232005739e-10
0.4685052774940415,0.5910082404265633,1.3342288132318455e-10
0.4685052774940415,0.5913717886572952,1.3342121585076733e-10
0.468675519237317,0.5913717886572952,1.334211361478971e-10
0.468675519237317,0.5914929714008725,1.3341858530648975e-10
0.46876064010895474,0.5914929714008725,1.334183483059432e-10
0.46876064010895474,0.5919777023751818,1.3341515090024526e-10
0.46893088185223014,0.5919777023751818,1.3341387337583095e-10
0.46893088185223014,0.5922200678623364,1.334117588526058e-10
0.4690160027238679,0.5922200678623364,1.3341151815763e-10
0.4690160027238679,0.5923412506059137,1.3341129747471027e-10
0.4691011235955056,0.5923412506059137,1.3341003575704377e-10
0.4691011235955056,0.5925836160930683,1.334091679874339e-10
0.4693564862104188,0.5925836160930683,1.3340323765783332e-10
0.4693564862104188,0.5930683470673777,1.3340104161161122e-10
0.4696969696969697,0.5930683470673777,1.333991920658045e-10
0.4696969696969697,0.593189529810955,1.3339918118130766e-10
0.4699523323118829,0.593189529810955,1.3339581719322702e-10
0.4699523323118829,0.5933107125545323,1.333958145648219e-10
0.47020769492679604,0.5933107125545323,1.3339167901202104e-10
0.47020769492679604,0.5934318952981096,1.333908378295481e-10
0.4703779366700715,0.5934318952981096,1.3339009255730817e-10
0.4703779366700715,0.5935530780416869,1.3338995442551962e-10
0.47046305754170925,0.5935530780416869,1.333845013939798e-10
0.47046305754170925,0.5940378090159961,1.3338244375830036e-10
0.47063329928498465,0.5940378090159961,1.3337731875552451e-10
0.47063329928498465,0.5941589917595734,1.3337673409425883e-10
0.4708035410282601,0.5941589917595734,1.333755084023712e-10
0.4708035410282601,0.594401357246728,1.3337483077308177e-10
0.4712291453864488,0.594401357246728,1.3337348167361752e-10
0.4712291453864488,0.5945225399903054,1.333732197979e-10
0.47156962887299964,0.5945225399903054,1.3337072848196542e-10
0.47156962887299964,0.5946437227338827,1.3336858226010226e-10
0.47191011235955055,0.5946437227338827,1.3336145107625913e-10
0.47191011235955055,0.5948860882210373,1.3335632004313684e-10
0.47216547497446376,0.5948860882210373,1.3335478557415516e-10
0.47216547497446376,0.5950072709646146,1.333542530303904e-10
0.47225059584610146,0.5950072709646146,1.3335417736917974e-10
0.47225059584610146,0.5952496364517693,1.3335011951075185e-10
0.47233571671773916,0.5952496364517693,1.3334905817858273e-10
0.47233571671773916,0.5953708191953466,1.333484653303907e-10
0.4724208375893769,0.5953708191953466,1.3334732486969544e-10
0.4724208375893769,0.5957343674260785,1.3334291752743205e-10
0.4725910793326524,0.5957343674260785,1.3334275928503023e-10
0.4725910793326524,0.5958555501696559,1.333424570319425e-10
0.47276132107592783,0.5958555501696559,1.3334226436238107e-10
0.47276132107592783,0.5959767329132332,1.3333940728527112e-10
0.4729315628192033,0.5959767329132332,1.333367704125012e-10
0.4729315628192033,0.5962190984003878,1.333359005938917e-10
0.473016683690841,0.5962190984003878,1.333358892386398e-10
0.473016683690841,0.5965826466311197,1.3333306007957604e-10
0.47310180456247874,0.5965826466311197,1.3333214995362767e-10
0.47310180456247874,0.596703829374697,1.333293338259275e-10
0.47318692543411645,0.596703829374697,1.3332871230325266e-10
0.47318692543411645,0.5968250121182743,1.3332428082335046e-10
0.47327204630575415,0.5968250121182743,1.333206846382187e-10
0.47327204630575415,0.5969461948618516,1.333198506295153e-10
0.4733571671773919,0.5969461948618516,1.333192625375593e-10
0.4733571671773919,0.5975521085797383,1.3331369781976883e-10
0.4734422880490296,0.5975521085797383,1.333127745448998e-10
0.4734422880490296,0.5976732913233156,1.333124650268776e-10
0.47352740892066736,0.5976732913233156,1.3331163882245778e-10
0.47352740892066736,0.5979156568104702,1.3330780554578126e-10
0.47361252979230506,0.5979156568104702,1.333075969872225e-10
0.47361252979230506,0.5981580222976248,1.333067027768379e-10
0.47386789240721827,0.5981580222976248,1.3330548339289046e-10
0.47386789240721827,0.5986427532719341,1.333018271310452e-10
0.4742934967654069,0.5986427532719341,1.3329764544711482e-10
0.4742934967654069,0.5991274842462433,1.3329415260279743e-10
0.4746339802519578,0.5991274842462433,1.3329089224021163e-10
0.4746339802519578,0.599369849733398,1.3329045410173732e-10
0.47480422199523326,0.599369849733398,1.3328932827570197e-10
0.47480422199523326,0.5994910324769753,1.3328919820383072e-10
0.47497446373850866,0.5994910324769753,1.3328716713445863e-10
0.47497446373850866,0.5997333979641299,1.3328626692020931e-10
0.47522982635342187,0.5997333979641299,1.3328105511706756e-10
0.47522982635342187,0.5998545807077073,1.3328102735734348e-10
0.47531494722505957,0.5998545807077073,1.332797417729136e-10
0.47531494722505957,0.5999757634512846,1.3327864232634928e-10
0.4754000680966973,0.5999757634512846,1.332779515994929e-10
0.4754000680966973,0.6000969461948619,1.3327757636585064e-10
0.475485188968335,0.6000969461948619,1.3327741051720765e-10
0.475485188968335,0.6003393116820165,1.3327672973319518e-10
0.4759959141981614,0.6003393116820165,1.332744375483001e-10
0.4759959141981614,0.6004604944255938,1.3327303199657874e-10
0.47616615594143685,0.6004604944255938,1.332713482320754e-10
0.47616615594143685,0.6005816771691711,1.3326993763027107e-10
0.4763363976847123,0.6005816771691711,1.3326873053302875e-10
0.4763363976847123,0.6008240426563257,1.3326667058569353e-10
0.47642151855635,0.6008240426563257,1.3326445762348844e-10
0.47642151855635,0.600945225399903,1.3326391887861973e-10
0.47659176029962547,0.600945225399903,1.332586326393386e-10
0.47659176029962547,0.6011875908870576,1.332569859373015e-10
0.47667688117126317,0.6011875908870576,1.332569715771221e-10
0.47667688117126317,0.6014299563742123,1.3325380766181453e-10
0.4768471229145386,0.6014299563742123,1.3325007282607991e-10
0.4768471229145386,0.601672321861367,1.332488297794028e-10
0.4769322437861764,0.601672321861367,1.3324831468386118e-10
0.4769322437861764,0.6017935046049443,1.3324818944279264e-10
0.47718760640108954,0.6017935046049443,1.3324528094666948e-10
0.47718760640108954,0.6019146873485216,1.3324431413157703e-10
0.4776983316309159,0.6019146873485216,1.3324142878365765e-10
0.4776983316309159,0.6022782355792535,1.3323947195788371e-10
0.4777834525025536,0.6022782355792535,1.3323647670594823e-10
0.4777834525025536,0.6023994183228308,1.3323416994798373e-10
0.47786857337419136,0.6023994183228308,1.3323397129427202e-10
0.47786857337419136,0.6025206010664081,1.3323396388526524e-10
0.47829417773238,0.6025206010664081,1.3323005555544266e-10
0.47829417773238,0.6026417838099855,1.332297468515912e-10
0.4783792986040177,0.6026417838099855,1.3322953136655005e-10
0.4783792986040177,0.6027629665535628,1.332289650492306e-10
0.4786346612189309,0.6027629665535628,1.3322363445337723e-10
0.4786346612189309,0.6030053320407174,1.3321921871438056e-10
0.47889002383384405,0.6030053320407174,1.3321755437131257e-10
0.47889002383384405,0.6031265147842947,1.3321732814947005e-10
0.4794858699353081,0.6031265147842947,1.3321072096757966e-10
0.4794858699353081,0.603247697527872,1.3321036171839757e-10
0.47982635342185903,0.603247697527872,1.332061296659729e-10
0.47982635342185903,0.6033688802714493,1.332046797655637e-10
0.4799965951651345,0.6033688802714493,1.3320462694860508e-10
0.4799965951651345,0.6037324285021813,1.3320421258238451e-10
0.48025195778004764,0.6037324285021813,1.3320246573974192e-10
0.48025195778004764,0.603974793989336,1.3320016249147708e-10
0.480762683009874,0.603974793989336,1.3319286715675278e-10
0.480762683009874,0.6040959767329133,1.331919306327593e-10
0.48101804562478717,0.6040959767329133,1.3318796361258261e-10
0.48101804562478717,0.6042171594764906,1.3318663095768548e-10
0.4811031664964249,0.6042171594764906,1.331859245097514e-10
0.4811031664964249,0.6048230731943771,1.331828815152085e-10
0.48144364998297584,0.6048230731943771,1.3317980154389282e-10
0.48144364998297584,0.6049442559379544,1.3317960102774767e-10
0.481699012597889,0.6049442559379544,1.3317816802705775e-10
0.481699012597889,0.6050654386815317,1.3317814262181615e-10
0.4820394960844399,0.6050654386815317,1.3317683936463878e-10
0.4820394960844399,0.605186621425109,1.3317617851803096e-10
0.48220973782771537,0.605186621425109,1.331751845395604e-10
0.48220973782771537,0.6056713523994183,1.3316933972607795e-10
0.48229485869935307,0.6056713523994183,1.331682572575667e-10
0.48229485869935307,0.6057925351429957,1.3316765696523352e-10
0.4825502213142663,0.6057925351429957,1.3316420461912208e-10
0.4825502213142663,0.605913717886573,1.33163975654921e-10
0.482635342185904,0.605913717886573,1.33163278890854e-10
0.482635342185904,0.6060349006301503,1.3316302988145058e-10
0.48289070480081714,0.6060349006301503,1.3316029514249417e-10
0.48289070480081714,0.6062772661173049,1.3316026911195344e-10
0.4830609465440926,0.6062772661173049,1.331588323559134e-10
0.4830609465440926,0.6070043625787688,1.3315017480952874e-10
0.48323118828736805,0.6070043625787688,1.331485021664209e-10
0.48323118828736805,0.6071255453223461,1.3314723004723867e-10
0.4833163091590058,0.6071255453223461,1.331430904337908e-10
0.4833163091590058,0.6073679108095007,1.3314103367400074e-10
0.4843377596186585,0.6073679108095007,1.33125855609509e-10
0.4843377596186585,0.607489093553078,1.3312509615271522e-10
0.48442288049029625,0.607489093553078,1.331236094730007e-10
0.48442288049029625,0.608216190014542,1.3311922489146218e-10
0.4846782431052094,0.608216190014542,1.3311892207502054e-10
0.4846782431052094,0.6083373727581193,1.3311868754443456e-10
0.48493360572012256,0.6083373727581193,1.331176645713807e-10
0.48493360572012256,0.6084585555016966,1.3311718217553992e-10
0.48552945182158663,0.6084585555016966,1.3311433314049886e-10
0.48552945182158663,0.6085797382452739,1.3311283911537154e-10
0.48578481443649985,0.6085797382452739,1.331084945235875e-10
0.48578481443649985,0.6089432864760058,1.331054652320181e-10
0.4859550561797753,0.6089432864760058,1.331043217846963e-10
0.4859550561797753,0.6091856519631604,1.3310384596687048e-10
0.48621041879468846,0.6091856519631604,1.3310249812712884e-10
0.48621041879468846,0.6095492001938924,1.3310016158230684e-10
0.4863806605379639,0.6095492001938924,1.330999872144812e-10
0.4863806605379639,0.609791565681047,1.3309846732176378e-10
0.4864657814096016,0.609791565681047,1.3309743650262534e-10
0.4864657814096016,0.6099127484246243,1.3309685591318027e-10
0.4865509022812394,0.6099127484246243,1.3309594151222933e-10
0.4865509022812394,0.6102762966553563,1.330946961587921e-10
0.48672114402451483,0.6102762966553563,1.3309332458263085e-10
0.48672114402451483,0.6105186621425109,1.3309109749176367e-10
0.48680626489615253,0.6105186621425109,1.3309032882631767e-10
0.48680626489615253,0.6107610276296656,1.3308898216345378e-10
0.48714674838270344,0.6107610276296656,1.3308615177827928e-10
0.48714674838270344,0.6111245758603975,1.3308228764570926e-10
0.48723186925434114,0.6111245758603975,1.3308195873095766e-10
0.48723186925434114,0.6112457586039748,1.3308144969292555e-10
0.4873169901259789,0.6112457586039748,1.3308055853816406e-10
0.4873169901259789,0.6113669413475521,1.3307886123705585e-10
0.48748723186925436,0.6113669413475521,1.3307729323548274e-10
0.48748723186925436,0.6116093068347067,1.3307597547936784e-10
0.48757235274089206,0.6116093068347067,1.3307490137858916e-10
0.48757235274089206,0.6118516723218613,1.3307164211140522e-10
0.4877425944841675,0.6118516723218613,1.3307088516725442e-10
0.4877425944841675,0.6122152205525934,1.3306940551347774e-10
0.48791283622744297,0.6122152205525934,1.3306613802919525e-10
0.48791283622744297,0.6123364032961707,1.330660126002906e-10
0.48799795709908067,0.6123364032961707,1.3306600814305185e-10
0.48799795709908067,0.612457586039748,1.330656091147164e-10
0.4882533197139939,0.612457586039748,1.330589311104538e-10
0.4882533197139939,0.6125787687833253,1.330580292544137e-10
0.4885938032005448,0.6125787687833253,1.3305606767293858e-10
0.4885938032005448,0.6126999515269026,1.330550844745176e-10
0.4886789240721825,0.6126999515269026,1.33054367443035e-10
0.4886789240721825,0.6128211342704799,1.3305299307021045e-10
0.4890194075587334,0.6128211342704799,1.3304882414679994e-10
0.4890194075587334,0.6133058652447891,1.3304572721379139e-10
0.4891045284303711,0.6133058652447891,1.3304513552079528e-10
0.4891045284303711,0.6134270479883664,1.3304368954450996e-10
0.48918964930200887,0.6134270479883664,1.3304244632168417e-10
0.48918964930200887,0.6137905962190984,1.3303813282370903e-10
0.489445011916922,0.6137905962190984,1.3303724171556737e-10
0.489445011916922,0.6141541444498303,1.3303401380704136e-10
0.4896152536601975,0.6141541444498303,1.3302984828982327e-10
0.4896152536601975,0.6142753271934076,1.3302790879815023e-10
0.4897003745318352,0.6142753271934076,1.330278971708333e-10
0.4897003745318352,0.6146388754241396,1.3302666239511598e-10
0.48978549540347294,0.6146388754241396,1.3302611925945421e-10
0.48978549540347294,0.614760058167717,1.3302581548040463e-10
0.48987061627511064,0.614760058167717,1.3302293966029847e-10
0.48987061627511064,0.6150024236548716,1.3302045863337366e-10
0.49021109976166155,0.6150024236548716,1.3301742973696486e-10
0.49021109976166155,0.6153659718856035,1.330161423739399e-10
0.490381341504937,0.6153659718856035,1.3301354092053308e-10
0.490381341504937,0.61597188560349,1.3300960039558756e-10
0.49046646237657476,0.61597188560349,1.3300948541310071e-10
0.49046646237657476,0.6160930683470673,1.3300588013555682e-10
0.49063670411985016,0.6160930683470673,1.3300552360736876e-10
0.49063670411985016,0.6162142510906446,1.3300550990402342e-10
0.4908920667347634,0.6162142510906446,1.3300349856248093e-10
0.4908920667347634,0.6164566165777994,1.3300265470425514e-10
0.49106230847803883,0.6164566165777994,1.330012962140337e-10
0.49106230847803883,0.6165777993213767,1.3299927271611737e-10
0.49114742934967653,0.6165777993213767,1.329984673713721e-10
0.49114742934967653,0.616698982064954,1.329984477323715e-10
0.4912325502213143,0.616698982064954,1.32998031377668e-10
0.4912325502213143,0.6168201648085313,1.329961224500621e-10
0.491317671092952,0.6168201648085313,1.329936815747731e-10
0.491317671092952,0.6169413475521086,1.3299068429801509e-10
0.4914027919645897,0.6169413475521086,1.3299040676429833e-10
0.4914027919645897,0.6175472612699952,1.3298893563606336e-10
0.4916581545795029,0.6175472612699952,1.329851844682427e-10
0.4916581545795029,0.6177896267571498,1.3298391670457968e-10
0.4917432754511406,0.6177896267571498,1.3298308008756778e-10
0.4917432754511406,0.6179108095007271,1.3298301926401148e-10
0.49182839632277836,0.6179108095007271,1.3298254717472254e-10
0.49182839632277836,0.6181531749878817,1.3298027777720922e-10
0.49191351719441606,0.6181531749878817,1.3297981222171458e-10
0.49191351719441606,0.618274357731459,1.3297957113500286e-10
0.4920837589376915,0.618274357731459,1.329769885797918e-10
0.4920837589376915,0.6183955404750363,1.329769322692083e-10
0.49242424242424243,0.6183955404750363,1.3297420672099592e-10
0.49242424242424243,0.6187590887057683,1.329705542321138e-10
0.49250936329588013,0.6187590887057683,1.3297036365275833e-10
0.49250936329588013,0.6188802714493457,1.3297011645626812e-10
0.4925944841675179,0.6188802714493457,1.329701156870439e-10
0.4925944841675179,0.619001454192923,1.3297011230241885e-10
0.49284984678243104,0.619001454192923,1.329692709544268e-10
0.49284984678243104,0.6199709161415414,1.3296410209262068e-10
0.49319033026898196,0.6199709161415414,1.3295957142984259e-10
0.49319033026898196,0.6203344643722734,1.329580392384931e-10
0.4938712972420838,0.6203344643722734,1.329461156557925e-10
0.4938712972420838,0.6204556471158507,1.3294584406709006e-10
0.4942969016002724,0.6204556471158507,1.3293894462317147e-10
0.4942969016002724,0.6206980126030053,1.3293713792330865e-10
0.4943820224719101,0.6206980126030053,1.3293597408349724e-10
0.4943820224719101,0.6208191953465827,1.3293556540821356e-10
0.49446714334354785,0.6208191953465827,1.3293299729667478e-10
0.49446714334354785,0.6213039263208919,1.3292918021125145e-10
0.4946373850868233,0.6213039263208919,1.3292893110483748e-10
0.4946373850868233,0.6214251090644692,1.3292859455437425e-10
0.4951481103166496,0.6214251090644692,1.3292529129617693e-10
0.4951481103166496,0.6215462918080465,1.3292386593650922e-10
0.4952332311882874,0.6215462918080465,1.3292379953951097e-10
0.4952332311882874,0.6217886572952012,1.3292216676161718e-10
0.4953183520599251,0.6217886572952012,1.3292212635478675e-10
0.4953183520599251,0.6223945710130877,1.3291738415465825e-10
0.4957439564181137,0.6223945710130877,1.3291676960774935e-10
0.4957439564181137,0.6226369365002423,1.3291429876786649e-10
0.49582907728975145,0.6226369365002423,1.3291390695867263e-10
0.49582907728975145,0.6227581192438196,1.3291387312595535e-10
0.49591419816138915,0.6227581192438196,1.3291367349074232e-10
0.49591419816138915,0.6231216674745517,1.3291117169399765e-10
0.4959993190330269,0.6231216674745517,1.3291101312348247e-10
0.4959993190330269,0.6233640329617063,1.329093006014713e-10
0.49616956077630237,0.6233640329617063,1.3290812717972768e-10
0.49616956077630237,0.6236063984488609,1.3290710501719144e-10
0.49625468164794007,0.6236063984488609,1.3290657805669652e-10
0.49625468164794007,0.6238487639360155,1.329040119133296e-10
0.4963398025195778,0.6238487639360155,1.3290112138085871e-10
0.4963398025195778,0.6240911294231701,1.3290012152253678e-10
0.4972761321075928,0.6240911294231701,1.3289262719633883e-10
0.4972761321075928,0.6243334949103247,1.328919128704733e-10
0.4974463738508682,0.6243334949103247,1.3288964236625875e-10
0.4974463738508682,0.6246970431410567,1.3288872205514978e-10
0.49761661559414366,0.6246970431410567,1.328885476668408e-10
0.49761661559414366,0.6249394086282113,1.3288500499453849e-10
0.4977017364657814,0.6249394086282113,1.3288497693042143e-10
0.4977017364657814,0.6250605913717887,1.3288461757903393e-10
0.4979570990806946,0.6250605913717887,1.3288239916452763e-10
0.4979570990806946,0.625181774115366,1.3288126654239758e-10
0.4982124616956078,0.625181774115366,1.3287856312368952e-10
0.4982124616956078,0.6253029568589433,1.3287832391951326e-10
0.4983827034388832,0.6253029568589433,1.3287678926117446e-10
0.4983827034388832,0.6256665050896753,1.3287448635280398e-10
0.49889342866870956,0.6256665050896753,1.3286534141655106e-10
0.49889342866870956,0.6257876878332526,1.3286351065009607e-10
0.499063670411985,0.6257876878332526,1.3286241930086588e-10
0.499063670411985,0.6260300533204072,1.3286214873037695e-10
0.4991487912836227,0.6260300533204072,1.328592097395109e-10
0.4991487912836227,0.6261512360639845,1.3285789610390138e-10
0.4992339121552605,0.6261512360639845,1.328575634111358e-10
0.4992339121552605,0.6262724188075618,1.3285753537056908e-10
0.49974463738508684,0.6262724188075618,1.3285030773505946e-10
0.49974463738508684,0.6263936015511391,1.32849977812648e-10
0.4999148791283623,0.6263936015511391,1.3284973990364645e-10
0.4999148791283623,0.6266359670382937,1.3284962564158992e-10
0.5002553626149132,0.6266359670382937,1.3284578091151895e-10
0.5002553626149132,0.6273630634997577,1.328405397278625e-10
0.5004256043581886,0.6273630634997577,1.328391215274424e-10
0.5004256043581886,0.6277266117304896,1.3283498549977332e-10
0.5005958461014641,0.6277266117304896,1.3283360936406822e-10
0.5005958461014641,0.6283325254483761,1.3283054826170966e-10
0.5007660878447395,0.6283325254483761,1.3282981324600813e-10
0.5007660878447395,0.6284537081919535,1.3282951114618973e-10
0.5010214504596527,0.6284537081919535,1.3282734371617728e-10
0.5010214504596527,0.6285748909355308,1.3282711236715436e-10
0.5017024174327546,0.6285748909355308,1.328192776828941e-10
0.5017024174327546,0.6286960736791081,1.3281865518451646e-10
0.5019577800476677,0.6286960736791081,1.328116733542391e-10
0.5019577800476677,0.6288172564226854,1.328113309655684e-10
0.5024685052774941,0.6288172564226854,1.3280513325090643e-10
0.5024685052774941,0.6289384391662627,1.328040872706784e-10
0.5025536261491318,0.6289384391662627,1.3280346836189124e-10
0.5025536261491318,0.62905962190984,1.328009826170919e-10
0.5026387470207695,0.62905962190984,1.3280030549854807e-10
0.5026387470207695,0.6291808046534173,1.3280001422452954e-10
0.5028089887640449,0.6291808046534173,1.32798171484904e-10
0.5028089887640449,0.6293019873969947,1.3279780293037026e-10
0.5028941096356827,0.6293019873969947,1.327976548039851e-10
0.5028941096356827,0.6295443528841493,1.327968137972544e-10
0.5029792305073204,0.6295443528841493,1.3279643576879778e-10
0.5029792305073204,0.6296655356277266,1.3279408390506812e-10
0.5031494722505958,0.6296655356277266,1.3279161584103847e-10
0.5031494722505958,0.629786718371304,1.3278826503004652e-10
0.5032345931222336,0.629786718371304,1.3278776855722895e-10
0.5032345931222336,0.6299079011148813,1.3278620087045637e-10
0.5033197139938713,0.6299079011148813,1.3278613738203114e-10
0.5033197139938713,0.6300290838584586,1.3278573301146757e-10
0.5034899557371467,0.6300290838584586,1.3278375176764696e-10
0.5034899557371467,0.6301502666020359,1.3277902903806208e-10
0.5035750766087844,0.6301502666020359,1.3277894299790035e-10
0.5035750766087844,0.6303926320891905,1.3277697156234343e-10
0.5039155600953353,0.6303926320891905,1.3277401316323697e-10
0.5039155600953353,0.6307561803199224,1.3277242855233484e-10
0.5040006809669731,0.6307561803199224,1.3277136330348643e-10
0.5040006809669731,0.6308773630634997,1.327700165742336e-10
0.5041709227102485,0.6308773630634997,1.3276793938730484e-10
0.5041709227102485,0.631362094037809,1.3276411057071616e-10
0.5042560435818862,0.631362094037809,1.3276388629106074e-10
0.5042560435818862,0.6316044595249637,1.327630721823766e-10
0.504341164453524,0.6316044595249637,1.3276184412747212e-10
0.504341164453524,0.631725642268541,1.3276145327173886e-10
0.5044262853251618,0.631725642268541,1.3275927844201585e-10
0.5044262853251618,0.6318468250121183,1.327592440219567e-10
0.5045114061967995,0.6318468250121183,1.327590096008212e-10
0.5045114061967995,0.6319680077556956,1.3275887860723877e-10
0.5046816479400749,0.6319680077556956,1.3275591027431252e-10
0.5046816479400749,0.6326951042171595,1.3275432417283383e-10
0.5048518896833504,0.6326951042171595,1.327524780443659e-10
0.5048518896833504,0.6328162869607368,1.3275226428226618e-10
0.5051072522982636,0.6328162869607368,1.3274476070558936e-10
0.5051072522982636,0.633301017935046,1.3273872324676736e-10
0.5054477357848144,0.633301017935046,1.3273367759281128e-10
0.5054477357848144,0.6334222006786233,1.327322808249368e-10
0.5062138236295539,0.6334222006786233,1.3271979446818353e-10
0.5062138236295539,0.633664566165778,1.3271788922691017e-10
0.5065543071161048,0.633664566165778,1.3271056596559978e-10
0.5065543071161048,0.6337857489093554,1.327104099727019e-10
0.5066394279877426,0.6337857489093554,1.3271031171082608e-10
0.5066394279877426,0.6339069316529327,1.327102974251772e-10
0.5072352740892067,0.6339069316529327,1.3269960845178767e-10
0.5072352740892067,0.6341492971400873,1.3269642837896127e-10
0.5073203949608444,0.6341492971400873,1.3269494825140397e-10
0.5073203949608444,0.6345128453708192,1.326931936639512e-10
0.5074906367041199,0.6345128453708192,1.326919983365328e-10
0.5074906367041199,0.6346340281143965,1.3269066466516894e-10
0.5075757575757576,0.6346340281143965,1.3269036015536764e-10
0.5075757575757576,0.6347552108579738,1.3269035213009396e-10
0.5079162410623085,0.6347552108579738,1.326850638794793e-10
0.5079162410623085,0.6348763936015511,1.326847791748852e-10
0.5084269662921348,0.6348763936015511,1.326819252781268e-10
0.5084269662921348,0.6351187590887057,1.326803627757788e-10
0.5085120871637726,0.6351187590887057,1.326802796344697e-10
0.5085120871637726,0.635239941832283,1.3267860647950353e-10
0.5090228123935989,0.635239941832283,1.3267720888308628e-10
0.5090228123935989,0.6358458555501697,1.3267087944188939e-10
0.5091079332652366,0.6358458555501697,1.326708739932102e-10
0.5091079332652366,0.635967038293747,1.326695854495595e-10
0.5092781750085121,0.635967038293747,1.3266607214750099e-10
0.5092781750085121,0.6363305865244789,1.3266341226262058e-10
0.5093632958801498,0.6363305865244789,1.3266340839499936e-10
0.5093632958801498,0.6364517692680562,1.3266322448855888e-10
0.5095335376234252,0.6364517692680562,1.3266054336221843e-10
0.5095335376234252,0.6370576829859428,1.3265715993810414e-10
0.5097037793667007,0.6370576829859428,1.3265683579003875e-10
0.5097037793667007,0.6371788657295201,1.3265561411433032e-10
0.5097889002383384,0.6371788657295201,1.326554035258523e-10
0.5097889002383384,0.6374212312166747,1.3265415825725308e-10
0.5098740211099761,0.6374212312166747,1.3265415510121543e-10
0.5098740211099761,0.637542413960252,1.3265335395877837e-10
0.5099591419816139,0.637542413960252,1.3265062700716634e-10
0.5099591419816139,0.6376635967038293,1.326506263153933e-10
0.5102996254681648,0.6376635967038293,1.3264119607750415e-10
0.5102996254681648,0.637905962190984,1.326368471127197e-10
0.5104698672114403,0.637905962190984,1.3263530212787668e-10
0.5104698672114403,0.6381483276781387,1.3263346525039358e-10
0.510554988083078,0.6381483276781387,1.326328087400534e-10
0.510554988083078,0.6383906931652933,1.326286746096206e-10
0.5107252298263534,0.6383906931652933,1.3262772687287162e-10
0.5107252298263534,0.6385118759088706,1.326270839787493e-10
0.5109805924412666,0.6385118759088706,1.3262531984891528e-10
0.5109805924412666,0.6387542413960252,1.326218856135215e-10
0.5114061967994552,0.6387542413960252,1.3261778058216864e-10
0.5114061967994552,0.6388754241396025,1.3261758453028146e-10
0.5114913176710929,0.6388754241396025,1.3261727765937695e-10
0.5114913176710929,0.6389966068831798,1.3261727086307357e-10
0.5116615594143684,0.6389966068831798,1.3261555673103593e-10
0.5116615594143684,0.6391177896267571,1.3261453276699958e-10
0.5117466802860061,0.6391177896267571,1.3261435623136578e-10
0.5117466802860061,0.6392389723703344,1.3261430753933668e-10
0.5119169220292816,0.6392389723703344,1.3261265325946006e-10
0.5119169220292816,0.6393601551139118,1.326112196961448e-10
0.5120020429009193,0.6393601551139118,1.326099495472328e-10
0.5120020429009193,0.6396025206010664,1.326096371145651e-10
0.512087163772557,0.6396025206010664,1.3260727742171164e-10
0.512087163772557,0.6397237033446437,1.3260727718431455e-10
0.5121722846441947,0.6397237033446437,1.3260695550005193e-10
0.5121722846441947,0.639844886088221,1.3260517694978383e-10
0.5122574055158324,0.639844886088221,1.3260448385769877e-10
0.5122574055158324,0.640208434318953,1.326013867735016e-10
0.5124276472591079,0.640208434318953,1.326003001713525e-10
0.5124276472591079,0.6404507998061076,1.326000225083564e-10
0.5125127681307456,0.6404507998061076,1.325969010176625e-10
0.5125127681307456,0.6408143480368396,1.325954965480586e-10
0.5127681307456589,0.6408143480368396,1.3259361268979901e-10
0.5127681307456589,0.6409355307804169,1.3259357956670013e-10
0.5128532516172966,0.6409355307804169,1.3259271565567885e-10
0.5128532516172966,0.6415414444983034,1.3258755961910033e-10
0.5129383724889343,0.6415414444983034,1.3258438718500468e-10
0.5129383724889343,0.641783809985458,1.3258269817702385e-10
0.5131937351038475,0.641783809985458,1.325800993396733e-10
0.5131937351038475,0.6419049927290353,1.325799615761199e-10
0.5136193394620361,0.6419049927290353,1.3257156346188193e-10
0.5136193394620361,0.6422685409597674,1.3256732481447933e-10
0.5137044603336738,0.6422685409597674,1.325671769165087e-10
0.5137044603336738,0.6426320891904993,1.325656374614287e-10
0.5142151855635002,0.6426320891904993,1.3255892739245405e-10
0.5142151855635002,0.6427532719340766,1.3255892662570084e-10
0.5143003064351379,0.6427532719340766,1.3255810880698298e-10
0.5143003064351379,0.6429956374212312,1.3255255569087583e-10
0.5144705481784133,0.6429956374212312,1.3255223732126267e-10
0.5144705481784133,0.6433591856519632,1.3254346071932905e-10
0.5145556690500511,0.6433591856519632,1.3254288562334955e-10
0.5145556690500511,0.6434803683955405,1.3254286903310585e-10
0.5148110316649642,0.6434803683955405,1.3253722783506155e-10
0.5148110316649642,0.6437227338826951,1.3253655943131038e-10
0.5148961525366019,0.6437227338826951,1.3253121445584765e-10
0.5148961525366019,0.6442074648570043,1.325283471469956e-10
0.5149812734082397,0.6442074648570043,1.3252690976231595e-10
0.5149812734082397,0.644449830344159,1.3252495556096783e-10
0.5150663942798774,0.644449830344159,1.325249235403239e-10
0.5150663942798774,0.6445710130877363,1.3252370589890595e-10
0.5151515151515151,0.6445710130877363,1.3252263782297232e-10
0.5151515151515151,0.6446921958313137,1.3252108837806068e-10
0.5152366360231528,0.6446921958313137,1.325205044906008e-10
0.5152366360231528,0.644813378574891,1.3251865818796148e-10
0.515491998638066,0.644813378574891,1.3251424151295877e-10
0.515491998638066,0.6449345613184683,1.3251386276484204e-10
0.5155771195097038,0.6449345613184683,1.3251342792480244e-10
0.5155771195097038,0.6451769268056229,1.3251220682975574e-10
0.5156622403813415,0.6451769268056229,1.325108295092672e-10
0.5156622403813415,0.6452981095492002,1.3251069604430478e-10
0.5159176029962547,0.6452981095492002,1.3250783102047066e-10
0.5159176029962547,0.6454192922927775,1.3250655991556571e-10
0.5160878447395302,0.6454192922927775,1.3250338951493032e-10
0.5160878447395302,0.6456616577799321,1.325013014068294e-10
0.5164283282260811,0.6456616577799321,1.3249551136586078e-10
0.5164283282260811,0.6457828405235094,1.3249503625227617e-10
0.5165134490977188,0.6457828405235094,1.3249376927051895e-10
0.5165134490977188,0.6459040232670867,1.3249352378985905e-10
0.5171092951991828,0.6459040232670867,1.324853926375305e-10
0.5171092951991828,0.646025206010664,1.3248532419580569e-10
0.5174497786857337,0.646025206010664,1.324825783998792e-10
0.5174497786857337,0.6462675714978187,1.3248229043176226e-10
0.5175348995573714,0.6462675714978187,1.3248182705465647e-10
0.5175348995573714,0.6463887542413961,1.3247943296182212e-10
0.5176200204290092,0.6463887542413961,1.324788568773713e-10
0.5176200204290092,0.646752302472128,1.3247132001558723e-10
0.5177902621722846,0.646752302472128,1.3246892625787446e-10
0.5177902621722846,0.6471158507028599,1.3246460828829506e-10
0.5178753830439223,0.6471158507028599,1.3246362840252018e-10
0.5178753830439223,0.6472370334464372,1.3246327369417653e-10
0.5179605039155601,0.6472370334464372,1.3246318740604684e-10
0.5179605039155601,0.6473582161900145,1.3246264742796775e-10
0.5180456247871978,0.6473582161900145,1.3245741410408943e-10
0.5180456247871978,0.6476005816771692,1.3245605835694442e-10
0.5181307456588355,0.6476005816771692,1.3245514182495214e-10
0.5181307456588355,0.6477217644207465,1.3245304186063356e-10
0.5183861082737488,0.6477217644207465,1.324467635314922e-10
0.5183861082737488,0.6479641299079011,1.3244662754448468e-10
0.5184712291453865,0.6479641299079011,1.3244653738287888e-10
0.5184712291453865,0.6480853126514784,1.324454319717567e-10
0.5186414708886619,0.6480853126514784,1.3244046024448258e-10
0.5186414708886619,0.6484488608822103,1.3243944548143294e-10
0.5188968335035751,0.6484488608822103,1.3243651595792038e-10
0.5188968335035751,0.6485700436257877,1.3243612840427703e-10
0.5189819543752128,0.6485700436257877,1.3243250481340526e-10
0.5189819543752128,0.6488124091129424,1.3243068122701636e-10
0.5191521961184883,0.6488124091129424,1.3242429714184331e-10
0.5191521961184883,0.6491759573436743,1.3241799036082126e-10
0.5193224378617637,0.6491759573436743,1.3241635491332938e-10
0.5193224378617637,0.6499030538051381,1.3241042934719233e-10
0.5194075587334014,0.6499030538051381,1.324096907211469e-10
0.5194075587334014,0.6502666020358701,1.32406972528812e-10
0.5194926796050392,0.6502666020358701,1.3240674045597087e-10
0.5194926796050392,0.6503877847794474,1.3240655239489598e-10
0.5195778004766769,0.6505089675230247,1.3240604120069262e-10
0.5195778004766769,0.650630150266602,1.324059113987373e-10
0.5196629213483146,0.650630150266602,1.3240583473640077e-10
0.5196629213483146,0.6507513330101794,1.3240474174785411e-10
0.5197480422199523,0.6507513330101794,1.324046153820584e-10
0.5197480422199523,0.6508725157537567,1.3240321483530434e-10
0.5200885257065032,0.6508725157537567,1.3239660490997088e-10
0.5200885257065032,0.650993698497334,1.323962660586051e-10
0.5203438883214164,0.650993698497334,1.3239367481545187e-10
0.5203438883214164,0.6511148812409113,1.3238971474799453e-10
0.520769492679605,0.6511148812409113,1.3238233827091453e-10
0.520769492679605,0.6513572467280659,1.3238210013240435e-10
0.5209397344228804,0.6513572467280659,1.323797546134097e-10
0.5209397344228804,0.6514784294716433,1.3237815213571705e-10
0.5210248552945183,0.6514784294716433,1.3237443029792834e-10
0.5210248552945183,0.6515996122152206,1.323744281443327e-10
0.5211950970377937,0.6515996122152206,1.3237438283244227e-10
0.5211950970377937,0.6517207949587979,1.3237399000441479e-10
0.5212802179094314,0.6517207949587979,1.3237393119839002e-10
0.5212802179094314,0.6520843431895298,1.323718455741187e-10
0.5218760640108955,0.6520843431895298,1.3236656661049564e-10
0.5218760640108955,0.6524478914202617,1.3236198156194553e-10
0.5219611848825332,0.6524478914202617,1.3236053088222597e-10
0.5219611848825332,0.6526902569074163,1.323573150528142e-10
0.5220463057541709,0.6526902569074163,1.3235422268222725e-10
0.5220463057541709,0.6531749878817257,1.3235326802166964e-10
0.5222165474974464,0.6531749878817257,1.323532240544288e-10
0.5222165474974464,0.6534173533688803,1.3234965731040564e-10
0.5223016683690841,0.6534173533688803,1.323482372408268e-10
0.5223016683690841,0.6536597188560349,1.3234763697594408e-10
0.5223867892407218,0.6536597188560349,1.3234737878733471e-10
0.5223867892407218,0.6537809015996122,1.323443152125565e-10
0.5224719101123596,0.6537809015996122,1.3234310051825658e-10
0.5224719101123596,0.6541444498303441,1.3234286737529325e-10
0.5228123935989104,0.6541444498303441,1.323418743809737e-10
0.5228123935989104,0.6542656325739215,1.3233968381617255e-10
0.5228975144705482,0.6542656325739215,1.3233967336316555e-10
0.5228975144705482,0.6547503635482307,1.3233314672296373e-10
0.5233231188287368,0.6547503635482307,1.3232669967991642e-10
0.5233231188287368,0.6554774600096946,1.3232373705369097e-10
0.5234082397003745,0.6554774600096946,1.323215222159084e-10
0.5234082397003745,0.6557198254968493,1.323206026498006e-10
0.5235784814436499,0.6557198254968493,1.323200591972256e-10
0.5235784814436499,0.6558410082404266,1.3231947431997624e-10
0.5237487231869254,0.6558410082404266,1.3231537589583463e-10
0.5237487231869254,0.6562045564711585,1.3231229216575943e-10
0.5238338440585631,0.6562045564711585,1.3231034902935377e-10
0.5238338440585631,0.6563257392147358,1.3230809267828998e-10
0.5240040858018387,0.6563257392147358,1.3230541062247898e-10
0.5240040858018387,0.6564469219583131,1.323032237651882e-10
0.5240892066734764,0.6564469219583131,1.3230273041776507e-10
0.5240892066734764,0.6565681047018904,1.3230218748754098e-10
0.5241743275451141,0.6565681047018904,1.3229944599363668e-10
0.5241743275451141,0.6566892874454677,1.322955505706932e-10
0.5243445692883895,0.6566892874454677,1.3229360839406378e-10
0.5243445692883895,0.6569316529326223,1.3229263761229923e-10
0.5247701736465782,0.6569316529326223,1.322881421738466e-10
0.5247701736465782,0.6572952011633544,1.3228081714371212e-10
0.5249404153898536,0.6572952011633544,1.3227982749499906e-10
0.5249404153898536,0.657537566650509,1.3227938482320393e-10
0.5252808988764045,0.657537566650509,1.322753157137435e-10
0.5252808988764045,0.6576587493940863,1.322744943495232e-10
0.5255362614913177,0.6576587493940863,1.3227067920207057e-10
0.5255362614913177,0.6579011148812409,1.322695105086707e-10
0.5257065032345931,0.6579011148812409,1.322682824997398e-10
0.5257065032345931,0.6580222976248182,1.3226762394107855e-10
0.5259618658495063,0.6580222976248182,1.3226132259868532e-10
0.5259618658495063,0.6582646631119728,1.3226065257028114e-10
0.526046986721144,0.6582646631119728,1.3225989058519833e-10
0.526046986721144,0.6585070285991275,1.3225766910081247e-10
0.5261321075927817,0.6585070285991275,1.3225494291355047e-10
0.5261321075927817,0.6588705768298594,1.322498022032226e-10
0.5262172284644194,0.6588705768298594,1.3224979994198879e-10
0.5262172284644194,0.6589917595734367,1.3224787970402077e-10
0.5264725910793326,0.6589917595734367,1.3224586008447142e-10
0.5264725910793326,0.659112942317014,1.3224369800530174e-10
0.5265577119509703,0.659112942317014,1.3224331993495737e-10
0.5265577119509703,0.6592341250605914,1.3224324003062508e-10
0.5266428328226082,0.6592341250605914,1.322417324182546e-10
0.5266428328226082,0.6593553078041687,1.322415448424874e-10
0.5267279536942459,0.6593553078041687,1.3223971269837144e-10
0.5267279536942459,0.659840038778478,1.322346831199385e-10
0.5268130745658836,0.659840038778478,1.3223254200827716e-10
0.5268130745658836,0.6603247697527872,1.3222966743358144e-10
0.5273237997957099,0.6603247697527872,1.3222254377853966e-10
0.5273237997957099,0.6606883179835191,1.3221850851466317e-10
0.5274089206673477,0.6606883179835191,1.3221505794113944e-10
0.5274089206673477,0.6609306834706737,1.3221478376569173e-10
0.5276642832822608,0.6609306834706737,1.3220649008914262e-10
0.5276642832822608,0.661051866214251,1.322054518738114e-10
0.5278345250255363,0.661051866214251,1.322049191375236e-10
0.5278345250255363,0.6612942317014057,1.322035443800396e-10
0.527919645897174,0.6612942317014057,1.3220350835876783e-10
0.527919645897174,0.6615365971885604,1.3220197702329492e-10
0.5280898876404494,0.6615365971885604,1.3220022288439549e-10
0.5280898876404494,0.661778962675715,1.322000856037067e-10
0.5282601293837249,0.661778962675715,1.321996737551425e-10
0.5282601293837249,0.6619001454192923,1.3219674348871953e-10
0.5284303711270003,0.6619001454192923,1.321951906803614e-10
0.5284303711270003,0.6620213281628696,1.3219029349507085e-10
0.5286857337419135,0.6620213281628696,1.3218944399556784e-10
0.5286857337419135,0.6621425109064469,1.3218878102616248e-10
0.5287708546135512,0.6621425109064469,1.3218821154352807e-10
0.5287708546135512,0.6623848763936016,1.3218239881291413e-10
0.5291964589717398,0.6623848763936016,1.3217015941922076e-10
0.5291964589717398,0.6628696073679108,1.3216991832473543e-10
0.5292815798433776,0.6628696073679108,1.3216842568559333e-10
0.5292815798433776,0.6634755210857974,1.3216499325045532e-10
0.5293667007150153,0.6634755210857974,1.321634166523541e-10
0.5293667007150153,0.6635967038293747,1.3216287811786727e-10
0.5295369424582907,0.6635967038293747,1.3216211424026681e-10
0.5295369424582907,0.663717886572952,1.321620769551774e-10
0.5297071842015663,0.663717886572952,1.3215996111244622e-10
0.5297071842015663,0.6638390693165294,1.3215847252285669e-10
0.5298774259448417,0.6638390693165294,1.3215487112198764e-10
0.5298774259448417,0.6643238002908386,1.321524196447426e-10
0.5300476676881172,0.6643238002908386,1.321489318378802e-10
0.5300476676881172,0.6645661657779932,1.3214424903095275e-10
0.5301327885597549,0.6645661657779932,1.3214423123039093e-10
0.5301327885597549,0.6646873485215705,1.3214329192011517e-10
0.5303030303030303,0.6646873485215705,1.3214217258949953e-10
0.5303030303030303,0.6652932622394571,1.3213373548526962e-10
0.5304732720463058,0.6652932622394571,1.3213313520884836e-10
0.5304732720463058,0.6656568104701891,1.3212975625871586e-10
0.5305583929179435,0.6656568104701891,1.3212886179001223e-10
0.5305583929179435,0.6657779932137664,1.3212878997865153e-10
0.5307286346612189,0.6657779932137664,1.3212718671064945e-10
0.5307286346612189,0.6658991759573437,1.3212381575418587e-10
0.5308137555328567,0.6658991759573437,1.321236577623306e-10
0.5308137555328567,0.6661415414444983,1.3212171503901743e-10
0.5308988764044944,0.6661415414444983,1.3212163115831427e-10
0.5308988764044944,0.6662627241880756,1.3212052692737383e-10
0.5309839972761321,0.6662627241880756,1.321205174972699e-10
0.5309839972761321,0.6665050896752303,1.3211888880173207e-10
0.5311542390194075,0.6665050896752303,1.3211799225285506e-10
0.5311542390194075,0.6666262724188076,1.321174278184738e-10
0.5312393598910453,0.6666262724188076,1.321174219693356e-10
0.5312393598910453,0.6668686379059622,1.3211652640379458e-10
0.531324480762683,0.6668686379059622,1.321156707251974e-10
0.531324480762683,0.6672321861366941,1.3211192620887301e-10
0.5314096016343207,0.6672321861366941,1.3211043139242893e-10
0.5314096016343207,0.6674745516238487,1.3210950907368284e-10
0.5315798433775962,0.6674745516238487,1.3210370401346622e-10
0.5315798433775962,0.667595734367426,1.3210342532357863e-10
0.5316649642492339,0.667595734367426,1.321031561210089e-10
0.5316649642492339,0.6677169171110033,1.3210172557800698e-10
0.5323459312223358,0.6677169171110033,1.3208577782653352e-10
0.5323459312223358,0.6679592825981581,1.3208538859698344e-10
0.5325161729656112,0.6679592825981581,1.32084827855765e-10
0.5325161729656112,0.6680804653417354,1.3208477685649787e-10
0.5326864147088867,0.6680804653417354,1.3208334983791045e-10
0.5326864147088867,0.6682016480853127,1.3208310546160419e-10
0.5330268981954375,0.6682016480853127,1.3207723644007883e-10
0.5330268981954375,0.66832283082889,1.3207684386402067e-10
0.5331120190670753,0.66832283082889,1.3207681555335659e-10
0.5331120190670753,0.6688075618031992,1.3207592478915858e-10
0.5332822608103507,0.6688075618031992,1.3207352571200024e-10
0.5332822608103507,0.6690499272903538,1.3207151150690622e-10
0.533792986040177,0.6690499272903538,1.320694319124565e-10
0.533792986040177,0.6691711100339311,1.3206739795940963e-10
0.5338781069118148,0.6691711100339311,1.3206629764619778e-10
0.5338781069118148,0.6692922927775085,1.3206362148014572e-10
0.5339632277834525,0.6692922927775085,1.3206152101914373e-10
0.5339632277834525,0.6695346582646631,1.320612313154105e-10
0.5340483486550902,0.6695346582646631,1.3206103632005584e-10
0.5340483486550902,0.6697770237518177,1.320598168318245e-10
0.5341334695267279,0.6697770237518177,1.3205879985104792e-10
0.5341334695267279,0.6701405719825497,1.3205455069290395e-10
0.5343037112700034,0.6701405719825497,1.320529980059914e-10
0.5343037112700034,0.670261754726127,1.3205276123981024e-10
0.5343888321416411,0.670261754726127,1.320518294030025e-10
0.5343888321416411,0.6703829374697043,1.3205106473602995e-10
0.5345590738849166,0.6703829374697043,1.3204817060126845e-10
0.5345590738849166,0.6705041202132817,1.3204489520179612e-10
0.534729315628192,0.6705041202132817,1.3204336226064795e-10
0.534729315628192,0.6711100339311682,1.3203850213439926e-10
0.5348144364998297,0.6711100339311682,1.3203490088679582e-10
0.5348144364998297,0.6712312166747455,1.3203336600702786e-10
0.5348995573714674,0.6712312166747455,1.320326563426724e-10
0.5348995573714674,0.6715947649054774,1.320308115824323e-10
0.5349846782431052,0.6715947649054774,1.3203056704867237e-10
0.5349846782431052,0.671837130392632,1.3202780640094938e-10
0.5353251617296562,0.671837130392632,1.32020028759709e-10
0.5353251617296562,0.6719583131362094,1.3202002424341034e-10
0.5354102826012939,0.6719583131362094,1.320200219858014e-10
0.5354102826012939,0.6720794958797868,1.3201944033376532e-10
0.5359210078311202,0.6720794958797868,1.3201235916092806e-10
0.5359210078311202,0.6723218613669414,1.3201122744924167e-10
0.5360061287027579,0.6723218613669414,1.320110214113793e-10
0.5360061287027579,0.6724430441105187,1.320105866452922e-10
0.5362614913176711,0.6724430441105187,1.32006056435636e-10
0.5362614913176711,0.672564226854096,1.3200490907937157e-10
0.5365168539325843,0.672564226854096,1.3199924670409376e-10
0.5365168539325843,0.6729277750848279,1.3199589093638502e-10
0.5366870956758597,0.6729277750848279,1.3199515846047963e-10
0.5366870956758597,0.6730489578284052,1.319943431894247e-10
0.5367722165474974,0.6730489578284052,1.3199259817256747e-10
0.5367722165474974,0.6731701405719825,1.3199237042787356e-10
0.5369424582907729,0.6731701405719825,1.319882542810621e-10
0.5369424582907729,0.6732913233155599,1.319873710347074e-10
0.5371127000340483,0.6732913233155599,1.319870516717874e-10
0.5371127000340483,0.6734125060591372,1.3198387591482494e-10
0.5375383043922369,0.6734125060591372,1.3197683869899982e-10
0.5375383043922369,0.6735336888027145,1.3197550406145454e-10
0.5376234252638747,0.6735336888027145,1.3197374513699705e-10
0.5376234252638747,0.6737760542898691,1.319714375417802e-10
0.5377085461355124,0.6737760542898691,1.3197141405165307e-10
0.5377085461355124,0.674139602520601,1.3196891215099593e-10
0.5379639087504257,0.674139602520601,1.3196541706002418e-10
0.5379639087504257,0.6742607852641784,1.3196516103491625e-10
0.5388151174668029,0.6742607852641784,1.3195699241942829e-10
0.5388151174668029,0.674503150751333,1.319538728094782e-10
0.5389002383384406,0.674503150751333,1.3195259627309383e-10
0.5389002383384406,0.6747455162384877,1.319516568878185e-10
0.5389853592100783,0.6747455162384877,1.3195164751042081e-10
0.5389853592100783,0.674866698982065,1.3195001336486864e-10
0.539070480081716,0.674866698982065,1.3194977455994832e-10
0.539070480081716,0.6749878817256423,1.319485316352098e-10
0.5391556009533538,0.6749878817256423,1.3194835624583123e-10
0.5391556009533538,0.6751090644692196,1.3194647473667536e-10
0.5393258426966292,0.6751090644692196,1.319435242867429e-10
0.5393258426966292,0.6752302472127969,1.3194348902314552e-10
0.5394960844399047,0.6752302472127969,1.3194158128638318e-10
0.5394960844399047,0.6753514299563742,1.3194133907826787e-10
0.5403472931562819,0.6753514299563742,1.319269934031784e-10
0.5403472931562819,0.6757149781871061,1.3192516264503654e-10
0.5404324140279196,0.6757149781871061,1.3192085869305593e-10
0.5404324140279196,0.6759573436742607,1.3191775718616037e-10
0.5406026557711952,0.6759573436742607,1.3191619298599184e-10
0.5406026557711952,0.6761997091614154,1.319160027899306e-10
0.5406877766428329,0.6761997091614154,1.319150633471662e-10
0.5406877766428329,0.6764420746485701,1.31914220369654e-10
0.5408580183861083,0.6764420746485701,1.3191296752398064e-10
0.5408580183861083,0.6765632573921474,1.319129062406111e-10
0.5411133810010215,0.6765632573921474,1.319128434971804e-10
0.5411133810010215,0.6766844401357247,1.3191167301475294e-10
0.5416241062308478,0.6766844401357247,1.31910553395911e-10
0.5416241062308478,0.6770479883664566,1.3190996147069522e-10
0.5421348314606742,0.6770479883664566,1.319007824530865e-10
0.5421348314606742,0.6771691711100339,1.3190035694258666e-10
0.5423901940755873,0.6771691711100339,1.3189738829174647e-10
0.5423901940755873,0.6772903538536112,1.318962715114322e-10
0.542475314947225,0.6772903538536112,1.3189585997772795e-10
0.542475314947225,0.6775327193407659,1.31893865420972e-10
0.5427306775621382,0.6775327193407659,1.3189056507085157e-10
0.5427306775621382,0.6776539020843432,1.3188871793063477e-10
0.5429860401770514,0.6776539020843432,1.3188368317883878e-10
0.5429860401770514,0.6780174503150751,1.3188085471051713e-10
0.5432414027919646,0.6780174503150751,1.3187697578044326e-10
0.5432414027919646,0.6781386330586524,1.318767926233982e-10
0.54341164453524,0.6781386330586524,1.31875060915667e-10
0.54341164453524,0.6782598158022297,1.318750502768651e-10
0.5435818862785154,0.6782598158022297,1.3187395982629522e-10
0.5435818862785154,0.678380998545807,1.3187363533567598e-10
0.5438372488934287,0.678380998545807,1.3187151909866844e-10
0.5438372488934287,0.6785021812893844,1.318714770956736e-10
0.5440926115083419,0.6785021812893844,1.318658499792855e-10
0.5440926115083419,0.6786233640329618,1.3186498039507715e-10
0.5441777323799796,0.6786233640329618,1.318646708587057e-10
0.5441777323799796,0.6788657295201164,1.3186174193816422e-10
0.5444330949948928,0.6788657295201164,1.318609757776953e-10
0.5444330949948928,0.679108095007271,1.3186000150994265e-10
0.5445182158665305,0.679108095007271,1.3185961863510214e-10
0.5445182158665305,0.6793504604944256,1.318593428264143e-10
0.5446884576098059,0.6793504604944256,1.3185507162922593e-10
0.5446884576098059,0.6799563742123121,1.3184450039721383e-10
0.5447735784814437,0.6799563742123121,1.318425536552437e-10
0.5447735784814437,0.6803199224430441,1.318412440119541e-10
0.5450289410963568,0.6803199224430441,1.318396140899409e-10
0.5450289410963568,0.6808046534173534,1.3183675565966845e-10
0.5451140619679945,0.6808046534173534,1.3183560029409608e-10
0.5451140619679945,0.6809258361609307,1.3183525281203388e-10
0.5451991828396323,0.6809258361609307,1.3183510844475273e-10
0.5451991828396323,0.681047018904508,1.3183355104632999e-10
0.54528430371127,0.681047018904508,1.318323422974907e-10
0.54528430371127,0.6812893843916626,1.3183079113312394e-10
0.5455396663261832,0.6812893843916626,1.3182817325250554e-10
0.5455396663261832,0.68141056713524,1.3182720818959033e-10
0.5457950289410963,0.68141056713524,1.318248964879757e-10
0.5457950289410963,0.6815317498788173,1.3182253693582001e-10
0.5459652706843718,0.6815317498788173,1.3182242927087623e-10
0.5459652706843718,0.6817741153659719,1.318197146229475e-10
0.5461355124276472,0.6817741153659719,1.3181822814979584e-10
0.5461355124276472,0.682622394571013,1.318086554493951e-10
0.5462206332992849,0.682622394571013,1.318063354533676e-10
0.5462206332992849,0.6829859428017451,1.3180310034785815e-10
0.5464759959141982,0.6829859428017451,1.3180126525896298e-10
0.5464759959141982,0.6831071255453224,1.3180000577787074e-10
0.5466462376574737,0.6831071255453224,1.317994793834302e-10
0.5466462376574737,0.683349491032477,1.3179802699962563e-10
0.5469867211440245,0.683349491032477,1.3179254177478315e-10
0.5469867211440245,0.6838342220067862,1.3179066366738611e-10
0.5470718420156623,0.6838342220067862,1.3179039063696658e-10
0.5470718420156623,0.6841977702375182,1.3178952413364248e-10
0.5472420837589377,0.6841977702375182,1.317886120852655e-10
0.5472420837589377,0.6844401357246728,1.31785524496669e-10
0.5473272046305754,0.6844401357246728,1.317839149786933e-10
0.5473272046305754,0.6848036839554047,1.3178058997445503e-10
0.5474123255022132,0.6848036839554047,1.3177909691588803e-10
0.5474123255022132,0.6850460494425594,1.317751242028207e-10
0.5474974463738509,0.6850460494425594,1.317751200693956e-10
0.5474974463738509,0.685288414929714,1.317734612760982e-10
0.547752808988764,0.685288414929714,1.3176349702078308e-10
0.547752808988764,0.6854095976732913,1.3176328013118425e-10
0.5479230507320395,0.6854095976732913,1.3175972374780702e-10
0.5479230507320395,0.6855307804168687,1.317596665762363e-10
0.5480081716036772,0.6855307804168687,1.3175938115098074e-10
0.5480081716036772,0.685651963160446,1.3175830741836366e-10
0.5481784133469527,0.685651963160446,1.3175560644260302e-10
0.5481784133469527,0.6857731459040233,1.317549955293166e-10
0.5482635342185904,0.6857731459040233,1.317547253965412e-10
0.5482635342185904,0.6860155113911779,1.3175453198030528e-10
0.5483486550902281,0.6860155113911779,1.3175451594765049e-10
0.5483486550902281,0.6866214251090644,1.3174778166306184e-10
0.5484337759618658,0.6866214251090644,1.3174743814620398e-10
0.5484337759618658,0.686863790596219,1.3174728832272785e-10
0.548689138576779,0.686863790596219,1.3174404692268495e-10
0.548689138576779,0.6871061560833738,1.3173717948937782e-10
0.5487742594484167,0.6871061560833738,1.3173420009599536e-10
0.5487742594484167,0.6874697043141057,1.3172877546880566e-10
0.54902962206333,0.6874697043141057,1.3171960577849706e-10
0.54902962206333,0.6878332525448376,1.3171935909466607e-10
0.5491998638066053,0.6878332525448376,1.3171469519097678e-10
0.5491998638066053,0.6879544352884149,1.317145238428466e-10
0.5494552264215186,0.6879544352884149,1.3171092781125597e-10
0.5494552264215186,0.6880756180319922,1.3170941603822598e-10
0.549625468164794,0.6880756180319922,1.3170740221320747e-10
0.549625468164794,0.6884391662627242,1.3170662116579105e-10
0.5497105890364318,0.6884391662627242,1.3170430687039267e-10
0.5497105890364318,0.6885603490063015,1.3170396823092123e-10
0.5497957099080695,0.6885603490063015,1.3170256503816355e-10
0.5497957099080695,0.6886815317498788,1.3170109040806421e-10
0.5498808307797072,0.6886815317498788,1.3170028457032279e-10
0.5498808307797072,0.6889238972370334,1.31693215051904e-10
0.5499659516513449,0.6889238972370334,1.3169245297964197e-10
0.5499659516513449,0.6890450799806107,1.3169215318575422e-10
0.5500510725229827,0.6890450799806107,1.3169202600807063e-10
0.5500510725229827,0.6901357246728066,1.316876737918467e-10
0.5501361933946204,0.6901357246728066,1.316835232950456e-10
0.5501361933946204,0.6902569074163839,1.316816264172668e-10
0.5503915560095335,0.6902569074163839,1.3167496322134397e-10
0.5503915560095335,0.6903780901599612,1.3167417797738676e-10
0.5506469186244467,0.6903780901599612,1.3166941771159465e-10
0.5506469186244467,0.6904992729035385,1.3166873800114916e-10
0.5509874021109976,0.6904992729035385,1.3166625173271892e-10
0.5509874021109976,0.6906204556471158,1.316652032168169e-10
0.5510725229826353,0.6906204556471158,1.3166519215442465e-10
0.5510725229826353,0.6909840038778478,1.3166061581062843e-10
0.551157643854273,0.6909840038778478,1.3166057907993296e-10
0.551157643854273,0.6912263693650024,1.3165887258632928e-10
0.5515832482124617,0.6912263693650024,1.3165252329552865e-10
0.5515832482124617,0.6915899175957344,1.3164876031983074e-10
0.5516683690840994,0.6915899175957344,1.3164819647863653e-10
0.5516683690840994,0.6919534658264663,1.3164495932631003e-10
0.5521790943139258,0.6919534658264663,1.3163648004576008e-10
0.5521790943139258,0.692195831313621,1.3163547297802092e-10
0.5527749404153899,0.692195831313621,1.3162891600277362e-10
0.5527749404153899,0.6923170140571983,1.3162718684477245e-10
0.5538815117466803,0.6923170140571983,1.316153706735363e-10
0.5538815117466803,0.6924381968007756,1.3161209331922584e-10
0.553966632618318,0.6924381968007756,1.316102828266401e-10
0.553966632618318,0.6925593795443529,1.3160954047393392e-10
0.5540517534899557,0.6925593795443529,1.3160681525902543e-10
0.5540517534899557,0.6930441105186621,1.3159936238579248e-10
0.5541368743615934,0.6930441105186621,1.3159914480845408e-10
0.5541368743615934,0.6931652932622394,1.3159907157148598e-10
0.5543071161048689,0.6931652932622394,1.3159708268199428e-10
0.5543071161048689,0.6935288414929714,1.3159527507938906e-10
0.554562478719782,0.6935288414929714,1.315900350724316e-10
0.554562478719782,0.6936500242365488,1.3158907643355753e-10
0.5551583248212462,0.6936500242365488,1.3157837910422e-10
0.5551583248212462,0.6938923897237034,1.315779394271653e-10
0.5552434456928839,0.6938923897237034,1.3157721896893555e-10
0.5552434456928839,0.6940135724672807,1.3157599874725982e-10
0.5553285665645217,0.6940135724672807,1.3157589653669927e-10
0.5553285665645217,0.694134755210858,1.315740530728295e-10
0.5554988083077971,0.694134755210858,1.3157127352616227e-10
0.5554988083077971,0.6943771206980126,1.3157073565008976e-10
0.5555839291794348,0.6943771206980126,1.3156859334879236e-10
0.5555839291794348,0.6944983034415899,1.3156762161859607e-10
0.555839291794348,0.6944983034415899,1.3156360472159873e-10
0.555839291794348,0.6948618516723218,1.315615924137389e-10
0.5560095335376234,0.6948618516723218,1.3155808398956903e-10
0.5560095335376234,0.6949830344158991,1.315551849879596e-10
0.5560946544092612,0.6949830344158991,1.3155363803383507e-10
0.5560946544092612,0.6951042171594765,1.3155328460573845e-10
0.5567756213823629,0.6951042171594765,1.315448799164067e-10
0.5567756213823629,0.6953465826466311,1.3154213933062403e-10
0.5569458631256384,0.6953465826466311,1.3153857292628853e-10
0.5569458631256384,0.6954677653902084,1.3153745946985033e-10
0.5570309839972761,0.6954677653902084,1.3153737000849536e-10
0.5570309839972761,0.6955889481337858,1.3153520696511482e-10
0.5571161048689138,0.6955889481337858,1.3153520650820455e-10
0.5571161048689138,0.6958313136209404,1.3153422878348004e-10
0.5572012257405515,0.6958313136209404,1.3153177509183037e-10
0.5572012257405515,0.6959524963645177,1.315273377538326e-10
0.5574565883554647,0.6959524963645177,1.3152369367801175e-10
0.5574565883554647,0.696073679108095,1.315236842413149e-10
0.5575417092271024,0.696073679108095,1.3152270171539308e-10
0.5575417092271024,0.6963160445952497,1.3152175878281912e-10
0.5577970718420157,0.6963160445952497,1.3151992775728987e-10
0.5577970718420157,0.6966795928259816,1.315161161280837e-10
0.5578821927136534,0.6966795928259816,1.3151597527001234e-10
0.5578821927136534,0.6969219583131362,1.3151147486269482e-10
0.5581375553285666,0.6969219583131362,1.3150913051274116e-10
0.5581375553285666,0.6974066892874454,1.3150894872395722e-10
0.558307797071842,0.6974066892874454,1.3150868293130238e-10
0.558307797071842,0.6977702375181775,1.3150220775627363e-10
0.5583929179434798,0.6977702375181775,1.3150186382829452e-10
0.5583929179434798,0.6980126030053321,1.3150083663958525e-10
0.5589887640449438,0.6980126030053321,1.3149303555349563e-10
0.5589887640449438,0.6981337857489094,1.3149266527164437e-10
0.559244126659857,0.6981337857489094,1.314892797914299e-10
0.559244126659857,0.6982549684924867,1.3148908786124603e-10
0.5594143684031324,0.6982549684924867,1.3148149816369645e-10
0.5594143684031324,0.6986185167232186,1.3147966324419254e-10
0.5595846101464079,0.6986185167232186,1.3147721608127144e-10
0.5595846101464079,0.6987396994667959,1.3147520233763205e-10
0.5597548518896833,0.6987396994667959,1.3146975932323037e-10
0.5597548518896833,0.6989820649539505,1.314661516239693e-10
0.559839972761321,0.6989820649539505,1.314649880758322e-10
0.559839972761321,0.6992244304411052,1.314627052170356e-10
0.5599250936329588,0.6992244304411052,1.3146041897565436e-10
0.5599250936329588,0.6993456131846825,1.3145921971464708e-10
0.5600102145045965,0.6993456131846825,1.3145788036758324e-10
0.5600102145045965,0.6994667959282598,1.3145786194462848e-10
0.5602655771195098,0.6994667959282598,1.314569714243781e-10
0.5602655771195098,0.6995879786718371,1.3145599268051698e-10
0.5606060606060606,0.6995879786718371,1.3145211436996337e-10
0.5606060606060606,0.6998303441589918,1.3145001021625674e-10
0.5607763023493361,0.6998303441589918,1.3144951576231547e-10
0.5607763023493361,0.7000727096461464,1.314485745608344e-10
0.5612019067075247,0.7000727096461464,1.3144222450599386e-10
0.5612019067075247,0.7001938923897237,1.3144116095874414e-10
0.5613721484508002,0.7001938923897237,1.3143868748483469e-10
0.5613721484508002,0.7004362578768784,1.314324593819677e-10
0.5614572693224379,0.7004362578768784,1.3143227793246346e-10
0.5614572693224379,0.700678623364033,1.3143224690970844e-10
0.5617977528089888,0.700678623364033,1.3143077294548684e-10
0.5617977528089888,0.7009209888511876,1.3143035915783995e-10
0.5620531154239019,0.7009209888511876,1.3142899745165216e-10
0.5620531154239019,0.7012845370819195,1.3142552806227712e-10
0.5622233571671774,0.7012845370819195,1.3142511953621545e-10
0.5622233571671774,0.7014057198254968,1.3142237525229366e-10
0.5623084780388151,0.7014057198254968,1.31422234478734e-10
0.5623084780388151,0.7016480853126514,1.314183592078257e-10
0.5624787197820905,0.7016480853126514,1.314151590731462e-10
0.5624787197820905,0.7017692680562287,1.3141505564948784e-10
0.5625638406537283,0.7017692680562287,1.3141152198200947e-10
0.5625638406537283,0.7020116335433835,1.3140972510454423e-10
0.562648961525366,0.7020116335433835,1.3140969056940816e-10
0.562648961525366,0.7021328162869608,1.3140955634162109e-10
0.5627340823970037,0.7021328162869608,1.3140619616234972e-10
0.5627340823970037,0.7023751817741154,1.3140410406818724e-10
0.5630745658835546,0.7023751817741154,1.3140087002223234e-10
0.5630745658835546,0.70261754726127,1.3139729644903972e-10
0.5631596867551923,0.70261754726127,1.3139180444386905e-10
0.5631596867551923,0.7028599127484246,1.3138992402676007e-10
0.56324480762683,0.7028599127484246,1.3138983089082571e-10
0.56324480762683,0.7037081919534658,1.3138107749411144e-10
0.5633299284984679,0.7037081919534658,1.3138078084614936e-10
0.5633299284984679,0.7038293746970431,1.3137959600269577e-10
0.5635001702417433,0.7038293746970431,1.3137687911613764e-10
0.5635001702417433,0.7039505574406204,1.3137576699609882e-10
0.563585291113381,0.7039505574406204,1.3137534059957084e-10
0.563585291113381,0.7040717401841978,1.3137385703553804e-10
0.5636704119850188,0.7040717401841978,1.3137184307360767e-10
0.5636704119850188,0.7043141056713524,1.3137122359258006e-10
0.5637555328566565,0.7043141056713524,1.313697035159775e-10
0.5637555328566565,0.7046776539020844,1.3136634179135778e-10
0.5639257745999319,0.7046776539020844,1.3136428390884551e-10
0.5639257745999319,0.7047988366456617,1.3136407394315887e-10
0.5640960163432074,0.7047988366456617,1.3136329257614304e-10
0.5640960163432074,0.7050412021328163,1.31362485071753e-10
0.5643513789581205,0.7050412021328163,1.313600308591756e-10
0.5643513789581205,0.7051623848763936,1.3135784995280284e-10
0.5646918624446714,0.7051623848763936,1.313554778598554e-10
0.5646918624446714,0.7054047503635482,1.313553162574338e-10
0.5647769833163092,0.7054047503635482,1.3135390956482414e-10
0.5647769833163092,0.7057682985942801,1.3135174788509651e-10
0.5648621041879469,0.7057682985942801,1.313507561952328e-10
0.5648621041879469,0.7061318468250121,1.3134510123429935e-10
0.56511746680286,0.7061318468250121,1.313416019337047e-10
0.56511746680286,0.7066165777993214,1.3133784109736076e-10
0.5652025876744978,0.7066165777993214,1.313359381440507e-10
0.5652025876744978,0.706858943286476,1.3133539346776e-10
0.5659686755192374,0.706858943286476,1.3132533212602874e-10
0.5659686755192374,0.707222491517208,1.3131780362163186e-10
0.5662240381341505,0.707222491517208,1.3130880444925698e-10
0.5662240381341505,0.7075860397479399,1.3130374488432325e-10
0.5663091590057883,0.7075860397479399,1.313015667635741e-10
0.5663091590057883,0.7078284052350945,1.3129958014123653e-10
0.5664794007490637,0.7078284052350945,1.3129851590949432e-10
0.5664794007490637,0.7080707707222491,1.3129726510475355e-10
0.5665645216207014,0.7080707707222491,1.3129601215666142e-10
0.5665645216207014,0.7081919534658264,1.312946180529632e-10
0.5666496424923391,0.7081919534658264,1.3128720934215448e-10
0.5666496424923391,0.7084343189529811,1.3128388473776873e-10
0.5669050051072523,0.7084343189529811,1.3128009999529328e-10
0.5669050051072523,0.7087978671837131,1.3127453845667127e-10
0.5672454885938032,0.7087978671837131,1.3127214028728505e-10
0.5672454885938032,0.7090402326708677,1.3126799001251826e-10
0.5674157303370787,0.7090402326708677,1.3126329858940832e-10
0.5674157303370787,0.7092825981580223,1.312616759294231e-10
0.5676710929519918,0.7092825981580223,1.3125827785467499e-10
0.5676710929519918,0.7095249636451769,1.3125782722959692e-10
0.5678413346952673,0.7095249636451769,1.3125646717274062e-10
0.5678413346952673,0.7097673291323315,1.3125138613129228e-10
0.567926455566905,0.7097673291323315,1.3124940966939216e-10
0.567926455566905,0.7102520601066408,1.3124376960219796e-10
0.5680115764385427,0.7102520601066408,1.312420903725034e-10
0.5680115764385427,0.7103732428502181,1.3124148214536776e-10
0.5682669390534559,0.7103732428502181,1.312368824916924e-10
0.5682669390534559,0.7104944255937955,1.3123500390297923e-10
0.5684371807967313,0.7104944255937955,1.3122929085551427e-10
0.5684371807967313,0.711100339311682,1.3122374444788845e-10
0.568522301668369,0.711100339311682,1.3122368928414007e-10
0.568522301668369,0.7112215220552593,1.3122353397782504e-10
0.5686074225400068,0.7112215220552593,1.3122352577351903e-10
0.5686074225400068,0.711463887542414,1.312208497952437e-10
0.5687776642832822,0.711463887542414,1.3121939471481178e-10
0.5687776642832822,0.7115850702859913,1.3121784658002083e-10
0.5695437521280218,0.7115850702859913,1.3120766938737511e-10
0.5695437521280218,0.7118274357731459,1.312039681381844e-10
0.5696288729996595,0.7118274357731459,1.3120219676332878e-10
0.5696288729996595,0.7121909840038778,1.3119855599300962e-10
0.5701395982294859,0.7121909840038778,1.3119281094160386e-10
0.5701395982294859,0.7124333494910324,1.3119066602650938e-10
0.570394960844399,0.7124333494910324,1.3118548446607535e-10
0.570394960844399,0.7125545322346097,1.311854810331042e-10
0.5705652025876745,0.7125545322346097,1.3118369466243126e-10
0.5705652025876745,0.7126757149781872,1.3118191089537996e-10
0.5706503234593122,0.7126757149781872,1.3118188689253227e-10
0.5706503234593122,0.7132816286960737,1.3117521672020544e-10
0.5707354443309499,0.7132816286960737,1.311747124644722e-10
0.5707354443309499,0.713402811439651,1.311745043312224e-10
0.5708205652025877,0.713402811439651,1.3117446830389917e-10
0.5708205652025877,0.7135239941832283,1.3117243296455782e-10
0.5709056860742254,0.7135239941832283,1.311695400267847e-10
0.5709056860742254,0.7137663596703829,1.3116783748177326e-10
0.5709908069458631,0.7137663596703829,1.3116725523551685e-10
0.5709908069458631,0.7138875424139602,1.311672544008182e-10
0.571927136533878,0.7138875424139602,1.3115663254067067e-10
0.571927136533878,0.7140087251575375,1.3115424869723305e-10
0.5720122574055159,0.7140087251575375,1.3115288408331367e-10
0.5720122574055159,0.7141299079011149,1.3115246706397424e-10
0.5726932243786176,0.7141299079011149,1.3114896726079737e-10
0.5726932243786176,0.7142510906446922,1.3114734201521416e-10
0.5727783452502554,0.7142510906446922,1.3114687255393314e-10
0.5727783452502554,0.7144934561318468,1.3114680158481916e-10
0.5729485869935308,0.7144934561318468,1.3114560590678995e-10
0.5729485869935308,0.7147358216190014,1.3114534107194318e-10
0.5731188287368063,0.7147358216190014,1.3114368529553964e-10
0.5731188287368063,0.7149781871061561,1.3113593234727702e-10
0.5733741913517194,0.7149781871061561,1.3113210850539106e-10
0.5733741913517194,0.7150993698497334,1.3112912962800188e-10
0.5735444330949949,0.7150993698497334,1.3112725580499743e-10
0.5735444330949949,0.715341735336888,1.3112514541995978e-10
0.573799795709908,0.715341735336888,1.3112230313954868e-10
0.573799795709908,0.7154629180804654,1.311221129674178e-10
0.5738849165815458,0.7154629180804654,1.3112210455028098e-10
0.5738849165815458,0.7155841008240427,1.311179808626825e-10
0.5739700374531835,0.7155841008240427,1.3111666697259766e-10
0.5739700374531835,0.71570528356762,1.3111632371236912e-10
0.5740551583248212,0.71570528356762,1.3111557873146457e-10
0.5740551583248212,0.7159476490547746,1.3111499386290244e-10
0.5741402791964589,0.7159476490547746,1.311133975233987e-10
0.5741402791964589,0.7165535627726611,1.311070412704539e-10
0.5742254000680967,0.7165535627726611,1.3110607880362003e-10
0.5742254000680967,0.7169171110033932,1.3110183151709994e-10
0.5745658835546475,0.7169171110033932,1.310980543636953e-10
0.5745658835546475,0.7170382937469705,1.3109761710397263e-10
0.5746510044262854,0.7170382937469705,1.3109664226985719e-10
0.5746510044262854,0.7172806592341251,1.3109541268842665e-10
0.5747361252979231,0.7172806592341251,1.3109460601723298e-10
0.5747361252979231,0.7175230247212797,1.3109400291221367e-10
0.5752468505277494,0.7175230247212797,1.3108410495183802e-10
0.5752468505277494,0.717644207464857,1.3108272405129908e-10
0.5753319713993871,0.717644207464857,1.3108267839433102e-10
0.5753319713993871,0.7178865729520116,1.310795348623438e-10
0.5754170922710249,0.7178865729520116,1.3107714433353862e-10
0.5754170922710249,0.7181289384391663,1.3107703515844337e-10
0.5755022131426626,0.7181289384391663,1.3107702666353531e-10
0.5755022131426626,0.7183713039263209,1.3107552300881742e-10
0.575672454885938,0.7183713039263209,1.310719859099476e-10
0.575672454885938,0.7184924866698982,1.3107192823535177e-10
0.5763534218590398,0.7184924866698982,1.310549886812363e-10
0.5763534218590398,0.7186136694134755,1.3105357820206904e-10
0.5764385427306775,0.7186136694134755,1.3105211579901433e-10
0.5764385427306775,0.7188560349006301,1.3105161061541275e-10
0.5766939053455907,0.7188560349006301,1.3104993313830802e-10
0.5766939053455907,0.7194619486185168,1.3104393890185169e-10
0.5767790262172284,0.7194619486185168,1.3104369194332772e-10
0.5767790262172284,0.7197043141056714,1.3103644874819976e-10
0.5769492679605039,0.7197043141056714,1.310334965527201e-10
0.5769492679605039,0.7198254968492487,1.310332725938697e-10
0.5770343888321416,0.7198254968492487,1.3103189822962788e-10
0.5770343888321416,0.719946679592826,1.3102928356080896e-10
0.5771195097037793,0.719946679592826,1.3102474611846725e-10
0.5771195097037793,0.7200678623364033,1.3102370788988794e-10
0.577545114061968,0.7200678623364033,1.310165878499844e-10
0.577545114061968,0.7203102278235579,1.3101618294754646e-10
0.5780558392917944,0.7203102278235579,1.3100732390810745e-10
0.5780558392917944,0.7206737760542898,1.310041147395524e-10
0.578481443649983,0.7206737760542898,1.310000349085886e-10
0.578481443649983,0.7207949587978671,1.3099783841610348e-10
0.5786516853932584,0.7207949587978671,1.309932577794792e-10
0.5786516853932584,0.7209161415414445,1.3099324910882015e-10
0.5787368062648961,0.7209161415414445,1.3099083413606106e-10
0.5787368062648961,0.7210373242850218,1.3099064913791185e-10
0.5791624106230848,0.7210373242850218,1.3098267391749235e-10
0.5791624106230848,0.7212796897721765,1.309811069285213e-10
0.5795028941096357,0.7212796897721765,1.3097618583035875e-10
0.5795028941096357,0.7216432380029084,1.309755743402055e-10
0.5796731358529111,0.7216432380029084,1.309725751961904e-10
0.5796731358529111,0.721885603490063,1.3097054649591665e-10
0.5798433775961865,0.721885603490063,1.3096842170091144e-10
0.5798433775961865,0.7221279689772176,1.309660509397534e-10
0.5799284984678243,0.7221279689772176,1.30965036746317e-10
0.5799284984678243,0.722249151720795,1.3096499057839584e-10
0.5800987402110998,0.722249151720795,1.309629907909608e-10
0.5800987402110998,0.7223703344643723,1.3096272668633821e-10
0.5801838610827375,0.7223703344643723,1.3096253380688306e-10
0.5801838610827375,0.7224915172079496,1.3096096917155513e-10
0.5802689819543753,0.7224915172079496,1.3095868139293298e-10
0.5802689819543753,0.7227338826951042,1.3095651091697238e-10
0.580354102826013,0.7227338826951042,1.3095564236386898e-10
0.580354102826013,0.7229762481822588,1.3094976960978383e-10
0.5806945863125639,0.7229762481822588,1.309431791381762e-10
0.5806945863125639,0.7232186136694134,1.309398588230381e-10
0.5807797071842016,0.7232186136694134,1.3093851846049584e-10
0.5807797071842016,0.7233397964129908,1.3093694437480273e-10
0.5810350697991148,0.7233397964129908,1.3093479372504224e-10
0.5810350697991148,0.7243092583616093,1.309242573999284e-10
0.5813755532856656,0.7243092583616093,1.3091992415831713e-10
0.5813755532856656,0.7244304411051866,1.309186857215698e-10
0.5818011576438543,0.7244304411051866,1.3091710076142625e-10
0.5818011576438543,0.7245516238487639,1.3091675521874025e-10
0.5819713993871297,0.7245516238487639,1.3091513728054518e-10
0.5819713993871297,0.7247939893359185,1.3091069962857787e-10
0.5820565202587674,0.7247939893359185,1.3091060384697477e-10
0.5820565202587674,0.7249151720794959,1.3090914457513913e-10
0.5823970037453183,0.7249151720794959,1.3089787961354848e-10
0.5823970037453183,0.7251575375666505,1.3089776669685383e-10
0.5826523663602315,0.7251575375666505,1.3089593767595e-10
0.5826523663602315,0.7252787203102278,1.308941381201411e-10
0.5829077289751448,0.7252787203102278,1.3088472726531121e-10
0.5829077289751448,0.7253999030538051,1.3088340575689723e-10
0.5829928498467825,0.7253999030538051,1.3088338632058739e-10
0.5829928498467825,0.7258846340281144,1.3088265421515995e-10
0.5830779707184202,0.7258846340281144,1.3088057234594558e-10
0.5830779707184202,0.7260058167716917,1.308791299816857e-10
0.5831630915900579,0.7260058167716917,1.3087897141137018e-10
0.5831630915900579,0.726126999515269,1.3087880208518821e-10
0.5833333333333334,0.726126999515269,1.308768056555661e-10
0.5833333333333334,0.7263693650024237,1.3087507949187975e-10
0.5835886959482465,0.7263693650024237,1.3087177009914128e-10
0.5835886959482465,0.726490547746001,1.308695951943819e-10
0.5836738168198843,0.726490547746001,1.3086959275645378e-10
0.5836738168198843,0.7267329132331556,1.3086737430837162e-10
0.5838440585631597,0.7267329132331556,1.308660825166352e-10
0.5838440585631597,0.7268540959767329,1.3086575852507285e-10
0.5839291794347974,0.7268540959767329,1.3086567053976953e-10
0.5839291794347974,0.7272176442074648,1.3086360677081635e-10
0.5844399046646238,0.7272176442074648,1.3085731234124473e-10
0.5844399046646238,0.7273388269510421,1.308560968790346e-10
0.5845250255362615,0.7273388269510421,1.3084939394713462e-10
0.5845250255362615,0.7274600096946194,1.308493216454175e-10
0.5847803881511746,0.7274600096946194,1.3084525615970942e-10
0.5847803881511746,0.7275811924381969,1.3084493818919578e-10
0.5851208716377255,0.7275811924381969,1.3084001140584665e-10
0.5851208716377255,0.7278235579253515,1.3083939977629947e-10
0.5854613551242764,0.7278235579253515,1.3083182975134102e-10
0.5854613551242764,0.7290353853611246,1.3081790225984668e-10
0.5855464759959143,0.7290353853611246,1.3081728817605837e-10
0.5855464759959143,0.7291565681047019,1.3081701052276487e-10
0.585631596867552,0.7291565681047019,1.3081525018444947e-10
0.585631596867552,0.7295201163354338,1.308054461161452e-10
0.5857167177391897,0.7295201163354338,1.308039008477505e-10
0.5857167177391897,0.7296412990790111,1.308023932701532e-10
0.585886959482465,0.7296412990790111,1.3080053237637318e-10
0.585886959482465,0.7297624818225885,1.3080050483284079e-10
0.5860572012257406,0.7297624818225885,1.307969764974805e-10
0.5860572012257406,0.7300048473097431,1.3079408764551077e-10
0.5863125638406538,0.7300048473097431,1.3079070256337317e-10
0.5863125638406538,0.7302472127968977,1.3078670344223067e-10
0.5866530473272046,0.7302472127968977,1.3078390319999449e-10
0.5866530473272046,0.7308531265147843,1.30775106886993e-10
0.5867381681988424,0.7308531265147843,1.3077457129664872e-10
0.5867381681988424,0.7310954920019389,1.3077366206254197e-10
0.5868232890704801,0.7310954920019389,1.3077365993916689e-10
0.5868232890704801,0.7314590402326708,1.3076661598863512e-10
0.5869935308137555,0.7314590402326708,1.3076487603172371e-10
0.5869935308137555,0.7315802229762481,1.3076040415849496e-10
0.5873340143003064,0.7315802229762481,1.3075511720357625e-10
0.5873340143003064,0.7318225884634028,1.307500418395452e-10
0.5875893769152196,0.7318225884634028,1.3074545568775842e-10
0.5875893769152196,0.7324285021812894,1.3073785159729591e-10
0.587759618658495,0.7324285021812894,1.30735679460002e-10
0.587759618658495,0.7327920504120213,1.307320335883003e-10
0.5878447395301328,0.7327920504120213,1.3073062686125956e-10
0.5878447395301328,0.7329132331555986,1.3073060092355308e-10
0.5879298604017705,0.7329132331555986,1.3072991876614646e-10
0.5879298604017705,0.733034415899176,1.3072866596903203e-10
0.5881001021450459,0.733034415899176,1.3072520227396742e-10
0.5881001021450459,0.7331555986427533,1.3072506643407898e-10
0.5885257065032345,0.7331555986427533,1.3071901288004302e-10
0.5885257065032345,0.7332767813863306,1.307182927243291e-10
0.5886959482465101,0.7332767813863306,1.3071749153454018e-10
0.5886959482465101,0.7333979641299079,1.307149668014826e-10
0.5887810691181478,0.7333979641299079,1.3071180717433862e-10
0.5887810691181478,0.7336403296170625,1.307082505047011e-10
0.5889513108614233,0.7336403296170625,1.3070409299314622e-10
0.5889513108614233,0.7337615123606398,1.3070005702903104e-10
0.5891215526046987,0.7337615123606398,1.3070001748612213e-10
0.5891215526046987,0.7338826951042171,1.3069647307554488e-10
0.5892066734763364,0.7338826951042171,1.306959844447097e-10
0.5892066734763364,0.7341250605913718,1.3069410284555417e-10
0.5892917943479741,0.7341250605913718,1.3069410084354556e-10
0.5892917943479741,0.7343674260785265,1.3069243413915108e-10
0.5898025195778005,0.7343674260785265,1.306864422747515e-10
0.5898025195778005,0.7347309743092584,1.306844356929068e-10
0.5901430030643514,0.7347309743092584,1.3068250139220887e-10
0.5901430030643514,0.7354580707707222,1.3067939317179222e-10
0.5902281239359891,0.7354580707707222,1.30679024198187e-10
0.5902281239359891,0.7355792535142995,1.3067887707329903e-10
0.5903132448076268,0.7355792535142995,1.3067874962297885e-10
0.5903132448076268,0.7357004362578768,1.306758198722154e-10
0.59056860742254,0.7357004362578768,1.306733186528112e-10
0.59056860742254,0.7358216190014542,1.3067177477247358e-10
0.5907388491658154,0.7358216190014542,1.3066598326961884e-10
0.5907388491658154,0.7363063499757635,1.306583444657604e-10
0.591164453524004,0.7363063499757635,1.3065679399155494e-10
0.591164453524004,0.7366698982064954,1.3065242621783e-10
0.5913346952672796,0.7366698982064954,1.3065109653698854e-10
0.5913346952672796,0.73691226369365,1.3065005473395134e-10
0.5914198161389173,0.73691226369365,1.3064890112403694e-10
0.5914198161389173,0.737275811924382,1.3064711281002431e-10
0.591504937010555,0.737275811924382,1.3064670483157268e-10
0.591504937010555,0.7373969946679593,1.3064536582459985e-10
0.5915900578821928,0.7373969946679593,1.3064257890642049e-10
0.5915900578821928,0.7375181774115366,1.306413202640855e-10
0.5917602996254682,0.7375181774115366,1.3063981939474437e-10
0.5917602996254682,0.7378817256422685,1.3063158581892093e-10
0.5921859039836568,0.7378817256422685,1.306241515259574e-10
0.5921859039836568,0.7383664566165778,1.306201418603305e-10
0.5923561457269323,0.7383664566165778,1.306160664181568e-10
0.5923561457269323,0.7389723703344644,1.3060539901392382e-10
0.59244126659857,0.7389723703344644,1.3060505346706914e-10
0.59244126659857,0.7390935530780417,1.3060333430216915e-10
0.5927817500851209,0.7390935530780417,1.3059696279832125e-10
0.5927817500851209,0.7394571013087736,1.3059512276844444e-10
0.5932073544433095,0.7394571013087736,1.3059136240754404e-10
0.5932073544433095,0.7395782840523509,1.3058922544648536e-10
0.5932924753149472,0.7395782840523509,1.305863523576753e-10
0.5932924753149472,0.7398206495395055,1.3058634811706167e-10
0.5937180796731358,0.7398206495395055,1.305805553642699e-10
0.5937180796731358,0.7401841977702375,1.3057677436113815e-10
0.5938032005447735,0.7401841977702375,1.305767635758074e-10
0.5938032005447735,0.7403053805138148,1.305761431856964e-10
0.5938883214164113,0.7403053805138148,1.305743667984529e-10
0.5938883214164113,0.7404265632573922,1.3057418935795365e-10
0.5946544092611509,0.7404265632573922,1.305647343392708e-10
0.5946544092611509,0.7405477460009695,1.3056473243136262e-10
0.5947395301327886,0.7405477460009695,1.305631553670513e-10
0.5947395301327886,0.7406689287445468,1.3056092411624067e-10
0.5949948927477018,0.7406689287445468,1.3055716040537297e-10
0.5949948927477018,0.741153659718856,1.3055369410626312e-10
0.5950800136193395,0.741153659718856,1.3055302941241154e-10
0.5950800136193395,0.7413960252060107,1.3054778293623936e-10
0.5951651344909772,0.7413960252060107,1.305476288152083e-10
0.5951651344909772,0.741517207949588,1.3054760426427704e-10
0.5952502553626149,0.741517207949588,1.3054755105668924e-10
0.5952502553626149,0.7417595734367426,1.3054714067378197e-10
0.5955056179775281,0.7417595734367426,1.305452281700119e-10
0.5955056179775281,0.7418807561803199,1.3054364536937306e-10
0.5956758597208035,0.7418807561803199,1.305394035048907e-10
0.5956758597208035,0.7420019389238972,1.305392870211072e-10
0.5959312223357167,0.7420019389238972,1.3053396672567934e-10
0.5959312223357167,0.7421231216674745,1.3053358541811923e-10
0.5960163432073544,0.7421231216674745,1.3053223263052836e-10
0.5960163432073544,0.7422443044110518,1.3052827346779369e-10
0.5961014640789921,0.7422443044110518,1.3052820672398913e-10
0.5961014640789921,0.7424866698982064,1.3052618715567249e-10
0.5961865849506299,0.7424866698982064,1.3052470273844527e-10
0.5961865849506299,0.7427290353853612,1.3052434077945547e-10
0.5963568266939053,0.7427290353853612,1.3051853458553057e-10
0.5963568266939053,0.7429714008725158,1.3051819488333218e-10
0.5965270684371808,0.7429714008725158,1.3051673556611726e-10
0.5965270684371808,0.7433349491032477,1.3051126346467885e-10
0.5966973101804562,0.7433349491032477,1.3050690460253076e-10
0.5966973101804562,0.7440620455647116,1.3050474518082678e-10
0.5968675519237318,0.7440620455647116,1.305029976608934e-10
0.5968675519237318,0.7443044110518662,1.304982379460608e-10
0.5972080354102826,0.7443044110518662,1.3049378120323746e-10
0.5972080354102826,0.7444255937954435,1.3049327030644986e-10
0.5973782771535581,0.7444255937954435,1.304912627945424e-10
0.5973782771535581,0.7445467765390208,1.3049016093172585e-10
0.5976336397684713,0.7445467765390208,1.3048935422561298e-10
0.5976336397684713,0.7446679592825982,1.3048931844774316e-10
0.5978890023833844,0.7446679592825982,1.304837135609573e-10
0.5978890023833844,0.7447891420261755,1.3048195092654713e-10
0.5981443649982976,0.7447891420261755,1.304785726595684e-10
0.5981443649982976,0.7450315075133301,1.3047824763681733e-10
0.5982294858699353,0.7450315075133301,1.304767331620961e-10
0.5982294858699353,0.7451526902569074,1.3047608622811418e-10
0.598314606741573,0.7451526902569074,1.3047414276724602e-10
0.598314606741573,0.7452738730004848,1.304725718341674e-10
0.5984848484848485,0.7452738730004848,1.3047062509829336e-10
0.5984848484848485,0.7462433349491032,1.304645386952636e-10
0.5985699693564862,0.7462433349491032,1.3046445295440238e-10
0.5985699693564862,0.7463645176926805,1.304621236768293e-10
0.5989955737146748,0.7463645176926805,1.3045687766549967e-10
0.5989955737146748,0.7466068831798351,1.304567768472854e-10
0.5990806945863125,0.7466068831798351,1.304516359314454e-10
0.5990806945863125,0.7469704314105672,1.304509312638103e-10
0.5991658154579503,0.7469704314105672,1.3044949048121315e-10
0.5991658154579503,0.7472127968977218,1.304476850655294e-10
0.5993360572012257,0.7472127968977218,1.3043564791995178e-10
0.5993360572012257,0.7474551623848764,1.3043438583097626e-10
0.5999319033026899,0.7474551623848764,1.304221642431766e-10
0.5999319033026899,0.747697527872031,1.3042000349670361e-10
0.6000170241743276,0.747697527872031,1.3041390968895803e-10
0.6000170241743276,0.7479398933591856,1.3041043747582785e-10
0.6001021450459653,0.7479398933591856,1.304102057062643e-10
0.6001021450459653,0.748061076102763,1.3040974905199732e-10
0.600187265917603,0.748061076102763,1.30408494098453e-10
0.600187265917603,0.7481822588463403,1.3040808030105688e-10
0.6002723867892408,0.7481822588463403,1.304064978706519e-10
0.6002723867892408,0.7484246243334949,1.3040622281950476e-10
0.6004426285325162,0.7484246243334949,1.3040401288266228e-10
0.6004426285325162,0.7485458070770722,1.3040398295530202e-10
0.6009533537623425,0.7485458070770722,1.30398819305325e-10
0.6009533537623425,0.7486669898206495,1.3039881591085368e-10
0.6010384746339803,0.7486669898206495,1.303985407752539e-10
0.6010384746339803,0.7487881725642268,1.3039681556588006e-10
0.601123595505618,0.7487881725642268,1.303950835887409e-10
0.601123595505618,0.7490305380513815,1.3039157145958924e-10
0.6012938372488934,0.7490305380513815,1.3038737040972856e-10
0.6012938372488934,0.7492729035385362,1.303849782828013e-10
0.6014640789921689,0.7492729035385362,1.3038165041546579e-10
0.6014640789921689,0.7497576345128454,1.3037764463613198e-10
0.6015491998638066,0.7497576345128454,1.3037566702029607e-10
0.6015491998638066,0.75,1.3037210102458792e-10
0.6016343207354443,0.75,1.3037186633956306e-10
0.6016343207354443,0.7503635482307319,1.3036889721958917e-10
0.6019748042219952,0.7503635482307319,1.3035995428839392e-10
0.6019748042219952,0.7507270964614638,1.3035677246648714e-10
0.6021450459652706,0.7507270964614638,1.3035396240694106e-10
0.6021450459652706,0.7510906446921959,1.3035190566965865e-10
0.6022301668369084,0.7510906446921959,1.3035156298664419e-10
0.6022301668369084,0.7512118274357732,1.3035051869035597e-10
0.6026557711950971,0.7512118274357732,1.3034840105436644e-10
0.6026557711950971,0.7513330101793505,1.303481445974242e-10
0.602996254681648,0.7513330101793505,1.3034426576349966e-10
0.602996254681648,0.7516965584100824,1.3034010832966575e-10
0.6037623425263875,0.7516965584100824,1.3033435558814663e-10
0.6037623425263875,0.7518177411536597,1.3033292014430702e-10
0.6038474633980252,0.7518177411536597,1.3033250774109273e-10
0.6038474633980252,0.7520601066408144,1.3033060149366737e-10
0.6039325842696629,0.7520601066408144,1.3032935609299877e-10
0.6039325842696629,0.7521812893843917,1.30329319691767e-10
0.6040177051413006,0.7521812893843917,1.303268922356382e-10
0.6040177051413006,0.7527872031022782,1.3032470758921714e-10
0.6043581886278515,0.7527872031022782,1.3031696047405147e-10
0.6043581886278515,0.7529083858458555,1.3031393313334247e-10
0.6046986721144024,0.7529083858458555,1.3030704655420964e-10
0.6046986721144024,0.7530295685894328,1.3030553281837622e-10
0.6047837929860401,0.7530295685894328,1.303055245945118e-10
0.6047837929860401,0.7535142995637422,1.3030403152805348e-10
0.6050391556009533,0.7535142995637422,1.303018092397794e-10
0.6050391556009533,0.7536354823073195,1.3030162481016345e-10
0.6055498808307797,0.7536354823073195,1.3029398511250643e-10
0.6055498808307797,0.7537566650508968,1.3029017178758466e-10
0.6056350017024175,0.7537566650508968,1.3029003074606633e-10
0.6056350017024175,0.7538778477944741,1.3028625842711618e-10
0.6057201225740552,0.7538778477944741,1.3028563247687542e-10
0.6057201225740552,0.7539990305380514,1.3028418427360113e-10
0.6059754851889684,0.7539990305380514,1.3028165468455493e-10
0.6059754851889684,0.7541202132816287,1.3027965065135257e-10
0.6062308478038815,0.7541202132816287,1.3026981186169253e-10
0.6062308478038815,0.754241396025206,1.3026958007084447e-10
0.6063159686755193,0.754241396025206,1.3026955695313712e-10
0.6063159686755193,0.7544837615123606,1.3026865871166375e-10
0.6067415730337079,0.7544837615123606,1.3026104276270314e-10
0.6067415730337079,0.7548473097430926,1.3025879248159962e-10
0.6069118147769833,0.7548473097430926,1.3025845236118729e-10
0.6069118147769833,0.7549684924866699,1.3025835493917008e-10
0.606996935648621,0.7549684924866699,1.302583248636912e-10
0.606996935648621,0.7553320407174018,1.3025442196781634e-10
0.6070820565202588,0.7553320407174018,1.3025312129557534e-10
0.6070820565202588,0.7554532234609792,1.302530627301098e-10
0.6071671773918965,0.7554532234609792,1.3025304825893883e-10
0.6071671773918965,0.7555744062045565,1.30252770544507e-10
0.6072522982635342,0.7555744062045565,1.3025258662719504e-10
0.6072522982635342,0.7558167716917111,1.3025230644266696e-10
0.6077630234933605,0.7558167716917111,1.3024721832868727e-10
0.6077630234933605,0.7559379544352884,1.3024279408654564e-10
0.6078481443649983,0.7559379544352884,1.3024272474531608e-10
0.6078481443649983,0.7561803199224431,1.3024099146569926e-10
0.6081886278515491,0.7561803199224431,1.302348950844819e-10
0.6081886278515491,0.7566650508967523,1.302304827564918e-10
0.6083588695948247,0.7566650508967523,1.3022693627161534e-10
0.6083588695948247,0.7571497818710615,1.3022378590415426e-10
0.6086142322097379,0.7571497818710615,1.3022290797967321e-10
0.6086142322097379,0.7572709646146388,1.3022153446161324e-10
0.6091249574395642,0.7572709646146388,1.3020750911311094e-10
0.6091249574395642,0.7575133301017936,1.302035186999357e-10
0.6092951991828396,0.7575133301017936,1.302017826541029e-10
0.6092951991828396,0.7576345128453709,1.3020131043541e-10
0.6093803200544774,0.7576345128453709,1.3020113909560199e-10
0.6093803200544774,0.7578768783325255,1.3019722003840625e-10
0.6094654409261151,0.7578768783325255,1.3019383520401915e-10
0.6094654409261151,0.7582404265632574,1.3019154847457635e-10
0.6098910452843037,0.7582404265632574,1.3018013185281806e-10
0.6098910452843037,0.7583616093068347,1.301784445048646e-10
0.6100612870275791,0.7583616093068347,1.301721575582475e-10
0.6100612870275791,0.758482792050412,1.301718568754915e-10
0.6104868913857678,0.758482792050412,1.301681090542143e-10
0.6104868913857678,0.7586039747939893,1.3016760660794702e-10
0.6108273748723186,0.7586039747939893,1.301662047225738e-10
0.6108273748723186,0.7593310712554532,1.3016220735397445e-10
0.6109124957439565,0.7593310712554532,1.301621860824302e-10
0.6109124957439565,0.7594522539990305,1.301617899758253e-10
0.6109976166155942,0.7594522539990305,1.3016038724082902e-10
0.6109976166155942,0.7599369849733398,1.3015621885762414e-10
0.6112529792305074,0.7599369849733398,1.3015444554743727e-10
0.6112529792305074,0.7603005332040718,1.3015346214441116e-10
0.6115083418454205,0.7603005332040718,1.301517689112258e-10
0.6115083418454205,0.7604217159476491,1.3014865587283921e-10
0.611678583588696,0.7604217159476491,1.301457211961518e-10
0.611678583588696,0.7605428986912264,1.301443054956455e-10
0.61227442969016,0.7605428986912264,1.3014023637301416e-10
0.61227442969016,0.760785264178381,1.3014018965520982e-10
0.6128702757916241,0.760785264178381,1.3012457583543272e-10
0.6128702757916241,0.7609064469219583,1.3012443719987561e-10
0.6130405175348995,0.7609064469219583,1.301243629686477e-10
0.6130405175348995,0.7611488124091129,1.3012432645769195e-10
0.6133810010214504,0.7611488124091129,1.3012022462608286e-10
0.6133810010214504,0.7612699951526902,1.3011884844498292e-10
0.6140619679945523,0.7612699951526902,1.3009693202942282e-10
0.6140619679945523,0.7613911778962675,1.3009546607803526e-10
0.61414708886619,0.7613911778962675,1.300949892899121e-10
0.61414708886619,0.7618759088705769,1.3008322660228113e-10
0.6142322097378277,0.7618759088705769,1.300832142383482e-10
0.6142322097378277,0.7623606398448861,1.3007960091235972e-10
0.6143173306094655,0.7623606398448861,1.3007913521349873e-10
0.6143173306094655,0.7626030053320407,1.3007881513327164e-10
0.6145726932243786,0.7626030053320407,1.3007690245742875e-10
0.6145726932243786,0.76308773630635,1.3007487289646546e-10
0.6147429349676541,0.76308773630635,1.300729858382255e-10
0.6147429349676541,0.7639360155113912,1.3006285716226937e-10
0.6149982975825673,0.7639360155113912,1.3005927081040078e-10
0.6149982975825673,0.7640571982549685,1.3005662149331686e-10
0.6152536601974804,0.7640571982549685,1.300553241370459e-10
0.6152536601974804,0.7641783809985458,1.300549915528929e-10
0.6153387810691181,0.7641783809985458,1.300527876780612e-10
0.6153387810691181,0.7642995637421232,1.3005136862774214e-10
0.6155090228123936,0.7642995637421232,1.3004682248098277e-10
0.6155090228123936,0.7644207464857005,1.3004660600069178e-10
0.6158495062989445,0.7644207464857005,1.300404610763549e-10
0.6158495062989445,0.7646631119728551,1.3003929085035673e-10
0.6162751106571331,0.7646631119728551,1.3003139039782544e-10
0.6162751106571331,0.7649054774600097,1.3002903913689726e-10
0.6163602315287708,0.7649054774600097,1.3002741825056346e-10
0.6163602315287708,0.7653902084343189,1.3001955617343773e-10
0.6164453524004085,0.7653902084343189,1.300193643102126e-10
0.6164453524004085,0.7655113911778962,1.3001742635503177e-10
0.616615594143684,0.7655113911778962,1.300155606901159e-10
0.616615594143684,0.7656325739214735,1.3001554864503787e-10
0.6167007150153218,0.7656325739214735,1.3001495793422072e-10
0.6167007150153218,0.7657537566650509,1.3001492555919634e-10
0.6172114402451481,0.7657537566650509,1.3001320436340015e-10
0.6172114402451481,0.7664808531265148,1.3000313227746987e-10
0.6173816819884236,0.7664808531265148,1.3000312330197282e-10
0.6173816819884236,0.7666020358700921,1.3000081358117665e-10
0.6177221654749745,0.7666020358700921,1.299878049996407e-10
0.6177221654749745,0.7667232186136694,1.2998579357904737e-10
0.6184031324480763,0.7667232186136694,1.2997156562007778e-10
0.6184031324480763,0.766965584100824,1.2997118903552053e-10
0.6186584950629894,0.766965584100824,1.299690676449105e-10
0.6186584950629894,0.7670867668444014,1.2996709763129963e-10
0.6187436159346271,0.7670867668444014,1.299654369477299e-10
0.6187436159346271,0.7672079495879787,1.299652003413364e-10
0.6188287368062649,0.7672079495879787,1.2996283630280708e-10
0.6188287368062649,0.7674503150751333,1.2996145620078328e-10
0.6189138576779026,0.7674503150751333,1.299612346834327e-10
0.6189138576779026,0.7676926805622879,1.299570624726372e-10
0.6189989785495403,0.7676926805622879,1.2995702668507691e-10
0.6189989785495403,0.7678138633058652,1.2995699589231888e-10
0.6193394620360912,0.7678138633058652,1.2995309684532053e-10
0.6193394620360912,0.7680562287930198,1.2995297827454797e-10
0.6197650663942799,0.7680562287930198,1.299514314353075e-10
0.6197650663942799,0.7682985942801746,1.299509335506561e-10
0.6201055498808308,0.7682985942801746,1.2994511995973947e-10
0.6201055498808308,0.7684197770237519,1.2993926932536682e-10
0.6202757916241062,0.7684197770237519,1.2993354300077108e-10
0.6202757916241062,0.7691468734852157,1.2992908652014253e-10
0.620360912495744,0.7691468734852157,1.2992710945559616e-10
0.620360912495744,0.769268056228793,1.2992579165056873e-10
0.6207865168539326,0.769268056228793,1.2992492271237044e-10
0.6207865168539326,0.7695104217159476,1.2992290649003765e-10
0.6211270003404835,0.7695104217159476,1.2992052802197167e-10
0.6211270003404835,0.7696316044595249,1.299204362421383e-10
0.6213823629553966,0.7696316044595249,1.2991720094942215e-10
0.6213823629553966,0.7699951526902569,1.2991126524789884e-10
0.6217228464419475,0.7699951526902569,1.2990890234139586e-10
0.6217228464419475,0.7701163354338342,1.2990371412785454e-10
0.6218079673135853,0.7701163354338342,1.299034451143294e-10
0.6218079673135853,0.7707222491517208,1.2989666662382334e-10
0.621893088185223,0.7707222491517208,1.2989484780237245e-10
0.621893088185223,0.7708434318952981,1.2989476096169185e-10
0.6220633299284984,0.7708434318952981,1.2989369730242275e-10
0.6220633299284984,0.7710857973824528,1.2989276853060782e-10
0.6223186925434117,0.7710857973824528,1.2989231498716596e-10
0.6223186925434117,0.7713281628696074,1.2989031511895368e-10
0.6225740551583249,0.7713281628696074,1.298810967776069e-10
0.6225740551583249,0.7714493456131847,1.298802589406335e-10
0.6229996595165135,0.7714493456131847,1.2987672124441102e-10
0.6229996595165135,0.771570528356762,1.2987672056690458e-10
0.6230847803881512,0.771570528356762,1.2987629528488926e-10
0.6230847803881512,0.7716917111003393,1.298756494886473e-10
0.6233401430030644,0.7716917111003393,1.298725618339365e-10
0.6233401430030644,0.7719340765874939,1.2986562296318896e-10
0.623765747361253,0.7719340765874939,1.2986098783679275e-10
0.623765747361253,0.7720552593310712,1.2986098234562717e-10
0.624361593462717,0.7720552593310712,1.2985405912642253e-10
0.624361593462717,0.7721764420746485,1.2985268797146813e-10
0.6244467143343548,0.7721764420746485,1.2985095460805638e-10
0.6244467143343548,0.7725399903053806,1.298485866223764e-10
0.6246169560776302,0.7725399903053806,1.2984457753227076e-10
0.6246169560776302,0.7726611730489579,1.2984329420107586e-10
0.6247871978209056,0.7726611730489579,1.298421625362545e-10
0.6247871978209056,0.7727823557925352,1.2984095250993609e-10
0.6252979230507321,0.7727823557925352,1.2983481425691106e-10
0.6252979230507321,0.7729035385361125,1.2983478979341326e-10
0.625638406537283,0.7729035385361125,1.2983228395012807e-10
0.625638406537283,0.7730247212796898,1.2983223938499474e-10
0.6257235274089207,0.7730247212796898,1.2983072311824003e-10
0.6257235274089207,0.7731459040232671,1.2982817312773124e-10
0.6258937691521961,0.7731459040232671,1.298269157276751e-10
0.6258937691521961,0.7732670867668444,1.2982614587246117e-10
0.6259788900238339,0.7732670867668444,1.2982431477021374e-10
0.6259788900238339,0.773873000484731,1.298165311617068e-10
0.6261491317671093,0.773873000484731,1.2981374460415228e-10
0.6261491317671093,0.7741153659718856,1.298087411174368e-10
0.626234252638747,0.7741153659718856,1.2980645368853998e-10
0.626234252638747,0.7743577314590402,1.2980209402617896e-10
0.6264896152536602,0.7743577314590402,1.2980152677279423e-10
0.6264896152536602,0.7744789142026175,1.298004523443597e-10
0.6265747361252979,0.7744789142026175,1.2979974015911278e-10
0.6265747361252979,0.7748424624333495,1.2979788651000598e-10
0.6268300987402111,0.7748424624333495,1.297940379129771e-10
0.6268300987402111,0.7750848279205041,1.2979374010142724e-10
0.6270003404834865,0.7750848279205041,1.297918600382289e-10
0.6270003404834865,0.7752060106640815,1.297918030235202e-10
0.6273408239700374,0.7752060106640815,1.29786770761863e-10
0.6273408239700374,0.7753271934076588,1.2978669427478812e-10
0.6275961865849506,0.7753271934076588,1.2978668012698998e-10
0.6275961865849506,0.7754483761512361,1.2978648375296945e-10
0.6279366700715016,0.7754483761512361,1.2978353038771242e-10
0.6279366700715016,0.775811924381968,1.2978061499015719e-10
0.6282771535580525,0.775811924381968,1.2977398021537915e-10
0.6282771535580525,0.7764178380998545,1.2977168117520966e-10
0.6286176370446034,0.7764178380998545,1.297657335899301e-10
0.6286176370446034,0.7765390208434318,1.2976036345018261e-10
0.6288729996595165,0.7765390208434318,1.297536124904841e-10
0.6288729996595165,0.7766602035870092,1.297520318175336e-10
0.629043241402792,0.7766602035870092,1.2974934300496816e-10
0.629043241402792,0.7778720310227824,1.2972935820756932e-10
0.6292134831460674,0.7778720310227824,1.2972766713467964e-10
0.6292134831460674,0.7782355792535143,1.297251274012252e-10
0.6295539666326183,0.7782355792535143,1.2972121210817185e-10
0.6295539666326183,0.7785991274842462,1.2971529930532418e-10
0.629639087504256,0.7785991274842462,1.297111673282569e-10
0.629639087504256,0.7787203102278235,1.2971099941386105e-10
0.6300646918624446,0.7787203102278235,1.2970849319915804e-10
0.6300646918624446,0.7788414929714008,1.297084909483668e-10
0.6301498127340824,0.7788414929714008,1.297069724005496e-10
0.6301498127340824,0.7789626757149782,1.2970470225750897e-10
0.6302349336057201,0.7789626757149782,1.2970439845138943e-10
0.6302349336057201,0.7792050412021329,1.2970058544188345e-10
0.6304051753489955,0.7792050412021329,1.2969823856416647e-10
0.6304051753489955,0.7793262239457102,1.2969656278351434e-10
0.630915900578822,0.7793262239457102,1.2968668904460433e-10
0.630915900578822,0.7795685894328648,1.2968464963192742e-10
0.6311712631937351,0.7795685894328648,1.2967823784516793e-10
0.6311712631937351,0.7799321376635967,1.296759006179238e-10
0.6312563840653729,0.7799321376635967,1.2967570160085937e-10
0.6312563840653729,0.7802956858943286,1.296701309252033e-10
0.6313415049370106,0.7802956858943286,1.296683689882742e-10
0.6313415049370106,0.7804168686379059,1.2966808805198542e-10
0.6314266258086483,0.7804168686379059,1.296680818261368e-10
0.6314266258086483,0.7806592341250606,1.2966547185975238e-10
0.6315968675519237,0.7806592341250606,1.2966168029048506e-10
0.6315968675519237,0.7807804168686379,1.29658215952773e-10
0.6322778345250255,0.7807804168686379,1.296499763495408e-10
0.6322778345250255,0.7810227823557926,1.2964808154204402e-10
0.6323629553966632,0.7810227823557926,1.2964551415790324e-10
0.6323629553966632,0.7813863305865245,1.2964504108121387e-10
0.6325331971399387,0.7813863305865245,1.2964378729326223e-10
0.6325331971399387,0.7817498788172564,1.296415771396495e-10
0.6326183180115764,0.7817498788172564,1.2964027039642129e-10
0.6326183180115764,0.781992244304411,1.2963922226607415e-10
0.6328736806264896,0.781992244304411,1.2963582071861501e-10
0.6328736806264896,0.7821134270479884,1.2963499970007254e-10
0.6332141641130405,0.7821134270479884,1.2962907079531094e-10
0.6332141641130405,0.782355792535143,1.2962729775778978e-10
0.6332992849846782,0.782355792535143,1.2962690357652653e-10
0.6332992849846782,0.7824769752787203,1.2962503436977037e-10
0.6336397684712292,0.7824769752787203,1.2962282975066732e-10
0.6336397684712292,0.7827193407658749,1.2961831504417008e-10
0.6338100102145046,0.7827193407658749,1.2961285724396446e-10
0.6338100102145046,0.7828405235094522,1.296113585887002e-10
0.634320735444331,0.7828405235094522,1.2960432815230638e-10
0.634320735444331,0.7830828889966068,1.296026103484692e-10
0.6344058563159687,0.7830828889966068,1.296004358199529e-10
0.6344058563159687,0.7833252544837616,1.2959866916480914e-10
0.6344909771876064,0.7833252544837616,1.2959477316644365e-10
0.6344909771876064,0.7834464372273389,1.295939590190367e-10
0.6348314606741573,0.7834464372273389,1.2959007137025166e-10
0.6348314606741573,0.7835676199709162,1.2959001084119903e-10
0.6352570650323459,0.7835676199709162,1.2958599438432255e-10
0.6352570650323459,0.7838099854580708,1.2958009474730508e-10
0.6353421859039836,0.7838099854580708,1.2957845144040145e-10
0.6353421859039836,0.7841735336888027,1.2957454999301749e-10
0.6355124276472591,0.7841735336888027,1.2957415119552567e-10
0.6355124276472591,0.7844158991759573,1.2957388701592886e-10
0.6355975485188968,0.7844158991759573,1.2957142463451264e-10
0.6355975485188968,0.7845370819195346,1.2956945999868256e-10
0.63585291113381,0.7845370819195346,1.2956340031008531e-10
0.63585291113381,0.7847794474066893,1.2956146280209049e-10
0.636193394620361,0.7847794474066893,1.2955752088776291e-10
0.636193394620361,0.7850218128938439,1.2955744902076488e-10
0.636448757235274,0.7850218128938439,1.2955498963967232e-10
0.636448757235274,0.7851429956374212,1.2955322687154747e-10
0.6365338781069119,0.7851429956374212,1.2955157320754637e-10
0.6365338781069119,0.7852641783809986,1.2955152028010226e-10
0.6366189989785496,0.7852641783809986,1.2954950808563822e-10
0.6366189989785496,0.7853853611245759,1.2954883760676702e-10
0.6367041198501873,0.7853853611245759,1.295452067448779e-10
0.6367041198501873,0.7855065438681532,1.2954501692942637e-10
0.6369594824651005,0.7855065438681532,1.2954319119065822e-10
0.6369594824651005,0.7856277266117305,1.2954316000653733e-10
0.6371297242083759,0.7856277266117305,1.2954116022084158e-10
0.6371297242083759,0.7857489093553078,1.2954095075432326e-10
0.6372148450800136,0.7857489093553078,1.2954071970144782e-10
0.6372148450800136,0.7861124575860398,1.2953862903680817e-10
0.6374702076949268,0.7861124575860398,1.2952808058295928e-10
0.6374702076949268,0.7863548230731944,1.2952473198523046e-10
0.6376404494382022,0.7863548230731944,1.2952400251351988e-10
0.6376404494382022,0.7864760058167717,1.2952101612977872e-10
0.6378106911814777,0.7864760058167717,1.295189256051562e-10
0.6378106911814777,0.786597188560349,1.295186208063903e-10
0.6378958120531154,0.786597188560349,1.2951805430197429e-10
0.6378958120531154,0.7867183713039263,1.2951649183413483e-10
0.6381511746680286,0.7867183713039263,1.2951239268929246e-10
0.6381511746680286,0.7869607367910809,1.2951208790985762e-10
0.638321416411304,0.7869607367910809,1.2950400090414917e-10
0.638321416411304,0.7870819195346582,1.2950390958653676e-10
0.6384065372829418,0.7870819195346582,1.2950386004551406e-10
0.6384065372829418,0.7872031022782355,1.2949994690559752e-10
0.6384916581545795,0.7872031022782355,1.2949803769487523e-10
0.6384916581545795,0.7873242850218128,1.2949750625871166e-10
0.6385767790262172,0.7873242850218128,1.294958850191198e-10
0.6385767790262172,0.7874454677653903,1.2949584519086907e-10
0.6389172625127681,0.7874454677653903,1.2949294721565543e-10
0.6389172625127681,0.7876878332525449,1.2949223265821753e-10
0.6390023833844058,0.7876878332525449,1.2948975454751688e-10
0.6390023833844058,0.7878090159961222,1.294851681307361e-10
0.6391726251276814,0.7878090159961222,1.2948374238756413e-10
0.6391726251276814,0.7879301987396995,1.2947705726907177e-10
0.6392577459993191,0.7879301987396995,1.294770364214085e-10
0.6392577459993191,0.788536112457586,1.2946695242889164e-10
0.6395131086142322,0.788536112457586,1.2946312563229456e-10
0.6395131086142322,0.7886572952011633,1.2946260354651494e-10
0.6396833503575077,0.7886572952011633,1.294612204832292e-10
0.6396833503575077,0.7887784779447407,1.2946084032993976e-10
0.640194075587334,0.7887784779447407,1.2945636925354621e-10
0.640194075587334,0.7899903053805138,1.2944615550744363e-10
0.6402791964589717,0.7899903053805138,1.294442189872369e-10
0.6402791964589717,0.7904750363548231,1.2943993472213862e-10
0.6404494382022472,0.7904750363548231,1.294352231870033e-10
0.6404494382022472,0.7905962190984004,1.2943122565392057e-10
0.6405345590738849,0.7905962190984004,1.294295734871483e-10
0.6405345590738849,0.7910809500727096,1.2942347508561394e-10
0.6406196799455226,0.7910809500727096,1.294195122553742e-10
0.6406196799455226,0.7912021328162869,1.294194987325583e-10
0.6409601634320735,0.7912021328162869,1.294194054832943e-10
0.6409601634320735,0.7913233155598642,1.294192388816636e-10
0.6412155260469867,0.7913233155598642,1.2941478859511004e-10
0.6412155260469867,0.7915656810470189,1.2941265703915162e-10
0.6413006469186244,0.7915656810470189,1.2941098595674105e-10
0.6413006469186244,0.7916868637905963,1.2941068393237396e-10
0.6416411304051753,0.7916868637905963,1.2940082408403268e-10
0.6416411304051753,0.7921715947649055,1.2939653670249867e-10
0.6418113721484509,0.7921715947649055,1.2939415627421128e-10
0.6418113721484509,0.7924139602520601,1.2939282260083152e-10
0.6418964930200886,0.7924139602520601,1.2939231774006766e-10
0.6418964930200886,0.7926563257392147,1.293903176405851e-10
0.6419816138917263,0.7926563257392147,1.2939004115438095e-10
0.6419816138917263,0.792777508482792,1.2938815281119165e-10
0.642066734763364,0.792777508482792,1.2938815176145016e-10
0.642066734763364,0.793141056713524,1.2938408396074348e-10
0.6421518556350017,0.793141056713524,1.2938326222167978e-10
0.6421518556350017,0.7933834222006786,1.2938165819215825e-10
0.6422369765066395,0.7933834222006786,1.2938150328499892e-10
0.6422369765066395,0.7935046049442559,1.2938134637030217e-10
0.6423220973782772,0.7935046049442559,1.2938133873660605e-10
0.6423220973782772,0.7941105186621426,1.293758764341541e-10
0.6424072182499149,0.7941105186621426,1.293751246043409e-10
0.6424072182499149,0.7947164323800291,1.2936912771031566e-10
0.6429179434797412,0.7947164323800291,1.2936153265468335e-10
0.6429179434797412,0.7949587978671837,1.293548523851633e-10
0.6430881852230167,0.7949587978671837,1.2935269787176203e-10
0.6430881852230167,0.795079980610761,1.2935103828399837e-10
0.6440245148110316,0.795079980610761,1.2933859038631492e-10
0.6440245148110316,0.7952011633543383,1.2933728819302797e-10
0.6441947565543071,0.7952011633543383,1.2933589089019545e-10
0.6441947565543071,0.7954435288414929,1.2933576214581233e-10
0.6444501191692203,0.7954435288414929,1.2933347508238665e-10
0.6444501191692203,0.7962918080465342,1.2931924528771714e-10
0.6447054817841334,0.7962918080465342,1.2931237850116558e-10
0.6447054817841334,0.7964129907901115,1.2931098039973975e-10
0.6447906026557712,0.7964129907901115,1.29309629689028e-10
0.6447906026557712,0.7965341735336888,1.2930439330452978e-10
0.6449608443990467,0.7965341735336888,1.2929753161390883e-10
0.6449608443990467,0.7966553562772661,1.2929419110085624e-10
0.6452162070139599,0.7966553562772661,1.2929208370891679e-10
0.6452162070139599,0.7970189045079981,1.2928957373949112e-10
0.6456418113721485,0.7970189045079981,1.2928559576623394e-10
0.6456418113721485,0.79738245273873,1.292813403619569e-10
0.6457269322437862,0.79738245273873,1.2927958654452997e-10
0.6457269322437862,0.7976248182258846,1.2927573423039565e-10
0.6458120531154239,0.7976248182258846,1.2927305394159534e-10
0.6458120531154239,0.7977460009694619,1.2927181775323516e-10
0.6462376574736125,0.7977460009694619,1.2926719570404552e-10
0.6462376574736125,0.798109549200194,1.292647532371531e-10
0.646407899216888,0.798109549200194,1.292630381618006e-10
0.646407899216888,0.7982307319437713,1.2926267224339326e-10
0.6465781409601634,0.7982307319437713,1.2926229104504602e-10
0.6465781409601634,0.7983519146873486,1.2926063766707213e-10
0.6466632618318011,0.7983519146873486,1.2925842969681828e-10
0.6466632618318011,0.7985942801745032,1.2925424506776034e-10
0.647003745318352,0.7985942801745032,1.2924579061668399e-10
0.647003745318352,0.7988366456616578,1.2924136595487116e-10
0.6470888661899897,0.7988366456616578,1.2923145308002503e-10
0.6470888661899897,0.7992001938923897,1.2922947622480847e-10
0.6474293496765406,0.7992001938923897,1.292215929382448e-10
0.6474293496765406,0.7999272903538536,1.292147129211755e-10
0.6475995914198162,0.7999272903538536,1.2921432105907907e-10
0.6475995914198162,0.8001696558410082,1.2921034226774344e-10
0.6476847122914539,0.8001696558410082,1.2920801919308995e-10
0.6476847122914539,0.8004120213281629,1.2920261046191844e-10
0.6478549540347294,0.8004120213281629,1.2919772152394313e-10
0.6478549540347294,0.8005332040717402,1.2919765354191775e-10
0.6479400749063671,0.8005332040717402,1.2919723339764632e-10
0.6479400749063671,0.8006543868153175,1.2919015306304908e-10
0.6481103166496425,0.8006543868153175,1.2918927383949357e-10
0.6481103166496425,0.8008967523024721,1.2918715636044768e-10
0.6481954375212802,0.8008967523024721,1.2918522513291334e-10
0.6481954375212802,0.8010179350460495,1.291828526643212e-10
0.6483656792645557,0.8010179350460495,1.291814754963498e-10
0.6483656792645557,0.8011391177896268,1.2918133129536987e-10
0.6486210418794689,0.8011391177896268,1.2917729282771404e-10
0.6486210418794689,0.8012603005332041,1.2917692898060863e-10
0.6487912836227443,0.8012603005332041,1.2917297501161816e-10
0.6487912836227443,0.8013814832767814,1.2916987561309104e-10
0.648876404494382,0.8013814832767814,1.2916852285500065e-10
0.648876404494382,0.801623848763936,1.2916849427733205e-10
0.6490466462376575,0.801623848763936,1.291580269946651e-10
0.6490466462376575,0.8021085797382452,1.2915408514221167e-10
0.6491317671092952,0.8021085797382452,1.2915363441872147e-10
0.6491317671092952,0.8023509452254,1.291494278540103e-10
0.6493020088525706,0.8023509452254,1.2914701369443866e-10
0.6493020088525706,0.8025933107125546,1.2914487025222925e-10
0.6493871297242084,0.8025933107125546,1.2914349716995915e-10
0.6493871297242084,0.8027144934561319,1.291432318207906e-10
0.6495573714674838,0.8027144934561319,1.2914057517583224e-10
0.6495573714674838,0.8030780416868638,1.2913414742661767e-10
0.6502383384405857,0.8030780416868638,1.2912565790959178e-10
0.6502383384405857,0.8034415899175957,1.2912391450364426e-10
0.6505788219271366,0.8034415899175957,1.291190046048064e-10
0.6505788219271366,0.8041686863790596,1.29099981669174e-10
0.6508341845420497,0.8041686863790596,1.2909056556448524e-10
0.6508341845420497,0.8044110518662142,1.2908812860076052e-10
0.6509193054136875,0.8044110518662142,1.2908797422565526e-10
0.6509193054136875,0.8047746000969462,1.2908540252400401e-10
0.6510044262853252,0.8047746000969462,1.2908328264571818e-10
0.6510044262853252,0.8048957828405235,1.290812247720116e-10
0.6515151515151515,0.8048957828405235,1.2907144006284055e-10
0.6515151515151515,0.8050169655841009,1.2907098472578378e-10
0.651685393258427,0.8050169655841009,1.290691883876544e-10
0.651685393258427,0.8051381483276782,1.2906843500582845e-10
0.6517705141300647,0.8051381483276782,1.2906248569368516e-10
0.6517705141300647,0.8053805138148328,1.2906059597573272e-10
0.6520258767449779,0.8053805138148328,1.290566472198753e-10
0.6520258767449779,0.8055016965584101,1.2905599797346267e-10
0.6521961184882533,0.8055016965584101,1.2905151391532978e-10
0.6521961184882533,0.8059864275327193,1.2904630478665444e-10
0.6525366019748042,0.8059864275327193,1.2904370655324947e-10
0.6525366019748042,0.8061076102762966,1.2904346719675628e-10
0.6530473272046305,0.8061076102762966,1.2903084861060768e-10
0.6530473272046305,0.8062287930198739,1.2903058484407078e-10
0.6531324480762682,0.8062287930198739,1.2902888446492678e-10
0.6531324480762682,0.8064711585070286,1.2902648766002286e-10
0.6533026898195438,0.8064711585070286,1.2902495309891195e-10
0.6533026898195438,0.8065923412506059,1.2902209635494336e-10
0.653558052434457,0.8065923412506059,1.2901581718484076e-10
0.653558052434457,0.8069558894813379,1.2900970657241966e-10
0.6537282941777324,0.8069558894813379,1.2900688505498635e-10
0.6537282941777324,0.8070770722249152,1.290055475604e-10
0.6538134150493701,0.8070770722249152,1.2900327028889291e-10
0.6538134150493701,0.8073194377120698,1.2900272165597287e-10
0.6539836567926456,0.8073194377120698,1.2899420000788691e-10
0.6539836567926456,0.8074406204556471,1.289928820970465e-10
0.6543241402791965,0.8074406204556471,1.289889522502086e-10
0.6543241402791965,0.8075618031992244,1.2898843059490018e-10
0.6546646237657474,0.8075618031992244,1.2898360112998139e-10
0.6546646237657474,0.8076829859428017,1.2898180226351185e-10
0.6547497446373851,0.8076829859428017,1.2898171016780196e-10
0.6547497446373851,0.807804168686379,1.289815086040152e-10
0.6548348655090228,0.807804168686379,1.2898144033390865e-10
0.6548348655090228,0.8079253514299564,1.28979961313916e-10
0.6550051072522982,0.8079253514299564,1.289777242225296e-10
0.6550051072522982,0.808167716917111,1.2897529799493821e-10
0.655090228123936,0.808167716917111,1.2897358410875654e-10
0.655090228123936,0.8085312651478429,1.2896664325612012e-10
0.6553455907388491,0.8085312651478429,1.2896100104468064e-10
0.6553455907388491,0.8086524478914202,1.2895840553899315e-10
0.6554307116104869,0.8086524478914202,1.2895608778196559e-10
0.6554307116104869,0.8088948133785749,1.2895184008076843e-10
0.6556009533537623,0.8088948133785749,1.2894971968465187e-10
0.6556009533537623,0.8092583616093069,1.28945436213133e-10
0.6557711950970377,0.8092583616093069,1.2894162009154183e-10
0.6557711950970377,0.8098642753271934,1.2892581614627252e-10
0.6559414368403133,0.8098642753271934,1.2892351351810433e-10
0.6559414368403133,0.8099854580707707,1.2892220182918715e-10
0.656026557711951,0.8099854580707707,1.2892027612419978e-10
0.656026557711951,0.810106640814348,1.2891991442055697e-10
0.6561967994552265,0.810106640814348,1.2891768967215974e-10
0.6561967994552265,0.8102278235579253,1.2891542865339894e-10
0.6564521620701396,0.8102278235579253,1.2891347657073683e-10
0.6564521620701396,0.8105913717886573,1.2891127380323505e-10
0.656962887299966,0.8105913717886573,1.2889609870980167e-10
0.656962887299966,0.8107125545322346,1.288955923325547e-10
0.6571331290432414,0.8107125545322346,1.2889207052450098e-10
0.6571331290432414,0.8109549200193893,1.2888799230860202e-10
0.6572182499148791,0.8109549200193893,1.2888795653332508e-10
0.6572182499148791,0.8110761027629666,1.2888773001822633e-10
0.6573033707865169,0.8110761027629666,1.2888753031323954e-10
0.6573033707865169,0.8113184682501212,1.288859563319097e-10
0.6576438542730677,0.8113184682501212,1.288810702280484e-10
0.6576438542730677,0.8116820164808531,1.288792125568233e-10
0.6578992168879809,0.8116820164808531,1.288751848080191e-10
0.6578992168879809,0.8119243819680078,1.2887259272001824e-10
0.6579843377596186,0.8119243819680078,1.2887006867574939e-10
0.6579843377596186,0.8121667474551624,1.2886860426585325e-10
0.6584099421178072,0.8121667474551624,1.2886585810679656e-10
0.6584099421178072,0.812409112942317,1.288637984985987e-10
0.658495062989445,0.812409112942317,1.288636778129904e-10
0.658495062989445,0.8125302956858943,1.288621728900652e-10
0.6587504256043581,0.8125302956858943,1.288602448318293e-10
0.6587504256043581,0.8127726611730489,1.2885809491935532e-10
0.6590057882192714,0.8127726611730489,1.2885271558042803e-10
0.6590057882192714,0.8130150266602035,1.2885106599224224e-10
0.6592611508341846,0.8130150266602035,1.2884320814498518e-10
0.6592611508341846,0.813136209403781,1.2884319940307137e-10
0.6593462717058223,0.813136209403781,1.2884230248795445e-10
0.6593462717058223,0.8134997576345129,1.2883596485600927e-10
0.6596867551923732,0.8134997576345129,1.2882983722179735e-10
0.6596867551923732,0.8139844886088221,1.2882634184553902e-10
0.6599421178072864,0.8139844886088221,1.2882070540123304e-10
0.6599421178072864,0.8141056713523994,1.2882044016472676e-10
0.6601974804221995,0.8141056713523994,1.2881460085363298e-10
0.6601974804221995,0.814348036839554,1.2881404948714475e-10
0.660367722165475,0.814348036839554,1.2881246115738516e-10
0.660367722165475,0.8144692195831313,1.288102822052939e-10
0.6607082056520259,0.8144692195831313,1.2880621871617884e-10
0.6607082056520259,0.8145904023267087,1.288047823639008e-10
0.6607933265236636,0.8145904023267087,1.288041502978972e-10
0.6607933265236636,0.814711585070286,1.288036200735398e-10
0.6608784473953013,0.814711585070286,1.2880250930049916e-10
0.6608784473953013,0.8148327678138633,1.2880209245707064e-10
0.660963568266939,0.8148327678138633,1.2879953901356047e-10
0.660963568266939,0.8149539505574406,1.2879782477208635e-10
0.6610486891385767,0.8149539505574406,1.2879291844581633e-10
0.6610486891385767,0.8151963160445953,1.2879265512262828e-10
0.6611338100102145,0.8151963160445953,1.2879265071515778e-10
0.6611338100102145,0.8155598642753272,1.2878896891860235e-10
0.6612189308818522,0.8155598642753272,1.287869388846869e-10
0.6612189308818522,0.8158022297624818,1.2877955129595915e-10
0.6613891726251276,0.8158022297624818,1.2877425888092088e-10
0.6613891726251276,0.8164081434803684,1.2877015098736756e-10
0.6618147769833163,0.8164081434803684,1.2876306437464133e-10
0.6618147769833163,0.8168928744546776,1.2876279164358717e-10
0.6619850187265918,0.8168928744546776,1.2875695245765528e-10
0.6619850187265918,0.8170140571982549,1.2875498814872312e-10
0.6621552604698672,0.8170140571982549,1.2875394866001793e-10
0.6621552604698672,0.8171352399418322,1.2875259170497566e-10
0.6624106230847804,0.8171352399418322,1.2875201583341784e-10
0.6624106230847804,0.8177411536597189,1.2873982469226581e-10
0.6624957439564181,0.8177411536597189,1.287397846292293e-10
0.6624957439564181,0.8182258846340281,1.287370277289184e-10
0.6627511065713313,0.8182258846340281,1.2873498865506647e-10
0.6627511065713313,0.8184682501211827,1.287349291573241e-10
0.662836227442969,0.8184682501211827,1.2873355267888973e-10
0.662836227442969,0.8188317983519147,1.2872810437667065e-10
0.6631767109295199,0.8188317983519147,1.287248504585638e-10
0.6631767109295199,0.8193165293262239,1.2871817861970747e-10
0.6632618318011576,0.8193165293262239,1.2871724803608155e-10
0.6632618318011576,0.8194377120698012,1.287151674038716e-10
0.6633469526727954,0.8194377120698012,1.2870970541996163e-10
0.6633469526727954,0.8195588948133786,1.2870957065294307e-10
0.6634320735444331,0.8195588948133786,1.287064698571545e-10
0.6634320735444331,0.8198012603005332,1.2870521128968557e-10
0.6635171944160708,0.8198012603005332,1.287042921578984e-10
0.6635171944160708,0.8199224430441105,1.2870312098649784e-10
0.6638576779026217,0.8199224430441105,1.2870085249416634e-10
0.6638576779026217,0.8200436257876879,1.287006208407844e-10
0.6640279196458971,0.8200436257876879,1.2869824509541683e-10
0.6640279196458971,0.8201648085312652,1.2869819549817702e-10
0.664113040517535,0.8201648085312652,1.2869781687558604e-10
0.664113040517535,0.8204071740184198,1.2869156988935605e-10
0.6641981613891726,0.8204071740184198,1.2869148194580053e-10
0.6641981613891726,0.8205283567619971,1.2869136108022111e-10
0.664368403132448,0.8205283567619971,1.2868951616620458e-10
0.664368403132448,0.8206495395055744,1.2868930455722193e-10
0.6644535240040857,0.8206495395055744,1.2868715450383242e-10
0.6644535240040857,0.8207707222491517,1.2868703191579184e-10
0.6646237657473613,0.8207707222491517,1.2868498608753076e-10
0.6646237657473613,0.820891904992729,1.2868067702075402e-10
0.6647940074906367,0.820891904992729,1.2867853824826915e-10
0.6647940074906367,0.8210130877363063,1.2867599703535023e-10
0.6651344909771876,0.8210130877363063,1.286705364735479e-10
0.6651344909771876,0.8211342704798836,1.2866990935620395e-10
0.6652196118488254,0.8211342704798836,1.2866933882978383e-10
0.6652196118488254,0.8213766359670382,1.2866808101222687e-10
0.6653047327204631,0.8213766359670382,1.2866777969936094e-10
0.6653047327204631,0.8217401841977703,1.2866345454835575e-10
0.6654749744637385,0.8217401841977703,1.2866340821560054e-10
0.6654749744637385,0.8219825496849249,1.2866317666620981e-10
0.665645216207014,0.8219825496849249,1.286619329223013e-10
0.665645216207014,0.8221037324285022,1.2865938919984317e-10
0.6659005788219271,0.8221037324285022,1.2865759276781164e-10
0.6659005788219271,0.8222249151720795,1.2865726337018928e-10
0.6660708205652026,0.8222249151720795,1.2865657450523083e-10
0.6660708205652026,0.8224672806592341,1.2865301957155656e-10
0.666241062308478,0.8224672806592341,1.2864632210839558e-10
0.666241062308478,0.8227096461463888,1.286458181560857e-10
0.6664964249233912,0.8227096461463888,1.2864361352163063e-10
0.6664964249233912,0.8228308288899661,1.286425545718373e-10
0.6668369084099421,0.8228308288899661,1.2863803837045478e-10
0.6668369084099421,0.8229520116335434,1.2863790136305487e-10
0.667517875383044,0.8229520116335434,1.2862887279902046e-10
0.667517875383044,0.8230731943771207,1.2862862379611697e-10
0.6676029962546817,0.8230731943771207,1.2862695423764264e-10
0.6676029962546817,0.8238002908385846,1.2861809441463823e-10
0.6680286006128703,0.8238002908385846,1.2861309765824534e-10
0.6680286006128703,0.8240426563257393,1.2860916219847966e-10
0.6681988423561457,0.8240426563257393,1.2860878247330837e-10
0.6681988423561457,0.8241638390693166,1.2860738320522553e-10
0.6682839632277835,0.8241638390693166,1.2860705707413708e-10
0.6682839632277835,0.8244062045564712,1.285967755647517e-10
0.6683690840994212,0.8244062045564712,1.2859645633484845e-10
0.6683690840994212,0.8246485700436258,1.2859328209310162e-10
0.6684542049710589,0.8246485700436258,1.2859189568011838e-10
0.6684542049710589,0.8252544837615123,1.2858685280438471e-10
0.6685393258426966,0.8252544837615123,1.28585423142774e-10
0.6685393258426966,0.825496849248667,1.2858273948158726e-10
0.6687946884576098,0.825496849248667,1.285786060384759e-10
0.6687946884576098,0.8256180319922443,1.285762991106546e-10
0.669050051072523,0.8256180319922443,1.2857425351798479e-10
0.669050051072523,0.8261027629665536,1.2856581375169576e-10
0.6691351719441607,0.8261027629665536,1.2856140029715892e-10
0.6691351719441607,0.8263451284537082,1.285593443556232e-10
0.6693054136874361,0.8263451284537082,1.2855861319981526e-10
0.6693054136874361,0.8264663111972855,1.2855724860380156e-10
0.6693905345590739,0.8264663111972855,1.2855654447330077e-10
0.6693905345590739,0.8268298594280175,1.2855426063797263e-10
0.6695607763023493,0.8268298594280175,1.2854822270801246e-10
0.6695607763023493,0.8270722249151721,1.2854640303904332e-10
0.669645897173987,0.8270722249151721,1.2854571564495988e-10
0.669645897173987,0.8275569558894813,1.2854373138130115e-10
0.6697310180456247,0.8275569558894813,1.285435867144489e-10
0.6697310180456247,0.8277993213766359,1.2853971009723276e-10
0.6702417432754512,0.8277993213766359,1.2852824240570133e-10
0.6702417432754512,0.8279205041202132,1.2852808356205145e-10
0.6703268641470889,0.8279205041202132,1.2852801708337208e-10
0.6703268641470889,0.8280416868637906,1.285249284041579e-10
0.6704971058903643,0.8280416868637906,1.2852249703952075e-10
0.6704971058903643,0.8284052350945226,1.2851383312584926e-10
0.6706673476336398,0.8284052350945226,1.285109617306466e-10
0.6706673476336398,0.8285264178380999,1.2851078221147695e-10
0.670922710248553,0.8285264178380999,1.2850455420861394e-10
0.670922710248553,0.8288899660688318,1.285015734780953e-10
0.6713483146067416,0.8288899660688318,1.284936465368481e-10
0.6713483146067416,0.8290111488124091,1.284936037079808e-10
0.6717739189649302,0.8290111488124091,1.2848669449166114e-10
0.6717739189649302,0.8292535142995637,1.2848034568698037e-10
0.6718590398365679,0.8292535142995637,1.2847807384604126e-10
0.6718590398365679,0.8294958797867183,1.2847585146161917e-10
0.6721995233231188,0.8294958797867183,1.284669455963165e-10
0.6721995233231188,0.8298594280174503,1.28465167300865e-10
0.6722846441947565,0.8298594280174503,1.2846511190910386e-10
0.6722846441947565,0.8301017935046049,1.2846346939676656e-10
0.6723697650663942,0.8301017935046049,1.2846273538818327e-10
0.6723697650663942,0.8302229762481823,1.2846057258275216e-10
0.6727102485529451,0.8302229762481823,1.2845633500219006e-10
0.6727102485529451,0.8303441589917596,1.2845582565288916e-10
0.672795369424583,0.8303441589917596,1.2845040738896973e-10
0.672795369424583,0.8305865244789142,1.284480612710654e-10
0.6732209737827716,0.8305865244789142,1.284437529539742e-10
0.6732209737827716,0.8308288899660689,1.2844294918362382e-10
0.6735614572693225,0.8308288899660689,1.284409557254366e-10
0.6735614572693225,0.8311924381968008,1.2844043410037956e-10
0.6739870616275111,0.8311924381968008,1.284339777399743e-10
0.6739870616275111,0.8313136209403781,1.284336802533232e-10
0.6741573033707865,0.8313136209403781,1.284319729718942e-10
0.6741573033707865,0.8317983519146873,1.2843164893745608e-10
0.6746680286006129,0.8317983519146873,1.2842596489732735e-10
0.6746680286006129,0.8320407174018419,1.284231770168436e-10
0.6747531494722506,0.8320407174018419,1.2841423270674137e-10
0.6747531494722506,0.8321619001454192,1.284140011517844e-10
0.6748382703438883,0.8321619001454192,1.2841364221784936e-10
0.6748382703438883,0.8322830828889967,1.284122689645493e-10
0.674923391215526,0.8322830828889967,1.284121018397571e-10
0.674923391215526,0.8326466311197286,1.284099628582326e-10
0.6750085120871637,0.8326466311197286,1.2840846509623208e-10
0.6750085120871637,0.8331313620940378,1.2840524290082187e-10
0.6752638747020769,0.8331313620940378,1.284033528522629e-10
0.6752638747020769,0.8332525448376151,1.2840196599253868e-10
0.6754341164453525,0.8332525448376151,1.2840172091125585e-10
0.6754341164453525,0.8333737275811924,1.2840159551745636e-10
0.6756043581886279,0.8333737275811924,1.2840124425467057e-10
0.6756043581886279,0.8334949103247697,1.2840119385223821e-10
0.6756894790602656,0.8334949103247697,1.2840099830377242e-10
0.6756894790602656,0.833616093068347,1.284009805292513e-10
0.6757745999319033,0.833616093068347,1.2839938281459574e-10
0.6757745999319033,0.8337372758119244,1.2839937874087068e-10
0.6758597208035411,0.8337372758119244,1.2839448296622352e-10
0.6758597208035411,0.8338584585555017,1.2839418845975445e-10
0.6760299625468165,0.8338584585555017,1.283898836810452e-10
0.6760299625468165,0.8341008240426563,1.2837914009924207e-10
0.6761150834184542,0.8341008240426563,1.2837461585179402e-10
0.6761150834184542,0.8344643722733883,1.2836368302967386e-10
0.6762853251617297,0.8344643722733883,1.2834550578464028e-10
0.6762853251617297,0.8347067377605429,1.283393744426965e-10
0.6765406877766428,0.8347067377605429,1.2833078361861693e-10
0.6765406877766428,0.8348279205041202,1.2833036571806167e-10
0.6766258086482806,0.8348279205041202,1.2832807189104243e-10
0.6766258086482806,0.8349491032476976,1.2832213947396664e-10
0.6767109295199183,0.8349491032476976,1.2832148447105243e-10
0.6767109295199183,0.8351914687348522,1.2831929271793614e-10
0.6768811712631937,0.8351914687348522,1.2831498098160694e-10
0.6768811712631937,0.8353126514784295,1.2831464485849714e-10
0.6769662921348315,0.8353126514784295,1.2830375085729877e-10
0.6769662921348315,0.8356761997091614,1.2830186836111798e-10
0.6770514130064692,0.8356761997091614,1.282932725639086e-10
0.6770514130064692,0.8357973824527387,1.282923425529666e-10
0.6773067756213824,0.8357973824527387,1.282616845017288e-10
0.6773067756213824,0.836282113427048,1.2825714841541056e-10
0.6775621382362955,0.836282113427048,1.2824908861511949e-10
0.6775621382362955,0.83664566165778,1.282352304984276e-10
0.6776472591079332,0.83664566165778,1.282328301184766e-10
0.6776472591079332,0.8370092098885119,1.2822412355250152e-10
0.6779877425944841,0.8370092098885119,1.2821729367726874e-10
0.6779877425944841,0.8372515753756665,1.282126597922689e-10
0.6781579843377596,0.8372515753756665,1.2820825621627722e-10
0.6781579843377596,0.8373727581192438,1.2820636435065107e-10
0.678328226081035,0.8373727581192438,1.281885094700181e-10
0.678328226081035,0.8378574890935531,1.2817548579607155e-10
0.6784133469526727,0.8378574890935531,1.2816145520041774e-10
0.6784133469526727,0.8380998545807077,1.281599932883108e-10
0.6785835886959483,0.8380998545807077,1.2814646568470773e-10
0.6785835886959483,0.8385845855550169,1.2814209506120478e-10
0.6790091930541369,0.8385845855550169,1.2813249824841853e-10
0.6790091930541369,0.8387057682985943,1.2812796261850825e-10
0.6792645556690501,0.8387057682985943,1.2812387038015953e-10
0.6792645556690501,0.838948133785749,1.2811957966629056e-10
0.6793496765406878,0.838948133785749,1.2811928625311322e-10
0.6793496765406878,0.8390693165293263,1.28119284025817e-10
0.6795199182839632,0.8390693165293263,1.2811708499666097e-10
0.6795199182839632,0.8391904992729036,1.2811686368159106e-10
0.6797752808988764,0.8391904992729036,1.2810389440902976e-10
0.6797752808988764,0.8394328647600582,1.281012346442536e-10
0.6800306435137896,0.8394328647600582,1.2809233888128695e-10
0.6800306435137896,0.8395540475036355,1.2809075178838889e-10
0.6801157643854273,0.8395540475036355,1.280858004327361e-10
0.6801157643854273,0.8397964129907901,1.2808151156793658e-10
0.6803711270003405,0.8397964129907901,1.2807873685198368e-10
0.6803711270003405,0.8399175957343674,1.280746731086634e-10
0.6804562478719782,0.8399175957343674,1.2807174537188623e-10
0.6804562478719782,0.8404023267086767,1.2804591194156693e-10
0.6809669731018045,0.8404023267086767,1.2803650175783477e-10
0.6809669731018045,0.840523509452254,1.280299772766234e-10
0.6813074565883555,0.840523509452254,1.2801594108454684e-10
0.6813074565883555,0.8410082404265633,1.280093598745988e-10
0.6813925774599932,0.8410082404265633,1.2800262738682287e-10
0.6813925774599932,0.8414929714008725,1.2799789385151967e-10
0.6815628192032687,0.8414929714008725,1.279957268999689e-10
0.6815628192032687,0.8416141541444498,1.2798282865799572e-10
0.6817330609465441,0.8416141541444498,1.279823353014232e-10
0.6817330609465441,0.8417353368880272,1.279822050007669e-10
0.6819033026898196,0.8417353368880272,1.2797341553151417e-10
0.6819033026898196,0.8420988851187591,1.2796667406490256e-10
0.6824140279196459,0.8420988851187591,1.2795276132920836e-10
0.6824140279196459,0.8422200678623364,1.2794869408103373e-10
0.6825842696629213,0.8422200678623364,1.2794188148646256e-10
0.6825842696629213,0.842462433349491,1.2793570044784517e-10
0.6829247531494722,0.842462433349491,1.279063161823222e-10
0.6829247531494722,0.8427047988366456,1.2789643057075352e-10
0.68300987402111,0.8427047988366456,1.2789445576776935e-10
0.68300987402111,0.8428259815802229,1.278927805374774e-10
0.6835205992509363,0.8428259815802229,1.2785829920965207e-10
0.6835205992509363,0.843189529810955,1.2785143890353266e-10
0.6840313244807626,0.843189529810955,1.278354532534073e-10
0.6840313244807626,0.8434318952981096,1.278316552523248e-10
0.6842015662240382,0.8434318952981096,1.278309630786364e-10
0.6842015662240382,0.8437954435288415,1.2782219141333213e-10
0.6842866870956759,0.8437954435288415,1.278174186001067e-10
0.6842866870956759,0.8439166262724188,1.278169400132574e-10
0.6845420497105891,0.8439166262724188,1.2781044806587542e-10
0.6845420497105891,0.8441589917595734,1.27797113334857e-10
0.68488253319714,0.8441589917595734,1.2778557319032335e-10
0.68488253319714,0.8442801745031507,1.2777669440045942e-10
0.6849676540687777,0.8442801745031507,1.277740255734326e-10
0.6849676540687777,0.844401357246728,1.2777164498534257e-10
0.6850527749404154,0.844401357246728,1.2777147381628766e-10
0.6850527749404154,0.8446437227338827,1.2776035539666134e-10
0.6851378958120531,0.8446437227338827,1.2775327850971662e-10
0.6851378958120531,0.8448860882210373,1.2774979749369316e-10
0.6852230166836908,0.8448860882210373,1.2774461988405192e-10
0.6852230166836908,0.845128453708192,1.2773784576714796e-10
0.6855635001702417,0.845128453708192,1.277268963668679e-10
0.6855635001702417,0.8453708191953466,1.277195259187282e-10
0.6856486210418795,0.8453708191953466,1.2771705857134186e-10
0.6856486210418795,0.8456131846825012,1.2771066712753302e-10
0.6857337419135172,0.8456131846825012,1.2770820592005778e-10
0.6857337419135172,0.8457343674260785,1.2770819155068713e-10
0.6859891045284303,0.8457343674260785,1.277008890822953e-10
0.6859891045284303,0.8458555501696559,1.2769023119701481e-10
0.6860742254000681,0.8458555501696559,1.2768812224693726e-10
0.6860742254000681,0.8459767329132332,1.2768765583636565e-10
0.686414708886619,0.8459767329132332,1.2768018154823906e-10
0.686414708886619,0.8462190984003878,1.2767383627088133e-10
0.68675519237317,0.8462190984003878,1.2766685272350175e-10
0.68675519237317,0.8463402811439651,1.276667156800176e-10
0.6869254341164454,0.8463402811439651,1.2766537162155582e-10
0.6869254341164454,0.8465826466311197,1.2766485444028027e-10
0.687010554988083,0.8465826466311197,1.2766014067619084e-10
0.687010554988083,0.8468250121182743,1.27659946633625e-10
0.6870956758597208,0.8468250121182743,1.2765773828582743e-10
0.6870956758597208,0.8470673776054289,1.2765331479211775e-10
0.6875212802179095,0.8470673776054289,1.2763474964858397e-10
0.6875212802179095,0.8473097430925837,1.2763315453939047e-10
0.6876064010895472,0.8473097430925837,1.276300602844123e-10
0.6876064010895472,0.8477944740668929,1.2762150242169936e-10
0.6877766428328226,0.8477944740668929,1.2761471171609367e-10
0.6877766428328226,0.8480368395540475,1.2760967688276752e-10
0.6878617637044603,0.8480368395540475,1.27603019590556e-10
0.6878617637044603,0.8482792050412021,1.2760112700327007e-10
0.6880320054477358,0.8482792050412021,1.2759385889557466e-10
0.6880320054477358,0.8484003877847794,1.2759384062712022e-10
0.6881171263193735,0.8484003877847794,1.275912690784538e-10
0.6881171263193735,0.8485215705283567,1.2757752101190946e-10
0.688287368062649,0.8485215705283567,1.2757745525749626e-10
0.688287368062649,0.8487639360155114,1.2757090512475332e-10
0.6883724889342867,0.8487639360155114,1.2756626466523705e-10
0.6883724889342867,0.8491274842462433,1.275543459287246e-10
0.6884576098059244,0.8491274842462433,1.2755222725150635e-10
0.6884576098059244,0.849369849733398,1.2755000073527923e-10
0.6886278515491998,0.849369849733398,1.2754521569617092e-10
0.6886278515491998,0.8494910324769753,1.2753839069224703e-10
0.6891385767790262,0.8494910324769753,1.2751580083368488e-10
0.6891385767790262,0.8496122152205526,1.275156734085752e-10
0.6893939393939394,0.8496122152205526,1.2750210352877268e-10
0.6893939393939394,0.8497333979641299,1.2749896744569903e-10
0.6897344228804902,0.8497333979641299,1.2748987638856088e-10
0.6897344228804902,0.8498545807077073,1.2748374246356224e-10
0.6898195437521281,0.8498545807077073,1.2747184327707597e-10
0.6898195437521281,0.8499757634512846,1.2747160783015704e-10
0.6899897854954035,0.8499757634512846,1.2746494746236107e-10
0.6899897854954035,0.8502181289384392,1.274621125261548e-10
0.6900749063670412,0.8502181289384392,1.274606387438004e-10
0.6900749063670412,0.8504604944255938,1.2745728903692632e-10
0.6902451481103167,0.8504604944255938,1.27455337464711e-10
0.6902451481103167,0.8505816771691711,1.2745354889165406e-10
0.6904153898535921,0.8505816771691711,1.2745107946671137e-10
0.6904153898535921,0.8507028599127484,1.2744843230935762e-10
0.6905005107252298,0.8507028599127484,1.2744679074317133e-10
0.6905005107252298,0.8508240426563257,1.2744395312887565e-10
0.6905856315968676,0.8508240426563257,1.2744190079262572e-10
0.6905856315968676,0.850945225399903,1.2744173361392222e-10
0.6906707524685053,0.850945225399903,1.274416590632851e-10
0.6906707524685053,0.851308773630635,1.2742328884835997e-10
0.690755873340143,0.851308773630635,1.2741904245066515e-10
0.690755873340143,0.851672321861367,1.274118561847698e-10
0.6908409942117807,0.851672321861367,1.274022713908693e-10
0.6908409942117807,0.8517935046049443,1.2740003851278004e-10
0.6909261150834185,0.8517935046049443,1.2740001212084253e-10
0.6909261150834185,0.8520358700920989,1.2739961526984191e-10
0.6910112359550562,0.8520358700920989,1.2739750224165517e-10
0.6910112359550562,0.8521570528356762,1.2738643037826492e-10
0.6910963568266939,0.8521570528356762,1.2738338425345108e-10
0.6910963568266939,0.8523994183228308,1.273788152841243e-10
0.6910963568266939,0.8525206010664081,1.2737881506290623e-10
0.6911814776983316,0.8525206010664081,1.2737243950214817e-10
0.6911814776983316,0.8527629665535628,1.2736745384258307e-10
0.6913517194416071,0.8527629665535628,1.273629198974473e-10
0.6913517194416071,0.8530053320407174,1.273579254023196e-10
0.6914368403132448,0.8530053320407174,1.2735583236758287e-10
0.6914368403132448,0.8531265147842947,1.2735377593932582e-10
0.6915219611848825,0.8531265147842947,1.2735086817450783e-10
0.6915219611848825,0.8534900630150266,1.273419363936394e-10
0.6916070820565202,0.8534900630150266,1.2734190476041166e-10
0.6916070820565202,0.853974793989336,1.273138647458369e-10
0.6917773237997957,0.853974793989336,1.2730973864448897e-10
0.6917773237997957,0.8540959767329133,1.2730958051630904e-10
0.6918624446714334,0.8540959767329133,1.2730686536543277e-10
0.6918624446714334,0.8542171594764906,1.2730452912323876e-10
0.6919475655430711,0.8542171594764906,1.2730044264401728e-10
0.6919475655430711,0.8543383422200679,1.2730041351947332e-10
0.6921178072863466,0.8543383422200679,1.27295885240926e-10
0.6921178072863466,0.8545807077072225,1.2729490363199393e-10
0.6923731699012597,0.8545807077072225,1.2728824946936422e-10
0.6923731699012597,0.8547018904507998,1.2728436633916915e-10
0.6924582907728976,0.8547018904507998,1.2727709975633808e-10
0.6924582907728976,0.8549442559379544,1.2727387330653594e-10
0.6925434116445353,0.8549442559379544,1.2726782565888397e-10
0.6925434116445353,0.8550654386815317,1.2726579645182352e-10
0.692628532516173,0.8550654386815317,1.2725338313709068e-10
0.692628532516173,0.8553078041686863,1.272299190868886e-10
0.6927136533878107,0.8553078041686863,1.2722976956456418e-10
0.6927136533878107,0.8556713523994183,1.2722516434815048e-10
0.6930541368743616,0.8556713523994183,1.272181638737836e-10
0.6930541368743616,0.855913717886573,1.272159641370964e-10
0.6933094994892748,0.855913717886573,1.2721148480737023e-10
0.6933094994892748,0.8560349006301503,1.2721111292489454e-10
0.6933946203609125,0.8560349006301503,1.2721102509569152e-10
0.6933946203609125,0.8563984488608822,1.2720440236080182e-10
0.693564862104188,0.8563984488608822,1.2719978157882086e-10
0.693564862104188,0.8570043625787688,1.2718579873432423e-10
0.6939053455907388,0.8570043625787688,1.2716757889437637e-10
0.6939053455907388,0.8571255453223461,1.271642259868376e-10
0.6942458290772897,0.8571255453223461,1.2714407676075107e-10
0.6942458290772897,0.8572467280659234,1.2714398887201994e-10
0.6943309499489275,0.8572467280659234,1.2714368346293758e-10
0.6943309499489275,0.8573679108095007,1.2713198251707443e-10
0.6944160708205652,0.8573679108095007,1.2712488857490844e-10
0.6944160708205652,0.857489093553078,1.2711815893702886e-10
0.6945863125638406,0.857489093553078,1.2711586438451164e-10
0.6945863125638406,0.8578526417838099,1.2710615508223431e-10
0.6947565543071161,0.8578526417838099,1.2710419028146083e-10
0.6947565543071161,0.858216190014542,1.271013770015189e-10
0.6948416751787538,0.858216190014542,1.270994737362601e-10
0.6948416751787538,0.8588221037324285,1.270848129900633e-10
0.6949267960503915,0.8588221037324285,1.270821723160442e-10
0.6949267960503915,0.8589432864760058,1.270724657833867e-10
0.6950119169220292,0.8589432864760058,1.2707075653445722e-10
0.6950119169220292,0.8590644692195831,1.2706847128710789e-10
0.6952672795369425,0.8590644692195831,1.2706344305306162e-10
0.6952672795369425,0.8593068347067377,1.270634283532878e-10
0.6955226421518557,0.8593068347067377,1.2704693489788955e-10
0.6955226421518557,0.8595492001938924,1.27035589083999e-10
0.6956928838951311,0.8595492001938924,1.270330372376121e-10
0.6956928838951311,0.8600339311682016,1.2702166040150904e-10
0.696033367381682,0.8600339311682016,1.269834991228802e-10
0.696033367381682,0.860155113911779,1.269782294307356e-10
0.6961184882533197,0.860155113911779,1.269743406265984e-10
0.6961184882533197,0.8602762966553563,1.2697414392079168e-10
0.6962036091249575,0.8602762966553563,1.2697408660945437e-10
0.6962036091249575,0.8603974793989336,1.2697194563529273e-10
0.6963738508682329,0.8603974793989336,1.2696926922002478e-10
0.6963738508682329,0.8610033931168202,1.2696417170673433e-10
0.6964589717398706,0.8610033931168202,1.2696406993874413e-10
0.6964589717398706,0.8612457586039748,1.2695708358464097e-10
0.6965440926115083,0.8612457586039748,1.2695708314315909e-10
0.6965440926115083,0.8613669413475521,1.2695476054871152e-10
0.6967143343547838,0.8613669413475521,1.2695249591678853e-10
0.6967143343547838,0.8619728550654386,1.2694140224716942e-10
0.6968845760980592,0.8619728550654386,1.2693174207808288e-10
0.6968845760980592,0.8622152205525934,1.2693169472719743e-10
0.6971399387129724,0.8622152205525934,1.269270019051495e-10
0.6971399387129724,0.8623364032961707,1.2692436247329102e-10
0.6974804221995233,0.8623364032961707,1.2692423197722979e-10
0.6974804221995233,0.862457586039748,1.2692223356826952e-10
0.6980762683009875,0.862457586039748,1.2689858988366423e-10
0.6980762683009875,0.8625787687833253,1.2689626767383944e-10
0.6981613891726252,0.8625787687833253,1.2689392845023454e-10
0.6981613891726252,0.8626999515269026,1.2688193889148157e-10
0.6983316309159006,0.8626999515269026,1.2687926738414906e-10
0.6983316309159006,0.8630634997576345,1.2687225144774217e-10
0.6985869935308138,0.8630634997576345,1.2686264051692728e-10
0.6985869935308138,0.8633058652447891,1.2686238344439738e-10
0.6989274770173647,0.8633058652447891,1.2684306439149937e-10
0.6989274770173647,0.8635482307319438,1.2684068658565478e-10
0.6992679605039156,0.8635482307319438,1.2682479784627784e-10
0.6992679605039156,0.8639117789626757,1.2681076572588728e-10
0.6995233231188287,0.8639117789626757,1.2680349581077454e-10
0.6995233231188287,0.864032961706253,1.268029724315386e-10
0.6996084439904665,0.864032961706253,1.2679605101238265e-10
0.6996084439904665,0.8641541444498303,1.267958170192064e-10
0.6998638066053796,0.8641541444498303,1.2679129389315858e-10
0.6998638066053796,0.864396509936985,1.2678373424812228e-10
0.6999489274770173,0.864396509936985,1.2678165634578388e-10
0.6999489274770173,0.8645176926805623,1.2678164849048349e-10
0.7001191692202928,0.8645176926805623,1.2677505149412207e-10
0.7001191692202928,0.8650024236548716,1.2676447363941904e-10
0.7002042900919305,0.8650024236548716,1.2676239074631826e-10
0.7002042900919305,0.8651236063984489,1.2676237607938934e-10
0.7002894109635682,0.8651236063984489,1.2676235400260444e-10
0.7002894109635682,0.8654871546291808,1.2675049304684416e-10
0.7008852570650324,0.8654871546291808,1.267008694744337e-10
0.7008852570650324,0.8656083373727581,1.2669813676381834e-10
0.7010554988083078,0.8656083373727581,1.2669084831400138e-10
0.7010554988083078,0.8658507028599127,1.2668351314755488e-10
0.7012257405515833,0.8658507028599127,1.2667628639254666e-10
0.7012257405515833,0.8662142510906446,1.2665982305322834e-10
0.7014811031664965,0.8662142510906446,1.266549937496373e-10
0.7014811031664965,0.8664566165777994,1.2664997136794616e-10
0.7015662240381342,0.8664566165777994,1.2664823226848818e-10
0.7015662240381342,0.866698982064954,1.266384734180448e-10
0.7018215866530473,0.866698982064954,1.2662372580254518e-10
0.7018215866530473,0.8668201648085313,1.2662342646329417e-10
0.7019067075246851,0.8668201648085313,1.2662134716361874e-10
0.7019067075246851,0.8673048957828405,1.2660224012672092e-10
0.702247191011236,0.8673048957828405,1.2659978035197226e-10
0.702247191011236,0.8674260785264178,1.2659737565308778e-10
0.7023323118828737,0.8674260785264178,1.2659298486463064e-10
0.7023323118828737,0.8675472612699952,1.265929827620738e-10
0.7024174327545114,0.8675472612699952,1.2659211418042936e-10
0.7024174327545114,0.8676684440135725,1.2658296441550158e-10
0.7025025536261491,0.8676684440135725,1.2658099371092928e-10
0.7025025536261491,0.8677896267571498,1.2658034709964597e-10
0.7025876744977868,0.8677896267571498,1.2657588410849386e-10
0.7025876744977868,0.8680319922443044,1.2657124498739395e-10
0.7026727953694246,0.8680319922443044,1.2656608233711346e-10
0.7026727953694246,0.8681531749878817,1.2656115323447912e-10
0.7028430371127,0.8681531749878817,1.2654709958256736e-10
0.7028430371127,0.868274357731459,1.2654650947247007e-10
0.7032686414708886,0.868274357731459,1.2652264813642702e-10
0.7032686414708886,0.868637905962191,1.2650861454209553e-10
0.7034388832141641,0.868637905962191,1.2650616536443253e-10
0.7034388832141641,0.8687590887057683,1.265057550841695e-10
0.7035240040858018,0.8687590887057683,1.2649911665760317e-10
0.7035240040858018,0.8688802714493457,1.2649838661667492e-10
0.7038644875723528,0.8688802714493457,1.2648674053064006e-10
0.7038644875723528,0.869001454192923,1.2648137484826053e-10
0.7039496084439905,0.869001454192923,1.2647949964304335e-10
0.7039496084439905,0.8691226369365003,1.264627444560494e-10
0.7042900919305414,0.8691226369365003,1.2646004725561624e-10
0.7042900919305414,0.8692438196800776,1.2645287684149515e-10
0.7044603336738168,0.8692438196800776,1.2644054785026285e-10
0.7044603336738168,0.8693650024236549,1.2643582904934838e-10
0.7046305754170923,0.8693650024236549,1.2643318839142944e-10
0.7046305754170923,0.8699709161415414,1.2643042163426304e-10
0.7048008171603677,0.8699709161415414,1.2642183040402078e-10
0.7048008171603677,0.8700920988851187,1.264217929858437e-10
0.7048859380320055,0.8700920988851187,1.2641630062801744e-10
0.7048859380320055,0.870213281628696,1.2641126454037808e-10
0.7050561797752809,0.870213281628696,1.2639507996635032e-10
0.7050561797752809,0.8706980126030053,1.2636307578456785e-10
0.7051413006469186,0.8706980126030053,1.2636284294915226e-10
0.7051413006469186,0.8713039263208919,1.2634843224823078e-10
0.7053115423901941,0.8713039263208919,1.2634819657599605e-10
0.7053115423901941,0.8714251090644692,1.26348011774652e-10
0.7055669050051072,0.8714251090644692,1.2633636182592887e-10
0.7055669050051072,0.8717886572952012,1.263270171404917e-10
0.705652025876745,0.8717886572952012,1.2632197188983199e-10
0.705652025876745,0.8721522055259331,1.2631180894472327e-10
0.7058222676200204,0.8721522055259331,1.2630934216802168e-10
0.7058222676200204,0.8722733882695104,1.2630931951908724e-10
0.7061627511065713,0.8722733882695104,1.2629489885717204e-10
0.7061627511065713,0.872515753756665,1.2629010507849682e-10
0.706247871978209,0.872515753756665,1.2628981683537162e-10
0.706247871978209,0.8726369365002423,1.2628308684114643e-10
0.7063329928498467,0.8726369365002423,1.262804409593801e-10
0.7063329928498467,0.8727581192438196,1.2627594256353998e-10
0.7064181137214846,0.8727581192438196,1.262749553369568e-10
0.7064181137214846,0.8730004847309744,1.262662662279038e-10
0.7065032345931223,0.8730004847309744,1.2626327708969048e-10
0.7065032345931223,0.8731216674745517,1.2626087718069088e-10
0.7068437180796732,0.8731216674745517,1.2625053285790683e-10
0.7068437180796732,0.873242850218129,1.262486858939757e-10
0.7070139598229486,0.873242850218129,1.2624350333019846e-10
0.7070139598229486,0.8734852157052836,1.262411325404459e-10
0.7071842015662241,0.8734852157052836,1.262367977410481e-10
0.7071842015662241,0.8736063984488609,1.262337269481017e-10
0.7072693224378618,0.8736063984488609,1.262316034291317e-10
0.7072693224378618,0.8737275811924382,1.262314145262234e-10
0.7073544433094995,0.8737275811924382,1.2622696008597068e-10
0.7073544433094995,0.8738487639360155,1.262239925776078e-10
0.707524685052775,0.8738487639360155,1.2621667674580256e-10
0.707524685052775,0.8740911294231701,1.262066610279657e-10
0.7077800476676881,0.8740911294231701,1.2619756668334522e-10
0.7077800476676881,0.8742123121667474,1.2619679480697764e-10
0.7078651685393258,0.8742123121667474,1.2619441295820555e-10
0.7078651685393258,0.8744546776539021,1.2619229201510585e-10
0.7079502894109636,0.8744546776539021,1.2618502875020753e-10
0.7079502894109636,0.8746970431410567,1.2617827550507327e-10
0.7082056520258767,0.8746970431410567,1.2616596643374896e-10
0.7082056520258767,0.8750605913717887,1.261586298915942e-10
0.7082907728975145,0.8750605913717887,1.2615838036337556e-10
0.7082907728975145,0.8753029568589433,1.2615566495106596e-10
0.7084610146407899,0.8753029568589433,1.2614589248025481e-10
0.7084610146407899,0.8755453223460979,1.261456036253094e-10
0.7085461355124276,0.8755453223460979,1.261436811467818e-10
0.7085461355124276,0.8760300533204072,1.26133498199392e-10
0.7086312563840653,0.8760300533204072,1.2612862569668766e-10
0.7086312563840653,0.8768783325254483,1.2609930557269554e-10
0.7088014981273408,0.8768783325254483,1.2609709229304518e-10
0.7088014981273408,0.8772418807561804,1.260818169463277e-10
0.7088866189989785,0.8772418807561804,1.2607956641785772e-10
0.7088866189989785,0.8773630634997577,1.2607756197955108e-10
0.709056860742254,0.8773630634997577,1.2607485850306122e-10
0.709056860742254,0.877484246243335,1.2606754857283994e-10
0.7093122233571671,0.877484246243335,1.2605542310456142e-10
0.7093122233571671,0.8776054289869123,1.2605541196825414e-10
0.7093973442288048,0.8776054289869123,1.2605243795392425e-10
0.7093973442288048,0.8778477944740669,1.2605024937937463e-10
0.7095675859720804,0.8778477944740669,1.2604486820223597e-10
0.7095675859720804,0.8780901599612215,1.2603514103533224e-10
0.7098229485869936,0.8780901599612215,1.260183856421934e-10
0.7098229485869936,0.8783325254483761,1.2600801165947267e-10
0.709993190330269,0.8783325254483761,1.2600333172348923e-10
0.709993190330269,0.8784537081919535,1.2600313779197537e-10
0.7100783112019067,0.8784537081919535,1.2599331415025116e-10
0.7100783112019067,0.8786960736791081,1.2599314487823058e-10
0.7101634320735445,0.8786960736791081,1.2598368709372138e-10
0.7101634320735445,0.87905962190984,1.2598112681042788e-10
0.7102485529451822,0.87905962190984,1.259761550211933e-10
0.7102485529451822,0.8791808046534173,1.2597086457617182e-10
0.7104187946884576,0.8791808046534173,1.2596122563592681e-10
0.7104187946884576,0.8793019873969947,1.2596122549020334e-10
0.7106741573033708,0.8793019873969947,1.2595689629628763e-10
0.7106741573033708,0.879423170140572,1.2595675085490447e-10
0.7107592781750085,0.879423170140572,1.2595472464982074e-10
0.7107592781750085,0.8795443528841493,1.2595194346765067e-10
0.7108443990466462,0.8795443528841493,1.2595187848915845e-10
0.7108443990466462,0.8796655356277266,1.2594885768319532e-10
0.710929519918284,0.8796655356277266,1.2594873235114192e-10
0.710929519918284,0.8800290838584586,1.259414041220559e-10
0.7113551242764726,0.8800290838584586,1.2592669402688295e-10
0.7113551242764726,0.8801502666020359,1.2592391540859443e-10
0.7114402451481103,0.8801502666020359,1.2592382946651764e-10
0.7114402451481103,0.8803926320891905,1.2591433038005998e-10
0.7116104868913857,0.8803926320891905,1.2590691065080642e-10
0.7116104868913857,0.8806349975763451,1.2589764341721686e-10
0.7117807286346612,0.8806349975763451,1.2589710234740445e-10
0.7117807286346612,0.8807561803199224,1.2589244964070327e-10
0.7118658495062989,0.8807561803199224,1.258894677248021e-10
0.7118658495062989,0.8808773630634997,1.258892623690705e-10
0.7121212121212122,0.8808773630634997,1.2587495383647715e-10
0.7121212121212122,0.8812409112942317,1.2586023745693557e-10
0.7123765747361253,0.8812409112942317,1.2584316343627093e-10
0.7123765747361253,0.881725642268541,1.2582563137380345e-10
0.7129724208375894,0.881725642268541,1.25802719250998e-10
0.7129724208375894,0.8824527387300048,1.257875447779093e-10
0.7130575417092271,0.8824527387300048,1.2578504689420707e-10
0.7130575417092271,0.8825739214735822,1.257829327774166e-10
0.7132277834525026,0.8825739214735822,1.257824262092519e-10
0.7132277834525026,0.8826951042171595,1.257808406667655e-10
0.7133129043241403,0.8826951042171595,1.257804890451086e-10
0.7133129043241403,0.8830586524478914,1.2577742083934651e-10
0.713398025195778,0.8830586524478914,1.2577593133484743e-10
0.713398025195778,0.8831798351914687,1.2576856044799034e-10
0.7135682669390535,0.8831798351914687,1.2575043366435772e-10
0.7135682669390535,0.8834222006786233,1.2574791634297955e-10
0.7136533878106912,0.8834222006786233,1.2574300442451377e-10
0.7136533878106912,0.8843916626272419,1.257034874261168e-10
0.7139087504256043,0.8843916626272419,1.25696143011853e-10
0.7139087504256043,0.8845128453708192,1.2569540659807344e-10
0.7140789921688798,0.8845128453708192,1.2568595848632656e-10
0.7140789921688798,0.8846340281143965,1.256859324798918e-10
0.7141641130405175,0.8846340281143965,1.2568569655877105e-10
0.7141641130405175,0.8848763936015511,1.2568567336739791e-10
0.7144194756554307,0.8848763936015511,1.2567848363432824e-10
0.7144194756554307,0.885239941832283,1.2567034125583272e-10
0.7146748382703438,0.885239941832283,1.256636513591783e-10
0.7146748382703438,0.8854823073194377,1.2565599938348285e-10
0.7150153217568948,0.8854823073194377,1.2564876647204432e-10
0.7150153217568948,0.885603490063015,1.2564854445815698e-10
0.7151855635001703,0.885603490063015,1.2564841004381123e-10
0.7151855635001703,0.8857246728065924,1.2564320651374422e-10
0.7154409261150834,0.8857246728065924,1.2562819262041844e-10
0.7154409261150834,0.8858458555501697,1.256211802216516e-10
0.7155260469867212,0.8858458555501697,1.25618222919284e-10
0.7155260469867212,0.8864517692680562,1.2560558720394082e-10
0.7156962887299966,0.8864517692680562,1.2560104038447338e-10
0.7156962887299966,0.8868153174987882,1.255987973018864e-10
0.7157814096016343,0.8868153174987882,1.2559778973207446e-10
0.7157814096016343,0.8869365002423655,1.255977624897894e-10
0.7160367722165475,0.8869365002423655,1.2558780152658966e-10
0.7160367722165475,0.8870576829859428,1.255762249708945e-10
0.7161218930881852,0.8870576829859428,1.2557620499111587e-10
0.7161218930881852,0.8873000484730974,1.2557111399330425e-10
0.716207013959823,0.8873000484730974,1.255705881976878e-10
0.716207013959823,0.8874212312166747,1.255631347453646e-10
0.7162921348314607,0.8874212312166747,1.255604685896836e-10
0.7162921348314607,0.887542413960252,1.255556479381416e-10
0.7164623765747361,0.887542413960252,1.2555055925659852e-10
0.7164623765747361,0.8876635967038293,1.2554809395556905e-10
0.7168879809329247,0.8876635967038293,1.2552551202305613e-10
0.7168879809329247,0.8877847794474066,1.2552307572378052e-10
0.7171433435478379,0.8877847794474066,1.25515932244591e-10
0.7171433435478379,0.887905962190984,1.2551568925817598e-10
0.7172284644194756,0.887905962190984,1.2551348555470722e-10
0.7172284644194756,0.8880271449345614,1.255132180935256e-10
0.7173135852911133,0.8880271449345614,1.2550753097078392e-10
0.7173135852911133,0.888269510421716,1.25500103024192e-10
0.7173987061627511,0.888269510421716,1.2550004139670173e-10
0.7173987061627511,0.8885118759088706,1.2549551237617742e-10
0.7174838270343888,0.8885118759088706,1.2549542336581999e-10
0.7174838270343888,0.8886330586524479,1.254908876913531e-10
0.7177391896493021,0.8886330586524479,1.2548017742718363e-10
0.7177391896493021,0.8887542413960252,1.2548001538402065e-10
0.7180796731358529,0.8887542413960252,1.2547495387551028e-10
0.7180796731358529,0.8888754241396025,1.2546499513640308e-10
0.7182499148791284,0.8888754241396025,1.25453152229089e-10
0.7182499148791284,0.8892389723703344,1.2543750384531155e-10
0.7183350357507661,0.8892389723703344,1.2543738822608004e-10
0.7183350357507661,0.8896025206010664,1.2542993049037735e-10
0.7184201566224038,0.8896025206010664,1.2542983710132472e-10
0.7184201566224038,0.889844886088221,1.2542699002978016e-10
0.7189308818522302,0.889844886088221,1.2541938817150236e-10
0.7189308818522302,0.8899660688317984,1.2540746674283082e-10
0.7191862444671433,0.8899660688317984,1.2539981997296683e-10
0.7191862444671433,0.8903296170625303,1.2539519878046094e-10
0.7195267279536942,0.8903296170625303,1.2538508020182568e-10
0.7195267279536942,0.8904507998061076,1.2538452244376492e-10
0.7196969696969697,0.8904507998061076,1.2537419465338695e-10
0.7196969696969697,0.8908143480368396,1.2536434818403763e-10
0.7197820905686074,0.8908143480368396,1.253590298257825e-10
0.7197820905686074,0.8909355307804169,1.2534654030460337e-10
0.7198672114402451,0.8909355307804169,1.2533929401357662e-10
0.7198672114402451,0.8910567135239942,1.2533671960970405e-10
0.7200374531835206,0.8910567135239942,1.2532657062440635e-10
0.7200374531835206,0.8912990790111488,1.253262919711983e-10
0.7204630575417093,0.8912990790111488,1.2530315782300547e-10
0.7204630575417093,0.8914202617547261,1.252939304105605e-10
0.7208035410282602,0.8914202617547261,1.2527366847732198e-10
0.7208035410282602,0.8915414444983034,1.2527285177750722e-10
0.7208886618998979,0.8915414444983034,1.2527106102009595e-10
0.7208886618998979,0.8916626272418807,1.2527040839695092e-10
0.7211440245148111,0.8916626272418807,1.2527038883138596e-10
0.7211440245148111,0.8919049927290353,1.2526822102184842e-10
0.7212291453864488,0.8919049927290353,1.2526789546594642e-10
0.7212291453864488,0.8921473582161901,1.2526525713597923e-10
0.7213142662580865,0.8921473582161901,1.2526501958731757e-10
0.7213142662580865,0.8922685409597674,1.2526347393215714e-10
0.7214845080013619,0.8922685409597674,1.2525847424763283e-10
0.7214845080013619,0.8923897237033447,1.2525549107422615e-10
0.7215696288729997,0.8923897237033447,1.2525318661072365e-10
0.7215696288729997,0.8927532719340766,1.252432112729298e-10
0.7219101123595506,0.8927532719340766,1.2520682048932128e-10
0.7219101123595506,0.8933591856519632,1.251863774093342e-10
0.7219952332311883,0.8933591856519632,1.2517929031153736e-10
0.7219952332311883,0.8934803683955405,1.25176521221405e-10
0.722080354102826,0.8934803683955405,1.2517106813186837e-10
0.722080354102826,0.8937227338826951,1.2516906561755923e-10
0.7221654749744637,0.8937227338826951,1.2516667441344813e-10
0.7221654749744637,0.8938439166262724,1.2516661164133113e-10
0.7222505958461015,0.8938439166262724,1.251611686764882e-10
0.7222505958461015,0.8939650993698497,1.2515884191560661e-10
0.7228464419475655,0.8939650993698497,1.2514096904440725e-10
0.7228464419475655,0.894086282113427,1.251309885279052e-10
0.7232720463057541,0.894086282113427,1.2509476363641572e-10
0.7232720463057541,0.894449830344159,1.2508201165703618e-10
0.7234422880490297,0.894449830344159,1.2507450266494494e-10
0.7234422880490297,0.8946921958313137,1.2506717012949073e-10
0.7240381341504937,0.8946921958313137,1.2505640287406486e-10
0.7240381341504937,0.894813378574891,1.2505210092987761e-10
0.7245488593803201,0.894813378574891,1.250083848839023e-10
0.7245488593803201,0.8951769268056229,1.2497961061979634e-10
0.7247191011235955,0.8951769268056229,1.2496954901662799e-10
0.7247191011235955,0.8954192922927775,1.2496675519308353e-10
0.7248042219952332,0.8954192922927775,1.2496487098398555e-10
0.7248042219952332,0.8957828405235094,1.249593652321122e-10
0.7249744637385087,0.8957828405235094,1.2495914738820737e-10
0.7249744637385087,0.8959040232670867,1.2495643335498025e-10
0.7250595846101464,0.8959040232670867,1.24953982962161e-10
0.7250595846101464,0.896025206010664,1.249492477106609e-10
0.7254000680966973,0.896025206010664,1.2493316124887707e-10
0.7254000680966973,0.8961463887542414,1.2493085591381988e-10
0.725485188968335,0.8961463887542414,1.2492629324847702e-10
0.725485188968335,0.8962675714978187,1.249262931012524e-10
0.7256554307116105,0.8962675714978187,1.2492359217752994e-10
0.7256554307116105,0.896752302472128,1.249160937052947e-10
0.7257405515832482,0.896752302472128,1.2491591149323854e-10
0.7257405515832482,0.8971158507028599,1.2490840437987202e-10
0.7258256724548859,0.8971158507028599,1.249076660634374e-10
0.7258256724548859,0.8973582161900145,1.2490511215536712e-10
0.7259107933265236,0.8973582161900145,1.2488477202358093e-10
0.7259107933265236,0.8974793989335919,1.2487987044011634e-10
0.7262512768130746,0.8974793989335919,1.2486732193282874e-10
0.7262512768130746,0.8976005816771692,1.248647509948128e-10
0.7265066394279878,0.8976005816771692,1.248640287215685e-10
0.7265066394279878,0.8978429471643238,1.2485625724432723e-10
0.7267620020429009,0.8978429471643238,1.2485091581325454e-10
0.7267620020429009,0.8979641299079011,1.2484312176789613e-10
0.7268471229145387,0.8979641299079011,1.2484087405529424e-10
0.7268471229145387,0.8980853126514784,1.2483360088378477e-10
0.7272727272727273,0.8980853126514784,1.2479453277415482e-10
0.7272727272727273,0.8985700436257877,1.2477950675074945e-10
0.7275280898876404,0.8985700436257877,1.2476104011734102e-10
0.7275280898876404,0.898691226369365,1.2476051013395527e-10
0.7276132107592782,0.898691226369365,1.2475872892837621e-10
0.7276132107592782,0.8988124091129424,1.2475847463119537e-10
0.7276983316309159,0.8988124091129424,1.247511889333633e-10
0.7276983316309159,0.899054774600097,1.247401415966177e-10
0.7278685733741913,0.899054774600097,1.2473534329744862e-10
0.7278685733741913,0.8991759573436743,1.2473277976048377e-10
0.7279536942458291,0.8991759573436743,1.2473042005920618e-10
0.7279536942458291,0.8994183228308289,1.247276537383374e-10
0.7281239359891045,0.8994183228308289,1.247247067688724e-10
0.7281239359891045,0.8996606883179835,1.247143498668817e-10
0.7283792986040177,0.8996606883179835,1.2469364932518826e-10
0.7283792986040177,0.8997818710615608,1.246907921072245e-10
0.7284644194756554,0.8997818710615608,1.2468359119458172e-10
0.7284644194756554,0.9002666020358701,1.246677925310217e-10
0.7285495403472931,0.9002666020358701,1.2466745037288522e-10
0.7285495403472931,0.9003877847794474,1.2466519643026447e-10
0.7288049029622063,0.9003877847794474,1.246603627164075e-10
0.7288049029622063,0.9005089675230247,1.2466028532605316e-10
0.7289751447054817,0.9005089675230247,1.2465989866518997e-10
0.7289751447054817,0.900630150266602,1.246545648320864e-10
0.7294007490636704,0.900630150266602,1.2464427045029222e-10
0.7294007490636704,0.900993698497334,1.246317209075868e-10
0.7295709908069459,0.900993698497334,1.24626396895319e-10
0.7295709908069459,0.9012360639844886,1.2462606237690547e-10
0.7297412325502213,0.9012360639844886,1.2461327378623227e-10
0.7297412325502213,0.9014784294716433,1.2460067949286264e-10
0.7299965951651345,0.9014784294716433,1.2459494495062617e-10
0.7299965951651345,0.9015996122152206,1.245872711624639e-10
0.7301668369084099,0.9015996122152206,1.2458171050232617e-10
0.7301668369084099,0.9017207949587979,1.245799388954922e-10
0.7302519577800477,0.9017207949587979,1.2456925310301003e-10
0.7302519577800477,0.9018419777023752,1.2456687830989452e-10
0.7303370786516854,0.9018419777023752,1.2456668999790845e-10
0.7303370786516854,0.9020843431895298,1.2455343266589933e-10
0.7305073203949608,0.9020843431895298,1.2454836048473565e-10
0.7305073203949608,0.9022055259331071,1.245461154856324e-10
0.7305924412665986,0.9022055259331071,1.2454504864005714e-10
0.7305924412665986,0.9023267086766844,1.2453486491069333e-10
0.7308478038815117,0.9023267086766844,1.2453059861947528e-10
0.7308478038815117,0.9024478914202617,1.2453000588124077e-10
0.7311031664964249,0.9024478914202617,1.2452459827952088e-10
0.7311031664964249,0.902569074163839,1.245197209646838e-10
0.7312734082397003,0.902569074163839,1.245141117311028e-10
0.7312734082397003,0.9028114396509938,1.245062690636459e-10
0.7313585291113381,0.9028114396509938,1.245044190343556e-10
0.7313585291113381,0.9029326223945711,1.2450396421693858e-10
0.7315287708546135,0.9029326223945711,1.2449863948460064e-10
0.7315287708546135,0.9030538051381484,1.2449650787132157e-10
0.7318692543411645,0.9030538051381484,1.2446985435658016e-10
0.7318692543411645,0.903296170625303,1.2445695792443154e-10
0.7324651004426286,0.903296170625303,1.2444367803293663e-10
0.7324651004426286,0.9035385361124576,1.2443391650455062e-10
0.7325502213142663,0.9035385361124576,1.2442542950253869e-10
0.7325502213142663,0.9037809015996122,1.2441224952160486e-10
0.732635342185904,0.9037809015996122,1.24409756322409e-10
0.732635342185904,0.9039020843431895,1.2440960791048005e-10
0.7327204630575417,0.9039020843431895,1.2440732153468294e-10
0.7327204630575417,0.9040232670867668,1.2440211416674105e-10
0.7331460674157303,0.9040232670867668,1.24388622786986e-10
0.7331460674157303,0.9045079980610761,1.2437881035972388e-10
0.7334014300306435,0.9045079980610761,1.2437643650163892e-10
0.7334014300306435,0.9046291808046534,1.2437313486703773e-10
0.7338270343888321,0.9046291808046534,1.2435528910908735e-10
0.7338270343888321,0.904871546291808,1.2435265864561603e-10
0.7339972761321076,0.904871546291808,1.2434909240933543e-10
0.7339972761321076,0.9053562772661173,1.2434169552316246e-10
0.7348484848484849,0.9053562772661173,1.2428896514013461e-10
0.7348484848484849,0.9058410082404266,1.242735264871909e-10
0.7350187265917603,0.9058410082404266,1.242650499930517e-10
0.7350187265917603,0.9059621909840039,1.2426306278606254e-10
0.7352740892066735,0.9059621909840039,1.242577187634596e-10
0.7352740892066735,0.9060833737275812,1.2425221158939167e-10
0.7353592100783112,0.9060833737275812,1.2424986406678342e-10
0.7353592100783112,0.9062045564711585,1.2424986356205195e-10
0.7356145726932244,0.9062045564711585,1.2424455796066375e-10
0.7356145726932244,0.9063257392147358,1.2424425783082313e-10
0.7358699353081376,0.9063257392147358,1.2424164776671462e-10
0.7358699353081376,0.9064469219583131,1.242390378190545e-10
0.7362955396663262,0.9064469219583131,1.242208139833173e-10
0.7362955396663262,0.9069316529326223,1.2419509767320407e-10
0.7365509022812393,0.9069316529326223,1.241818311139925e-10
0.7365509022812393,0.9070528356761998,1.2418106759311578e-10
0.7370616275110657,0.9070528356761998,1.241626316683132e-10
0.7370616275110657,0.9072952011633544,1.2416052897499183e-10
0.7372318692543411,0.9072952011633544,1.2415756936373404e-10
0.7372318692543411,0.9074163839069317,1.241553906922296e-10
0.7374872318692544,0.9074163839069317,1.2415211377853053e-10
0.7374872318692544,0.907537566650509,1.2414930293138632e-10
0.7376574736125298,0.907537566650509,1.2414194520614807e-10
0.7376574736125298,0.9077799321376636,1.2412820417926153e-10
0.7377425944841676,0.9077799321376636,1.241258471739031e-10
0.7377425944841676,0.9079011148812409,1.2411238820058298e-10
0.7378277153558053,0.9079011148812409,1.2410744731584383e-10
0.7378277153558053,0.9080222976248182,1.2409921148374288e-10
0.7380830779707184,0.9080222976248182,1.2409679776799154e-10
0.7380830779707184,0.9086282113427048,1.2407897758653686e-10
0.7383384405856316,0.9086282113427048,1.2407561124357437e-10
0.7383384405856316,0.909112942317014,1.2405965219309897e-10
0.7385938032005448,0.909112942317014,1.2405392855762982e-10
0.7385938032005448,0.9093553078041687,1.2405185600738994e-10
0.7386789240721825,0.9093553078041687,1.240517750809845e-10
0.7386789240721825,0.909476490547746,1.2405160092692272e-10
0.7388491658154579,0.909476490547746,1.1842108463723334e-10
0.7388491658154579,0.9095976732913233,1.1165382785120365e-10
0.7390194075587334,0.9095976732913233,1.0721765638272922e-10
0.7390194075587334,0.9097188560349007,1.0519989531055123e-10
0.7391896493020088,0.9097188560349007,1.0501525911692546e-10
0.7391896493020088,0.909840038778478,1.0336087278904857e-10
0.7393598910452843,0.909840038778478,1.011805557978543e-10
0.7393598910452843,0.9099612215220553,9.95671366831469e-11
0.7395301327885597,0.9099612215220553,9.539243755140343e-11
0.7395301327885597,0.9100824042656326,9.262666578848517e-11
0.7396152536601975,0.9100824042656326,9.262648345635445e-11
0.7396152536601975,0.9102035870092099,8.670876868254467e-11
0.7397003745318352,0.9102035870092099,8.541727711426965e-11
0.7397003745318352,0.9105671352399418,7.565997735388023e-11
0.7398706162751106,0.9105671352399418,7.556822940434682e-11
0.7398706162751106,0.9106883179835191,7.091744559144692e-11
0.7401259788900239,0.9106883179835191,6.508642238904784e-11
0.7401259788900239,0.9109306834706737,6.203191487707428e-11
0.7402110997616616,0.9109306834706737,6.200763445353932e-11
0.7402110997616616,0.9111730489578284,5.893589475586809e-11
0.7402962206332993,0.9111730489578284,5.757748840131694e-11
0.7402962206332993,0.9112942317014057,5.2478239095469865e-11
0.7405515832482125,0.9112942317014057,4.5577878680877994e-11
0.7405515832482125,0.9116577799321377,4.3485324258244765e-11
0.7406367041198502,0.9116577799321377,4.344918009951922e-11
0.7406367041198502,0.911778962675715,4.3439175926755945e-11
0.7407218249914879,0.911778962675715,4.3424765510735394e-11
0.7407218249914879,0.9120213281628696,4.334145573159304e-11
0.7408069458631257,0.9120213281628696,4.3332088548476527e-11
0.7408069458631257,0.9122636936500242,4.321741186980153e-11
0.7412325502213143,0.9122636936500242,4.011656908314728e-11
0.7412325502213143,0.9123848763936016,4.0041637879017423e-11
0.7414027919645897,0.9123848763936016,3.8791519182935025e-11
0.7414027919645897,0.9127484246243335,3.661728996707387e-11
0.7415730337078652,0.9127484246243335,3.444403183321624e-11
0.7415730337078652,0.91335433834222,3.123038368248603e-11
0.7416581545795029,0.91335433834222,2.915026106887894e-11
0.7416581545795029,0.9134755210857974,2.775451448104831e-11
0.7417432754511406,0.9134755210857974,2.6666956578609227e-11
0.7417432754511406,0.9135967038293747,2.6666288443462156e-11
0.7418283963227783,0.9135967038293747,2.666599530587834e-11
0.7418283963227783,0.9138390693165294,2.666566920976147e-11
0.7420837589376915,0.9138390693165294,2.666448281580364e-11
0.7420837589376915,0.914081434803684,2.6649582423241498e-11
0.7421688798093292,0.914081434803684,2.6649030623449332e-11
0.7421688798093292,0.9144449830344159,2.6647589562431425e-11
0.7422540006809669,0.9144449830344159,2.664758585875128e-11
0.7422540006809669,0.9150508967523024,2.6645586227960163e-11
0.7423391215526047,0.9150508967523024,2.6645530466713475e-11
0.7423391215526047,0.9151720794958798,2.664540691722424e-11
0.7424242424242424,0.9151720794958798,2.664539748104084e-11
0.7424242424242424,0.9157779932137664,2.4959935861147975e-11
0.7425093632958801,0.9157779932137664,2.487848431919856e-11
0.7425093632958801,0.9161415414444983,2.4097815578429565e-11
0.7425944841675178,0.9161415414444983,2.4097602002171283e-11
0.7425944841675178,0.9162627241880756,2.4097515649055083e-11
0.7426796050391556,0.9162627241880756,2.4097469912014623e-11
0.7426796050391556,0.916383906931653,2.4097022693963187e-11
0.7430200885257066,0.916383906931653,2.408374008630076e-11
0.7430200885257066,0.9167474551623849,2.4081470220558877e-11
0.7431052093973443,0.9167474551623849,2.4081461415315765e-11
0.7431052093973443,0.9172321861366941,2.408071627330802e-11
0.743190330268982,0.9172321861366941,2.4080643986661127e-11
0.743190330268982,0.917595734367426,2.4079530791276356e-11
0.7433605720122574,0.917595734367426,2.407901689500227e-11
0.7433605720122574,0.9178380998545808,2.4077141097992795e-11
0.7434456928838952,0.9178380998545808,2.385527105799864e-11
0.7434456928838952,0.9179592825981581,2.366075242268121e-11
0.7437010554988083,0.9179592825981581,2.0354245097107237e-11
0.7437010554988083,0.9180804653417354,2.0207021433872755e-11
0.7437861763704461,0.9180804653417354,1.9518384924211715e-11
0.7437861763704461,0.9182016480853127,1.813903894590896e-11
0.7438712972420838,0.9182016480853127,1.8090028833444472e-11
0.7438712972420838,0.91832283082889,1.7989810714367492e-11
0.7442117807286347,0.91832283082889,1.7169847343285414e-11
0.7442117807286347,0.9184440135724673,1.714205865866531e-11
0.7443820224719101,0.9184440135724673,1.5924437279612102e-11
0.7443820224719101,0.9186863790596219,1.5762818603149087e-11
0.7444671433435478,0.9186863790596219,1.5762557303826837e-11
0.7444671433435478,0.9189287445467765,1.5762317540793067e-11
0.744722505958461,0.9189287445467765,1.576200419799525e-11
0.744722505958461,0.9191711100339311,1.5761818573694786e-11
0.7448927477017364,0.9191711100339311,1.5355147136254098e-11
0.7448927477017364,0.9195346582646631,1.5041378372931107e-11
0.7449778685733742,0.9195346582646631,1.4954288074139795e-11
0.7449778685733742,0.9196558410082404,1.4953815353723632e-11
0.7455737146748382,0.9196558410082404,1.494425565619803e-11
0.7455737146748382,0.9197770237518177,1.4943745190684663e-11
0.745658835546476,0.9197770237518177,1.4943658415298386e-11
0.745658835546476,0.9200193892389724,1.494316350757897e-11
0.7458290772897515,0.9200193892389724,1.494242180687455e-11
0.7458290772897515,0.9205041202132817,1.494198845251409e-11
0.7459993190330269,0.9205041202132817,1.4941925249614253e-11
0.7459993190330269,0.9215947649054774,1.494084684534164e-11
0.7460844399046647,0.9215947649054774,1.4940498914444476e-11
0.7460844399046647,0.9217159476490547,1.4940379961826457e-11
0.7461695607763024,0.9217159476490547,1.4938959700980683e-11
0.7461695607763024,0.9219583131362094,1.4903581726397415e-11
0.7463398025195778,0.9219583131362094,1.4477991663580684e-11
0.7463398025195778,0.9220794958797868,1.4224850536771753e-11
0.7467654068777664,0.9220794958797868,1.3114764990056239e-11
0.7467654068777664,0.9223218613669414,1.3113478495492524e-11
0.7469356486210419,0.9223218613669414,1.3107691509214156e-11
0.7469356486210419,0.9226854095976733,1.310716949787485e-11
0.7476166155941437,0.9226854095976733,1.3105132517777406e-11
0.7476166155941437,0.9228065923412506,1.3105124904172592e-11
0.7477017364657814,0.9228065923412506,1.3105040811352812e-11
0.7477017364657814,0.9229277750848279,1.3105039493072495e-11
0.7477868573374191,0.9229277750848279,1.31049951393676e-11
0.7477868573374191,0.9232913233155599,1.3104904473387415e-11
0.7478719782090568,0.9232913233155599,1.3104841164779874e-11
0.7478719782090568,0.9234125060591372,1.310481791856734e-11
0.7479570990806946,0.9234125060591372,1.3104807633340487e-11
0.7479570990806946,0.9235336888027145,1.3104738946305757e-11
0.7480422199523323,0.9235336888027145,1.3104656157491705e-11
0.7480422199523323,0.9237760542898691,1.3104398600019708e-11
0.74812734082397,0.9237760542898691,1.3104103633724529e-11
0.74812734082397,0.9240184197770237,1.3103822966347524e-11
0.7482124616956077,0.9240184197770237,1.2882238972915013e-11
0.7482124616956077,0.924866698982065,1.2831897293108817e-11
0.7483827034388832,0.924866698982065,1.2825287548681874e-11
0.7483827034388832,0.9249878817256423,1.2825038642275918e-11
0.7485529451821586,0.9249878817256423,1.2823872812167507e-11
0.7485529451821586,0.9251090644692196,1.2823666648446465e-11
0.7486380660537963,0.9251090644692196,1.2823481462273694e-11
0.7486380660537963,0.9258361609306834,1.2823149169876864e-11
0.7488083077970719,0.9258361609306834,1.2822860865057139e-11
0.7488083077970719,0.926078526417838,1.2822777227098855e-11
0.7488934286687096,0.926078526417838,1.28226215799315e-11
0.7488934286687096,0.9261997091614154,1.2822615648188321e-11
0.7489785495403473,0.9261997091614154,1.2822428651443616e-11
0.7489785495403473,0.9263208919049928,1.2822324288703672e-11
0.7494041538985359,0.9263208919049928,1.2502547394463272e-11
0.7494041538985359,0.9264420746485701,1.2211350663155894e-11
0.7496595165134491,0.9264420746485701,1.15944864312158e-11
0.7496595165134491,0.9265632573921474,1.1593717635281293e-11
0.7499148791283623,0.9265632573921474,1.1593485734623985e-11
0.7499148791283623,0.9269268056228793,1.1308426044461486e-11
0.7500851208716377,0.9269268056228793,1.1034679718088561e-11
0.7500851208716377,0.9272903538536112,1.1034365817129479e-11
0.7504256043581886,0.9272903538536112,1.1033995907412707e-11
0.7504256043581886,0.9275327193407659,1.103383803129934e-11
0.7509363295880149,0.9275327193407659,1.1024384819201936e-11
0.7509363295880149,0.9276539020843432,1.1019219362971218e-11
0.751532175689479,0.9276539020843432,1.1017370601122515e-11
0.751532175689479,0.9277750848279205,1.1017321508648283e-11
0.7516172965611168,0.9277750848279205,1.1017244129781754e-11
0.7516172965611168,0.9280174503150751,1.1017172584091852e-11
0.7517024174327546,0.9280174503150751,1.1017117135458311e-11
0.7517024174327546,0.9281386330586524,1.101704961932111e-11
0.7517875383043923,0.9281386330586524,1.101701378209289e-11
0.7517875383043923,0.9282598158022297,1.1016795359803755e-11
0.7522982635342186,0.9282598158022297,1.0747580327093686e-11
0.7522982635342186,0.928380998545807,1.0745179764454806e-11
0.7524685052774941,0.928380998545807,1.0610629051660666e-11
0.7524685052774941,0.9286233640329618,9.865682561849993e-12
0.7526387470207695,0.9286233640329618,9.848625487814221e-12
0.7526387470207695,0.9288657295201164,9.832992537162889e-12
0.7532345931222336,0.9288657295201164,8.985925883450694e-12
0.7532345931222336,0.9289869122636937,8.984005149446444e-12
0.7535750766087844,0.9289869122636937,8.082125009053792e-12
0.7535750766087844,0.9293504604944256,8.0821015604149e-12
0.7539155600953353,0.9293504604944256,8.078747868385358e-12
0.7539155600953353,0.9294716432380029,8.078606722205045e-12
0.7542560435818862,0.9294716432380029,7.69651115938578e-12
0.7542560435818862,0.9295928259815802,7.69641357782385e-12
0.7544262853251618,0.9295928259815802,7.696350801506184e-12
0.7544262853251618,0.9298351914687348,7.696245196987706e-12
0.7550221314266258,0.9298351914687348,7.657904847286402e-12
0.7550221314266258,0.9304411051866214,7.657864016067562e-12
0.7551923731699013,0.9304411051866214,7.657833123057673e-12
0.7551923731699013,0.9306834706737761,7.657656629042363e-12
0.755277494041539,0.9306834706737761,7.656813313177098e-12
0.755277494041539,0.9308046534173534,7.656759848615789e-12
0.7553626149131767,0.9308046534173534,7.656759577903863e-12
0.7553626149131767,0.9309258361609307,7.656739545068113e-12
0.7554477357848144,0.9309258361609307,7.656726353655186e-12
0.7554477357848144,0.931047018904508,7.656681265231846e-12
0.7555328566564522,0.931047018904508,7.656674356614162e-12
0.7555328566564522,0.9311682016480853,7.65664376986851e-12
0.7557030983997276,0.9311682016480853,7.311103680939013e-12
0.7557030983997276,0.9315317498788173,6.72443826261518e-12
0.7564691862444671,0.9315317498788173,6.3455792884141256e-12
0.7564691862444671,0.9318952981095492,6.197407639686373e-12
0.7576608784473953,0.9318952981095492,3.3264895472278003e-12
0.7576608784473953,0.9320164808531265,3.066765180803414e-12
0.7577459993190331,0.9320164808531265,3.041395789300342e-12
0.7577459993190331,0.9321376635967038,3.0280635627060657e-12
0.7579162410623085,0.9321376635967038,2.704993314936722e-12
0.7579162410623085,0.9325012118274357,2.491739061169148e-12
0.7580864828055839,0.9325012118274357,2.0394995478820267e-12
0.7580864828055839,0.9327435773145905,1.8272990584481935e-12
0.7585120871637726,0.9327435773145905,1.4710414430545822e-12
0.7585120871637726,0.9328647600581678,1.3187127321227556e-12
0.7585972080354103,0.9328647600581678,1.3088850710279814e-12
0.7585972080354103,0.9329859428017451,1.3079118702534332e-12
0.7591930541368743,0.9329859428017451,8.877552429930581e-13
0.7591930541368743,0.9331071255453224,8.576595032349046e-13
0.7635342185903984,0.9331071255453224,2.5976400961202793e-13
0.7635342185903984,0.9332283082888997,2.588408631467462e-13
0.7661729656111679,0.9332283082888997,1.18253674294369e-13
0.7661729656111679,0.933349491032477,1.1680361030394405e-13
0.8077970718420157,0.933349491032477,6.314052826100253e-14
0.8077970718420157,0.9334706737760543,6.269545549714797e-14
0.8351208716377255,0.9334706737760543,2.3254095553998548e-14
0.8351208716377255,0.9335918565196316,2.3196672389818173e-14
0.8369935308137555,0.9335918565196316,2.095440115959809e-14
0.8369935308137555,0.9337130392632089,2.091445102484547e-14
0.8415900578821928,0.9337130392632089,1.1689521327867991e-14
0.8415900578821928,0.9338342220067862,1.1304748083202427e-14
0.8426115083418454,0.9338342220067862,9.304989474798398e-15
0.8426115083418454,0.9339554047503635,9.012018244653811e-15
0.8429519918283963,0.9339554047503635,8.555771692490375e-15
0.8429519918283963,0.9340765874939408,8.271426477539018e-15
0.8432073544433095,0.9340765874939408,7.481463963595735e-15
0.8432073544433095,0.9345613184682501,7.307873294315197e-15
0.8434627170582226,0.9345613184682501,7.124817903433594e-15
0.8434627170582226,0.9349248666989821,7.1022166118267805e-15
0.8435478379298604,0.9349248666989821,7.091708340851539e-15
0.8435478379298604,0.9351672321861367,7.0630163325175526e-15
0.8437180796731358,0.9351672321861367,6.961355410425335e-15
0.8437180796731358,0.935288414929714,6.939801867007685e-15
0.8467824310520939,0.935288414929714,3.040711914432694e-15
0.8467824310520939,0.9394086282113427,2.8130376964834625e-15
0.8468675519237318,0.9394086282113427,2.8122780385765186e-15
0.8468675519237318,0.9397721764420747,2.81023334514773e-15
0.8470377936670072,0.9397721764420747,2.809058069095985e-15
0.8470377936670072,0.939893359185652,2.808576584976455e-15
0.8472080354102826,0.939893359185652,2.8083777643354357e-15
0.8472080354102826,0.9400145419292293,2.807707759470784e-15
0.8473782771535581,0.9400145419292293,2.806391655582486e-15
0.8473782771535581,0.9403780901599612,2.806008851306229e-15
0.8481443649982976,0.9403780901599612,2.801981909145799e-15
0.8481443649982976,0.9404992729035385,2.8017935574518214e-15
0.8485699693564862,0.9404992729035385,2.7993174937884914e-15
0.8485699693564862,0.9406204556471158,2.7992418903247048e-15
0.8486550902281239,0.9406204556471158,2.798857656501024e-15
0.8486550902281239,0.9411051866214251,2.797788433511138e-15
0.8489104528430371,0.9411051866214251,2.797509330444678e-15
0.8489104528430371,0.9413475521085798,2.7965189482741993e-15
0.8491658154579503,0.9413475521085798,2.79607806733699e-15
0.8491658154579503,0.9414687348521571,2.796058805200221e-15
0.8495062989445011,0.9414687348521571,2.7956676006483265e-15
0.8495062989445011,0.9415899175957344,2.795665563604363e-15
0.8500170241743276,0.9415899175957344,2.793798359221648e-15
0.8500170241743276,0.9417111003393117,2.793623824073294e-15
0.850187265917603,0.9417111003393117,2.7934172731890925e-15
0.850187265917603,0.941832283082889,2.793100832143956e-15
0.8518045624787198,0.941832283082889,2.7891968620651063e-15
0.8518045624787198,0.9420746485700436,2.7889481157879005e-15
0.8529111338100103,0.9420746485700436,2.786458142847694e-15
0.8529111338100103,0.942195831313621,2.786397713736834e-15
0.8565713312904324,0.942195831313621,2.774197989734611e-15
0.8565713312904324,0.9423170140571983,2.7740420887493983e-15
0.8570820565202588,0.9423170140571983,2.770955127551329e-15
0.8570820565202588,0.9424381968007756,2.770899491789602e-15
0.8575927817500851,0.9424381968007756,2.7668254804439165e-15
0.8575927817500851,0.9425593795443529,2.765716113781314e-15
0.8583588695948247,0.9425593795443529,2.7428960734131846e-15
0.8583588695948247,0.9426805622879302,2.7407011380653272e-15
0.8594654409261151,0.9426805622879302,2.6440390980463122e-15
0.8594654409261151,0.9428017450315075,2.6322135478947e-15
0.8598910452843037,0.9428017450315075,2.5054344291240167e-15
0.8598910452843037,0.9429229277750848,2.479888580813616e-15
0.8600612870275791,0.9429229277750848,2.388144280656272e-15
0.8600612870275791,0.9430441105186621,2.3749757566488934e-15
0.8602315287708546,0.9430441105186621,2.316625379689549e-15
0.8602315287708546,0.9431652932622394,2.2776581005158783e-15
0.8605720122574055,0.9431652932622394,2.2426379346249807e-15
0.8605720122574055,0.9434076587493941,2.225430451921479e-15
0.8607422540006809,0.9434076587493941,2.2042036107017745e-15
0.8607422540006809,0.9435288414929714,2.1836330821705928e-15
0.8611678583588696,0.9435288414929714,2.1612903253826654e-15
0.8611678583588696,0.9436500242365488,2.1611160896950822e-15
0.8612529792305074,0.9436500242365488,2.1552475479285756e-15
0.8612529792305074,0.9440135724672807,2.1409768588355673e-15
0.8617637044603337,0.9440135724672807,2.116581633726372e-15
0.8617637044603337,0.944134755210858,2.1019807777476536e-15
0.8618488253319714,0.944134755210858,2.0964663351941905e-15
0.8618488253319714,0.9443771206980126,2.095186541769443e-15
0.8620190670752469,0.9443771206980126,2.0704140883081723e-15
0.8620190670752469,0.9446194861851672,2.0543630519290674e-15
0.8621041879468846,0.9446194861851672,2.0199850443017915e-15
0.8621041879468846,0.9447406689287445,1.996886898322768e-15
0.8624446714334355,0.9447406689287445,1.8245287161782087e-15
0.8624446714334355,0.9448618516723218,1.8023328626602434e-15
0.8634661218930881,0.9448618516723218,1.063878748103842e-15
0.8634661218930881,0.9449830344158991,9.074851702387984e-16
0.8644875723527409,0.9449830344158991,6.920694169832028e-16
0.8644875723527409,0.9451042171594765,6.699408183681134e-16
0.8655090228123936,0.9451042171594765,6.384018382442066e-16
0.8655090228123936,0.9452253999030538,6.376528531124674e-16
0.8658495062989445,0.9452253999030538,6.292135059630283e-16
0.8658495062989445,0.9453465826466311,6.288622848353185e-16
0.8660197480422199,0.9453465826466311,6.281362820756178e-16
0.8660197480422199,0.9454677653902084,6.271072452555459e-16
0.8664453524004085,0.9454677653902084,6.227371093191049e-16
0.8664453524004085,0.9455889481337858,6.22522178704197e-16
0.866615594143684,0.9455889481337858,6.196047602434616e-16
0.866615594143684,0.9459524963645177,6.103115523570889e-16
0.8667007150153218,0.9459524963645177,6.101252580226487e-16
0.8667007150153218,0.9461948618516723,6.077970819307694e-16
0.8667858358869595,0.9461948618516723,6.071292008697592e-16
0.8667858358869595,0.9465584100824043,6.057976951566342e-16
0.8668709567585972,0.9465584100824043,6.031617004304629e-16
0.8668709567585972,0.9466795928259816,6.029059839978149e-16
0.866956077630235,0.9466795928259816,6.012190910163145e-16
0.866956077630235,0.9468007755695589,5.98725335172662e-16
0.8670411985018727,0.9468007755695589,5.98505708419121e-16
0.8670411985018727,0.9471643238002908,5.943574155549301e-16
0.8679775280898876,0.9471643238002908,4.1440352825412735e-16
0.8679775280898876,0.9472855065438681,4.0996130709433057e-16
0.8686584950629894,0.9472855065438681,3.158339068568163e-16
0.8686584950629894,0.9474066892874454,2.9606319595879677e-16
0.869084099421178,0.9474066892874454,2.418435319519526e-16
0.869084099421178,0.9475278720310227,2.2660714880086005e-16
0.8695948246510045,0.9475278720310227,1.9231177384450348e-16
0.8695948246510045,0.9477702375181775,1.8827659007114882e-16
0.8699353081375554,0.9477702375181775,1.7970646443321013e-16
0.8699353081375554,0.9478914202617548,1.7829108190662695e-16
0.8701906707524685,0.9478914202617548,1.759669520326088e-16
0.8701906707524685,0.9480126030053321,1.7516125344770046e-16
0.870360912495744,0.9480126030053321,1.7109476344264462e-16
0.870360912495744,0.9482549684924867,1.7046263471729767e-16
0.8707865168539326,0.9482549684924867,1.6554017822823302e-16
0.8707865168539326,0.948376151236064,1.6359293068852367e-16
0.8723186925434117,0.948376151236064,1.087249503290694e-16
0.8723186925434117,0.9484973339796413,1.0842664153038971e-16
0.8730847803881512,0.9484973339796413,9.067374074330015e-17
0.8730847803881512,0.9486185167232186,8.802399830384971e-17
0.8731699012597889,0.9486185167232186,8.752953034245844e-17
0.8731699012597889,0.9487396994667959,8.411009206569354e-17
0.8732550221314266,0.9487396994667959,8.272123560848154e-17
0.8732550221314266,0.9488608822103732,8.247233962379833e-17
0.8738508682328907,0.9488608822103732,5.2904989327859764e-17
0.8738508682328907,0.9489820649539505,5.054667577819588e-17
0.8742764725910793,0.9489820649539505,4.8219756022441934e-17
0.8742764725910793,0.9491032476975279,4.735961977815335e-17
0.8744467143343548,0.9491032476975279,4.7139441469964584e-17
0.8744467143343548,0.9492244304411052,4.6561074415609674e-17
0.8746169560776302,0.9492244304411052,4.527712167211099e-17
0.8746169560776302,0.9493456131846825,4.5273793728641796e-17
0.8754681647940075,0.9493456131846825,2.815426361886328e-17
0.8754681647940075,0.9497091614154144,2.585617912269596e-17
0.8757235274089207,0.9497091614154144,2.3946200133786458e-17
0.8757235274089207,0.9500727096461464,2.3553094796370486e-17
0.8760640108954716,0.9500727096461464,2.2699795069062058e-17
0.8760640108954716,0.9501938923897237,2.2507511094484515e-17
0.8764896152536602,0.9501938923897237,2.1868086917976816e-17
0.8764896152536602,0.9505574406204557,2.1456484353173503e-17
0.8766598569969356,0.9505574406204557,2.1038018404653238e-17
0.8766598569969356,0.950678623364033,2.102893107716622e-17
0.8768300987402111,0.950678623364033,2.0326604476522913e-17
0.8768300987402111,0.9509209888511876,2.0159753664550243e-17
0.8770003404834865,0.9509209888511876,2.0043938180162277e-17
0.8770003404834865,0.9511633543383422,1.945591864002995e-17
0.8774259448416751,0.9511633543383422,1.6289288645907752e-17
0.8774259448416751,0.9512845370819195,1.522471332644715e-17
0.878106911814777,0.9512845370819195,1.2801492776920274e-17
0.878106911814777,0.9514057198254968,1.277186279392903e-17
0.8791283622744297,0.9514057198254968,8.021567525248715e-18
0.8791283622744297,0.9515269025690741,7.593347174692215e-18
0.8799795709908069,0.9515269025690741,4.939667188937669e-18
0.8799795709908069,0.9516480853126514,4.8919627107938795e-18
0.8800646918624446,0.9516480853126514,4.451187870780104e-18
0.8800646918624446,0.9517692680562287,4.001805337736225e-18
0.8803200544773578,0.9517692680562287,3.677288282234531e-18
0.8803200544773578,0.9520116335433835,3.452761737271962e-18
0.8804902962206334,0.9520116335433835,3.3466158722837802e-18
0.8804902962206334,0.9521328162869608,3.2762113972780274e-18
0.8822778345250255,0.9521328162869608,1.311559908996657e-18
0.8822778345250255,0.9522539990305381,1.1175501281486534e-18
0.8828736806264896,0.9522539990305381,5.780753755896317e-19
0.8828736806264896,0.95261754726127,5.124541441171126e-19
0.8831290432414028,0.95261754726127,4.57750720123409e-19
0.8831290432414028,0.9527387300048473,4.524204756320802e-19
0.8832992849846782,0.9527387300048473,4.490780880661328e-19
0.8832992849846782,0.9528599127484246,4.430367384193608e-19
0.8836397684712292,0.9528599127484246,4.098486771859956e-19
0.8836397684712292,0.9531022782355792,4.071031480616037e-19
0.8838951310861424,0.9531022782355792,3.9938392335920515e-19
0.8838951310861424,0.9532234609791566,3.9630026796035487e-19
0.8839802519577801,0.9532234609791566,3.946648245776892e-19
0.8839802519577801,0.9533446437227339,3.9285847490655443e-19
0.8840653728294178,0.9533446437227339,3.8382894824799945e-19
0.8840653728294178,0.9537081919534658,3.8004732836283143e-19
0.8847463398025196,0.9537081919534658,3.7199220381818475e-19
0.8847463398025196,0.9543141056713524,3.6275478813522443e-19
0.884916581545795,0.9543141056713524,3.561906439281855e-19
0.884916581545795,0.9544352884149298,3.548460559421307e-19
0.8850868232890705,0.9544352884149298,3.5036336095329254e-19
0.8850868232890705,0.9545564711585071,3.4578275186870885e-19
0.8855975485188968,0.9545564711585071,3.1487087487201827e-19
0.8855975485188968,0.9546776539020844,3.144236852832733e-19
0.8857677902621723,0.9546776539020844,3.132806455120014e-19
0.8857677902621723,0.9547988366456617,3.1284940566733463e-19
0.8861082737487231,0.9547988366456617,3.0692502952900296e-19
0.8861082737487231,0.9550412021328163,2.882422855806583e-19
0.8867041198501873,0.9550412021328163,2.7352342760700935e-19
0.8867041198501873,0.9551623848763936,2.7214558535259614e-19
0.8868743615934627,0.9551623848763936,2.649028441285674e-19
0.8868743615934627,0.9552835676199709,2.6178452103476643e-19
0.8870446033367382,0.9552835676199709,2.585782931412123e-19
0.8870446033367382,0.9554047503635482,2.4725788358663066e-19
0.8872148450800136,0.9554047503635482,2.3650485162276144e-19
0.8872148450800136,0.9555259331071255,2.361876624803206e-19
0.8873850868232891,0.9555259331071255,2.2578332217537144e-19
0.8873850868232891,0.9556471158507028,2.1047395985661975e-19
0.8884065372829418,0.9556471158507028,9.649917531844125e-20
0.8884065372829418,0.9558894813378574,8.972743431121251e-20
0.8885767790262172,0.9558894813378574,8.548025423824359e-20
0.8885767790262172,0.9560106640814348,8.449703883503425e-20
0.8886618998978549,0.9560106640814348,8.415881599754841e-20
0.8886618998978549,0.9561318468250121,8.334216891300301e-20
0.8889172625127681,0.9561318468250121,7.914965713163607e-20
0.8889172625127681,0.9562530295685895,7.73599718616083e-20
0.8891726251276814,0.9562530295685895,7.169218941953169e-20
0.8891726251276814,0.9563742123121668,7.009373552757353e-20
0.8898535921007831,0.9563742123121668,4.8165413928181326e-20
0.8898535921007831,0.9566165777993214,4.484200123807227e-20
0.8909601634320735,0.9566165777993214,2.698093796501858e-20
0.8909601634320735,0.9567377605428987,2.568199132096205e-20
0.8912155260469867,0.9567377605428987,2.2172289070680353e-20
0.8912155260469867,0.956858943286476,2.1265848233199348e-20
0.8916411304051753,0.956858943286476,1.5197847653725163e-20
0.8916411304051753,0.9569801260300533,1.4650096535043145e-20
0.8918113721484509,0.9569801260300533,1.0330849970948173e-20
0.8918113721484509,0.9571013087736306,9.183584434652262e-21
0.8919816138917263,0.9571013087736306,7.42281455256994e-21
0.8919816138917263,0.957222491517208,6.443551863011341e-21
0.892066734763364,0.957222491517208,6.323807105617084e-21
0.892066734763364,0.9573436742607853,6.315827534215693e-21
0.8921518556350017,0.9573436742607853,6.07018718417265e-21
0.8921518556350017,0.9574648570043626,6.0063469713094674e-21
0.8924923391215526,0.9574648570043626,4.260923945302084e-21
0.8924923391215526,0.9575860397479399,3.813979571267986e-21
0.8940245148110316,0.9575860397479399,1.3233995153252687e-21
0.8940245148110316,0.9577072224915172,1.2949919658336398e-21
0.8942798774259448,0.9577072224915172,1.1087263522150275e-21
0.8942798774259448,0.9578284052350945,1.0888305064851024e-21
0.894535240040858,0.9578284052350945,7.898386073450191e-22
0.894535240040858,0.9579495879786718,7.640669195864359e-22
0.8947906026557712,0.9579495879786718,7.171762915794497e-22
0.8947906026557712,0.9580707707222491,6.754749772539804e-22
0.8956418113721485,0.9580707707222491,3.525247273888672e-22
0.8956418113721485,0.9583131362094037,2.238224204697086e-22
0.8958120531154239,0.9583131362094037,2.0260577780781993e-22
0.8958120531154239,0.9584343189529811,1.7576865381590718e-22
0.896407899216888,0.9584343189529811,1.0298954104618426e-22
0.896407899216888,0.9585555016965585,9.815047389822757e-23
0.8975995914198162,0.9585555016965585,1.8941477405107492e-23
0.8975995914198162,0.9586766844401358,1.874715711315458e-23
0.8984508001361934,0.9586766844401358,2.9885489308600735e-24
0.8984508001361934,0.9587978671837131,2.8728668574324938e-24
0.9020258767449779,0.9587978671837131,4.0052877914878416e-27
0.9020258767449779,0.9589190499272904,3.9637025693765095e-27
0.9029622063329928,0.9589190499272904,7.801072755635032e-28
0.9029622063329928,0.9590402326708677,6.253558938381167e-28
0.9047497446373851,0.9590402326708677,4.1473046748171807e-29
0.9047497446373851,0.959161415414445,4.0368628633974106e-29
0.9059414368403133,0.959161415414445,8.630773831567338e-30
0.9059414368403133,0.9592825981580223,6.94980197777358e-30
0.9072182499148791,0.9592825981580223,1.7158910691081634e-30
0.9072182499148791,0.9594037809015996,1.526690049065504e-30
0.9073884916581546,0.9594037809015996,1.3520872593120483e-30
0.9073884916581546,0.9595249636451769,1.2863075261855953e-30
0.9076438542730677,0.9595249636451769,8.03898235042138e-31
0.9076438542730677,0.9596461463887542,7.225087248254868e-31
0.9085801838610827,0.9596461463887542,3.54669756964876e-31
0.9085801838610827,0.9597673291323315,3.4729369975170694e-31
0.9086653047327204,0.9597673291323315,2.963549171230727e-31
0.9086653047327204,0.9598885118759088,2.940505063140162e-31
0.908835546475996,0.9598885118759088,2.5811949623905763e-31
0.908835546475996,0.9600096946194862,2.2734142451323536e-31
0.9092611508341846,0.9600096946194862,1.546169471939179e-31
0.9092611508341846,0.9607367910809501,1.3124098411385836e-31
0.90943139257746,0.9607367910809501,1.3010212048589242e-31
0.90943139257746,0.9617062530295686,1.266387500823438e-31
0.9096867551923732,0.9617062530295686,1.2629102680736344e-31
0.9096867551923732,0.9619486185167232,1.261494542977245e-31
0.9100272386789241,0.9619486185167232,1.2443650449395024e-31
0.9100272386789241,0.9621909840038778,1.223770453330273e-31
0.9101974804221995,0.9621909840038778,1.221817289189976e-31
0.9101974804221995,0.9623121667474551,1.2209524220196346e-31
0.910367722165475,0.9623121667474551,1.2141792324511875e-31
0.910367722165475,0.9625545322346097,1.2123352990053326e-31
0.9105379639087504,0.9625545322346097,1.2084647984594986e-31
0.9105379639087504,0.9626757149781872,1.2060067682947923e-31
0.9107082056520259,0.9626757149781872,1.2048230899658814e-31
0.9107082056520259,0.9630392632089191,1.19814974097219e-31
0.9108784473953013,0.9630392632089191,1.1895960440427775e-31
0.9108784473953013,0.9632816286960737,1.185104511897321e-31
0.9111338100102145,0.9632816286960737,1.1653713716721828e-31
0.9111338100102145,0.963402811439651,1.1629381673490388e-31
0.9116445352400409,0.963402811439651,1.1584782206572526e-31
0.9116445352400409,0.9635239941832283,1.1525312046989304e-31
0.9117296561116786,0.9635239941832283,1.1499442666992653e-31
0.9117296561116786,0.9640087251575375,1.1411893405915984e-31
0.9118147769833163,0.9640087251575375,1.140932750788403e-31
0.9118147769833163,0.9641299079011149,1.1347019659641688e-31
0.9118998978549541,0.9641299079011149,1.1331024260631125e-31
0.9118998978549541,0.9642510906446922,1.1318891915799412e-31
0.9119850187265918,0.9642510906446922,1.1305077314940042e-31
0.9119850187265918,0.9643722733882695,1.1300686655020167e-31
0.9120701395982295,0.9643722733882695,1.1295358504186373e-31
0.9120701395982295,0.9644934561318468,1.125869868552828e-31
0.912240381341505,0.9644934561318468,1.1160143621527988e-31
0.912240381341505,0.9646146388754241,1.114512260204571e-31
0.9126659856996936,0.9646146388754241,1.1007436938008835e-31
0.9126659856996936,0.9647358216190014,1.0995152266189858e-31
0.9127511065713313,0.9647358216190014,1.0992109443106904e-31
0.9127511065713313,0.9648570043625788,1.0990191243476125e-31
0.9130915900578822,0.9648570043625788,1.0901284963078357e-31
0.9130915900578822,0.9649781871061561,1.089302319425747e-31
0.9132618318011576,0.9649781871061561,1.0862333620024099e-31
0.9132618318011576,0.9650993698497334,1.0841216659253228e-31
0.9135171944160708,0.9650993698497334,1.0827328563493297e-31
0.9135171944160708,0.9652205525933107,1.0820656718101692e-31
0.9140279196458971,0.9652205525933107,1.0780284505806168e-31
0.9140279196458971,0.96570528356762,1.0685970672878844e-31
0.914113040517535,0.96570528356762,1.06683496216302e-31
0.914113040517535,0.9663111972855065,1.0620553894328059e-31
0.9144535240040857,0.9663111972855065,1.0593151326907771e-31
0.9144535240040857,0.9664323800290838,1.0553416403201301e-31
0.9146237657473613,0.9664323800290838,1.053855560245046e-31
0.9146237657473613,0.9665535627726611,1.0529114719891818e-31
0.914708886618999,0.9665535627726611,1.0482779132703666e-31
0.914708886618999,0.9666747455162384,1.0477460544427074e-31
0.9147940074906367,0.9666747455162384,1.045676919311869e-31
0.9147940074906367,0.9669171110033932,1.0405636090404178e-31
0.9149642492339122,0.9669171110033932,1.0394001085721264e-31
0.9149642492339122,0.9670382937469705,1.037497297958531e-31
0.9150493701055499,0.9670382937469705,1.0346445929145243e-31
0.9150493701055499,0.9672806592341251,1.0291351259967848e-31
0.9151344909771876,0.9672806592341251,1.026477412574005e-31
0.9151344909771876,0.9674018419777024,1.0263779678926148e-31
0.9153047327204631,0.9674018419777024,1.023792950708343e-31
0.9153047327204631,0.967644207464857,1.0173043723958327e-31
0.9154749744637385,0.967644207464857,1.0162872310830503e-31
0.9154749744637385,0.9683713039263209,9.992834490485981e-32
0.9160708205652026,0.9683713039263209,9.847182713850156e-32
0.9160708205652026,0.9684924866698982,9.845623357717673e-32
0.9164964249233912,0.9684924866698982,9.767365718643503e-32
0.9164964249233912,0.9687348521570528,9.732287487099762e-32
0.9165815457950289,0.9687348521570528,9.731795814786482e-32
0.9165815457950289,0.9689772176442074,9.707071153900879e-32
0.9166666666666666,0.9689772176442074,9.648633154906952e-32
0.9166666666666666,0.9690984003877848,9.56548037801616e-32
0.9168369084099421,0.9690984003877848,9.538841035571042e-32
0.9168369084099421,0.9692195831313621,9.522518059551835e-32
0.9170922710248552,0.9692195831313621,9.472964068627176e-32
0.9170922710248552,0.9695831313620941,9.277080634321731e-32
0.9172625127681308,0.9695831313620941,9.25891042734806e-32
0.9172625127681308,0.9697043141056714,9.21613782469356e-32
0.9173476336397685,0.9697043141056714,9.171937049118431e-32
0.9173476336397685,0.9698254968492487,9.07513721977438e-32
0.9176881171263194,0.9698254968492487,8.86584818652391e-32
0.9176881171263194,0.969946679592826,8.852478640952074e-32
0.9180286006128703,0.969946679592826,8.772198989774863e-32
0.9180286006128703,0.9701890450799806,8.751045257402208e-32
0.9181988423561457,0.9701890450799806,8.705115155113489e-32
0.9181988423561457,0.9703102278235579,8.588351773000661e-32
0.9187946884576098,0.9703102278235579,8.252222679200002e-32
0.9187946884576098,0.9704314105671352,8.193525327288258e-32
0.9188798093292475,0.9704314105671352,8.11931597478227e-32
0.9188798093292475,0.9705525933107125,8.042986915417496e-32
0.9189649302008852,0.9705525933107125,8.017275757113258e-32
0.9189649302008852,0.9707949587978671,7.898259618283864e-32
0.9192202928157984,0.9707949587978671,7.799145646830166e-32
0.9192202928157984,0.9709161415414445,7.795904268404273e-32
0.9198161389172625,0.9709161415414445,6.182787948554015e-32
0.9198161389172625,0.9710373242850218,5.967689240791218e-32
0.9202417432754512,0.9710373242850218,5.367286281379543e-32
0.9202417432754512,0.9711585070285992,5.174778181563e-32
0.9204119850187266,0.9711585070285992,4.654214004561347e-32
0.9204119850187266,0.9712796897721765,4.6297357914476833e-32
0.9207524685052775,0.9712796897721765,3.3479181508880596e-32
0.9207524685052775,0.9714008725157538,3.32026224154165e-32
0.9208375893769152,0.9714008725157538,2.897137509643882e-32
0.9208375893769152,0.9715220552593311,2.827928225742053e-32
0.9221144024514811,0.9715220552593311,1.283139721263595e-32
0.9221144024514811,0.9716432380029084,1.1242449934939377e-32
0.9256043581886279,0.9716432380029084,1.9943476955005624e-34
0.9256043581886279,0.9717644207464857,1.6051401739440611e-34
0.9260299625468165,0.9717644207464857,7.328042288595773e-35
0.9260299625468165,0.971885603490063,6.366515446996758e-35
0.9265406877766428,0.971885603490063,3.066808856256396e-35
0.9265406877766428,0.9720067862336403,2.9058733483365044e-35
0.9270514130064692,0.9720067862336403,2.2940382907661724e-35
0.9270514130064692,0.9721279689772176,2.2050350842794376e-35
0.9275621382362955,0.9721279689772176,1.688255688151287e-35
0.9275621382362955,0.972249151720795,1.6009750541852382e-35
0.9284133469526727,0.972249151720795,6.171478583634006e-36
0.9284133469526727,0.9723703344643723,6.16630820052811e-36
0.9287538304392237,0.9723703344643723,3.299466042463697e-36
0.9287538304392237,0.9724915172079496,3.0219715618313736e-36
0.9293496765406878,0.9724915172079496,1.4420972316204128e-36
0.9293496765406878,0.9726126999515269,1.1391532372438823e-36
0.9304562478719782,0.9726126999515269,3.7024360949814733e-37
0.9304562478719782,0.9727338826951042,3.5276760079451414e-37
0.9306264896152536,0.9727338826951042,2.8471671064812935e-37
0.9306264896152536,0.9732186136694134,1.5770972249675673e-37
0.9307116104868914,0.9732186136694134,1.4563883524665275e-37
0.9307116104868914,0.9733397964129908,1.208118982733588e-37
0.9310520939734422,0.9733397964129908,1.0427619020972531e-37
0.9310520939734422,0.9738245273873001,1.0236189542295822e-37
0.9312223357167178,0.9738245273873001,9.851886019572362e-38
0.9312223357167178,0.9739457101308774,9.73179895247187e-38
0.9319033026898196,0.9739457101308774,8.677406717040299e-38
0.9319033026898196,0.974188075618032,8.516688304534347e-38
0.9319884235614573,0.974188075618032,8.441983654040255e-38
0.9319884235614573,0.9743092583616093,8.208179897380908e-38
0.9321586653047327,0.9743092583616093,7.917579014382211e-38
0.9321586653047327,0.9744304411051866,7.7586415374144e-38
0.9328396322778345,0.9744304411051866,5.249252428673249e-38
0.9328396322778345,0.9745516238487639,5.24922750688222e-38
0.93300987402111,0.9745516238487639,4.5967924094418044e-38
0.93300987402111,0.9746728065923412,4.596748710045887e-38
0.9336908409942117,0.9746728065923412,1.742383205919226e-38
0.9336908409942117,0.9747939893359185,1.6276880861968633e-38
0.9342866870956759,0.9747939893359185,4.723072028586683e-39
0.9342866870956759,0.9750363548230732,4.348558531517002e-39
0.93488253319714,0.9750363548230732,1.7073734743635533e-39
0.93488253319714,0.9751575375666505,1.5418355240969372e-39
0.9350527749404154,0.9751575375666505,1.46353851863308e-39
0.9350527749404154,0.9756422685409598,1.3220223103458667e-39
0.9357337419135172,0.9756422685409598,3.5737186369130934e-40
0.9357337419135172,0.9757634512845371,3.311242715707369e-40
0.9360742254000681,0.9757634512845371,2.1615351178526494e-40
0.9360742254000681,0.9758846340281144,1.162886150020107e-40
0.9385427306775621,0.9758846340281144,1.2710845322727956e-41
0.9385427306775621,0.9760058167716917,9.984869359715871e-42
0.9387129724208376,0.9760058167716917,4.6879863092562736e-42
0.9387129724208376,0.976126999515269,4.2912046872699025e-42
0.9402451481103167,0.976126999515269,1.0444726560141161e-42
0.9402451481103167,0.9762481822588464,8.867668444783979e-43
0.9414368403132448,0.9762481822588464,2.147433837745676e-43
0.9414368403132448,0.9763693650024237,1.5685607595353443e-43
0.941692202928158,0.9763693650024237,9.201056184970543e-44
0.941692202928158,0.976490547746001,7.947566181204224e-44
0.9437351038474634,0.976490547746001,9.852597878132096e-45
0.9437351038474634,0.9767329132331556,8.489862068149881e-45
0.9448416751787538,0.9767329132331556,1.2980882637073129e-45
0.9448416751787538,0.9777023751817742,1.1443977845079216e-45
0.9449267960503915,0.9777023751817742,8.163823776820752e-46
0.9449267960503915,0.9778235579253515,8.125017968282724e-46
0.9455226421518557,0.9778235579253515,7.617862616352506e-46
0.9455226421518557,0.9779447406689288,7.588623762237586e-46
0.9456077630234934,0.9779447406689288,7.52935048402333e-46
0.9456077630234934,0.9783082888996607,7.43027712788993e-46
0.9456928838951311,0.9783082888996607,7.421592260264912e-46
0.9456928838951311,0.978429471643238,7.417214864033901e-46
0.9457780047667688,0.978429471643238,7.406841033099245e-46
0.9457780047667688,0.9785506543868153,7.349580745164093e-46
0.9458631256384066,0.9785506543868153,7.297460518966664e-46
0.9458631256384066,0.9786718371303926,7.247136597257993e-46
0.946033367381682,0.9786718371303926,7.117278792597973e-46
0.946033367381682,0.9787930198739699,7.048861297389662e-46
0.9462887299965952,0.9787930198739699,6.809263606216131e-46
0.9462887299965952,0.9789142026175472,6.6402205079127696e-46
0.9464589717398706,0.9789142026175472,6.441818689006004e-46
0.9464589717398706,0.9790353853611246,6.427402944632044e-46
0.947565543071161,0.9790353853611246,5.942857147566338e-46
0.947565543071161,0.9791565681047019,5.723005271212898e-46
0.9478209056860742,0.9791565681047019,5.432516698194527e-46
0.9478209056860742,0.9792777508482792,5.3359166557534355e-46
0.9482465100442629,0.9792777508482792,4.8265986666016216e-46
0.9482465100442629,0.9793989335918565,4.7171145251827235e-46
0.9483316309159006,0.9793989335918565,4.591950144138822e-46
0.9483316309159006,0.9796412990790111,4.0581013948629504e-46
0.9485869935308138,0.9796412990790111,3.65074405751402e-46
0.9485869935308138,0.9797624818225885,3.543796313817516e-46
0.9486721144024515,0.9797624818225885,3.540010462477677e-46
0.9486721144024515,0.9798836645661658,3.4707713083137842e-46
0.9489274770173647,0.9798836645661658,3.3959900335016582e-46
0.9489274770173647,0.9800048473097431,3.351746752634936e-46
0.9490125978890024,0.9800048473097431,3.3480508404317947e-46
0.9490125978890024,0.9801260300533204,3.2375480460090157e-46
0.9492679605039156,0.9801260300533204,2.9057739342253464e-46
0.949438202247191,0.9801260300533204,2.6204139019768235e-46
0.949438202247191,0.9802472127968977,2.501344426207041e-46
0.9496084439904665,0.9802472127968977,2.1436285792371574e-46
0.9496084439904665,0.9803683955404751,1.0331079423632016e-46
0.9498638066053796,0.9803683955404751,7.493726273118311e-47
0.9498638066053796,0.9804895782840524,7.440622980144627e-47
0.9499489274770173,0.9804895782840524,7.416595692507331e-47
0.9499489274770173,0.9806107610276297,7.333647393520973e-47
0.9507150153217568,0.9806107610276297,4.0816784087827643e-47
0.9507150153217568,0.980731943771207,2.2580660469345957e-47
0.9508001361933947,0.980731943771207,2.2492829073819434e-47
0.9508001361933947,0.9809743092583616,2.1152668976560066e-47
0.9519918283963228,0.9809743092583616,7.189755735341473e-48
0.9519918283963228,0.9810954920019389,4.436867000939484e-48
0.952247191011236,0.9810954920019389,3.638970341795368e-48
0.952247191011236,0.9812166747455162,3.5096388508014194e-48
0.9532686414708886,0.9812166747455162,1.023885152431124e-48
0.9532686414708886,0.9814590402326708,1.0222929078782913e-48
0.9533537623425263,0.9814590402326708,1.0058411109534843e-48
0.9533537623425263,0.9815802229762481,8.229053744536302e-49
0.9536091249574395,0.9815802229762481,4.1649798952777996e-49
0.9536091249574395,0.9817014057198254,3.6515729436025425e-49
0.9536942458290772,0.9817014057198254,3.208779979240093e-49
0.9536942458290772,0.9820649539505575,2.7594624269829105e-49
0.9538644875723528,0.9820649539505575,1.8411630081364254e-49
0.9538644875723528,0.9821861366941348,1.8359231796754132e-49
0.9542049710589037,0.9821861366941348,1.1868364694856746e-49
0.9542049710589037,0.9824285021812894,1.0753058520987808e-49
0.9544603336738168,0.9824285021812894,8.521946826250952e-50
0.9544603336738168,0.9825496849248667,8.455617846216261e-50
0.9546305754170923,0.9825496849248667,6.255203540393424e-50
0.9546305754170923,0.982670867668444,6.215674402902653e-50
0.9554817841334695,0.982670867668444,2.340579227188051e-50
0.9554817841334695,0.9827920504120213,2.322336650511615e-50
0.9555669050051072,0.9827920504120213,2.0931371500572404e-50
0.9555669050051072,0.9829132331555986,1.8557593503803939e-50
0.9568437180796732,0.9829132331555986,5.257713230926396e-51
0.9568437180796732,0.983034415899176,5.256612073959575e-51
0.9574395641811372,0.983034415899176,9.072526189478533e-52
0.9574395641811372,0.9831555986427533,6.86027449465054e-52
0.957524685052775,0.9831555986427533,5.737273680116813e-52
0.957524685052775,0.9832767813863306,5.711454556756035e-52
0.9576098059244127,0.9832767813863306,4.3752496578929984e-52
0.9576098059244127,0.9833979641299079,4.352654975528563e-52
0.9583758937691522,0.9833979641299079,2.318431835066255e-52
0.9583758937691522,0.9835191468734852,1.6638555165178863e-52
0.9584610146407899,0.9835191468734852,1.4584218835651005e-52
0.9584610146407899,0.9836403296170625,1.4358131995337487e-52
0.9594824651004427,0.9836403296170625,5.214001306459609e-53
0.9594824651004427,0.9837615123606398,5.070670197035758e-53
0.9599080694586313,0.9837615123606398,2.6224923091081285e-53
0.9599080694586313,0.9840038778477945,2.0979896751884757e-53
0.9600783112019067,0.9840038778477945,1.286566786457045e-53
0.9600783112019067,0.9841250605913718,1.223702506900812e-53
0.9602485529451822,0.9841250605913718,8.334747700580342e-54
0.9602485529451822,0.9842462433349491,6.991672544400177e-54
0.9607592781750085,0.9842462433349491,3.3833822643441426e-54
0.9607592781750085,0.9843674260785265,3.2212165760072236e-54
0.9610146407899217,0.9843674260785265,9.261138032677966e-55
0.9610146407899217,0.9844886088221038,9.251973759924514e-55
0.9610997616615594,0.9844886088221038,3.48888985202806e-55
0.9610997616615594,0.9846097915656811,3.2698267667908406e-55
0.9616956077630235,0.9846097915656811,8.493091696095552e-56
0.9616956077630235,0.9848521570528357,7.145075454078951e-56
0.9621212121212122,0.9848521570528357,3.7363637540630898e-56
0.9621212121212122,0.984973339796413,3.4835079778320177e-56
0.9632277834525026,0.984973339796413,6.336330697743864e-57
0.9632277834525026,0.9850945225399903,6.075872138750443e-57
0.9634831460674157,0.9850945225399903,5.0633103076117315e-57
0.9634831460674157,0.9852157052835676,3.9556492519004053e-57
0.9635682669390535,0.9852157052835676,3.6275089294385283e-57
0.9635682669390535,0.9853368880271449,2.929214141323754e-57
0.9641641130405175,0.9853368880271449,7.697451173586777e-58
0.9641641130405175,0.9854580707707222,6.2677675876019315e-58
0.9647599591419816,0.9854580707707222,1.9515639048165855e-58
0.9647599591419816,0.9855792535142995,1.8729984622228825e-58
0.9651004426285326,0.9855792535142995,9.691517087688185e-59
0.9651004426285326,0.9857004362578768,6.3228795011076345e-59
0.9651855635001703,0.9857004362578768,3.62443620092064e-59
0.9651855635001703,0.9858216190014542,2.605972903305346e-59
0.965270684371808,0.9858216190014542,2.2785295867456754e-59
0.965270684371808,0.9859428017450315,1.8586916889726423e-59
0.9657814096016343,0.9859428017450315,6.513775453325848e-60
0.9657814096016343,0.9860639844886088,5.949597089734401e-60
0.966207013959823,0.9860639844886088,3.527210535313271e-60
0.966207013959823,0.9861851672321862,1.9257770844050752e-60
0.9664623765747361,0.9861851672321862,5.477752627331909e-61
0.9664623765747361,0.9864275327193408,3.2579201311241675e-61
0.9666326183180116,0.9864275327193408,2.2434422044003216e-61
0.9666326183180116,0.9865487154629181,2.1013607443250492e-61
0.9667177391896493,0.9865487154629181,1.9877469297932136e-61
0.9667177391896493,0.9867910809500727,1.9182345291212964e-61
0.9674838270343888,0.9867910809500727,4.846299225373847e-62
0.9674838270343888,0.98691226369365,2.943586766531816e-62
0.9677391896493021,0.98691226369365,1.5686645901994411e-62
0.9677391896493021,0.9870334464372273,1.4897209100424356e-62
0.9685903983656793,0.9870334464372273,3.1237347430509315e-63
0.9685903983656793,0.9871546291808047,3.1235657652100606e-63
0.9688457609805925,0.9871546291808047,2.3263226009253537e-63
0.9688457609805925,0.987275811924382,2.2910765361823647e-63
0.9692713653387811,0.987275811924382,8.794238483992327e-64
0.9692713653387811,0.9873969946679593,8.700410570023324e-64
0.9695267279536942,0.9873969946679593,5.6379941658519874e-64
0.9695267279536942,0.9876393601551139,4.861760874821514e-64
0.9696969696969697,0.9876393601551139,3.552364288306738e-64
0.9696969696969697,0.9878817256422685,3.140823888549419e-64
0.9697820905686074,0.9878817256422685,2.9530735647503856e-64
0.9697820905686074,0.9880029083858458,2.3096683404367818e-64
0.9710589036431733,0.9880029083858458,1.4137472784334073e-65
0.9710589036431733,0.9881240911294231,1.3784706626896722e-65
0.9729315628192032,0.9881240911294231,2.746445031161679e-68
0.9729315628192032,0.9882452738730004,2.231668945444582e-68
0.9731869254341164,0.9882452738730004,1.2646663738611883e-68
0.9731869254341164,0.9886088221037325,6.364845330582241e-69
0.9745488593803201,0.9886088221037325,1.5327320333962554e-71
0.9745488593803201,0.9888511875908871,7.805132089235384e-72
0.9746339802519578,0.9888511875908871,5.745875226507589e-72
0.9746339802519578,0.9889723703344644,4.954479309766213e-72
0.9750595846101464,0.9889723703344644,9.854709753364007e-73
0.9750595846101464,0.9890935530780417,5.5408818362375234e-73
0.9751447054817841,0.9890935530780417,5.538027957528167e-73
0.9751447054817841,0.9893359185651963,2.4319594705007475e-73
0.9752298263534218,0.9893359185651963,2.1936810586144346e-73
0.9752298263534218,0.9894571013087736,1.9984112144088574e-73
0.9756554307116105,0.9894571013087736,3.740384579173944e-74
0.9756554307116105,0.9898206495395055,2.7105516559850812e-74
0.9758256724548859,0.9898206495395055,1.653466335397734e-74
0.9758256724548859,0.9899418322830829,7.956360716105232e-75
0.9759107933265236,0.9899418322830829,7.863553842529344e-75
0.9759107933265236,0.9900630150266602,5.237015433743938e-75
0.9759959141981613,0.9900630150266602,4.1322456391270923e-75
0.9759959141981613,0.9904265632573922,2.3208474644778133e-75
0.9760810350697992,0.9904265632573922,2.2810374913108593e-75
0.9760810350697992,0.9905477460009695,1.6822803338579913e-75
0.9762512768130746,0.9905477460009695,7.235909285439434e-76
0.9762512768130746,0.9906689287445468,7.222064854397527e-76
0.9768471229145387,0.9906689287445468,8.859280395338023e-77
0.9768471229145387,0.9907901114881241,8.64731927217009e-77
0.9771876064010896,0.9907901114881241,1.2115427686437451e-78
0.9771876064010896,0.9910324769752787,5.569302201663913e-79
0.977357848144365,0.9910324769752787,3.053804937602342e-79
0.977357848144365,0.991153659718856,2.918676705180243e-79
0.9777834525025536,0.991153659718856,5.976710118212614e-80
0.9777834525025536,0.9920019389238972,4.830346766672073e-80
0.9778685733741913,0.9920019389238972,4.7459786164822026e-80
0.9778685733741913,0.9923654871546291,4.5366845180549545e-80
0.9780388151174668,0.9923654871546291,4.495835203149201e-80
0.9780388151174668,0.9926078526417839,3.671561427078261e-80
0.978890023833844,0.9926078526417839,6.860042375418264e-81
0.978890023833844,0.9927290353853612,3.2931954433739347e-81
0.979230507320395,0.9927290353853612,5.876931870851527e-82
0.979230507320395,0.9929714008725158,5.743247835035672e-82
0.9793156281920327,0.9929714008725158,2.1100757239434063e-82
0.9793156281920327,0.9930925836160931,2.0887950292155276e-82
0.9794858699353082,0.9930925836160931,1.763714230760679e-82
0.9794858699353082,0.9932137663596704,1.3888920907808297e-82
0.9801668369084099,0.9932137663596704,1.06560713039791e-84
0.9801668369084099,0.993456131846825,1.608332287504581e-85
0.9804221995233231,0.993456131846825,1.4959185953310209e-86
0.9804221995233231,0.9935773145904023,1.1662178944901677e-86
0.9808478038815117,0.9935773145904023,2.81814914345933e-87
0.9808478038815117,0.9941832283082889,1.2720647445891426e-87
0.9818692543411645,0.9941832283082889,2.1222404427676043e-88
0.9818692543411645,0.9943044110518662,1.4440766789971993e-88
0.9822948586993531,0.9943044110518662,2.843168621549176e-89
0.9822948586993531,0.9944255937954435,1.012273842450819e-89
0.9823799795709908,0.9944255937954435,8.780108497325674e-90
0.9823799795709908,0.9945467765390208,6.708559840137612e-90
0.9825502213142663,0.9945467765390208,1.470833929365474e-90
0.9825502213142663,0.9946679592825982,1.1261775518482328e-90
0.982635342185904,0.9946679592825982,8.034219600129777e-91
0.982635342185904,0.9947891420261755,5.145521425769704e-91
0.9827204630575417,0.9947891420261755,2.706587608710192e-91
0.9827204630575417,0.9949103247697528,9.460641153868382e-92
0.9843377596186585,0.9949103247697528,5.15011844406872e-98
0.9843377596186585,0.9951526902569074,1.693891895570206e-98
0.9846782431052093,0.9951526902569074,2.836577187212431e-101
0.9846782431052093,0.9952738730004848,1.4020941402437035e-101
0.9849336057201226,0.9952738730004848,5.423118293305791e-103
0.9849336057201226,0.9953950557440621,5.410402018037527e-103
0.9854443309499489,0.9953950557440621,5.8312949973769085e-105
0.9854443309499489,0.9956374212312167,3.2408741304669866e-105
0.9861252979230507,0.9956374212312167,1.2684667492442972e-109
0.9861252979230507,0.995758603974794,6.83610285758191e-110
0.9862104187946884,0.995758603974794,6.358066956379647e-110
0.9862104187946884,0.9958797867183713,6.887336954051911e-111
0.9862955396663262,0.9958797867183713,3.9948723944321435e-111
0.9862955396663262,0.9960009694619486,1.8730102120983176e-111
0.9865509022812393,0.9960009694619486,3.8542897046249233e-112
0.9865509022812393,0.9961221522055259,2.3976407546025584e-112
0.9868062648961525,0.9961221522055259,6.4621192743943455e-114
0.9868062648961525,0.9962433349491032,1.5537040043021284e-114
0.9870616275110657,0.9962433349491032,8.385144938045768e-115
0.9870616275110657,0.9963645176926805,5.881189160564486e-117
0.9871467483827034,0.9963645176926805,2.386561002397668e-117
0.9871467483827034,0.9964857004362578,1.790167812529667e-117
0.9874021109976167,0.9964857004362578,8.684271845954998e-119
0.9874021109976167,0.9966068831798351,3.3739556328517943e-119
0.987912836227443,0.9966068831798351,2.749027861746779e-121
0.987912836227443,0.9967280659234125,1.2313544711825407e-121
0.9879979570990807,0.9967280659234125,2.300315603450897e-122
0.9879979570990807,0.9968492486669899,1.1202260687301792e-122
0.9887640449438202,0.9968492486669899,1.947216816466127e-126
0.9887640449438202,0.9969704314105672,4.926370635133422e-127
0.9891045284303711,0.9969704314105672,8.766278537691881e-128
0.9891045284303711,0.9970916141541445,6.887820271768554e-128
0.9892747701736466,0.9970916141541445,1.9352228751344178e-128
0.9892747701736466,0.9972127968977218,1.0318473542072733e-128
0.9902110997616616,0.9972127968977218,1.9967388814929614e-134
0.9902110997616616,0.9974551623848764,2.148616532598797e-135
0.9902962206332993,0.9974551623848764,5.891930494288822e-136
0.9902962206332993,0.9975763451284537,5.8825065307079375e-136
0.9903813415049371,0.9975763451284537,5.681163240982933e-136
0.9903813415049371,0.997697527872031,2.7607395525299666e-136
0.9908069458631257,0.997697527872031,6.721434809613399e-138
0.9908069458631257,0.9978187106156083,3.737578499402643e-138
0.9916581545795029,0.9978187106156083,2.1282639954466756e-147
0.9916581545795029,0.9979398933591856,1.7049498509311112e-147
0.9917432754511406,0.9979398933591856,9.65147093063196e-148
0.9917432754511406,0.9981822588463403,6.080360638767785e-148
0.9922540006809669,0.9981822588463403,1.7108071938112837e-156
0.9922540006809669,0.9983034415899176,1.2109011794387887e-156
0.992849846782431,0.9983034415899176,3.618542048265679e-170
0.992849846782431,0.9985458070770722,9.867110702377518e-172
0.9953183520599251,0.9985458070770722,1.664819522136147e-294
0.9953183520599251,0.9986669898206495,2.1711888823489947e-299
0.9954885938032005,0.9986669898206495,9.604845425721362e-300
0.9954885938032005,0.9987881725642268,9.603857722120818e-300
0.9960844399046647,0.9987881725642268,2.10002987948816e-300
0.9962546816479401,0.9987881725642268,8.666086266019692e-304
0.9962546816479401,0.9998788172564227,6.307846686139463e-305
0.9963398025195778,0.9998788172564227,6.307189084697973e-305
0.9963398025195778,1.0,6.303418749771749e-305
0.99812734082397,1.0,1.205e-320
1.0,1.0,0.0
