fpr,tpr,threshold
0.0,0.0,inf
0.0,8.671522719389525e-05,31.911596003761137
0.0,0.1567811307665626,0.3823634788604571
5.4147714966428416e-05,0.1567811307665626,0.3782207010779426
5.4147714966428416e-05,0.1569545612209504,0.3757895313558507
0.00016244314489928524,0.1569545612209504,0.3554934082105087
0.00016244314489928524,0.1572147069025321,0.32572831515590417
0.00021659085986571366,0.1572147069025321,0.3218945067126222
0.00021659085986571366,0.15730142212972598,0.3131211389526395
0.0003248862897985705,0.15730142212972598,0.282698235152651
0.0003248862897985705,0.15738813735691987,0.28244393689655406
0.00043318171973142733,0.15738813735691987,0.2802483771507527
0.00043318171973142733,0.15764828303850156,0.2792559415327206
0.00102880658436214,0.15764828303850156,0.24107524535843547
0.00102880658436214,0.15773499826569545,0.22932153133297234
0.0011371020142949967,0.15773499826569545,0.2132277164297309
0.0011371020142949967,0.15782171349288934,0.21301432945145032
0.001299545159194282,0.15782171349288934,0.21011702652189274
0.001299545159194282,0.15808185917447104,0.20522926766480587
0.0013536928741607105,0.15808185917447104,0.20508577273385573
0.0013536928741607105,0.15816857440166493,0.20317341099559036
0.0015161360190599957,0.15816857440166493,0.19948810260847955
0.0015161360190599957,0.15825528962885882,0.19542543309138033
0.0016244314489928524,0.15825528962885882,0.18407774037718275
0.0016244314489928524,0.15851543531044052,0.18406487556063025
0.001678579163959281,0.15851543531044052,0.18406106491757404
0.001678579163959281,0.1588622962192161,0.18394016680481576
0.0017868745938921377,0.1588622962192161,0.18393560041923054
0.0017868745938921377,0.15894901144641,0.18393485796902878
0.0021659085986571367,0.15894901144641,0.1839215743056444
0.0021659085986571367,0.15903572667360388,0.18392014289466355
0.0022200563136235653,0.15903572667360388,0.18391954866176422
0.0022200563136235653,0.15946930280957336,0.18391827662418672
0.0023824994585228505,0.15946930280957336,0.18391673088888164
0.0023824994585228505,0.15955601803676725,0.18391226478180636
0.0024366471734892786,0.15955601803676725,0.18391104159911967
0.0024366471734892786,0.15964273326396114,0.1839109316153971
0.0025449426034221357,0.15964273326396114,0.1839079765744527
0.0025449426034221357,0.15972944849115506,0.18390758591313697
0.0026532380333549924,0.15972944849115506,0.18390029567686275
0.0026532380333549924,0.15998959417273673,0.1838904896785898
0.002761533463287849,0.15998959417273673,0.18387743285302063
0.002761533463287849,0.16016302462712453,0.1795720312469093
0.003140567468052848,0.16016302462712453,0.17430368202903826
0.003140567468052848,0.16024973985431842,0.17429933151268842
0.003248862897985705,0.16024973985431842,0.1742977145332563
0.003248862897985705,0.1603364550815123,0.1742975225932866
0.00341130604288499,0.1603364550815123,0.17429355337972255
0.00341130604288499,0.1604231703087062,0.1742926161752734
0.0034654537578514186,0.1604231703087062,0.17429256055067247
0.0034654537578514186,0.1606833159902879,0.17429036849421523
0.0038444877626164177,0.1606833159902879,0.17428203812675805
0.0038444877626164177,0.1607700312174818,0.17427651568935645
0.003898635477582846,0.1607700312174818,0.17427467088612716
0.003898635477582846,0.16094346167186957,0.17426771750814798
0.004169374052414988,0.16094346167186957,0.16604649861145362
0.004169374052414988,0.16111689212625738,0.1659230455856146
0.004277669482347845,0.16111689212625738,0.16418782564258813
0.004277669482347845,0.16137703780783905,0.1577864870841762
0.004331817197314273,0.16137703780783905,0.15684958113909991
0.004331817197314273,0.16155046826222685,0.15020486829210514
0.0043859649122807015,0.16155046826222685,0.1502020731085663
0.0043859649122807015,0.1621574748525841,0.149999066445808
0.0044401126272471305,0.1621574748525841,0.14994478123282987
0.0044401126272471305,0.16233090530697192,0.14992133780353603
0.004494260342213559,0.16233090530697192,0.14991259120264536
0.004494260342213559,0.1625043357613597,0.1457589342438357
0.004819146632012129,0.1625043357613597,0.1457392043646333
0.004819146632012129,0.1625910509885536,0.1457391865067821
0.004873294346978557,0.1625910509885536,0.14573573253627872
0.004873294346978557,0.16267776621574748,0.14573287654886505
0.0050357374918778425,0.16267776621574748,0.1424077046468169
0.0050357374918778425,0.16276448144294137,0.13990789761579092
0.0050898852068442715,0.16276448144294137,0.1398811222880773
0.0050898852068442715,0.16293791189732917,0.1339083565102323
0.005360623781676413,0.16293791189732917,0.13378664031788803
0.005360623781676413,0.16328477280610476,0.13377957025597345
0.005414771496642842,0.16328477280610476,0.1337776300366114
0.005414771496642842,0.16345820326049254,0.1337754920803416
0.005577214641542127,0.16345820326049254,0.13377410451834296
0.005577214641542127,0.16354491848768643,0.13377215750454743
0.005739657786441412,0.16354491848768643,0.13376931900762726
0.005739657786441412,0.1639784946236559,0.13376187678581866
0.005847953216374269,0.1639784946236559,0.13376079595348925
0.005847953216374269,0.1640652098508498,0.13376033241403354
0.005902100931340698,0.1640652098508498,0.1337603212274743
0.005902100931340698,0.1643253555324315,0.13375565534068803
0.005956248646307126,0.1643253555324315,0.13375478848935332
0.005956248646307126,0.16441207075962538,0.1337535385410822
0.006118691791206411,0.16441207075962538,0.1335164345369827
0.006118691791206411,0.16449878598681927,0.13279730249893837
0.006226987221139268,0.16449878598681927,0.12974658837481673
0.006226987221139268,0.1645855012140132,0.12929336403663821
0.006281134936105696,0.1645855012140132,0.12656555733344832
0.006281134936105696,0.16467221644120708,0.12610177832243744
0.00682261208576998,0.16467221644120708,0.12377432791492063
0.00682261208576998,0.16484564689559486,0.12374418681285218
0.006985055230669265,0.16484564689559486,0.12350567131147686
0.006985055230669265,0.16501907734998267,0.12349411224939602
0.0070933506606021225,0.16501907734998267,0.12335773314188672
0.0070933506606021225,0.16510579257717656,0.12335342772614369
0.00720164609053498,0.16510579257717656,0.12335120429752736
0.00720164609053498,0.16519250780437045,0.12335092752934565
0.007472384665367121,0.16519250780437045,0.1233433519593983
0.007472384665367121,0.16527922303156434,0.12334289078936547
0.0077431232401992635,0.16527922303156434,0.12333965767730207
0.0077431232401992635,0.16536593825875823,0.12333808718235553
0.007797270955165692,0.16536593825875823,0.12333715910233115
0.007797270955165692,0.16545265348595214,0.12333657804953149
0.00785141867013212,0.16545265348595214,0.12333621556653232
0.00785141867013212,0.16553936871314603,0.12333554307651487
0.007959714100064977,0.16553936871314603,0.12333255555798142
0.007959714100064977,0.16562608394033992,0.1233322222538891
0.008176304959930691,0.16562608394033992,0.12332993628904057
0.008176304959930691,0.16588622962192162,0.12332749120892175
0.00823045267489712,0.16588622962192162,0.12332501092494
0.00823045267489712,0.1659729448491155,0.12332438592674369
0.008501191249729262,0.1659729448491155,0.12331847695564638
0.008501191249729262,0.1660596600763094,0.12331838275632159
0.008826077539527832,0.1660596600763094,0.1231958108084901
0.008826077539527832,0.1661463753035033,0.12319268423471333
0.008880225254494261,0.1661463753035033,0.12318938477330968
0.008880225254494261,0.16623309053069718,0.12318913350655916
0.008934372969460688,0.16623309053069718,0.12318893049702642
0.008934372969460688,0.1663198057578911,0.12318885921236292
0.009150963829326402,0.1663198057578911,0.12318112374934523
0.009150963829326402,0.16649323621227888,0.12317651920818887
0.009259259259259259,0.16649323621227888,0.1231762003044872
0.009259259259259259,0.16666666666666666,0.12317278358038
0.009367554689192117,0.16666666666666666,0.12316739568928672
0.009367554689192117,0.16684009712105446,0.12166792382102323
0.009421702404158544,0.16684009712105446,0.12165487943449318
0.009421702404158544,0.16692681234824835,0.12165341107953467
0.009529997834091402,0.16692681234824835,0.12164719327675358
0.009529997834091402,0.16727367325702394,0.12164288421473082
0.00958414554905783,0.16727367325702394,0.12164284716333598
0.00958414554905783,0.16744710371141172,0.12163779359358665
0.009692440978990687,0.16744710371141172,0.12163277030313993
0.009692440978990687,0.1675338189386056,0.12163241859930143
0.009800736408923543,0.1675338189386056,0.12163187864317629
0.009800736408923543,0.1676205341657995,0.12163097624849908
0.009854884123889972,0.1676205341657995,0.12162682790172277
0.009854884123889972,0.16805411030176898,0.12161687261504597
0.0099090318388564,0.16805411030176898,0.12161636615754337
0.0099090318388564,0.16822754075615678,0.12161206854015519
0.010071474983755685,0.16822754075615678,0.11809630254373699
0.010071474983755685,0.16831425598335067,0.11744202372354803
0.010342213558587828,0.16831425598335067,0.11377047114786165
0.010342213558587828,0.16848768643773845,0.11332447976066456
0.010396361273554255,0.16848768643773845,0.11204951567894889
0.010396361273554255,0.16866111689212626,0.11188897561752287
0.010450508988520684,0.16866111689212626,0.11053339903752549
0.010450508988520684,0.16874783211932015,0.11042994792605001
0.010775395278319255,0.16874783211932015,0.11041062760153289
0.010775395278319255,0.16883454734651404,0.11041059004047463
0.01099198613818497,0.16883454734651404,0.11028681273019861
0.01099198613818497,0.16892126257370793,0.11027773057545479
0.011154429283084254,0.16892126257370793,0.11026883434610604
0.011154429283084254,0.16909469302809574,0.1102686355847298
0.011479315572882825,0.16909469302809574,0.110261597934215
0.011479315572882825,0.16918140825528963,0.11026058924709539
0.011533463287849252,0.16918140825528963,0.11026050342134977
0.011533463287849252,0.16926812348248352,0.11025828008525676
0.01164175871778211,0.16926812348248352,0.11025553289148474
0.01164175871778211,0.16944155393687133,0.11025400709968516
0.011750054147714966,0.16944155393687133,0.1102528119369777
0.011750054147714966,0.16952826916406522,0.11025134212172064
0.011858349577647823,0.16952826916406522,0.11024604040356192
0.011858349577647823,0.1696149843912591,0.11024488472058594
0.011912497292614252,0.1696149843912591,0.11024459359586339
0.011912497292614252,0.16978841484564688,0.11024076774726102
0.01196664500758068,0.16978841484564688,0.11023222458404594
0.01196664500758068,0.17013527575442247,0.10789202309026089
0.012074940437513537,0.17013527575442247,0.10491977243907064
0.012074940437513537,0.17022199098161636,0.10352461651484524
0.012129088152479966,0.17022199098161636,0.10318361841647225
0.012129088152479966,0.17030870620881028,0.10227685047422752
0.012237383582412822,0.17030870620881028,0.10158912545542415
0.012237383582412822,0.17039542143600417,0.10125830717923362
0.012453974442278536,0.17039542143600417,0.09956322535922524
0.012453974442278536,0.17056885189039195,0.09607560625496375
0.012508122157244964,0.17056885189039195,0.09579194578126297
0.012508122157244964,0.17065556711758584,0.09507864963165764
0.012616417587177822,0.17065556711758584,0.09497651547992525
0.012616417587177822,0.17074228234477976,0.09497160652309106
0.012724713017110678,0.17074228234477976,0.09306391987788182
0.012724713017110678,0.17082899757197365,0.09300579090111677
0.012778860732077107,0.17082899757197365,0.09206623173074996
0.012778860732077107,0.17117585848074923,0.08976105946397545
0.012833008447043534,0.17117585848074923,0.08811383992562777
0.012833008447043534,0.17126257370794312,0.08766873541810588
0.012887156162009963,0.17126257370794312,0.08657318008308623
0.012887156162009963,0.171349288935137,0.08656149070078545
0.012941303876976392,0.171349288935137,0.08653024976739387
0.012941303876976392,0.1715227193895248,0.08651608052918425
0.01299545159194282,0.1715227193895248,0.08651352120024192
0.01299545159194282,0.1716094346167187,0.08651195340633011
0.013103747021875677,0.1716094346167187,0.08649332553373346
0.013103747021875677,0.17186958029830038,0.08649083873680152
0.013212042451808534,0.17186958029830038,0.08648807935382719
0.013212042451808534,0.17204301075268819,0.08648659502194156
0.013266190166774963,0.17204301075268819,0.08648372188786402
0.013266190166774963,0.17230315643426986,0.0864767006883076
0.013374485596707819,0.17230315643426986,0.08647199503786118
0.013374485596707819,0.17247658688865763,0.08647008048769056
0.01364522417153996,0.17247658688865763,0.08646576173500953
0.01364522417153996,0.17265001734304544,0.0864610425959369
0.01369937188650639,0.17265001734304544,0.08645710814999097
0.01369937188650639,0.1729101630246271,0.08645562347335067
0.013807667316439245,0.1729101630246271,0.08645055239533916
0.013807667316439245,0.17299687825182103,0.0864498442749162
0.013915962746372103,0.17299687825182103,0.08644418404831411
0.013915962746372103,0.17308359347901492,0.08644356770532702
0.01397011046133853,0.17308359347901492,0.08644117160361264
0.01397011046133853,0.1732570239334027,0.08643977890122545
0.01402425817630496,0.1732570239334027,0.08643901561572553
0.01402425817630496,0.1734304543877905,0.08643596177628954
0.014240849036170674,0.1734304543877905,0.08642711626134969
0.014240849036170674,0.1735171696149844,0.08642689238735768
0.01434914446610353,0.1735171696149844,0.08642423353050921
0.01434914446610353,0.17377731529656607,0.08641602567580753
0.01440329218106996,0.17377731529656607,0.08641370544381433
0.01440329218106996,0.17395074575095387,0.08641278778448247
0.014836473900801386,0.17395074575095387,0.08640404867323137
0.014836473900801386,0.17403746097814776,0.08640168826088157
0.014944769330734242,0.17403746097814776,0.08639916812067172
0.014944769330734242,0.17429760665972946,0.08639634377560079
0.015107212475633527,0.17429760665972946,0.08639399905201861
0.015107212475633527,0.17438432188692335,0.08639291827598261
0.015161360190599956,0.17438432188692335,0.08638984801096994
0.015161360190599956,0.17447103711411724,0.08638978066466385
0.015323803335499242,0.17447103711411724,0.08638408669976028
0.015323803335499242,0.17464446756850502,0.08637660941732261
0.015432098765432098,0.17464446756850502,0.08637524499567606
0.015432098765432098,0.17481789802289283,0.08637375329877517
0.015486246480398527,0.17481789802289283,0.08637070377813205
0.015486246480398527,0.1750780437044745,0.08636791770350061
0.01575698505523067,0.1750780437044745,0.08636122967305737
0.01575698505523067,0.1751647589316684,0.08636070333032353
0.015919428200129954,0.1751647589316684,0.08635777547844148
0.015919428200129954,0.1752514741588623,0.08635670218780112
0.016190166774962097,0.1752514741588623,0.08635228317986288
0.016190166774962097,0.1753381893860562,0.08635220760500273
0.016244314489928524,0.1753381893860562,0.08635193833207899
0.016244314489928524,0.17542490461325008,0.08635077762822663
0.016298462204894955,0.17542490461325008,0.08634928232708572
0.016298462204894955,0.17585848074921956,0.08634570827283605
0.01640675763482781,0.17585848074921956,0.08634385541124212
0.01640675763482781,0.17594519597641345,0.0863434278892865
0.016569200779727095,0.17594519597641345,0.0863366574854163
0.016569200779727095,0.17603191120360737,0.0863334766498074
0.016623348494693525,0.17603191120360737,0.08633236970119795
0.016623348494693525,0.17629205688518904,0.08632873120837137
0.016677496209659953,0.17629205688518904,0.08632739430760039
0.016677496209659953,0.17637877211238293,0.08632714374523531
0.01673164392462638,0.17637877211238293,0.08632329394065974
0.01673164392462638,0.17646548733957684,0.08632218755225685
0.01678579163959281,0.17646548733957684,0.08632192389996929
0.01678579163959281,0.17655220256677073,0.08632191247135523
0.016839939354559238,0.17655220256677073,0.08632123004403369
0.016839939354559238,0.1767256330211585,0.08631998757015835
0.016894087069525665,0.1767256330211585,0.08631890752907534
0.016894087069525665,0.1769857787027402,0.08631563013086585
0.017002382499458523,0.1769857787027402,0.08631468141214671
0.017002382499458523,0.1770724939299341,0.08631330092502632
0.01705653021442495,0.1770724939299341,0.08631308799701709
0.01705653021442495,0.177159209157128,0.086312184715722
0.01711067792939138,0.177159209157128,0.08631199295919889
0.01711067792939138,0.17733263961151577,0.08631073254271304
0.017327268789257094,0.17733263961151577,0.08630302510233148
0.017327268789257094,0.17767950052029136,0.08629817357851088
0.01743556421918995,0.17767950052029136,0.0862965188952316
0.01743556421918995,0.17776621574748525,0.0862964980990295
0.01748971193415638,0.17776621574748525,0.08629420714454894
0.01748971193415638,0.17785293097467916,0.08629213975136674
0.017652155079055664,0.17785293097467916,0.08628834875364366
0.017652155079055664,0.17802636142906694,0.08628658246146959
0.01781459822395495,0.17802636142906694,0.08628216126504484
0.01781459822395495,0.17811307665626083,0.0862816492811731
0.017868745938921377,0.17811307665626083,0.08627592721890798
0.017868745938921377,0.17837322233784253,0.08627196324636088
0.017922893653887807,0.17837322233784253,0.08627171754773033
0.017922893653887807,0.1785466527922303,0.08627074899482712
0.018031189083820662,0.1785466527922303,0.08626982861777743
0.018031189083820662,0.1786333680194242,0.08626888317551851
0.018085336798787092,0.1786333680194242,0.08626877069374483
0.018085336798787092,0.17872008324661812,0.08626844895230223
0.01813948451375352,0.17872008324661812,0.08626770243136805
0.01813948451375352,0.1788935137010059,0.08626138202873146
0.018410223088585663,0.1788935137010059,0.08625679211869719
0.018410223088585663,0.17906694415539368,0.08625609176358484
0.018680961663417803,0.17906694415539368,0.08625111918760942
0.018680961663417803,0.17950052029136315,0.08624260498211567
0.01889755252328352,0.17950052029136315,0.08623427315604504
0.01889755252328352,0.17976066597294485,0.08623069929760319
0.019005847953216373,0.17976066597294485,0.08622855309747512
0.019005847953216373,0.17993409642733263,0.08622731361540148
0.019059995668182804,0.17993409642733263,0.08622638387751747
0.019059995668182804,0.18002081165452655,0.08622340125622685
0.01911414338314923,0.18002081165452655,0.08622333396650972
0.01911414338314923,0.1805411030176899,0.08621806401367471
0.01922243881308209,0.1805411030176899,0.08621710859628884
0.01922243881308209,0.1806278182448838,0.08621547564386267
0.019276586528048516,0.1806278182448838,0.08621543836610068
0.019276586528048516,0.18080124869927158,0.0862152718379785
0.019384881957981374,0.18080124869927158,0.08621466224241536
0.019384881957981374,0.1808879639264655,0.08621402901107378
0.01954732510288066,0.1808879639264655,0.0862111408207551
0.01954732510288066,0.18114810960804717,0.08620667019490358
0.019655620532813514,0.18114810960804717,0.08620552439045359
0.019655620532813514,0.18123482483524106,0.08620522513135698
0.019763915962746372,0.18123482483524106,0.08620397712056826
0.019763915962746372,0.18132154006243498,0.08620344579956973
0.0198180636777128,0.18132154006243498,0.08620264718149451
0.0198180636777128,0.18140825528962887,0.08620185656851631
0.019926359107645657,0.18140825528962887,0.08620008052465478
0.019926359107645657,0.18166840097121054,0.0861969836892571
0.019980506822612085,0.18166840097121054,0.08619622133232485
0.019980506822612085,0.18184183142559834,0.08619349344196392
0.020034654537578515,0.18184183142559834,0.08618877315304974
0.020034654537578515,0.18210197710718,0.08618448164713377
0.020088802252544943,0.18210197710718,0.08618415189780504
0.020088802252544943,0.1825355532431495,0.08618202919519335
0.02014294996751137,0.1825355532431495,0.08618079621271035
0.02014294996751137,0.1827089836975373,0.08617623557392906
0.0201970976824778,0.1827089836975373,0.08617364256612436
0.0201970976824778,0.18288241415192508,0.08617119125818817
0.020305393112410655,0.18288241415192508,0.08616389432060667
0.020305393112410655,0.18305584460631286,0.08616369240434096
0.020359540827377086,0.18305584460631286,0.08616321348688238
0.020359540827377086,0.18322927506070066,0.08616210699059668
0.020413688542343513,0.18322927506070066,0.08616131459245868
0.020413688542343513,0.18331599028789455,0.08616100024706053
0.020630279402209226,0.18331599028789455,0.08615682317707574
0.020630279402209226,0.18340270551508844,0.08615370892437402
0.020955165692007796,0.18340270551508844,0.08614783947695415
0.020955165692007796,0.18348942074228233,0.08614725884705954
0.021009313406974227,0.18348942074228233,0.08614633638528968
0.021009313406974227,0.18366285119667014,0.08614168420370039
0.021171756551873512,0.18366285119667014,0.08614102588908445
0.021171756551873512,0.18374956642386403,0.0861410098226918
0.02122590426683994,0.18374956642386403,0.0861409909854487
0.02122590426683994,0.18383628165105792,0.08614020566634206
0.021334199696772797,0.18383628165105792,0.08613866884429044
0.021334199696772797,0.1842698577870274,0.08613138762188122
0.021388347411739225,0.1842698577870274,0.0861243669650682
0.021388347411739225,0.1843565730142213,0.08612342158883801
0.021442495126705652,0.1843565730142213,0.08612196453546672
0.021442495126705652,0.1844432882414152,0.0861219495530734
0.021604938271604937,0.1844432882414152,0.08611655130752083
0.021604938271604937,0.1845300034686091,0.08611571203104407
0.021659085986571368,0.1845300034686091,0.08611539915269484
0.021659085986571368,0.18470343392299687,0.08611403550199492
0.021713233701537795,0.18470343392299687,0.0861086327986611
0.021713233701537795,0.18479014915019076,0.08610666648787912
0.021821529131470653,0.18479014915019076,0.08610597305970225
0.021821529131470653,0.18487686437738468,0.08610118387292287
0.022146415421269224,0.18487686437738468,0.08609420903722254
0.022146415421269224,0.18522372528616024,0.08609183275177168
0.022363006281134936,0.18522372528616024,0.08608940623886063
0.022363006281134936,0.18565730142212972,0.08608384584685158
0.022471301711067794,0.18565730142212972,0.08608277085340998
0.022471301711067794,0.18574401664932363,0.08608250198220002
0.02257959714100065,0.18574401664932363,0.08607851562310409
0.02257959714100065,0.1861775927852931,0.08606982110652717
0.022796188000866364,0.1861775927852931,0.0860637668379014
0.022796188000866364,0.1863510232396809,0.08605861606036291
0.02290448343079922,0.1863510232396809,0.08605613893178377
0.02290448343079922,0.18643773846687478,0.08605484715551337
0.02295863114576565,0.18643773846687478,0.08605190070548652
0.02295863114576565,0.18678459937565037,0.08604317682377904
0.023066926575698504,0.18678459937565037,0.08604024594853965
0.023066926575698504,0.18695802983003815,0.08603218731955886
0.023121074290664935,0.18695802983003815,0.08602745465963269
0.023121074290664935,0.18704474505723204,0.08602739413110072
0.023337665150530647,0.18704474505723204,0.08602400471029137
0.023337665150530647,0.18713146028442595,0.0860237702227582
0.02360840372536279,0.18713146028442595,0.08601989730684356
0.02360840372536279,0.1874783211932015,0.08601515737242638
0.023662551440329218,0.1874783211932015,0.0860139685445982
0.023662551440329218,0.18756503642039543,0.08601272849544306
0.023770846870262076,0.18756503642039543,0.08601032931700936
0.023770846870262076,0.1877384668747832,0.08600908960191944
0.023824994585228503,0.1877384668747832,0.08600609763700295
0.023824994585228503,0.1878251821019771,0.08600441773608636
0.024041585445094216,0.1878251821019771,0.0859958683325861
0.024041585445094216,0.187911897329171,0.08599059561363398
0.024095733160060646,0.187911897329171,0.08598924716954026
0.024095733160060646,0.1879986125563649,0.08598748365074904
0.02431232401992636,0.1879986125563649,0.08598334831688859
0.02431232401992636,0.1881720430107527,0.08598241462426981
0.024474767164825644,0.1881720430107527,0.08597693946523233
0.024474767164825644,0.18825875823794658,0.08597693543248819
0.02452891487979207,0.18825875823794658,0.08597679094487831
0.02452891487979207,0.18834547346514047,0.08597558188681953
0.024583062594758502,0.18834547346514047,0.08597238084696901
0.024583062594758502,0.18851890391952827,0.08597156812518222
0.024691358024691357,0.18851890391952827,0.08596972757916799
0.024691358024691357,0.18860561914672216,0.08596895794352188
0.024745505739657787,0.18860561914672216,0.08596813030734962
0.024745505739657787,0.18869233437391605,0.08596713874014106
0.0249620965995235,0.18869233437391605,0.08596390165826895
0.0249620965995235,0.18886576482830386,0.08596146062111099
0.025016244314489927,0.18886576482830386,0.08595941760189874
0.025016244314489927,0.18912591050988553,0.08595425175371973
0.025178687459389212,0.18912591050988553,0.08595327105351935
0.025178687459389212,0.18921262573707942,0.085950423104308
0.025232835174355643,0.18921262573707942,0.08594931830296626
0.025232835174355643,0.18938605619146723,0.08594774459519172
0.02539527831925493,0.18938605619146723,0.08594485220206605
0.02539527831925493,0.18947277141866112,0.08594326538124863
0.025449426034221356,0.18947277141866112,0.08594281521274216
0.025449426034221356,0.189559486645855,0.08593673212466224
0.025557721464154214,0.189559486645855,0.08593403572148883
0.025557721464154214,0.1896462018730489,0.08593228202032188
0.0257201646090535,0.1896462018730489,0.08592925828739384
0.0257201646090535,0.18973291710024281,0.08592914586597367
0.02593675546891921,0.18973291710024281,0.08592175776476463
0.02593675546891921,0.1898196323274367,0.0859215458381497
0.026207494043751355,0.1898196323274367,0.08590853813828492
0.026207494043751355,0.1899063475546306,0.0859054244527091
0.02636993718865064,0.1899063475546306,0.08590503948042927
0.02636993718865064,0.19025320846340618,0.085903026527131
0.026424084903617067,0.19025320846340618,0.08590187792358561
0.026424084903617067,0.19033992369060007,0.08590119549334685
0.026532380333549925,0.19033992369060007,0.08589978211745475
0.026532380333549925,0.19042663891779396,0.08589977771659951
0.026586528048516352,0.19042663891779396,0.08589855022016168
0.026586528048516352,0.19060006937218177,0.08589354747664113
0.02664067576348278,0.19060006937218177,0.08589310632182356
0.02664067576348278,0.19068678459937566,0.08589291656202191
0.02669482347844921,0.19068678459937566,0.08589272710569507
0.02669482347844921,0.19086021505376344,0.08589123914993624
0.026911414338314923,0.19086021505376344,0.08588725857164836
0.026911414338314923,0.19103364550815125,0.08588586316090252
0.02701970976824778,0.19103364550815125,0.0858853311477692
0.02701970976824778,0.19120707596253902,0.08587257830069284
0.027182152913147066,0.19120707596253902,0.0858656131557276
0.027182152913147066,0.19129379118973291,0.08586542907304717
0.02729044834307992,0.19129379118973291,0.08586515041976561
0.02729044834307992,0.1913805064169268,0.0858633032065299
0.02739874377301278,0.1913805064169268,0.08586271377091892
0.02739874377301278,0.1915539368713146,0.08586216330726626
0.027452891487979206,0.1915539368713146,0.08586199058530863
0.027452891487979206,0.1917273673257024,0.0858606717490491
0.027507039202945636,0.1917273673257024,0.08586029632883552
0.027507039202945636,0.19207422823447798,0.08585513610253281
0.02766948234784492,0.19207422823447798,0.08585119447961476
0.02766948234784492,0.19216094346167187,0.0858506841384199
0.02772363006281135,0.19216094346167187,0.08584846406405222
0.02772363006281135,0.19224765868886576,0.08584807069131917
0.027777777777777776,0.19224765868886576,0.08584774956623598
0.027777777777777776,0.19242108914325357,0.08584742264859746
0.027886073207710634,0.19242108914325357,0.08584630262014348
0.027886073207710634,0.19250780437044746,0.08584609170649338
0.02804851635260992,0.19250780437044746,0.08584400535551051
0.02804851635260992,0.19276795005202912,0.08584296793200497
0.028156811782542777,0.19276795005202912,0.08584282229188434
0.028156811782542777,0.19285466527922304,0.08584091992858256
0.028265107212475632,0.19285466527922304,0.08583523204762877
0.028265107212475632,0.1931148109608047,0.0858330241742935
0.02837340264240849,0.1931148109608047,0.08583231909850553
0.02837340264240849,0.1933749566423864,0.0858231346607381
0.028427550357374917,0.1933749566423864,0.08582281638730693
0.028427550357374917,0.1934616718695803,0.0858215613541975
0.028535845787307775,0.1934616718695803,0.08582103825300225
0.028535845787307775,0.19363510232396808,0.085819591797899
0.028752436647173488,0.19363510232396808,0.08581538776475561
0.028752436647173488,0.193721817551162,0.0858149666784902
0.028860732077106346,0.193721817551162,0.08581003174018065
0.028860732077106346,0.19380853277835589,0.0858094072391522
0.028914879792072773,0.19380853277835589,0.0858088905573473
0.028914879792072773,0.19406867845993755,0.0858061497910152
0.02902317522200563,0.19406867845993755,0.08580490799802631
0.02902317522200563,0.19415539368713147,0.08580247125595064
0.029077322936972058,0.19415539368713147,0.08579976025004976
0.029077322936972058,0.19441553936871314,0.08579571941952846
0.029185618366904916,0.19441553936871314,0.08579468245547073
0.029185618366904916,0.19450225459590703,0.08579412230176908
0.029564652371669914,0.19450225459590703,0.08578496590087226
0.029564652371669914,0.19510926118626432,0.08577732292233087
0.029672947801602772,0.19510926118626432,0.08577577528581148
0.029672947801602772,0.1951959764134582,0.08577555025395522
0.0297270955165692,0.1951959764134582,0.08577497080015006
0.0297270955165692,0.1952826916406521,0.08577481674081167
0.029835390946502057,0.1952826916406521,0.085773608213223
0.029835390946502057,0.19536940686784598,0.08577259147436167
0.029889538661468484,0.19536940686784598,0.08577137825365111
0.029889538661468484,0.1954561220950399,0.08577130299488922
0.03005198180636777,0.1954561220950399,0.08577055129371924
0.03005198180636777,0.1955428373222338,0.08576878758171236
0.0301061295213342,0.1955428373222338,0.08576771265460459
0.0301061295213342,0.19580298300381546,0.08576638238503809
0.03043101581113277,0.19580298300381546,0.08576149830187507
0.03043101581113277,0.19588969823100935,0.0857600571222985
0.030539311241065625,0.19588969823100935,0.0857591741979622
0.030539311241065625,0.19606312868539716,0.08575652814970347
0.03081004981589777,0.19606312868539716,0.08574834489814043
0.03081004981589777,0.19614984391259105,0.08574644297897205
0.03113493610569634,0.19614984391259105,0.08574116656047348
0.03113493610569634,0.19640998959417275,0.0857374913102551
0.031189083820662766,0.19640998959417275,0.08573723048893589
0.031189083820662766,0.19649670482136664,0.0857337797924036
0.031243231535629197,0.19649670482136664,0.08573331417801366
0.031243231535629197,0.19684356573014222,0.08572273299946609
0.0316222655403942,0.19684356573014222,0.08571439478786291
0.0316222655403942,0.1971037114117239,0.08570868304968893
0.03173056097032705,0.1971037114117239,0.08570689521190733
0.03173056097032705,0.19719042663891778,0.08570579303418557
0.03183885640025991,0.19719042663891778,0.08569904414628238
0.03183885640025991,0.1972771418661117,0.08569868547785231
0.03194715183019277,0.1972771418661117,0.08569684146962842
0.03194715183019277,0.1973638570933056,0.08569564301446886
0.032109594975092054,0.1973638570933056,0.08568788814336648
0.032109594975092054,0.19745057232049948,0.08568752331917873
0.03227203811999134,0.19745057232049948,0.08567996701811609
0.03227203811999134,0.19762400277488726,0.08567797897558593
0.03232618583495776,0.19762400277488726,0.0856758920943923
0.03232618583495776,0.19771071800208118,0.08567584148453888
0.03248862897985705,0.19771071800208118,0.08566559263667806
0.03248862897985705,0.19779743322927507,0.085665043353498
0.03254277669482348,0.19779743322927507,0.08566472085734622
0.03254277669482348,0.19788414845646896,0.08566339954258395
0.032651072124756333,0.19788414845646896,0.08566096246421417
0.032651072124756333,0.19797086368366285,0.08565836432002949
0.03286766298462205,0.19797086368366285,0.08565730656308457
0.03286766298462205,0.19823100936524454,0.08565411900265074
0.03319254927442062,0.19823100936524454,0.08564722533661029
0.03319254927442062,0.19840443981963232,0.08564398734812917
0.033354992419319905,0.19840443981963232,0.0856415450206891
0.033354992419319905,0.1990114464099896,0.0856321574970833
0.033409140134286336,0.1990114464099896,0.08563159170487755
0.033409140134286336,0.1990981616371835,0.08563113169668535
0.03351743556421919,0.1990981616371835,0.08563010952409522
0.03351743556421919,0.19918487686437739,0.08562954126522859
0.033625730994152045,0.19918487686437739,0.08562891733791123
0.033625730994152045,0.19935830731876517,0.08562710111709348
0.033679878709118476,0.19935830731876517,0.0856248092955596
0.033679878709118476,0.19953173777315297,0.08562279453910637
0.033734026424084906,0.19953173777315297,0.08562131357477165
0.033734026424084906,0.19961845300034686,0.08561985828145602
0.03384232185401776,0.19961845300034686,0.0856194940381978
0.03384232185401776,0.19987859868192856,0.08561588405103415
0.0341130604288499,0.19987859868192856,0.08561127973954585
0.0341130604288499,0.19996531390912245,0.08561044773332371
0.034275503573749186,0.19996531390912245,0.08560833079210206
0.034275503573749186,0.20005202913631634,0.08560713028531186
0.03454624214858133,0.20005202913631634,0.08560178575556465
0.03454624214858133,0.20048560527228582,0.08559833244208015
0.034600389863547756,0.20048560527228582,0.08559806025465533
0.034600389863547756,0.2005723204994797,0.08559789421466713
0.03481698072341347,0.2005723204994797,0.08559262159943937
0.03481698072341347,0.2006590357266736,0.08559246650154306
0.0348711284383799,0.2006590357266736,0.08559192526611281
0.0348711284383799,0.20074575095386749,0.0855893821721252
0.03497942386831276,0.20074575095386749,0.08558089626616572
0.03497942386831276,0.2008324661810614,0.08558035634013805
0.03508771929824561,0.2008324661810614,0.08557612452784746
0.03508771929824561,0.20100589663544918,0.0855758516376861
0.03514186701321204,0.20100589663544918,0.08557032115229313
0.03514186701321204,0.20135275754422477,0.08556662474645504
0.035196014728178474,0.20135275754422477,0.08556515872631953
0.035196014728178474,0.20143947277141866,0.0855651009531968
0.03546675330301061,0.20143947277141866,0.0855596034077113
0.03546675330301061,0.20152618799861255,0.08555805796097338
0.035520901017977044,0.20152618799861255,0.08555650420143657
0.035520901017977044,0.20178633368019425,0.08555054016156749
0.03557504873294347,0.20178633368019425,0.0855464293365682
0.03557504873294347,0.20195976413458203,0.08554465179763548
0.03573749187784275,0.20195976413458203,0.08553989306499421
0.03573749187784275,0.20204647936177592,0.08553875980325731
0.036062378167641324,0.20204647936177592,0.08552990439151609
0.036062378167641324,0.20221990981616372,0.08552805633233329
0.03627896902750704,0.20221990981616372,0.08552491307092147
0.03627896902750704,0.2023933402705515,0.08552394928806084
0.036387264457439894,0.2023933402705515,0.0855229489099183
0.036387264457439894,0.2025667707249393,0.08552240609769712
0.036712150747238464,0.2025667707249393,0.0855169886212035
0.036712150747238464,0.2027402011793271,0.08551520092471954
0.036766298462204895,0.2027402011793271,0.08551345669322763
0.036766298462204895,0.20291363163371487,0.08551119364847204
0.036820446177171326,0.20291363163371487,0.08551091258555044
0.036820446177171326,0.2030003468609088,0.08550754464108956
0.03698288932207061,0.2030003468609088,0.08550328760541426
0.03698288932207061,0.20308706208810268,0.08550323512333802
0.037145332466969896,0.20308706208810268,0.08549979174442046
0.037145332466969896,0.20334720776968435,0.0854955139309681
0.03725362789690275,0.20334720776968435,0.08549288344814432
0.03725362789690275,0.20343392299687826,0.08549180011101765
0.03730777561186918,0.20343392299687826,0.08548446560856382
0.03730777561186918,0.20352063822407215,0.0854785806624998
0.03747021875676847,0.20352063822407215,0.08547390183988957
0.03747021875676847,0.20369406867845993,0.0854700318020225
0.03752436647173489,0.20369406867845993,0.08546766492154267
0.03752436647173489,0.2042143600416233,0.08546180737783704
0.037686809616634176,0.2042143600416233,0.08546030987187225
0.037686809616634176,0.20430107526881722,0.08545961658291645
0.03774095733160061,0.20430107526881722,0.08545957621554456
0.03774095733160061,0.2043877904960111,0.08545713041831093
0.03790340047649989,0.2043877904960111,0.08545296037791772
0.03790340047649989,0.204474505723205,0.08545169575807932
0.03795754819146632,0.204474505723205,0.08545161146944324
0.03795754819146632,0.2045612209503989,0.08545061416728195
0.038011695906432746,0.2045612209503989,0.08545026658527455
0.038011695906432746,0.2047346514047867,0.08544962168663117
0.03806584362139918,0.2047346514047867,0.08544949258990675
0.03806584362139918,0.20482136663198058,0.08544881634734192
0.03828243448126489,0.20482136663198058,0.08544404234845482
0.03828243448126489,0.20490808185917447,0.08544094902114563
0.03833658219623132,0.20490808185917447,0.08543982377841552
0.03833658219623132,0.20508151231356225,0.08543727276085944
0.03839072991119775,0.20508151231356225,0.0854339457443205
0.03839072991119775,0.20516822754075617,0.0854321766285937
0.03866146848602989,0.20516822754075617,0.08542563745529153
0.03866146848602989,0.20534165799514395,0.08542486975777352
0.03876976391596275,0.20534165799514395,0.08541920583755025
0.03876976391596275,0.20542837322233784,0.08541835161475109
0.0388780593458956,0.20542837322233784,0.08541564769837251
0.0388780593458956,0.20551508844953173,0.0854152140697102
0.03909465020576132,0.20551508844953173,0.08541261662468957
0.03909465020576132,0.20568851890391954,0.08541103706789954
0.03914879792072774,0.20568851890391954,0.08541002494895444
0.03914879792072774,0.20577523413111343,0.08540865290360533
0.039202945635694174,0.20577523413111343,0.08540846534582891
0.039202945635694174,0.2059486645855012,0.08540532928197875
0.039581979640459175,0.2059486645855012,0.08539725271168508
0.039581979640459175,0.2062088102670829,0.08539609634063638
0.0396361273554256,0.2062088102670829,0.08539428315134612
0.0396361273554256,0.2062955254942768,0.08539322022353679
0.03969027507039203,0.2062955254942768,0.08539225494130043
0.03969027507039203,0.20638224072147068,0.0853919024427432
0.039798570500324884,0.20638224072147068,0.08538882112040747
0.039798570500324884,0.20664238640305238,0.08538704425815835
0.039852718215291315,0.20664238640305238,0.08538569563355947
0.039852718215291315,0.20681581685744016,0.08538328796072192
0.039906865930257746,0.20681581685744016,0.0853815633986903
0.039906865930257746,0.20690253208463405,0.08538095644417565
0.03996101364522417,0.20690253208463405,0.08538019613778625
0.03996101364522417,0.20698924731182797,0.08537930162361773
0.0400151613601906,0.20698924731182797,0.08537916606735063
0.0400151613601906,0.20707596253902186,0.08537880119450181
0.04006930907515703,0.20707596253902186,0.08537870135380321
0.04006930907515703,0.20724939299340964,0.08537810423736114
0.040177604505089885,0.20724939299340964,0.08537160793391085
0.040177604505089885,0.20742282344779744,0.08537093996523248
0.040448343079922025,0.20742282344779744,0.08536139820263777
0.040448343079922025,0.20750953867499133,0.08535942026312382
0.040502490794888456,0.20750953867499133,0.08535847963127208
0.040502490794888456,0.20759625390218522,0.08535723846493637
0.04071908165475417,0.20759625390218522,0.08533955291385276
0.04071908165475417,0.207769684356573,0.0853382582301927
0.040773229369720596,0.207769684356573,0.08533717014976827
0.040773229369720596,0.20785639958376692,0.08533514398717101
0.04093567251461988,0.20785639958376692,0.08533239212347654
0.04093567251461988,0.2079431148109608,0.08533168185046369
0.04098982022958631,0.2079431148109608,0.08533054542356933
0.04098982022958631,0.2080298300381547,0.0853275870782706
0.04104396794455274,0.2080298300381547,0.0853262984983938
0.04104396794455274,0.20855012140131807,0.08532132546116022
0.041098115659519166,0.20855012140131807,0.08532106821616847
0.041098115659519166,0.20863683662851196,0.08532043265032052
0.04120641108945203,0.20863683662851196,0.0853187283815644
0.04120641108945203,0.20872355185570587,0.08531806594491798
0.041423001949317736,0.20872355185570587,0.08531165701922916
0.041423001949317736,0.20881026708289976,0.08531134189161205
0.04158544509421702,0.20881026708289976,0.0853085825012192
0.04158544509421702,0.20898369753728754,0.08530343042989119
0.04185618366904917,0.20898369753728754,0.08529900700090987
0.04185618366904917,0.20907041276448143,0.08529898414349768
0.04191033138401559,0.20907041276448143,0.08529803641491451
0.04191033138401559,0.20915712799167535,0.0852977804039301
0.04196447909898202,0.20915712799167535,0.08529742216457414
0.04196447909898202,0.20933055844606313,0.08529641349412387
0.04207277452891488,0.20933055844606313,0.08529531264414758
0.04207277452891488,0.20941727367325702,0.08529453400874565
0.04223521767381416,0.20941727367325702,0.0852936277675731
0.04223521767381416,0.2095039889004509,0.08529348865063713
0.042343513103747024,0.2095039889004509,0.08529302609663159
0.042343513103747024,0.20959070412764483,0.08529289276958174
0.04239766081871345,0.20959070412764483,0.08529200764675515
0.04239766081871345,0.2101109954908082,0.08528698408473101
0.042884990253411304,0.2101109954908082,0.08527439162296102
0.042884990253411304,0.21019771071800208,0.0852732162804295
0.042993285683344165,0.21019771071800208,0.08527027875673432
0.042993285683344165,0.21037114117238986,0.08526978896055315
0.043318171973142736,0.21037114117238986,0.08526144626978605
0.043318171973142736,0.21089143253555323,0.08525641390835692
0.04337231968810916,0.21089143253555323,0.08525430923016808
0.04337231968810916,0.21097814776274715,0.08525389317936583
0.04348061511804202,0.21097814776274715,0.08525230775271475
0.04348061511804202,0.21106486298994104,0.08525228266839302
0.043534762833008445,0.21106486298994104,0.08524754923099054
0.043534762833008445,0.21115157821713493,0.08524580554745209
0.04369720597790773,0.21115157821713493,0.08524296957546018
0.04369720597790773,0.21123829344432882,0.08524105367796553
0.04375135369287416,0.21123829344432882,0.08524036509396637
0.04375135369287416,0.2113250086715227,0.08523905042630675
0.04380550140784059,0.2113250086715227,0.08523856604264335
0.04380550140784059,0.21141172389871662,0.08523825615361202
0.043913796837773446,0.21141172389871662,0.085235824881706
0.043913796837773446,0.21149843912591051,0.08523498907036275
0.04396794455273988,0.21149843912591051,0.08523496659539087
0.04396794455273988,0.2115851543531044,0.08523468937665712
0.0440220922677063,0.2115851543531044,0.08523379981170587
0.0440220922677063,0.2116718695802983,0.0852330188552326
0.04413038769763916,0.2116718695802983,0.08523003109668004
0.04413038769763916,0.21193201526188,0.08522813529306372
0.044184535412605586,0.21193201526188,0.08522761361969411
0.044184535412605586,0.21201873048907388,0.08522586654896691
0.044238683127572016,0.21201873048907388,0.08522536832302774
0.044238683127572016,0.21210544571626777,0.0852248399310962
0.04434697855750487,0.21210544571626777,0.08522140507285147
0.04434697855750487,0.21245230662504336,0.08521831438030447
0.04445527398743773,0.21245230662504336,0.08521618231853156
0.04445527398743773,0.21253902185223725,0.08521541640865138
0.04488845570716916,0.21253902185223725,0.08521112731967495
0.04488845570716916,0.21262573707943114,0.08521099860807846
0.04505089885206844,0.21262573707943114,0.08520748496201525
0.04505089885206844,0.21271245230662505,0.08520734134192876
0.04526748971193416,0.21271245230662505,0.08520595915043971
0.04526748971193416,0.21288588276101283,0.08520521481545273
0.04532163742690058,0.21288588276101283,0.08520444431657559
0.04532163742690058,0.21305931321540061,0.08520434961000811
0.04559237600173273,0.21305931321540061,0.08519840286383862
0.04559237600173273,0.21314602844259453,0.0851957859345529
0.04564652371669915,0.21314602844259453,0.08519515151655033
0.04564652371669915,0.2134061741241762,0.08519001867743503
0.04586311457656487,0.2134061741241762,0.08518711759627018
0.04586311457656487,0.2134928893513701,0.08518423843602796
0.046025557721464154,0.2134928893513701,0.08518241409898808
0.046025557721464154,0.213579604578564,0.08518139080139742
0.046079705436430585,0.213579604578564,0.08518088143541003
0.046079705436430585,0.2136663198057579,0.08517767128833231
0.04613385315139701,0.2136663198057579,0.08517752081798147
0.04613385315139701,0.21401318071453349,0.08517497898974247
0.04624214858132987,0.21401318071453349,0.08517270391932708
0.04624214858132987,0.21409989594172738,0.08517239680295541
0.046350444011262724,0.21409989594172738,0.08517087932689571
0.046350444011262724,0.21427332639611515,0.08516698871549355
0.047054364305826296,0.21427332639611515,0.0851562471688363
0.047054364305826296,0.21436004162330904,0.08515472289957882
0.04716265973575915,0.21436004162330904,0.08515459796479363
0.04716265973575915,0.21444675685050296,0.08515181616148015
0.04721680745072558,0.21444675685050296,0.08514901102708539
0.04721680745072558,0.21462018730489074,0.08514879785080143
0.047270955165692005,0.21462018730489074,0.08514800270590306
0.047270955165692005,0.21470690253208463,0.08514694542852608
0.047325102880658436,0.21470690253208463,0.08514655826361195
0.047325102880658436,0.21479361775927852,0.08514488945789012
0.04748754602555772,0.21479361775927852,0.0851380221095428
0.04748754602555772,0.2148803329864724,0.08513721220046211
0.047595841455490576,0.2148803329864724,0.08513284782870767
0.047595841455490576,0.21505376344086022,0.08512921282708996
0.047649989170457006,0.21505376344086022,0.08512745334679406
0.047649989170457006,0.2151404786680541,0.0851264889926946
0.04770413688542344,0.2151404786680541,0.08512642875207943
0.04770413688542344,0.215227193895248,0.08512568397995901
0.04786658003032272,0.215227193895248,0.08512300492425595
0.04786658003032272,0.2154873395768297,0.0851197935835799
0.04813731860515486,0.2154873395768297,0.08510945202328157
0.04813731860515486,0.21557405480402358,0.0851090649329771
0.04824561403508772,0.21557405480402358,0.08510777780635448
0.04824561403508772,0.21592091571279917,0.08510384272315319
0.04829976175005415,0.21592091571279917,0.08510182391885723
0.04829976175005415,0.21609434616718695,0.08510122593492842
0.04851635260991986,0.21609434616718695,0.08509642006785478
0.04851635260991986,0.21618106139438084,0.08509473590317174
0.04867879575481915,0.21618106139438084,0.08509366448019118
0.04867879575481915,0.21644120707596254,0.08508988102213788
0.048841238899718434,0.21644120707596254,0.08508657523755203
0.048841238899718434,0.21670135275754424,0.08508367374928727
0.04889538661468486,0.21670135275754424,0.0850785015569182
0.04889538661468486,0.2170482136663198,0.08507635863837781
0.04894953432965129,0.2170482136663198,0.08507445718712403
0.04894953432965129,0.2173083593479015,0.08507388319230968
0.04900368204461772,0.2173083593479015,0.0850717244783461
0.04900368204461772,0.2175685050294832,0.08506841943289967
0.04905782975958414,0.2175685050294832,0.08506836314120392
0.04905782975958414,0.21765522025667708,0.08506800485964439
0.049166125189517004,0.21765522025667708,0.08506656967298887
0.049166125189517004,0.21774193548387097,0.08506597385534787
0.04927442061944986,0.21774193548387097,0.08506487402474217
0.04927442061944986,0.21782865071106486,0.08506408519892728
0.04932856833441629,0.21782865071106486,0.08506351329281214
0.04932856833441629,0.21800208116545267,0.08505981166692389
0.04938271604938271,0.21800208116545267,0.08505937200483138
0.04938271604938271,0.21808879639264656,0.08505530531742056
0.049707602339181284,0.21808879639264656,0.08504784786082831
0.049707602339181284,0.21817551161984045,0.08504541246980879
0.050032488628979854,0.21817551161984045,0.0850392871000778
0.050032488628979854,0.21826222684703434,0.08503592051097408
0.05019493177387914,0.21826222684703434,0.08503271306835791
0.05019493177387914,0.21843565730142214,0.08502995292581206
0.05024907948884557,0.21843565730142214,0.08502983418563614
0.05024907948884557,0.21852237252861603,0.08502759182102593
0.050357374918778425,0.21852237252861603,0.0850233039151076
0.050357374918778425,0.21860908775580992,0.08502257032761018
0.05062811349361057,0.21860908775580992,0.08501595532043571
0.05062811349361057,0.2186958029830038,0.08501433756234222
0.050682261208576995,0.2186958029830038,0.08501222115672258
0.050682261208576995,0.2187825182101977,0.0850120727378747
0.050736408923543426,0.2187825182101977,0.08501177916901326
0.050736408923543426,0.21886923343739162,0.08501137930922642
0.05079055663850986,0.21886923343739162,0.08500988515101371
0.05079055663850986,0.2191293791189733,0.08500849563224588
0.05084470435347628,0.2191293791189733,0.08500741537524537
0.05084470435347628,0.21921609434616718,0.08500723795470222
0.051007147498375566,0.21921609434616718,0.08500326983819484
0.051007147498375566,0.21956295525494277,0.08499716336468821
0.051440329218107,0.21956295525494277,0.08498546646437766
0.051440329218107,0.21964967048213666,0.08498538633684727
0.05154862464803985,0.21964967048213666,0.08498008120388767
0.05154862464803985,0.21973638570933055,0.08497967332857237
0.05160277236300628,0.21973638570933055,0.08497929133933102
0.05160277236300628,0.21982310093652446,0.08497917876836913
0.05165692007797271,0.21982310093652446,0.08497750467626353
0.05165692007797271,0.21990981616371835,0.08497736718381854
0.05171106779293914,0.21990981616371835,0.0849772795670296
0.05171106779293914,0.21999653139091224,0.0849759294618393
0.05176521550790557,0.21999653139091224,0.08497252531934185
0.05176521550790557,0.22008324661810613,0.08497238378933836
0.05192765865280485,0.22008324661810613,0.08496748223264716
0.05192765865280485,0.22034339229968783,0.08496455736789388
0.05198180636777128,0.22034339229968783,0.08496320480394859
0.05198180636777128,0.22043010752688172,0.08496011301708761
0.05214424951267056,0.22043010752688172,0.08495518794953649
0.05214424951267056,0.2205168227540756,0.08495510080395441
0.05219839722763699,0.2205168227540756,0.08495492021252438
0.05219839722763699,0.2206035379812695,0.08495381651413547
0.05230669265756985,0.2206035379812695,0.08495297546991121
0.05230669265756985,0.22069025320846342,0.08494921445551817
0.05246913580246913,0.22069025320846342,0.08494747487705157
0.05246913580246913,0.2208636836628512,0.0849452427225521
0.05263157894736842,0.2208636836628512,0.08494312988415675
0.05263157894736842,0.22103711411723898,0.08494104246581302
0.05295646523716699,0.22103711411723898,0.08493412831175107
0.05295646523716699,0.22121054457162678,0.08493350795871968
0.05301061295213342,0.22121054457162678,0.0849306810942354
0.05301061295213342,0.22129725979882067,0.08493002362294821
0.053173056097032705,0.22129725979882067,0.08492915236040677
0.053173056097032705,0.22155740548040237,0.08492415119734353
0.053227203811999135,0.22155740548040237,0.08492218626702641
0.053227203811999135,0.22173083593479015,0.0849203451286511
0.05328135152696556,0.22173083593479015,0.0849201206631216
0.05328135152696556,0.22181755116198404,0.08491896333897775
0.05338964695689842,0.22181755116198404,0.08491751543796222
0.05338964695689842,0.22190426638917793,0.08491701321847756
0.053497942386831275,0.22190426638917793,0.08491281155776198
0.053497942386831275,0.22199098161637185,0.0849082820326692
0.053768680961663415,0.22199098161637185,0.08490356479424288
0.053768680961663415,0.22207769684356574,0.08490273533229287
0.05420186268139485,0.22207769684356574,0.08489700617720519
0.05420186268139485,0.2225979882067291,0.08488793293721253
0.054472601256226987,0.2225979882067291,0.08488379629431542
0.054472601256226987,0.222684703433923,0.08488298257239046
0.05463504440112627,0.222684703433923,0.08488191580806359
0.05463504440112627,0.22311827956989247,0.08487405740562237
0.0546891921160927,0.22311827956989247,0.08487351325591641
0.0546891921160927,0.22320499479708636,0.08487042229078456
0.054743339831059126,0.22320499479708636,0.08486864513913495
0.054743339831059126,0.22389871661463753,0.08486265234557866
0.05523066926575698,0.22389871661463753,0.08485311553831631
0.05523066926575698,0.2241588622962192,0.08484981337664554
0.05539311241065627,0.2241588622962192,0.08484686435852318
0.05539311241065627,0.2244190079778009,0.0848451911056809
0.05555555555555555,0.2244190079778009,0.08484288086833791
0.05555555555555555,0.22485258411377038,0.08483414813301282
0.05560970327052198,0.22485258411377038,0.08483298753860069
0.05560970327052198,0.22493929934096427,0.08483234619222446
0.055663850985488414,0.22493929934096427,0.0848289763749368
0.055663850985488414,0.22511272979535207,0.08482349320235105
0.05588044184535412,0.22511272979535207,0.08482018335710806
0.05588044184535412,0.22519944502254596,0.08481867253635711
0.055934589560320554,0.22519944502254596,0.08481866807386607
0.055934589560320554,0.22528616024973985,0.08481685785476989
0.055988737275286984,0.22528616024973985,0.08481412510989195
0.055988737275286984,0.22545959070412763,0.08481035403477755
0.05642191899501841,0.22545959070412763,0.08480664675627003
0.05642191899501841,0.22554630593132155,0.08480624377792867
0.05647606670998484,0.22554630593132155,0.08480580544135208
0.05647606670998484,0.22571973638570933,0.0848034133783322
0.056584362139917695,0.22571973638570933,0.0848009376861727
0.056584362139917695,0.22606659729448492,0.0847949926384497
0.056855100714749834,0.22606659729448492,0.0847921428174303
0.056855100714749834,0.2261533125216788,0.08478858770767705
0.056963396144682696,0.2261533125216788,0.08478553036372127
0.056963396144682696,0.2262400277488727,0.0847850374165191
0.05707169157461555,0.2262400277488727,0.08478405752427842
0.05707169157461555,0.2264134582032605,0.08478213683922453
0.057179987004548405,0.2264134582032605,0.08477781210972668
0.057179987004548405,0.2265001734304544,0.08477587647923124
0.057234134719514836,0.2265001734304544,0.0847754733723447
0.057234134719514836,0.22667360388484217,0.08477459628945261
0.05734243014944769,0.22667360388484217,0.08477368552704756
0.05734243014944769,0.22676031911203606,0.084773133333238
0.05739657786441412,0.22676031911203606,0.08477276789309185
0.05739657786441412,0.22684703433922998,0.08477155749061271
0.05745072557938055,0.22684703433922998,0.08477150897028851
0.05745072557938055,0.22693374956642387,0.08477004739704896
0.05772146415421269,0.22693374956642387,0.08476637539013798
0.05772146415421269,0.22710718002081165,0.08476242410134782
0.05777561186917912,0.22710718002081165,0.08476008900278797
0.05777561186917912,0.22728061047519946,0.08475865562888618
0.058154645873944116,0.22728061047519946,0.08475102986897998
0.058154645873944116,0.22745404092958724,0.08474799397592059
0.05826294130387698,0.22745404092958724,0.08474485200293924
0.05826294130387698,0.22754075615678113,0.08474328698382028
0.0583170890188434,0.22754075615678113,0.08474268244737204
0.0583170890188434,0.22762747138397502,0.08474257931302254
0.05837123673380983,0.22762747138397502,0.08473996406703166
0.05837123673380983,0.22780090183836282,0.08473678467227308
0.05847953216374269,0.22780090183836282,0.08473498547845026
0.05847953216374269,0.2279743322927506,0.08473399851458097
0.05864197530864197,0.2279743322927506,0.08472603014992042
0.05864197530864197,0.2281477627471384,0.08472413628790898
0.05880441845354126,0.2281477627471384,0.08472050417347732
0.05880441845354126,0.2282344779743323,0.08471943199043208
0.059075157028373404,0.2282344779743323,0.08471042982563337
0.059075157028373404,0.2283211932015262,0.08470867106603741
0.05912930474333983,0.2283211932015262,0.08470853741404927
0.05912930474333983,0.2285813388831079,0.08470747514712018
0.059670781893004114,0.2285813388831079,0.08469701172305943
0.059670781893004114,0.22866805411030178,0.08469296146934968
0.059724929607970545,0.22866805411030178,0.08469257675402764
0.059724929607970545,0.22884148456468956,0.08469014882341641
0.05977907732293697,0.22884148456468956,0.08468967587498066
0.05977907732293697,0.22892819979188345,0.08468910683661957
0.06010396361273554,0.22892819979188345,0.08468373505767302
0.06010396361273554,0.22901491501907734,0.08468147515231972
0.060374702187567686,0.22901491501907734,0.08467560754242842
0.060374702187567686,0.22918834547346514,0.08467346145604449
0.06042884990253411,0.22918834547346514,0.08467198736713177
0.06042884990253411,0.2294484911550468,0.0846692090255885
0.06048299761750054,0.2294484911550468,0.08466884310574474
0.06048299761750054,0.22953520638224073,0.08466817006871952
0.060591293047433395,0.22953520638224073,0.08466668670832078
0.060591293047433395,0.22962192160943462,0.08466392339337347
0.060645440762399826,0.22962192160943462,0.08466363944471644
0.060645440762399826,0.2297086368366285,0.0846635365820545
0.060699588477366256,0.2297086368366285,0.08466202016962376
0.060699588477366256,0.2298820672910163,0.08465764720619862
0.06075373619233268,0.2298820672910163,0.08465760422298985
0.06075373619233268,0.2299687825182102,0.08465756853366324
0.06080788390729911,0.2299687825182102,0.08465713734987124
0.06080788390729911,0.23022892819979188,0.08465236269463383
0.06107862248213125,0.23022892819979188,0.08465097187091186
0.06107862248213125,0.23031564342698577,0.0846506002365841
0.06118691791206411,0.23031564342698577,0.08464762789926517
0.06118691791206411,0.23040235865417968,0.08464742268291259
0.06140350877192982,0.23040235865417968,0.08464114337984263
0.06140350877192982,0.23057578910856746,0.0846403931927524
0.06145765648689625,0.23057578910856746,0.0846397686445548
0.06145765648689625,0.23066250433576135,0.08463782007490583
0.06151180420186268,0.23066250433576135,0.08463683420343049
0.06151180420186268,0.23092265001734305,0.08463382786396334
0.06194498592159411,0.23092265001734305,0.08462859212926932
0.06194498592159411,0.23100936524453694,0.08462750884982229
0.06199913363656054,0.23100936524453694,0.08462734960598461
0.06199913363656054,0.23109608047173083,0.0846270029790579
0.06210742906649339,0.23109608047173083,0.08462424506788735
0.06210742906649339,0.23118279569892472,0.08462272328219345
0.062161576781459824,0.23118279569892472,0.08462210036265816
0.062161576781459824,0.23135622615331253,0.08462174687405155
0.06232401992635911,0.23135622615331253,0.08461901952194006
0.06232401992635911,0.23144294138050642,0.08461802824791365
0.06243231535629196,0.23144294138050642,0.0846133646419065
0.06243231535629196,0.2316163718348942,0.08460992737259088
0.06259475850119126,0.2316163718348942,0.08460855257427502
0.06259475850119126,0.23170308706208811,0.08460806969077961
0.06291964479098983,0.23170308706208811,0.08460525685901588
0.06291964479098983,0.231789802289282,0.08460458290113237
0.06313623565085554,0.231789802289282,0.08460131890096734
0.06313623565085554,0.23196323274366978,0.08460079184413383
0.06319038336582196,0.23196323274366978,0.08460023077299139
0.06319038336582196,0.23204994797086367,0.08459810464754769
0.0632445310807884,0.23204994797086367,0.08459732087405691
0.0632445310807884,0.2321366631980576,0.0845959101670648
0.0634611219406541,0.2321366631980576,0.08459354421873866
0.0634611219406541,0.23248352410683315,0.08459123544617264
0.06356941737058697,0.23248352410683315,0.08458835940177978
0.06356941737058697,0.23257023933402707,0.08458815915930273
0.06362356508555339,0.23257023933402707,0.08458737758803503
0.06362356508555339,0.23283038501560874,0.08458374772228439
0.06373186051548625,0.23283038501560874,0.084582103336732
0.06373186051548625,0.23300381546999654,0.08457798350392975
0.0638401559454191,0.23300381546999654,0.08457690551086583
0.0638401559454191,0.23309053069719043,0.08457526993144837
0.06394845137535196,0.23309053069719043,0.08457041807344967
0.06394845137535196,0.23326396115157821,0.08456938118050594
0.06405674680528482,0.23326396115157821,0.08456692377895791
0.06405674680528482,0.2333506763787721,0.0845666000036982
0.06427333766515053,0.2333506763787721,0.08456533776404584
0.06427333766515053,0.23343739160596602,0.08456476909409272
0.06432748538011696,0.23343739160596602,0.0845631403667031
0.06432748538011696,0.2335241068331599,0.08456036650652599
0.06443578081004982,0.2335241068331599,0.08455927790317008
0.06443578081004982,0.2336975372875477,0.08455654740149221
0.0649772579597141,0.2336975372875477,0.08454773012175631
0.0649772579597141,0.23378425251474158,0.08454497556311691
0.06508555338964696,0.23378425251474158,0.08454179241621174
0.06508555338964696,0.23387096774193547,0.08454131834905443
0.06513970110461338,0.23387096774193547,0.08454079482511023
0.06513970110461338,0.2339576829691294,0.08453977926522094
0.06519384881957982,0.2339576829691294,0.08453819354711212
0.06519384881957982,0.23421782865071106,0.08453279047548667
0.06524799653454624,0.23421782865071106,0.08453249527812101
0.06524799653454624,0.23430454387790495,0.08453173630893773
0.06551873510937839,0.23430454387790495,0.0845290988231302
0.06551873510937839,0.23482483524106834,0.08452203420789028
0.0657353259692441,0.23482483524106834,0.08451463998161612
0.0657353259692441,0.23491155046826223,0.08451202938049018
0.06578947368421052,0.23491155046826223,0.08451130555273689
0.06578947368421052,0.23499826569545612,0.08451094020674077
0.06589776911414338,0.23499826569545612,0.08451034422235026
0.06589776911414338,0.2351716961498439,0.08450819024922196
0.06600606454407625,0.2351716961498439,0.08450480452623088
0.06600606454407625,0.23525841137703782,0.08450439459179582
0.06616850768897553,0.23525841137703782,0.08450160294243547
0.06616850768897553,0.2355185570586195,0.08449766957388549
0.06622265540394195,0.2355185570586195,0.08449671605211106
0.06622265540394195,0.2356919875130073,0.08449416471239313
0.06627680311890838,0.2356919875130073,0.0844931546065042
0.06627680311890838,0.23577870274020118,0.08449280045958063
0.06643924626380766,0.23577870274020118,0.08448949651677218
0.06643924626380766,0.23621227887617066,0.08448426615924354
0.06660168940870695,0.23621227887617066,0.08447804013731819
0.06660168940870695,0.23647242455775233,0.0844768855198621
0.06681828026857267,0.23647242455775233,0.084471008656537
0.06681828026857267,0.23655913978494625,0.08447099209237519
0.0668724279835391,0.23655913978494625,0.08447096970492307
0.0668724279835391,0.23673257023933403,0.08446479802439844
0.06703487112843838,0.23673257023933403,0.08446086841776124
0.06703487112843838,0.2369060006937218,0.0844595300348614
0.06719731427333767,0.2369060006937218,0.0844553182837604
0.06719731427333767,0.23707943114810962,0.08445390400825059
0.06725146198830409,0.23707943114810962,0.08445284114373552
0.06725146198830409,0.2371661463753035,0.0844499714615945
0.06730560970327053,0.2371661463753035,0.08444917375204541
0.06730560970327053,0.23733957682969128,0.08444601250143258
0.06735975741823695,0.23733957682969128,0.08444329300072062
0.06735975741823695,0.2375130072840791,0.0844373422029161
0.06746805284816981,0.2375130072840791,0.08443533945040582
0.06746805284816981,0.23794658342004857,0.0844272943580382
0.06757634827810266,0.23794658342004857,0.0844263274972783
0.06757634827810266,0.23803329864724246,0.08442595418284826
0.06773879142300195,0.23803329864724246,0.08441890881031422
0.06773879142300195,0.23838015955601805,0.08441554282684116
0.06779293913796838,0.23838015955601805,0.08441381062270459
0.06779293913796838,0.23864030523759971,0.08441270320241778
0.06790123456790123,0.23864030523759971,0.08440848053040151
0.06790123456790123,0.23881373569198752,0.08440813192580432
0.06795538228286767,0.23881373569198752,0.08440724104047614
0.06795538228286767,0.23916059660076308,0.08440192826580106
0.06800952999783409,0.23916059660076308,0.08440152442098059
0.06800952999783409,0.239247311827957,0.08439708695729009
0.06817197314273338,0.239247311827957,0.08439519854425703
0.06817197314273338,0.2393340270551509,0.08439511488781637
0.0682261208576998,0.2393340270551509,0.08439405021275537
0.0682261208576998,0.23942074228234478,0.08439344581266695
0.06849685943253195,0.23942074228234478,0.08438977260573743
0.06849685943253195,0.23950745750953867,0.08438910241164144
0.06855100714749837,0.23950745750953867,0.08438896166736942
0.06855100714749837,0.23968088796392648,0.08438529580061038
0.0687675980073641,0.23968088796392648,0.08437831422365116
0.0687675980073641,0.24028789455428373,0.08437446862640563
0.0689841888672298,0.24028789455428373,0.08436399464824063
0.0689841888672298,0.2404613250086715,0.08436218917733362
0.06920077972709551,0.2404613250086715,0.08435550193669572
0.06920077972709551,0.24054804023586543,0.0843533733721138
0.0693632228719948,0.24054804023586543,0.08434934293101648
0.0693632228719948,0.24063475546305932,0.08434904479635241
0.06947151830192766,0.24063475546305932,0.08434643707840994
0.06947151830192766,0.2408081859174471,0.08434255484363695
0.06968810916179337,0.2408081859174471,0.08433805357342194
0.06968810916179337,0.240894901144641,0.08433758924644041
0.06979640459172623,0.240894901144641,0.08433694105291889
0.06979640459172623,0.2409816163718349,0.08433691451830039
0.07017543859649122,0.2409816163718349,0.08432705742517288
0.07017543859649122,0.24115504682622269,0.08432643448201205
0.07066276803118908,0.24115504682622269,0.08431604079613719
0.07066276803118908,0.24132847728061046,0.08431503842713939
0.07077106346112194,0.24132847728061046,0.08431390246288828
0.07077106346112194,0.24150190773499827,0.0843121656886976
0.07098765432098765,0.24150190773499827,0.08430886409947158
0.07098765432098765,0.24158862296219216,0.08430731126459112
0.07104180203595409,0.24158862296219216,0.08430555998362488
0.07104180203595409,0.24202219909816164,0.08429430618018396
0.07120424518085337,0.24202219909816164,0.08429200780725488
0.07120424518085337,0.24210891432535553,0.08429179422320088
0.0712583928958198,0.24210891432535553,0.0842913523363551
0.0712583928958198,0.24219562955254942,0.08429119500351878
0.07131254061078622,0.24219562955254942,0.08429104646586505
0.07131254061078622,0.24228234477974334,0.08428937990986585
0.07163742690058479,0.24228234477974334,0.08428766477195815
0.07163742690058479,0.24236906000693723,0.08428631201417303
0.07174572233051765,0.24236906000693723,0.08428344744588445
0.07174572233051765,0.24245577523413112,0.08428263781181289
0.0720164609053498,0.24245577523413112,0.08427727096370252
0.0720164609053498,0.242542490461325,0.08427464484313041
0.07212475633528265,0.242542490461325,0.08427380569523568
0.07212475633528265,0.24306278182448837,0.08427122113523211
0.07223305176521551,0.24306278182448837,0.08426788085287162
0.07223305176521551,0.24314949705168226,0.08426773906689378
0.07234134719514837,0.24314949705168226,0.0842674752578565
0.07234134719514837,0.24349635796045785,0.0842632644651875
0.0723954949101148,0.24349635796045785,0.08426280225977711
0.0723954949101148,0.24366978841484566,0.08425862023129005
0.07250379034004766,0.24366978841484566,0.08425596501143917
0.07250379034004766,0.24392993409642733,0.08425372501351447
0.07255793805501408,0.24392993409642733,0.08425360986429209
0.07255793805501408,0.2444502254595907,0.08424864736039939
0.0726120857699805,0.2444502254595907,0.08424656354555671
0.0726120857699805,0.2445369406867846,0.08424602413936366
0.07288282434481265,0.2445369406867846,0.08423874920114294
0.07288282434481265,0.2446236559139785,0.08423731322307315
0.07299111977474551,0.2446236559139785,0.08423664994980662
0.07299111977474551,0.2447103711411724,0.08423629015571543
0.07304526748971193,0.2447103711411724,0.08423583391739076
0.07304526748971193,0.24488380159556017,0.08423231328372593
0.0731535629196448,0.24488380159556017,0.08423039323098735
0.0731535629196448,0.2449705168227541,0.08422951748949181
0.07326185834957764,0.2449705168227541,0.08422749304605714
0.07326185834957764,0.24505723204994798,0.08422663135517583
0.07331600606454408,0.24505723204994798,0.08422464725366496
0.07331600606454408,0.24514394727714187,0.08422307501524795
0.0733701537795105,0.24514394727714187,0.08421843801559059
0.0733701537795105,0.24523066250433576,0.08421336684753844
0.07364089235434265,0.24523066250433576,0.08420293533659007
0.07364089235434265,0.24557752341311134,0.0841989338016742
0.07391163092917478,0.24557752341311134,0.08419556757200669
0.07391163092917478,0.24583766909469304,0.08419017082180247
0.07401992635910765,0.24583766909469304,0.0841861016665495
0.07401992635910765,0.24592438432188693,0.08418341941707541
0.07412822178904051,0.24592438432188693,0.08418278977497429
0.07412822178904051,0.24601109954908082,0.08418254872843978
0.07429066493393979,0.24601109954908082,0.08417933215671614
0.07429066493393979,0.2460978147762747,0.08417907440432737
0.07434481264890622,0.2460978147762747,0.08417905643605339
0.07434481264890622,0.2463579604578564,0.08417663225890504
0.07445310807883908,0.2463579604578564,0.0841757686451412
0.07445310807883908,0.24653139091224419,0.08417441758359301
0.0745072557938055,0.24653139091224419,0.08417308414276792
0.0745072557938055,0.24661810613943808,0.08417249964224993
0.07466969893870479,0.24661810613943808,0.08416952898339747
0.07466969893870479,0.24679153659382588,0.0841676844261956
0.07472384665367121,0.24679153659382588,0.08416715415430476
0.07472384665367121,0.24687825182101977,0.08416692157289285
0.07477799436863765,0.24687825182101977,0.08416663212590048
0.07477799436863765,0.24696496704821366,0.08416630850559237
0.07483214208360407,0.24696496704821366,0.08416595143148453
0.07483214208360407,0.24722511272979536,0.08416018100932221
0.07521117608836907,0.24722511272979536,0.08415139001361616
0.07521117608836907,0.24739854318418314,0.08414971869653631
0.07537361923326835,0.24739854318418314,0.08414615134287584
0.07537361923326835,0.24748525841137703,0.08414458869166341
0.07542776694823479,0.24748525841137703,0.084144227324364
0.07542776694823479,0.24757197363857095,0.0841389556101646
0.07548191466320121,0.24757197363857095,0.08413858526447382
0.07548191466320121,0.24765868886576484,0.08413289813845282
0.07569850552306692,0.24765868886576484,0.08412843926647606
0.07569850552306692,0.24774540409295873,0.0841277833257632
0.07575265323803336,0.24774540409295873,0.08412750021150761
0.07575265323803336,0.24783211932015262,0.08412361472240648
0.07580680095299978,0.24783211932015262,0.08412251443328445
0.07580680095299978,0.2479188345473465,0.08412157337037773
0.07596924409789907,0.2479188345473465,0.08411986942931038
0.07596924409789907,0.2480055497745404,0.08411820384372448
0.07602339181286549,0.2480055497745404,0.08411665226447895
0.07602339181286549,0.24835241068331598,0.08411338770156251
0.07607753952783193,0.24835241068331598,0.0841124862976339
0.07607753952783193,0.2485258411377038,0.0841116814350753
0.07613168724279835,0.2485258411377038,0.08411141286755974
0.07613168724279835,0.24887270204647935,0.08410557913562933
0.07629413038769764,0.24887270204647935,0.08410219604283964
0.07629413038769764,0.24913284772806105,0.0841011802882412
0.07645657353259692,0.24913284772806105,0.08410023298762748
0.07645657353259692,0.24921956295525494,0.08409851663700318
0.07651072124756335,0.24921956295525494,0.08409760802609534
0.07651072124756335,0.24930627818244883,0.08409686713735276
0.07672731210742907,0.24930627818244883,0.08409424623541595
0.07672731210742907,0.24956642386403052,0.08408666443792256
0.07683560753736192,0.24956642386403052,0.08408561035227735
0.07683560753736192,0.25,0.08408078562652133
0.07688975525232836,0.25,0.08407988924814602
0.07688975525232836,0.2500867152271939,0.08407977147726298
0.07705219839722764,0.2500867152271939,0.0840744277278287
0.07705219839722764,0.2501734304543878,0.0840739422155341
0.07716049382716049,0.2501734304543878,0.08407083250299197
0.07716049382716049,0.25026014568158167,0.08407033723205015
0.07732293697205977,0.25026014568158167,0.08406714569444218
0.07732293697205977,0.25034686090877556,0.08406706407543174
0.07737708468702621,0.25034686090877556,0.08406414174464572
0.07737708468702621,0.25043357613596945,0.08406180281340081
0.07743123240199264,0.25043357613596945,0.08405404436558439
0.07743123240199264,0.2506070065903573,0.08405196728199416
0.07748538011695906,0.2506070065903573,0.08405125866927432
0.07748538011695906,0.25086715227193895,0.08404968714531402
0.07770197097682478,0.25086715227193895,0.08404605454527725
0.07770197097682478,0.25095386749913284,0.08404597954691373
0.0777561186917912,0.25095386749913284,0.08404559558516378
0.0777561186917912,0.25104058272632673,0.08404278963178613
0.07781026640675763,0.25104058272632673,0.08403870383064116
0.07781026640675763,0.2511272979535206,0.08403829939960383
0.07802685726662335,0.2511272979535206,0.08403577540525276
0.07802685726662335,0.2513007284079084,0.08403484054022448
0.07824344812648906,0.2513007284079084,0.08401953806648521
0.07824344812648906,0.25147415886229624,0.0840167623549899
0.07829759584145549,0.25147415886229624,0.0840157378173998
0.07829759584145549,0.2515608740894901,0.08401394976378218
0.07835174355642192,0.2515608740894901,0.08401198901432294
0.07835174355642192,0.2517343045438779,0.08401053927225544
0.07840589127138835,0.2517343045438779,0.08401035181292982
0.07840589127138835,0.2519077349982657,0.0840093135327653
0.07856833441628763,0.2519077349982657,0.08400487745382557
0.07856833441628763,0.2519944502254596,0.08400437232829572
0.07862248213125406,0.2519944502254596,0.08400430685305982
0.07862248213125406,0.25208116545265347,0.08400375178216635
0.07894736842105263,0.25208116545265347,0.08400069977570923
0.07894736842105263,0.25216788067984736,0.08400047130436761
0.07905566385098549,0.25216788067984736,0.08399852878084824
0.07905566385098549,0.2522545959070413,0.08399804651415876
0.07921810699588477,0.2522545959070413,0.08399543622233185
0.07921810699588477,0.2523413111342352,0.08399446445029723
0.07943469785575048,0.2523413111342352,0.08399049854554885
0.07943469785575048,0.25260145681581686,0.08398944038830347
0.0796512887156162,0.25260145681581686,0.08398717610104245
0.0796512887156162,0.2530350329517863,0.08398155444749
0.07975958414554905,0.2530350329517863,0.08398043919200449
0.07975958414554905,0.25312174817898025,0.08398011920915494
0.07992202729044834,0.25312174817898025,0.08397682271810125
0.07992202729044834,0.25320846340617414,0.08397671653549965
0.0800303227203812,0.25320846340617414,0.0839744843524195
0.0800303227203812,0.25329517863336803,0.08397444521395059
0.08008447043534762,0.25329517863336803,0.08397287153410682
0.08008447043534762,0.2535553243149497,0.08397164237637367
0.08024691358024691,0.2535553243149497,0.08396941249872092
0.08024691358024691,0.2537287547693375,0.08396861247498322
0.0804093567251462,0.2537287547693375,0.08396727701912998
0.0804093567251462,0.2538154699965314,0.08396678644504352
0.08068009529997834,0.2538154699965314,0.08395904462361115
0.08068009529997834,0.25390218522372526,0.08395736205396376
0.0807883907299112,0.25390218522372526,0.08395600691723848
0.0807883907299112,0.2539889004509192,0.08395486140542241
0.08084253844487763,0.2539889004509192,0.08395433320140189
0.08084253844487763,0.254162330905307,0.08395308429082671
0.08095083387481049,0.254162330905307,0.08395259660093446
0.08095083387481049,0.2542490461325009,0.08394843168562582
0.08105912930474334,0.2542490461325009,0.0839464714196343
0.08105912930474334,0.25433576135969477,0.08394491696791229
0.0811674247346762,0.25433576135969477,0.08394121000586208
0.0811674247346762,0.25442247658688866,0.0839380622370578
0.08122157244964262,0.25442247658688866,0.08393792126456745
0.08122157244964262,0.25459590704127644,0.08393433772988623
0.08127572016460906,0.25459590704127644,0.08393354926534613
0.08127572016460906,0.2547693374956642,0.0839326844691799
0.08143816330950834,0.2547693374956642,0.08392625818643218
0.08143816330950834,0.2548560527228581,0.08392402490461803
0.08149231102447477,0.2548560527228581,0.08392340971290135
0.08149231102447477,0.25494276795005205,0.08392152768087624
0.08160060645440763,0.25494276795005205,0.08392023227448564
0.08160060645440763,0.25502948317724594,0.08391962262978958
0.08170890188434048,0.25502948317724594,0.08391568238813929
0.08170890188434048,0.25511619840443983,0.08391415566170202
0.08176304959930691,0.25511619840443983,0.0839126451589105
0.08176304959930691,0.2552029136316337,0.08391246190812507
0.08187134502923976,0.2552029136316337,0.08391019562571378
0.08187134502923976,0.2554630593132154,0.08390360309558309
0.08197964045917262,0.2554630593132154,0.08390154987245158
0.08197964045917262,0.25572320499479706,0.08389413968271286
0.08208793588910548,0.25572320499479706,0.08388396584562852
0.08208793588910548,0.255809920221991,0.08388092414902859
0.0823045267489712,0.255809920221991,0.0838776547392075
0.0823045267489712,0.2559833506763788,0.08387477605655969
0.08235867446393762,0.2559833506763788,0.08387401289799201
0.08235867446393762,0.25615678113076656,0.08387201140048095
0.08246696989387048,0.25615678113076656,0.08387095105332465
0.08246696989387048,0.25624349635796045,0.0838705511194251
0.08262941303876976,0.25624349635796045,0.0838656264510762
0.08262941303876976,0.25633021158515434,0.08386525466824923
0.08273770846870263,0.25633021158515434,0.08386241547491613
0.08273770846870263,0.2565036420395421,0.08385943384966121
0.08279185618366905,0.2565036420395421,0.083859254506496
0.08279185618366905,0.25685050294831774,0.08385508302732836
0.08290015161360191,0.25685050294831774,0.08385287652597362
0.08290015161360191,0.25693721817551163,0.08385203533229135
0.08300844704353476,0.25693721817551163,0.08384836628117043
0.08300844704353476,0.2570239334027055,0.08384812433706212
0.08311674247346762,0.2570239334027055,0.0838441413750537
0.08311674247346762,0.2571973638570933,0.08384401138286712
0.08344162876326619,0.2571973638570933,0.08383152052051912
0.08344162876326619,0.2573707943114811,0.08382776617872167
0.08371236733809834,0.2573707943114811,0.08382281471054132
0.08371236733809834,0.25745750953867497,0.08382268882889865
0.08392895819796405,0.25745750953867497,0.08381666770124019
0.08392895819796405,0.2575442247658689,0.08381565001919777
0.08398310591293047,0.2575442247658689,0.08381447405303866
0.08398310591293047,0.2577176552202567,0.08381236660753988
0.08414554905782975,0.2577176552202567,0.08380577643598985
0.08414554905782975,0.25789108567464447,0.08380471045713023
0.08425384448776262,0.25789108567464447,0.08380374136050794
0.08425384448776262,0.25797780090183836,0.08380300771182414
0.08436213991769548,0.25797780090183836,0.08380089684971925
0.08436213991769548,0.25815123135622614,0.08379755500700847
0.08447043534762833,0.25815123135622614,0.08379606688256902
0.08447043534762833,0.25823794658342003,0.08379519972244798
0.08452458306259476,0.25823794658342003,0.08379471022235019
0.08452458306259476,0.25841137703780787,0.08379398762124035
0.08457873077756119,0.25841137703780787,0.08379331265757473
0.08457873077756119,0.25849809226500176,0.08379221925298008
0.08463287849252761,0.25849809226500176,0.08379121273493606
0.08463287849252761,0.2587582379465834,0.08378933002444922
0.0851743556421919,0.2587582379465834,0.08377726032001265
0.0851743556421919,0.2588449531737773,0.08377576504338102
0.08539094650205761,0.2588449531737773,0.08377251983489598
0.08539094650205761,0.2589316684009712,0.08377214624041884
0.08571583279185618,0.2589316684009712,0.08376535198190638
0.08571583279185618,0.2590183836281651,0.08376473731310163
0.08576998050682261,0.2590183836281651,0.08376387520997719
0.08576998050682261,0.259105098855359,0.08376304289664294
0.08582412822178904,0.259105098855359,0.08376287470373533
0.08582412822178904,0.2595386749913285,0.08374711888189901
0.08587827593675547,0.2595386749913285,0.08374674753439182
0.08587827593675547,0.2596253902185224,0.08374607757719321
0.08593242365172189,0.2596253902185224,0.08374509305576305
0.08593242365172189,0.25997225112729794,0.0837383522874422
0.08604071908165475,0.25997225112729794,0.08373515027923673
0.08604071908165475,0.2600589663544918,0.08373105456361762
0.08609486679662118,0.2600589663544918,0.08372954067768856
0.08609486679662118,0.2601456815816857,0.08372700934910426
0.08614901451158762,0.2601456815816857,0.08372666886580071
0.08614901451158762,0.26023239680887966,0.0837242266031959
0.08620316222655404,0.26023239680887966,0.08372352460734267
0.08620316222655404,0.26040582726326744,0.08372201789842038
0.0863114576564869,0.26040582726326744,0.08371963472182209
0.0863114576564869,0.2605792577176552,0.08371571499165809
0.08636560537145332,0.2605792577176552,0.08371541904610513
0.08636560537145332,0.2606659729448491,0.08371509681499112
0.08641975308641975,0.2606659729448491,0.08371329103349323
0.08641975308641975,0.2610995490808186,0.08370869807283698
0.08647390080138619,0.2610995490808186,0.0837070902218433
0.08647390080138619,0.2611862643080125,0.08370691517071616
0.08658219623131903,0.2611862643080125,0.08370444825880141
0.08658219623131903,0.2613596947624003,0.08369612185210107
0.08674463937621832,0.2613596947624003,0.08369004291370041
0.08674463937621832,0.2614464099895942,0.08369003635848626
0.08685293480615118,0.2614464099895942,0.08368882242260112
0.08685293480615118,0.26153312521678806,0.08368874234158308
0.08696123023608404,0.26153312521678806,0.08368799501487256
0.08696123023608404,0.26170655567117584,0.08368593346396525
0.08706952566601689,0.26170655567117584,0.08368539594299085
0.08706952566601689,0.26179327089836973,0.08368534070232125
0.08717782109594975,0.26179327089836973,0.08368240635064095
0.08717782109594975,0.2618799861255636,0.08368076042938943
0.08723196881091617,0.2618799861255636,0.08367954259166277
0.08723196881091617,0.26196670135275757,0.08367895909835732
0.08734026424084904,0.26196670135275757,0.08367596211359807
0.08734026424084904,0.26205341657995146,0.08367360047117733
0.08750270738574832,0.26205341657995146,0.08367179156946514
0.08750270738574832,0.26222684703433924,0.08367121397565058
0.08761100281568118,0.26222684703433924,0.08366875205549418
0.08761100281568118,0.262400277488727,0.08366586085786998
0.0876651505306476,0.262400277488727,0.08366469697324819
0.0876651505306476,0.2624869927159209,0.08366192155717944
0.08771929824561403,0.2624869927159209,0.08366092314946427
0.08771929824561403,0.2625737079431148,0.08366068438842666
0.08788174139051332,0.2625737079431148,0.08365817155417399
0.08788174139051332,0.2626604231703087,0.08365665340502315
0.08793588910547975,0.2626604231703087,0.083653971091044
0.08793588910547975,0.2627471383975026,0.08365369029040237
0.08799003682044618,0.2627471383975026,0.08365259224452948
0.08799003682044618,0.2630939993062782,0.08365039755758441
0.0880441845354126,0.2630939993062782,0.08364945512966915
0.0880441845354126,0.2631807145334721,0.08364728289357215
0.08809833225037904,0.2631807145334721,0.08364616160421123
0.08809833225037904,0.26335414498785986,0.08364248123347617
0.08820662768031189,0.26335414498785986,0.08364005983589817
0.08820662768031189,0.26361429066944153,0.08363829294860015
0.08831492311024475,0.26361429066944153,0.08363467059867458
0.08831492311024475,0.26378772112382937,0.08363291291756703
0.08836907082521117,0.26378772112382937,0.08363198180737874
0.08836907082521117,0.26396115157821715,0.08363089110586608
0.08863980940004332,0.26396115157821715,0.08362607625614071
0.08863980940004332,0.2641345820326049,0.08362343222321789
0.08885640025990903,0.2641345820326049,0.08361927829655791
0.08885640025990903,0.2643080124869927,0.08361743913717845
0.08896469568984189,0.2643080124869927,0.08361440944589638
0.08896469568984189,0.2644814429413805,0.0836138223543561
0.08923543426467404,0.2644814429413805,0.08359823717850534
0.08923543426467404,0.2647415886229622,0.08359521558265581
0.08950617283950617,0.2647415886229622,0.083587493336158
0.08950617283950617,0.26508844953173777,0.08358635341579035
0.08961446826943903,0.26508844953173777,0.08358111269638813
0.08961446826943903,0.26543531044051333,0.08357917537630644
0.08966861598440545,0.26543531044051333,0.08357640603488359
0.08966861598440545,0.26569545612209505,0.08357344140377632
0.08988520684427118,0.26569545612209505,0.08356653183615648
0.08988520684427118,0.26578217134928894,0.08356643868018421
0.09021009313406975,0.26578217134928894,0.08356304457872366
0.09021009313406975,0.2662157474852584,0.08354974356795886
0.09042668399393546,0.2662157474852584,0.08354372632425888
0.09042668399393546,0.2663024627124523,0.0835431668327995
0.09080571799870045,0.2663024627124523,0.08353153802552837
0.09080571799870045,0.2663891779396462,0.08353081092882864
0.09085986571366689,0.2663891779396462,0.08353071144793023
0.09085986571366689,0.2664758931668401,0.08353015868542468
0.09102230885856617,0.2664758931668401,0.08352560355536176
0.09102230885856617,0.2667360388484218,0.08352465519718599
0.09113060428849902,0.2667360388484218,0.08352379619385442
0.09113060428849902,0.26690946930280957,0.08352152367353294
0.09118475200346546,0.26690946930280957,0.08351933026194636
0.09118475200346546,0.26699618453000346,0.08351723467054795
0.09134719514836474,0.26699618453000346,0.08351348089398303
0.09134719514836474,0.2672563302115852,0.08351143625318391
0.09140134286333117,0.2672563302115852,0.08351070183776788
0.09140134286333117,0.26734304543877907,0.08350975106013969
0.09172622915312974,0.26734304543877907,0.08349996589913555
0.09172622915312974,0.26742976066597296,0.08349978982587292
0.09188867229802902,0.26742976066597296,0.08349846392844618
0.09188867229802902,0.26768990634755463,0.08349415010958583
0.09199696772796188,0.26768990634755463,0.0834937602889847
0.09199696772796188,0.2677766215747485,0.08349267250543058
0.0922135585878276,0.2677766215747485,0.0834907983373514
0.0922135585878276,0.2678633368019424,0.08349075499265957
0.09232185401776045,0.2678633368019424,0.08348895666188305
0.09232185401776045,0.2680367672563302,0.08348553190354946
0.09237600173272688,0.2680367672563302,0.08348461904475868
0.09237600173272688,0.268210197710718,0.08348133836071425
0.0924301494476933,0.268210197710718,0.08348050219894554
0.0924301494476933,0.2682969129379119,0.08347707864000409
0.09248429716265974,0.2682969129379119,0.0834685829484203
0.09248429716265974,0.2683836281651058,0.08346815551221498
0.09253844487762616,0.2683836281651058,0.08346772464065788
0.09253844487762616,0.2685570586194936,0.08346640783825854
0.09259259259259259,0.2685570586194936,0.0834658234046266
0.09259259259259259,0.2686437738466875,0.08346401889557686
0.09291747888239116,0.2686437738466875,0.08345171857243994
0.09291747888239116,0.26873048907388136,0.08345046829237401
0.09302577431232402,0.26873048907388136,0.08344882497331318
0.09302577431232402,0.26899063475546303,0.08344744640998036
0.09324236517218973,0.26899063475546303,0.08344446872325695
0.09324236517218973,0.269077349982657,0.08344397288147931
0.09329651288715617,0.269077349982657,0.08344357105824884
0.09329651288715617,0.26994450225459593,0.08343351935728083
0.09345895603205545,0.26994450225459593,0.08343056677242222
0.09345895603205545,0.2701179327089837,0.08342633904446406
0.09372969460688758,0.2701179327089837,0.08341826319395285
0.09372969460688758,0.2703780783905654,0.08341695238934244
0.09389213775178687,0.2703780783905654,0.08341151647860134
0.09389213775178687,0.27046479361775927,0.0834114364848002
0.09405458089668615,0.27046479361775927,0.0834089514046017
0.09405458089668615,0.27072493929934094,0.08340469960456032
0.09410872861165259,0.27072493929934094,0.0834046783522211
0.09410872861165259,0.2708116545265349,0.08340261271685812
0.09427117175655188,0.2708116545265349,0.08339881961360707
0.09427117175655188,0.27107180020811655,0.08339313632697554
0.0943253194715183,0.27107180020811655,0.08339110817415896
0.0943253194715183,0.27115851543531044,0.08339005072772232
0.09443361490145116,0.27115851543531044,0.08338632060044548
0.09443361490145116,0.2713319458896982,0.08338452893171566
0.09448776261641759,0.2713319458896982,0.08338338156702929
0.09448776261641759,0.2715920915712799,0.08337571527353571
0.09459605804635045,0.2715920915712799,0.08337335591954553
0.09459605804635045,0.27167880679847384,0.08337325094937853
0.09465020576131687,0.27167880679847384,0.08337290511357964
0.09465020576131687,0.2717655220256677,0.08337027879979408
0.09475850119124973,0.2717655220256677,0.08336901519225592
0.09475850119124973,0.2720256677072494,0.0833647515772371
0.09481264890621616,0.2720256677072494,0.08336469148992709
0.09481264890621616,0.2721123829344433,0.08336463188619492
0.09492094433614902,0.2721123829344433,0.08336411948476097
0.09492094433614902,0.2721990981616372,0.08335792718116308
0.09497509205111544,0.2721990981616372,0.08335464686332572
0.09497509205111544,0.27228581338883107,0.08335413656482715
0.0950833874810483,0.27228581338883107,0.08335174190006911
0.0950833874810483,0.27245924384321885,0.08334810791850389
0.09540827377084687,0.27245924384321885,0.08333903065254522
0.09540827377084687,0.2726326742976067,0.0833382240159859
0.09551656920077972,0.2726326742976067,0.08333633568786736
0.09551656920077972,0.27271938952480057,0.08333550023210012
0.09573316006064544,0.27271938952480057,0.08333399045520329
0.09573316006064544,0.27297953520638224,0.08333175293157336
0.09578730777561187,0.27297953520638224,0.08332407222109017
0.09578730777561187,0.2732396808879639,0.08331922674960568
0.09584145549057829,0.2732396808879639,0.0833188926291355
0.09584145549057829,0.2733263961151578,0.08331789190586303
0.09594975092051115,0.2733263961151578,0.08331462969571524
0.09594975092051115,0.27341311134235174,0.08331406716228562
0.09605804635044402,0.27341311134235174,0.08330927230429341
0.09605804635044402,0.27349982656954563,0.0833089353515506
0.0962204894953433,0.27349982656954563,0.08330453222726608
0.0962204894953433,0.2735865417967395,0.08330287773318767
0.09627463721030972,0.2735865417967395,0.08330257471496028
0.09627463721030972,0.274020117932709,0.08329668458556405
0.09632878492527615,0.274020117932709,0.08329305278055998
0.09632878492527615,0.27419354838709675,0.08329039195673715
0.09643708035520901,0.27419354838709675,0.08328924525040726
0.09643708035520901,0.27428026361429064,0.08328858599713662
0.09649122807017543,0.27428026361429064,0.08328782837059245
0.09649122807017543,0.2744536940686785,0.0832864774992983
0.09654537578514187,0.2744536940686785,0.0832804453424687
0.09654537578514187,0.27462712452306626,0.08327918275117518
0.0965995235001083,0.27462712452306626,0.0832788560491764
0.0965995235001083,0.27471383975026015,0.08327774557119638
0.09665367121507472,0.27471383975026015,0.08327674921774042
0.09665367121507472,0.27480055497745404,0.08327674827569909
0.09670781893004116,0.27480055497745404,0.08327624397754385
0.09670781893004116,0.2748872702046479,0.08327545113072121
0.09692440978990687,0.2748872702046479,0.08326867716143815
0.09692440978990687,0.2749739854318418,0.08326756852419503
0.09714100064977257,0.2749739854318418,0.08326308072051081
0.09714100064977257,0.2754075615678113,0.08326061942016638
0.09719514836473901,0.2754075615678113,0.08325864860967691
0.09719514836473901,0.2754942767950052,0.08325404017812832
0.09724929607970544,0.2754942767950052,0.08325360600265141
0.09724929607970544,0.2755809920221991,0.08325268419365717
0.0973575915096383,0.2755809920221991,0.08324981219294192
0.0973575915096383,0.27592785293097466,0.08324262492130008
0.09746588693957114,0.27592785293097466,0.08323930278751468
0.09746588693957114,0.27601456815816855,0.08323928492061472
0.09768247779943687,0.27601456815816855,0.08323398848122676
0.09768247779943687,0.2761012833853625,0.08323298699244042
0.09773662551440329,0.2761012833853625,0.08323115954177296
0.09773662551440329,0.2761879986125564,0.08322747577355982
0.09784492094433615,0.2761879986125564,0.0832195149048065
0.09784492094433615,0.2762747138397503,0.08321511183583441
0.09789906865930258,0.2762747138397503,0.08321276108272424
0.09789906865930258,0.27662157474852583,0.08321205261442044
0.097953216374269,0.27662157474852583,0.08320909214280592
0.097953216374269,0.2768817204301075,0.0832069657360559
0.09800736408923544,0.2768817204301075,0.08320605437864526
0.09800736408923544,0.2772285813388831,0.08320524944175567
0.09822395494910115,0.2772285813388831,0.0832009522447632
0.09822395494910115,0.277315296566077,0.08319917698909052
0.0984946935239333,0.277315296566077,0.08319062599275129
0.0984946935239333,0.2774887270204648,0.08318750231089012
0.09860298895386614,0.2774887270204648,0.08318416361184267
0.09860298895386614,0.2775754422476587,0.08318382614720421
0.09865713666883258,0.2775754422476587,0.08318262081269556
0.09865713666883258,0.2779223031564343,0.08317901571157615
0.099090318388564,0.2779223031564343,0.08316545144081466
0.099090318388564,0.2780090183836282,0.08316526411993519
0.09914446610353043,0.2780090183836282,0.0831624487529341
0.09914446610353043,0.27809573361082207,0.08316035796803267
0.09919861381849686,0.27809573361082207,0.08315912254545132
0.09919861381849686,0.27818244883801596,0.08315819201890351
0.09925276153346328,0.27818244883801596,0.08315767444843103
0.09925276153346328,0.27835587929240374,0.08315605446188368
0.09930690924842972,0.27835587929240374,0.08315565957607474
0.09930690924842972,0.27844259451959763,0.08315354329761604
0.09936105696339614,0.27844259451959763,0.08315043153351875
0.09936105696339614,0.2786160249739854,0.08314759138898853
0.09941520467836257,0.2786160249739854,0.08314634376024377
0.09941520467836257,0.278962885882761,0.08313282078509365
0.09952350010829543,0.278962885882761,0.08313174599951867
0.09952350010829543,0.2793097467915366,0.083128680668479
0.09974009096816114,0.2793097467915366,0.08312647433520448
0.09974009096816114,0.27948317724592436,0.08312500464204464
0.099848386398094,0.27948317724592436,0.08312013179704536
0.099848386398094,0.2797433229275061,0.08311578751342741
0.09995668182802686,0.2797433229275061,0.08311424846483839
0.09995668182802686,0.2798300381547,0.08311305178204886
0.10006497725795971,0.2798300381547,0.08310775965930373
0.10006497725795971,0.27991675338189387,0.0831074799504341
0.10017327268789257,0.27991675338189387,0.08310462883069136
0.10017327268789257,0.28000346860908776,0.08310427306493007
0.100227420402859,0.28000346860908776,0.08310348725034
0.100227420402859,0.28009018383628165,0.08310335654395606
0.10038986354775828,0.28009018383628165,0.08310047462930159
0.10038986354775828,0.28017689906347554,0.08309811734281114
0.10049815897769114,0.28017689906347554,0.08309760885377071
0.10049815897769114,0.2802636142906694,0.08309609648782068
0.10066060212259043,0.2802636142906694,0.0830954048572119
0.10066060212259043,0.2803503295178633,0.08309396196089636
0.10071474983755685,0.2803503295178633,0.08309179162291791
0.10071474983755685,0.28052375997225115,0.0830899362780122
0.10076889755252329,0.28052375997225115,0.0830866063296467
0.10076889755252329,0.28069719042663893,0.08307996111947147
0.10082304526748971,0.28069719042663893,0.08307980262594494
0.10082304526748971,0.2808706208810267,0.0830792647686418
0.10093134069742257,0.2808706208810267,0.08307718584214663
0.10093134069742257,0.2809573361082206,0.08307682135369632
0.10109378384232186,0.2809573361082206,0.08307241031821011
0.10109378384232186,0.2810440513354145,0.08307137977500267
0.1012020792722547,0.2810440513354145,0.08307077453812539
0.1012020792722547,0.28130419701699616,0.08306563149249957
0.10141867013212043,0.28130419701699616,0.08306125197551961
0.10141867013212043,0.2815643426985779,0.08305976264238213
0.10147281784708685,0.2815643426985779,0.08305763367465069
0.10147281784708685,0.28173777315296566,0.08305499233778257
0.10185185185185185,0.28173777315296566,0.0830497707454172
0.10185185185185185,0.28199791883454733,0.08304587487770676
0.10201429499675113,0.28199791883454733,0.0830444787618212
0.10201429499675113,0.2820846340617412,0.08304084152985447
0.10217673814165042,0.2820846340617412,0.08303754396967844
0.10217673814165042,0.28243149497051684,0.0830345904174532
0.10223088585661685,0.28243149497051684,0.08303315027270641
0.10223088585661685,0.2826049254249046,0.08302940707886397
0.1023391812865497,0.2826049254249046,0.08302460815172741
0.1023391812865497,0.2826916406520985,0.08302168698064838
0.10239332900151614,0.2826916406520985,0.08302087414318016
0.10239332900151614,0.2827783558792924,0.0830189690881078
0.10244747671648256,0.2827783558792924,0.08301878826367637
0.10244747671648256,0.2828650711064863,0.08301812637914918
0.10282651072124756,0.2828650711064863,0.08301340798075785
0.10282651072124756,0.2829517863336802,0.083013205598784
0.102880658436214,0.2829517863336802,0.08301301584768006
0.102880658436214,0.28312521678806796,0.08301011482288811
0.10298895386614684,0.28312521678806796,0.08300917553353271
0.10298895386614684,0.2832119320152619,0.08300817398416527
0.10304310158111328,0.2832119320152619,0.08300752643660902
0.10304310158111328,0.28381893860561913,0.08300217418640043
0.10315139701104613,0.28381893860561913,0.08300125027896432
0.10315139701104613,0.283905653832813,0.08299839444671742
0.10331384015594541,0.283905653832813,0.08299670185240737
0.10331384015594541,0.2839923690600069,0.08299207365766192
0.10336798787091185,0.2839923690600069,0.08298796807283182
0.10336798787091185,0.28407908428720086,0.08298761847088243
0.10342213558587827,0.28407908428720086,0.08298667884866218
0.10342213558587827,0.28416579951439475,0.08298660074170439
0.10353043101581114,0.28416579951439475,0.0829813672215225
0.10353043101581114,0.28425251474158864,0.08297842297762714
0.10401776045050899,0.28425251474158864,0.08296681761127034
0.10401776045050899,0.2845126604231703,0.0829610012037365
0.10412605588044184,0.2845126604231703,0.08295878452218952
0.10412605588044184,0.2846860908775581,0.0829557730702084
0.10418020359540828,0.2846860908775581,0.08295539907218674
0.10418020359540828,0.28485952133194586,0.08295031029979083
0.10428849902534112,0.28485952133194586,0.08295015733230482
0.10428849902534112,0.2849462365591398,0.08294863118690832
0.10450508988520685,0.2849462365591398,0.08294505214532366
0.10450508988520685,0.2850329517863337,0.08294417096249251
0.10488412388997184,0.2850329517863337,0.08293963683136729
0.10488412388997184,0.2851196670135276,0.08293869905885143
0.1049924193199047,0.2851196670135276,0.08293530144681638
0.1049924193199047,0.2852063822407215,0.08293431775906113
0.10547974875460256,0.2852063822407215,0.08292714273345836
0.10547974875460256,0.28546652792230315,0.08292209698613595
0.10553389646956898,0.28546652792230315,0.08292162041322304
0.10553389646956898,0.28555324314949704,0.08292103527788353
0.10564219189950184,0.28555324314949704,0.08291913598438994
0.10564219189950184,0.28563995837669093,0.08291904681147466
0.10596707818930041,0.28563995837669093,0.08291022412763427
0.10596707818930041,0.28581338883107876,0.08290852004664462
0.10602122590426684,0.28581338883107876,0.08290830027186291
0.10602122590426684,0.28590010405827265,0.08290750260711599
0.1061295213341997,0.28590010405827265,0.08290616237112314
0.1061295213341997,0.28598681928546654,0.08290329721985024
0.10618366904916612,0.28598681928546654,0.08290197058921267
0.10618366904916612,0.28607353451266043,0.0829015632813852
0.10629196447909899,0.28607353451266043,0.0828995775896253
0.10629196447909899,0.2862469649670482,0.08289595231494395
0.10645440762399827,0.2862469649670482,0.08289411796700041
0.10645440762399827,0.2863336801942421,0.08289321590190801
0.10667099848386398,0.2863336801942421,0.08288859250336422
0.10667099848386398,0.286420395421436,0.08288533984183788
0.10688758934372969,0.286420395421436,0.0828813481522992
0.10688758934372969,0.2865071106486299,0.08287982587594334
0.10694173705869613,0.2865071106486299,0.0828773622308383
0.10694173705869613,0.2867672563302116,0.0828725700373365
0.10699588477366255,0.2867672563302116,0.08287201965910596
0.10699588477366255,0.2869406867845994,0.0828686089159063
0.10732077106346112,0.2869406867845994,0.08285877032306521
0.10732077106346112,0.28711411723898717,0.08285679550029612
0.10759150963829327,0.28711411723898717,0.08285306006412196
0.10759150963829327,0.28720083246618106,0.08285277064120322
0.10775395278319255,0.28720083246618106,0.08284829565502694
0.10775395278319255,0.28737426292056883,0.08284524492093825
0.1078622482131254,0.28737426292056883,0.0828439365479825
0.1078622482131254,0.28754769337495667,0.08284323891907275
0.10797054364305826,0.28754769337495667,0.08284181957002801
0.10797054364305826,0.28772112382934445,0.08283962548327661
0.10813298678795755,0.28772112382934445,0.08283440888613036
0.10813298678795755,0.28780783905653834,0.08283397174208873
0.10829542993285683,0.28780783905653834,0.08283147398426993
0.10829542993285683,0.2881546999653139,0.08282522291933536
0.10834957764782326,0.2881546999653139,0.08282257501922352
0.10834957764782326,0.2882414151925078,0.082821628965565
0.1084037253627897,0.2882414151925078,0.0828212711838503
0.1084037253627897,0.2883281304197017,0.08281925250410782
0.1086203162226554,0.2883281304197017,0.0828106473899779
0.1086203162226554,0.28841484564689557,0.08280978808933392
0.10867446393762183,0.28841484564689557,0.08280855523938402
0.10867446393762183,0.2887617065556712,0.08280548583300695
0.10894520251245397,0.2887617065556712,0.08280269008482133
0.10894520251245397,0.2888484217828651,0.08279784374535404
0.1089993502274204,0.2888484217828651,0.0827967959497855
0.1089993502274204,0.28893513701005896,0.08279626711513455
0.10932423651721897,0.28893513701005896,0.08278281313847868
0.10932423651721897,0.28919528269164063,0.08277896334926438
0.10948667966211825,0.28919528269164063,0.08277536243515571
0.10948667966211825,0.2892819979188345,0.08277524058302399
0.10964912280701754,0.2892819979188345,0.08276667481878319
0.10964912280701754,0.28936871314602847,0.08276117654954152
0.10981156595191682,0.28936871314602847,0.08275610295240532
0.10981156595191682,0.289715574054804,0.08275315515536241
0.10991986138184968,0.289715574054804,0.08275091017811054
0.10991986138184968,0.2898022892819979,0.08275009796840793
0.10997400909681611,0.2898022892819979,0.08274994495904942
0.10997400909681611,0.2899757197363857,0.08274979862408571
0.11029889538661468,0.2899757197363857,0.0827453910249325
0.11029889538661468,0.2900624349635796,0.08274447930570683
0.11035304310158112,0.2900624349635796,0.08274364787385635
0.11035304310158112,0.2901491501907735,0.08274354642954118
0.11040719081654754,0.2901491501907735,0.08274215281305342
0.11040719081654754,0.2902358654179674,0.08274176087411278
0.11056963396144683,0.2902358654179674,0.0827379031021247
0.11056963396144683,0.2904092958723552,0.08273701595911787
0.11062378167641325,0.2904092958723552,0.08273655950900549
0.11062378167641325,0.2904960110995491,0.08273627098322844
0.11067792939137969,0.2904960110995491,0.08273525083943878
0.11067792939137969,0.290582726326743,0.08273497595544743
0.11073207710634611,0.290582726326743,0.08273492436512075
0.11073207710634611,0.29066944155393687,0.0827348902581233
0.11084037253627897,0.29066944155393687,0.0827343975378545
0.11084037253627897,0.29075615678113076,0.08273339024705506
0.11094866796621182,0.29075615678113076,0.08272975176396624
0.11094866796621182,0.29084287200832465,0.08272974230051755
0.1111111111111111,0.29084287200832465,0.08272826419045831
0.1111111111111111,0.29092958723551854,0.08272721641886549
0.11116525882607754,0.29092958723551854,0.0827272035983142
0.11116525882607754,0.29101630246271243,0.0827270083227547
0.11127355425601039,0.29101630246271243,0.08272580057360734
0.11127355425601039,0.29136316337148804,0.08271889802527799
0.11138184968594325,0.29136316337148804,0.08271722510253299
0.11138184968594325,0.29144987859868193,0.08271672658419105
0.11143599740090968,0.29144987859868193,0.08271363644841179
0.11143599740090968,0.2915365938258758,0.0827130956574913
0.11149014511587611,0.2915365938258758,0.08271277440626368
0.11149014511587611,0.2917100242802636,0.0827115336777573
0.11154429283084254,0.2917100242802636,0.08271119079416067
0.11154429283084254,0.2919701699618453,0.08270203432317325
0.11159844054580896,0.2919701699618453,0.08270159097933805
0.11159844054580896,0.2920568851890392,0.08270038865564144
0.1116525882607754,0.2920568851890392,0.08270017013746167
0.1116525882607754,0.2921436004162331,0.08269902633613024
0.11192332683560753,0.2921436004162331,0.08269465266291198
0.11192332683560753,0.292230315643427,0.08269360962432604
0.11197747455057397,0.292230315643427,0.08269293775631992
0.11197747455057397,0.2924037460978148,0.08268844397897146
0.11203162226554039,0.2924037460978148,0.08268706676753479
0.11203162226554039,0.29249046132500867,0.08268380769452999
0.11208576998050682,0.29249046132500867,0.08268248499874997
0.11208576998050682,0.29266389177939645,0.08268136902560697
0.11219406541043968,0.29266389177939645,0.08267737526209307
0.11219406541043968,0.29275060700659034,0.08267715062592118
0.11241065627030539,0.29275060700659034,0.08266870976776097
0.11241065627030539,0.2928373222337842,0.08266711927440373
0.11268139484513753,0.2928373222337842,0.08266084556659359
0.11268139484513753,0.29292403746097817,0.08266064700267339
0.11284383799003682,0.29292403746097817,0.08265463408561913
0.11284383799003682,0.29301075268817206,0.0826543340877921
0.11289798570500324,0.29301075268817206,0.08265376379925393
0.11289798570500324,0.29318418314255984,0.0826535228539782
0.11306042884990253,0.29318418314255984,0.08265068114175378
0.11306042884990253,0.29327089836975373,0.08265019239103344
0.11311457656486897,0.29327089836975373,0.08264912363236632
0.11311457656486897,0.2933576135969476,0.08264847216015836
0.11322287199480181,0.2933576135969476,0.08264669343076347
0.11322287199480181,0.2934443288241415,0.08264660698642712
0.11327701970976825,0.2934443288241415,0.08264624901367923
0.11327701970976825,0.2935310440513354,0.08264614162950501
0.11371020142949967,0.2935310440513354,0.08263434840589778
0.11371020142949967,0.2937044745057232,0.08263364468392265
0.1137643491444661,0.2937044745057232,0.08263332237535503
0.1137643491444661,0.2937911897329171,0.08263265829369848
0.11408923543426468,0.2937911897329171,0.08262423469380153
0.11408923543426468,0.293877904960111,0.0826235968012492
0.1141433831492311,0.293877904960111,0.08262308841648913
0.1141433831492311,0.2939646201873049,0.08262177726002151
0.11425167857916396,0.2939646201873049,0.08262116100284667
0.11425167857916396,0.2940513354144988,0.08261844160548315
0.11441412172406325,0.2940513354144988,0.08261394080287121
0.11441412172406325,0.2941380506416927,0.0826131579843905
0.11468486029889538,0.2941380506416927,0.08261127709217297
0.11468486029889538,0.2942247658688866,0.0826085638154117
0.11473900801386182,0.2942247658688866,0.08260841929901375
0.11473900801386182,0.29431148109608046,0.0826083154984929
0.11479315572882824,0.29431148109608046,0.08260694821657122
0.11479315572882824,0.29439819632327435,0.08260509341887845
0.11495559887372753,0.29439819632327435,0.08260309914372876
0.11495559887372753,0.29448491155046824,0.08260205225258344
0.11517218973359324,0.29448491155046824,0.08259761191709902
0.11517218973359324,0.2946583420048561,0.08259560306406044
0.11533463287849252,0.2946583420048561,0.08259082772717918
0.11533463287849252,0.29474505723204997,0.0825904950738583
0.11538878059345896,0.29474505723204997,0.0825901743096098
0.11538878059345896,0.29483177245924386,0.08259012560468193
0.11544292830842538,0.29483177245924386,0.08258929274084825
0.11544292830842538,0.2950919181408255,0.08258800535395094
0.11555122373835824,0.2950919181408255,0.08258677286115512
0.11555122373835824,0.2951786333680194,0.08258497349917948
0.11565951916829109,0.2951786333680194,0.08258389461616855
0.11565951916829109,0.2953520638224072,0.08258117576344981
0.11571366688325753,0.2953520638224072,0.08258078311948891
0.11571366688325753,0.2954387790496011,0.08257958711775348
0.11582196231319038,0.2954387790496011,0.08257819459375515
0.11582196231319038,0.2956122095039889,0.08257455929988322
0.11587611002815681,0.2956122095039889,0.08257439134167077
0.11587611002815681,0.2956989247311828,0.0825721368193697
0.11609270088802252,0.2956989247311828,0.08256778999198144
0.11609270088802252,0.2957856399583767,0.082564753137361
0.11614684860298895,0.2957856399583767,0.08256431979718792
0.11614684860298895,0.2959590704127645,0.08256372605992857
0.11647173489278752,0.2959590704127645,0.08255130736939931
0.11647173489278752,0.29613250086715226,0.0825498829611715
0.11658003032272038,0.29613250086715226,0.08254920986085379
0.11658003032272038,0.29621921609434615,0.0825484543766144
0.11690491661251895,0.29621921609434615,0.08254438784527296
0.11690491661251895,0.2969129379118973,0.08252610874068722
0.11695906432748537,0.2969129379118973,0.08252553542930419
0.11695906432748537,0.2969996531390912,0.08252511590796141
0.11701321204245181,0.2969996531390912,0.0825244523819908
0.11701321204245181,0.29734651404786683,0.08252294450469355
0.11706735975741824,0.29734651404786683,0.08252021020582223
0.11706735975741824,0.2975199445022546,0.08251827410990353
0.1171756551873511,0.2975199445022546,0.08251769399741016
0.1171756551873511,0.29795352063822406,0.08250806196515148
0.11728395061728394,0.29795352063822406,0.08250236392783417
0.11728395061728394,0.29804023586541795,0.08250201384660816
0.11750054147714967,0.29804023586541795,0.08249615998734305
0.11750054147714967,0.2982136663198058,0.08249405653986575
0.1177712800519818,0.2982136663198058,0.08249024232496494
0.1177712800519818,0.29830038154699967,0.08248942718369401
0.11782542776694824,0.29830038154699967,0.0824870483482163
0.11782542776694824,0.29838709677419356,0.08248694167558601
0.11787957548191466,0.29838709677419356,0.08248569081523582
0.11787957548191466,0.29847381200138745,0.0824795625703667
0.11825860948667966,0.29847381200138745,0.08247469530849183
0.11825860948667966,0.29864724245577523,0.08247389618867862
0.11836690491661252,0.29864724245577523,0.0824706299021547
0.11836690491661252,0.298820672910163,0.0824678015932565
0.11842105263157894,0.298820672910163,0.08246738678251253
0.11842105263157894,0.2991675338189386,0.0824639150913491
0.11847520034654538,0.2991675338189386,0.08246372506305888
0.11847520034654538,0.2996011099549081,0.08245814092081494
0.11858349577647823,0.2996011099549081,0.08245731304370829
0.11858349577647823,0.29977454040929585,0.08245564506774028
0.11863764349144466,0.29977454040929585,0.08245545403996979
0.11863764349144466,0.3000346860908776,0.08245427226122759
0.11901667749620966,0.3000346860908776,0.08244735412606197
0.11901667749620966,0.30038154699965314,0.0824442953587956
0.1192874160710418,0.30038154699965314,0.08243931182857467
0.1192874160710418,0.300468262226847,0.08243838041555906
0.11950400693090751,0.300468262226847,0.08243590704295967
0.11950400693090751,0.3007284079084287,0.08243405835351525
0.11955815464587394,0.3007284079084287,0.08243330796217663
0.11955815464587394,0.30081512313562264,0.08243106753454965
0.11961230236084038,0.30081512313562264,0.08242936244372268
0.11961230236084038,0.30090183836281653,0.08242924575449262
0.11977474550573966,0.30090183836281653,0.0824237396358618
0.11977474550573966,0.3009885535900104,0.08242299208871029
0.11988304093567251,0.3009885535900104,0.08241525383942583
0.11988304093567251,0.3010752688172043,0.08241504156216939
0.1200454840805718,0.3010752688172043,0.08241290516121258
0.1200454840805718,0.3011619840443982,0.08241225056924306
0.12009963179553823,0.3011619840443982,0.0824120996472184
0.12009963179553823,0.3012486992715921,0.0824102379154481
0.12020792722547108,0.3012486992715921,0.08240984312239452
0.12020792722547108,0.30142212972597987,0.08240631740665538
0.12026207494043752,0.30142212972597987,0.08240618463975102
0.12026207494043752,0.30150884495317376,0.08240543326927963
0.12031622265540394,0.30150884495317376,0.08240448243108278
0.12031622265540394,0.30159556018036765,0.08240386049631199
0.12037037037037036,0.30159556018036765,0.08240169842753398
0.12037037037037036,0.3016822754075616,0.0823998891198281
0.12047866580030323,0.3016822754075616,0.08239936524209446
0.12047866580030323,0.3017689906347555,0.0823991978974592
0.12064110894520251,0.3017689906347555,0.08239780613411196
0.12064110894520251,0.3018557058619494,0.08239533338406169
0.12069525666016893,0.3018557058619494,0.08239434817833868
0.12069525666016893,0.30194242108914326,0.08239418710988766
0.1208035520901018,0.30194242108914326,0.08239062558947463
0.1208035520901018,0.30202913631633715,0.08239021958391013
0.12091184752003466,0.30202913631633715,0.08238668228186019
0.12091184752003466,0.30220256677072493,0.08238569219869651
0.12123673380983323,0.30220256677072493,0.0823808962588668
0.12123673380983323,0.3023759972251127,0.08237890155986305
0.12129088152479965,0.3023759972251127,0.08237846773121893
0.12129088152479965,0.3025494276795005,0.08237829515061601
0.12145332466969894,0.3025494276795005,0.08237257976511536
0.12145332466969894,0.30272285813388833,0.08237170420058759
0.12150747238466536,0.30272285813388833,0.08237131490327543
0.12150747238466536,0.3028962885882761,0.08236790486978296
0.12172406324453108,0.3028962885882761,0.08236356860456495
0.12172406324453108,0.3031564342698578,0.08235992817676663
0.12177821095949751,0.3031564342698578,0.08235740024239013
0.12177821095949751,0.30324314949705167,0.08235554960616476
0.12188650638943037,0.30324314949705167,0.0823527386072953
0.12188650638943037,0.3035032951786334,0.08235079134099554
0.12199480181936322,0.3035032951786334,0.08234311944210715
0.12199480181936322,0.3035900104058273,0.08234286459183782
0.12318605154862465,0.3035900104058273,0.08232742642861401
0.12318605154862465,0.30367672563302117,0.08232693170202676
0.1232943469785575,0.30367672563302117,0.08232231269494106
0.1232943469785575,0.30402358654179673,0.08231658253048102
0.12351093783842322,0.30402358654179673,0.08231254580601233
0.12351093783842322,0.3041103017689906,0.08230846735213637
0.12356508555338964,0.3041103017689906,0.08230705300055163
0.12356508555338964,0.3042837322233784,0.08230619017057883
0.1240524149880875,0.3042837322233784,0.08230121478986407
0.1240524149880875,0.30437044745057235,0.08230111935180884
0.12432315356291965,0.30437044745057235,0.08229411981506574
0.12432315356291965,0.30445716267776624,0.08229237077782914
0.12448559670781893,0.30445716267776624,0.08228851740018572
0.12448559670781893,0.304630593132154,0.08228787578407193
0.12459389213775178,0.304630593132154,0.0822876097028451
0.12459389213775178,0.3048040235865418,0.08228608005759175
0.12464803985271822,0.3048040235865418,0.08228496130684837
0.12464803985271822,0.3048907388137357,0.08228433694368831
0.1248104829976175,0.3048907388137357,0.08228299802683958
0.1248104829976175,0.3049774540409296,0.08228219584733454
0.12486463071258393,0.3049774540409296,0.08228167197310876
0.12486463071258393,0.30515088449531735,0.08227554581977525
0.12529781243231536,0.30515088449531735,0.08226226656949587
0.12529781243231536,0.3052375997225113,0.08226194936561293
0.12546025557721463,0.3052375997225113,0.08225906903103208
0.12546025557721463,0.3053243149497052,0.08225877217325195
0.12567684643708035,0.3053243149497052,0.08225737755674967
0.12567684643708035,0.3054110301768991,0.08225737000175704
0.12605588044184535,0.3054110301768991,0.0822538931429504
0.12605588044184535,0.30549774540409297,0.08225322012362435
0.12611002815681177,0.30549774540409297,0.08225218632773346
0.12611002815681177,0.30575789108567464,0.08224942324687068
0.12616417587177822,0.30575789108567464,0.08224887881799958
0.12616417587177822,0.3058446063128685,0.08224881275444629
0.12627247130171107,0.3058446063128685,0.08224786410152429
0.12627247130171107,0.30610475199445025,0.08224216512402327
0.12638076673164392,0.30610475199445025,0.08223957231378964
0.12638076673164392,0.3064516129032258,0.08223675264420316
0.12643491444661034,0.3064516129032258,0.08223621677587167
0.12643491444661034,0.3065383281304197,0.08223616752958018
0.1264890621615768,0.3065383281304197,0.08223411842599848
0.1264890621615768,0.3066250433576136,0.08223375831928359
0.1267598007364089,0.3066250433576136,0.08222684102287747
0.1267598007364089,0.30688518903919526,0.08222602461560635
0.12681394845137536,0.30688518903919526,0.08222591204268426
0.12681394845137536,0.30697190426638915,0.08222485128813006
0.12697639159627463,0.30697190426638915,0.08222287851679067
0.12697639159627463,0.3070586194935831,0.0822226368416743
0.12713883474117393,0.3070586194935831,0.08221906947325763
0.12713883474117393,0.307145334720777,0.08221459281902677
0.1273012778860732,0.307145334720777,0.08220973234046536
0.1273012778860732,0.3072320499479709,0.08220960281741663
0.12757201646090535,0.3072320499479709,0.08220347472745093
0.12757201646090535,0.30740548040235866,0.08219934153304975
0.12773445960580462,0.30740548040235866,0.08219575125892908
0.12773445960580462,0.30757891085674643,0.0821928565035639
0.12778860732077107,0.30757891085674643,0.08219207911796089
0.12778860732077107,0.3076656260839403,0.08219200547370886
0.1278427550357375,0.3076656260839403,0.08219023639739498
0.1278427550357375,0.3077523413111342,0.08218988808662164
0.12795105046567035,0.3077523413111342,0.08218804439046723
0.12795105046567035,0.3078390565383281,0.08218726947817134
0.12811349361056965,0.3078390565383281,0.08218440746821387
0.12811349361056965,0.30809920221990983,0.0821817768196984
0.12827593675546892,0.30809920221990983,0.08217993595239448
0.12827593675546892,0.3081859174471037,0.0821787508461409
0.12838423218540176,0.3081859174471037,0.08217398598962755
0.12838423218540176,0.3082726326742976,0.08217222593727835
0.12843837990036822,0.3082726326742976,0.0821701751136239
0.12843837990036822,0.3083593479014915,0.0821692787159678
0.12854667533030106,0.3083593479014915,0.0821646823767106
0.12854667533030106,0.30861949358307317,0.08216168853974426
0.1286008230452675,0.30861949358307317,0.08216063215990799
0.1286008230452675,0.3088796392646549,0.08215934249044121
0.12870911847520033,0.3088796392646549,0.08215673906300558
0.12870911847520033,0.3090530697190427,0.08215596664028224
0.1287632661901668,0.3090530697190427,0.08215532571203532
0.1287632661901668,0.30913978494623656,0.0821547577804449
0.1288174139051332,0.30913978494623656,0.08215384746336407
0.1288174139051332,0.30922650017343045,0.08215360188452525
0.12887156162009963,0.30922650017343045,0.0821528000875944
0.12887156162009963,0.30931321540062434,0.08215266976314117
0.12892570933506606,0.30931321540062434,0.08215253607417639
0.12892570933506606,0.30939993062781823,0.08215161980006713
0.12897985705003248,0.30939993062781823,0.08215161873429144
0.12897985705003248,0.309573361082206,0.08215153494364813
0.12908815247996536,0.309573361082206,0.08215048584386597
0.12908815247996536,0.30966007630939996,0.08214993224790512
0.12914230019493178,0.30966007630939996,0.08214923305723376
0.12914230019493178,0.3099202219909816,0.08214719464704534
0.1291964479098982,0.3099202219909816,0.08214596691547604
0.1291964479098982,0.3100069372181755,0.08214533984300565
0.12925059562486463,0.3100069372181755,0.08214493850425786
0.12925059562486463,0.3100936524453694,0.08214436682852888
0.12930474333983105,0.3100936524453694,0.08214110273869868
0.12930474333983105,0.3101803676725633,0.08214102074089724
0.12935889105479748,0.3101803676725633,0.0821372375710927
0.12935889105479748,0.3102670828997572,0.08213716746547028
0.12941303876976393,0.3102670828997572,0.08213700968304072
0.12941303876976393,0.3103537981269511,0.08213391198975883
0.12968377734459605,0.3103537981269511,0.08212857787607919
0.12968377734459605,0.3107006590357267,0.08212100537999478
0.1297379250595625,0.3107006590357267,0.08212097328089385
0.1297379250595625,0.31104751994450225,0.08211658430602986
0.12990036820446177,0.31104751994450225,0.08211325447940476
0.12990036820446177,0.31113423517169614,0.08211301372851154
0.1299545159194282,0.31113423517169614,0.08211162035315467
0.1299545159194282,0.3113076656260839,0.0821097076874322
0.13006281134936107,0.3113076656260839,0.0821033725428193
0.13006281134936107,0.3113943808532778,0.08210311516582869
0.1301169590643275,0.3113943808532778,0.08210175037614675
0.1301169590643275,0.31148109608047175,0.082100649564391
0.13027940220922676,0.31148109608047175,0.0820983157763393
0.13027940220922676,0.31165452653485953,0.08209393296166922
0.13060428849902533,0.31165452653485953,0.08208097923882973
0.13060428849902533,0.3119146722164412,0.08207218922446669
0.1307125839289582,0.3119146722164412,0.08206898722417288
0.1307125839289582,0.312088102670829,0.08206834086616555
0.13076673164392463,0.312088102670829,0.082066852760452
0.13076673164392463,0.31217481789802287,0.08206345885532906
0.13082087935889106,0.31217481789802287,0.08206322694805657
0.13082087935889106,0.31226153312521676,0.08206299512530113
0.13087502707385748,0.31226153312521676,0.08206125965209532
0.13087502707385748,0.31269510926118627,0.0820546098445698
0.1309291747888239,0.31269510926118627,0.08205358774592741
0.1309291747888239,0.31295525494276794,0.08205243306815757
0.13103747021875678,0.31295525494276794,0.08205080706842627
0.13103747021875678,0.31321540062434966,0.08204890222511452
0.1310916179337232,0.31321540062434966,0.08204877810943345
0.1310916179337232,0.31347554630593133,0.08204583129204046
0.13152479965345462,0.31347554630593133,0.08202604597551333
0.13152479965345462,0.3135622615331252,0.0820256084421429
0.13157894736842105,0.3135622615331252,0.08202465259641989
0.13157894736842105,0.313735691987513,0.08202318736243197
0.13163309508338747,0.313735691987513,0.08202120732935003
0.13163309508338747,0.3138224072147069,0.08202114974701824
0.13179553822828677,0.3138224072147069,0.08201731644132226
0.13179553822828677,0.3139091224419008,0.0820167987973548
0.1318496859432532,0.3139091224419008,0.08201669286515578
0.1318496859432532,0.3142559833506764,0.08201305552800386
0.13195798137318604,0.3142559833506764,0.08201196355685969
0.13195798137318604,0.31451612903225806,0.08200935635465156
0.13206627680311891,0.31451612903225806,0.08200541726203414
0.13206627680311891,0.31460284425945195,0.08200445911585619
0.13217457223305176,0.31460284425945195,0.08200041169545091
0.13217457223305176,0.31477627471383973,0.08199812679054364
0.13233701537795106,0.31477627471383973,0.08199587762633342
0.13233701537795106,0.3152965660770031,0.08198725844650423
0.13255360623781676,0.3152965660770031,0.08198450977654836
0.13255360623781676,0.3155567117585848,0.08198096002725941
0.13260775395278318,0.3155567117585848,0.08198081021029835
0.13260775395278318,0.3157301422129726,0.08197856413734295
0.13271604938271606,0.3157301422129726,0.08197574224496385
0.13271604938271606,0.3158168574401665,0.08197495469227079
0.13277019709768248,0.3158168574401665,0.08197294494663421
0.13277019709768248,0.3159035726673604,0.0819710782349532
0.1328243448126489,0.3159035726673604,0.08197079311247024
0.1328243448126489,0.3159902878945543,0.08197026802448648
0.13293264024258175,0.3159902878945543,0.081969899558761
0.13293264024258175,0.3161637183489421,0.0819679453665747
0.13314923110244747,0.3161637183489421,0.08196118563801824
0.13314923110244747,0.31625043357613597,0.0819602298131934
0.13325752653238032,0.31625043357613597,0.0819536847034188
0.13325752653238032,0.31633714880332986,0.0819530155883279
0.13331167424734677,0.31633714880332986,0.08195108594237155
0.13331167424734677,0.31651057925771764,0.08194647937899324
0.13341996967727962,0.31651057925771764,0.08194302534542186
0.13341996967727962,0.31659729448491153,0.08194243769421883
0.13369070825211177,0.31659729448491153,0.0819342831174279
0.13369070825211177,0.3166840097121054,0.08193353876239695
0.13379900368204461,0.3166840097121054,0.0819312998454722
0.13379900368204461,0.31685744016649325,0.08193006871241026
0.13396144682694391,0.31685744016649325,0.0819275609740886
0.13396144682694391,0.31694415539368714,0.08192691930121132
0.13412388997184319,0.31694415539368714,0.08192151533846337
0.13412388997184319,0.31703087062088103,0.08192123554979869
0.13439462854667533,0.31703087062088103,0.08190613345143172
0.13439462854667533,0.3172043010752688,0.08190563353075397
0.13450292397660818,0.3172043010752688,0.08190460299234714
0.13450292397660818,0.3174644467568505,0.08190287447577815
0.1345570716915746,0.3174644467568505,0.08190233177704909
0.1345570716915746,0.31755116198404437,0.08190198459738984
0.13461121940654105,0.31755116198404437,0.08190086519337747
0.13461121940654105,0.3178113076656261,0.08189299705250375
0.13466536712150748,0.3178113076656261,0.08189278599080496
0.13466536712150748,0.3179847381200139,0.08189170939408652
0.13482781026640675,0.3179847381200139,0.08188922175276603
0.13482781026640675,0.31815816857440166,0.081887334388413
0.13488195798137317,0.31815816857440166,0.08188630475376013
0.13488195798137317,0.31824488380159555,0.08188547727658291
0.13493610569633963,0.31824488380159555,0.08188540232375607
0.13493610569633963,0.31833159902878944,0.08188404923439041
0.13504440112627247,0.31833159902878944,0.08188205278000482
0.13504440112627247,0.3184183142559833,0.0818809596003447
0.1352609919861382,0.3184183142559833,0.0818779142759074
0.1352609919861382,0.31859174471037116,0.08187727868911998
0.13536928741607104,0.31859174471037116,0.08187702037600797
0.13536928741607104,0.31867845993756505,0.0818763227790511
0.13542343513103747,0.31867845993756505,0.08187624661725934
0.13542343513103747,0.31876517516475894,0.08187555936112223
0.13558587827593677,0.31876517516475894,0.08187403130348647
0.13558587827593677,0.31885189039195283,0.08187390486316182
0.1356400259909032,0.31885189039195283,0.0818697429076285
0.1356400259909032,0.3192854665279223,0.08186410624920848
0.13569417370586961,0.3192854665279223,0.08186370569601387
0.13569417370586961,0.3194588969823101,0.08186229964106717
0.13580246913580246,0.3194588969823101,0.08186190816328431
0.13580246913580246,0.319545612209504,0.08186159938506932
0.13585661685076889,0.319545612209504,0.08186132198330509
0.13585661685076889,0.3197190426638918,0.08185931776380473
0.13591076456573534,0.3197190426638918,0.08185719609857278
0.13591076456573534,0.3198057578910857,0.08185570884921534
0.13612735542560103,0.3198057578910857,0.08185273988515873
0.13612735542560103,0.31989247311827956,0.08184914451763259
0.13628979857050033,0.31989247311827956,0.08184691438317238
0.13628979857050033,0.31997918834547345,0.08184519719177241
0.13634394628546675,0.31997918834547345,0.0818426654631148
0.13634394628546675,0.32006590357266734,0.08184100116725501
0.13639809400043318,0.32006590357266734,0.08184077753423247
0.13639809400043318,0.3202393340270552,0.0818384273110988
0.1366146848602989,0.3202393340270552,0.08183366929184199
0.1366146848602989,0.32032604925424907,0.08183358172619859
0.13672298029023175,0.32032604925424907,0.0818332352475788
0.13672298029023175,0.32041276448144296,0.08183089108164276
0.13704786658003032,0.32041276448144296,0.0818220820915847
0.13704786658003032,0.32049947970863685,0.08182193598612097
0.13710201429499674,0.32049947970863685,0.08182013614463868
0.13710201429499674,0.3206729101630246,0.08181947656782174
0.13715616200996317,0.3206729101630246,0.08181941078419919
0.13715616200996317,0.3208463406174124,0.08181529354008577
0.13731860515486247,0.3208463406174124,0.0818103678913269
0.13731860515486247,0.3211064862989941,0.08180441181632259
0.1373727528698289,0.3211064862989941,0.08180327592751135
0.1373727528698289,0.3212799167533819,0.08180281517828947
0.13742690058479531,0.3212799167533819,0.08180260953854446
0.13742690058479531,0.3213666319805758,0.08180096071390297
0.1375893437296946,0.3213666319805758,0.08179812812070231
0.1375893437296946,0.3215400624349636,0.08179459441763726
0.1379683777344596,0.3215400624349636,0.08178768654451485
0.1379683777344596,0.32180020811654525,0.08178345932403408
0.13802252544942603,0.32180020811654525,0.0817814859916346
0.13802252544942603,0.32188692334373914,0.08178136130159741
0.13823911630929175,0.32188692334373914,0.0817778396687634
0.13823911630929175,0.32197363857093303,0.08177532182390923
0.1383474117392246,0.32197363857093303,0.08177145049037371
0.1383474117392246,0.32223378425251475,0.08176423507628261
0.13840155945419103,0.32223378425251475,0.08176242625642449
0.13840155945419103,0.32232049947970864,0.08176170743667677
0.1385098548841239,0.32232049947970864,0.08176078811954568
0.1385098548841239,0.32240721470690253,0.08175931891281274
0.13861815031405675,0.32240721470690253,0.08175444975442714
0.13861815031405675,0.3224939299340964,0.08175395312204659
0.1387264457439896,0.3224939299340964,0.08175040260751176
0.1387264457439896,0.3225806451612903,0.0817487617636028
0.13894303660385532,0.3225806451612903,0.08174255150869425
0.13894303660385532,0.3226673603884842,0.08174231674445553
0.13899718431882174,0.3226673603884842,0.0817417711003745
0.13899718431882174,0.32292750607006593,0.08173703494174145
0.1391054797487546,0.32292750607006593,0.08173288472055074
0.1391054797487546,0.3230142212972598,0.081731980725259
0.13937621832358674,0.3230142212972598,0.08172381721281008
0.13937621832358674,0.3231009365244537,0.08172292808854809
0.13943036603855316,0.3231009365244537,0.08172112124350983
0.13943036603855316,0.32353451266042316,0.08171670126602315
0.13953866146848604,0.32353451266042316,0.08171615035399848
0.13953866146848604,0.32362122788761705,0.08171254996831889
0.13991769547325103,0.32362122788761705,0.08169943127040424
0.13991769547325103,0.32370794311481094,0.08169837467668373
0.1402425817630496,0.32370794311481094,0.08169401523805897
0.1402425817630496,0.3237946583420049,0.08169296813037463
0.14035087719298245,0.3237946583420049,0.0816923987955811
0.14035087719298245,0.32388137356919877,0.08169231885057715
0.14040502490794887,0.32388137356919877,0.08169009017577378
0.14040502490794887,0.32396808879639266,0.08168986540556133
0.14045917262291532,0.32396808879639266,0.08168919512373507
0.14045917262291532,0.32414151925078044,0.08168612573968925
0.14051332033788175,0.32414151925078044,0.08168418616752549
0.14051332033788175,0.32422823447797433,0.08168225519083094
0.14067576348278102,0.32422823447797433,0.08167950814558633
0.14067576348278102,0.3244016649323621,0.08167806017468182
0.14072991119774744,0.3244016649323621,0.0816753530090586
0.14072991119774744,0.324488380159556,0.08167519919522448
0.14083820662768032,0.324488380159556,0.0816703611776386
0.14083820662768032,0.3247485258411377,0.08166791024364994
0.14094650205761317,0.3247485258411377,0.08166657011409195
0.14094650205761317,0.3248352410683316,0.08166633754929675
0.1412172406324453,0.3248352410683316,0.08165984267698123
0.1412172406324453,0.3249219562955255,0.0816586074629071
0.14137968377734458,0.3249219562955255,0.08165120338503895
0.14137968377734458,0.3250086715227194,0.08165060387615086
0.14143383149231104,0.3250086715227194,0.0816504604380146
0.14143383149231104,0.3250953867499133,0.0816503176783272
0.14170457006714315,0.3250953867499133,0.08164594929937796
0.14170457006714315,0.3251821019771072,0.08164202611275728
0.1417587177821096,0.3251821019771072,0.0816417751696894
0.1417587177821096,0.32526881720430106,0.08164166326769284
0.14186701321204245,0.32526881720430106,0.0816398264564917
0.14186701321204245,0.32535553243149495,0.08163903678881401
0.14192116092700888,0.32535553243149495,0.08163884965822188
0.14192116092700888,0.32544224765868884,0.0816377083426072
0.14208360407190818,0.32544224765868884,0.08163648604447182
0.14208360407190818,0.32552896288588273,0.08163622493708345
0.14219189950184102,0.32552896288588273,0.08163202072992393
0.14219189950184102,0.3256156781130767,0.08163140962963689
0.14230019493177387,0.3256156781130767,0.0816311238768399
0.14230019493177387,0.32578910856746446,0.08162669618796548
0.14240849036170675,0.32578910856746446,0.08162396616685719
0.14240849036170675,0.32613596947624,0.08161996689689621
0.14246263807667317,0.32613596947624,0.08161916167126693
0.14246263807667317,0.3263093999306278,0.08161847216762519
0.14267922893653887,0.3263093999306278,0.0816169541517291
0.14267922893653887,0.3263961151578217,0.081616520762261
0.14273337665150532,0.3263961151578217,0.08161480715739589
0.14273337665150532,0.32648283038501563,0.08161378777045547
0.14278752436647174,0.32648283038501563,0.08161367815387233
0.14278752436647174,0.3265695456122095,0.0816129954925151
0.14327485380116958,0.3265695456122095,0.08159969910356812
0.14327485380116958,0.3267429760665973,0.08159901956329763
0.143329001516136,0.3267429760665973,0.08159691202380581
0.143329001516136,0.32700312174817897,0.08159602835036628
0.14354559237600173,0.32700312174817897,0.08158872674975215
0.14354559237600173,0.32708983697537286,0.08158871742327167
0.14376218323586745,0.32708983697537286,0.08157931327789969
0.14376218323586745,0.32717655220256675,0.08157668847585664
0.14397877409573315,0.32717655220256675,0.08157465846466949
0.14397877409573315,0.32726326742976064,0.08157309559961679
0.14408706952566602,0.32726326742976064,0.08157161730916229
0.14408706952566602,0.3273499826569546,0.08157096043043888
0.14414121724063245,0.3273499826569546,0.08156921549413343
0.14414121724063245,0.32778355879292403,0.08156573139664203
0.14419536495559887,0.32778355879292403,0.08156280328103804
0.14419536495559887,0.3278702740201179,0.0815619941181438
0.14435780810049817,0.3278702740201179,0.08155989694016585
0.14435780810049817,0.3280437044745057,0.08155860320112929
0.1444119558154646,0.3280437044745057,0.08155705574749472
0.1444119558154646,0.3281304197016996,0.08155666817169727
0.14452025124539744,0.3281304197016996,0.08155567414505183
0.14452025124539744,0.32821713492889354,0.0815532047777694
0.14457439896036386,0.32821713492889354,0.08155222370666793
0.14457439896036386,0.3283905653832813,0.08155082307946682
0.14473684210526316,0.3283905653832813,0.08154644916673148
0.14473684210526316,0.3285639958376691,0.08154334505680882
0.1450075806800953,0.3285639958376691,0.08153464511275077
0.1450075806800953,0.328650711064863,0.08153344887517222
0.145603205544726,0.328650711064863,0.081526934609232
0.145603205544726,0.32891085674644466,0.08152473318493292
0.14571150097465888,0.32891085674644466,0.08152399549598033
0.14571150097465888,0.3291710024280264,0.08152186646491111
0.1461446826943903,0.3291710024280264,0.08151119617977143
0.1461446826943903,0.32925771765522027,0.08151000901703198
0.14619883040935672,0.32925771765522027,0.08150898065759438
0.14619883040935672,0.32934443288241416,0.08150833515715905
0.1463071258392896,0.32934443288241416,0.08150706701973998
0.1463071258392896,0.32943114810960805,0.08150445499697923
0.14636127355425602,0.32943114810960805,0.08150443753331782
0.14636127355425602,0.32960457856399583,0.08150175070473131
0.1465237166991553,0.32960457856399583,0.0814985304038871
0.1465237166991553,0.3297780090183836,0.08149487523395904
0.1465778644141217,0.3297780090183836,0.08149382729868826
0.1465778644141217,0.33003815469996534,0.08149320271744709
0.1466861598440546,0.33003815469996534,0.08149149132434452
0.1466861598440546,0.3301248699271592,0.08149132648914281
0.146740307559021,0.3301248699271592,0.08148996588684199
0.146740307559021,0.3302115851543531,0.08148920671797533
0.14679445527398743,0.3302115851543531,0.08148894893828662
0.14679445527398743,0.3303850156087409,0.08148285998353177
0.14684860298895386,0.3303850156087409,0.0814803374264843
0.14684860298895386,0.3304717308359348,0.08147978706767867
0.14690275070392028,0.3304717308359348,0.08147977582487043
0.14690275070392028,0.3305584460631287,0.08147962028847955
0.14706519384881958,0.3305584460631287,0.08147436064439639
0.14706519384881958,0.33081859174471034,0.08146705105312768
0.147119341563786,0.33081859174471034,0.08146672532380173
0.147119341563786,0.3309053069719043,0.08146465427488225
0.14717348927875243,0.3309053069719043,0.08146336399007614
0.14717348927875243,0.3309920221990982,0.08146264120715574
0.14722763699371885,0.3309920221990982,0.08146195973474502
0.14722763699371885,0.33116545265348596,0.08145998515619501
0.14733593242365173,0.33116545265348596,0.08145826387068533
0.14733593242365173,0.33125216788067985,0.08145768064522052
0.14739008013861815,0.33125216788067985,0.08145757048348812
0.14739008013861815,0.33133888310787374,0.0814562464309978
0.147498375568551,0.33133888310787374,0.08145569039659306
0.147498375568551,0.3315990287894554,0.08144855519968619
0.14755252328351742,0.3315990287894554,0.08143838875356813
0.14755252328351742,0.33177245924384324,0.08143480648614743
0.14760667099848387,0.33177245924384324,0.08143463929030981
0.14760667099848387,0.3320326049254249,0.0814312123190577
0.14782326185834957,0.3320326049254249,0.08142294822108553
0.14782326185834957,0.3321193201526188,0.08142140223527128
0.14798570500324887,0.3321193201526188,0.08141897771212414
0.14798570500324887,0.3322927506070066,0.08141732819403646
0.1480398527182153,0.3322927506070066,0.0814168273615794
0.1480398527182153,0.33281304197017,0.08140547455017177
0.14809400043318172,0.33281304197017,0.08140527546241438
0.14809400043318172,0.33298647242455776,0.08140282409672439
0.14814814814814814,0.33298647242455776,0.08140119125461909
0.14814814814814814,0.33315990287894554,0.08139899565614139
0.14820229586311456,0.33315990287894554,0.0813988935490293
0.14820229586311456,0.3332466181061394,0.08139879209714018
0.14831059129304744,0.3332466181061394,0.08139712837065383
0.14831059129304744,0.3334200485605272,0.08139685341408387
0.14852718215291313,0.3334200485605272,0.08139393349782753
0.14852718215291313,0.33359347901491504,0.08138722532977893
0.14858132986787959,0.33359347901491504,0.08138646257596904
0.14858132986787959,0.33368019424210893,0.08138603120183552
0.14879792072774528,0.33368019424210893,0.08138429562853511
0.14879792072774528,0.3337669094693028,0.08138265388626897
0.1488520684427117,0.3337669094693028,0.08138139605403016
0.1488520684427117,0.3340270551508845,0.08137747168077825
0.14890621615767816,0.3340270551508845,0.0813771700210626
0.14890621615767816,0.3341137703780784,0.0813764449525225
0.149014511587611,0.3341137703780784,0.08137281792617479
0.149014511587611,0.3345473465140479,0.08136703410421386
0.14912280701754385,0.3345473465140479,0.08136370757159983
0.14912280701754385,0.33472077696843566,0.08135944741755385
0.14923110244747673,0.33472077696843566,0.08135659465950251
0.14923110244747673,0.33489420742282344,0.08135508839786043
0.14928525016244315,0.33489420742282344,0.08135427623117675
0.14928525016244315,0.33498092265001733,0.08134918581885353
0.14944769330734242,0.33498092265001733,0.08134556895401102
0.14944769330734242,0.3350676378772112,0.08134457168823195
0.14961013645224172,0.3350676378772112,0.08134109527778999
0.14961013645224172,0.3351543531044051,0.08133884368552957
0.14966428416720814,0.3351543531044051,0.08133831295836647
0.14966428416720814,0.335241068331599,0.08133718917551058
0.149772579597141,0.335241068331599,0.08133656890568308
0.149772579597141,0.33532778355879295,0.0813364897124238
0.15020576131687244,0.33532778355879295,0.08132283610722713
0.15020576131687244,0.3355012140131807,0.08131979791208166
0.15042235217673813,0.3355012140131807,0.08131489326704755
0.15042235217673813,0.3356746444675685,0.08131435170261447
0.15063894303660386,0.3356746444675685,0.08130650992122335
0.15063894303660386,0.3359347901491502,0.08130487898138683
0.15069309075157028,0.3359347901491502,0.08130479117675482
0.15069309075157028,0.33602150537634407,0.08130454742395088
0.15080138618150313,0.33602150537634407,0.0813006982854596
0.15080138618150313,0.3361949358307319,0.08129857625740011
0.150909681611436,0.3361949358307319,0.08129554609261391
0.150909681611436,0.3362816510579258,0.08129385979985893
0.15118042018626815,0.3362816510579258,0.08128522962711515
0.15118042018626815,0.3363683662851197,0.08128505149493415
0.151288715616201,0.3363683662851197,0.08128411139699149
0.151288715616201,0.33654179673950746,0.08128243476114538
0.15134286333116742,0.33654179673950746,0.08127879310352015
0.15134286333116742,0.33662851196670135,0.08127819791176938
0.15139701104613384,0.33662851196670135,0.08127592631435432
0.15139701104613384,0.336888657648283,0.08127329793872362
0.1518301927658653,0.336888657648283,0.08126860528001068
0.1518301927658653,0.3369753728754769,0.08126828201517133
0.15188434048083171,0.3369753728754769,0.08126757543142094
0.15188434048083171,0.33723551855705863,0.08126320186878089
0.15193848819579814,0.33723551855705863,0.08126306630342994
0.15193848819579814,0.3374089490114464,0.0812578976964824
0.15199263591076456,0.3374089490114464,0.08125654989261277
0.15199263591076456,0.3374956642386403,0.08125567378847354
0.1521009313406974,0.3374956642386403,0.08125500257369711
0.1521009313406974,0.3376690946930281,0.0812533189251412
0.15220922677063028,0.3376690946930281,0.08125291385286126
0.15220922677063028,0.33775580992022197,0.08125224357867089
0.15231752220056313,0.33775580992022197,0.08125123251342714
0.15231752220056313,0.33784252514741586,0.08124952840832589
0.15247996534546243,0.33784252514741586,0.08124614746507253
0.15247996534546243,0.3381026708289976,0.08124452017328743
0.15258826077539528,0.3381026708289976,0.08124387667468502
0.15258826077539528,0.3381893860561915,0.08124385213664254
0.152804851635261,0.3381893860561915,0.08124080449963533
0.152804851635261,0.33853624696496704,0.08123832957520838
0.15291314706519385,0.33853624696496704,0.08123526407632742
0.15291314706519385,0.3387096774193548,0.08123483540498988
0.15312973792505957,0.3387096774193548,0.08123063509820727
0.15312973792505957,0.33879639264654876,0.08123014597234501
0.153183885640026,0.33879639264654876,0.08122971086712139
0.153183885640026,0.33888310787374265,0.08122720326462218
0.15323803335499242,0.33888310787374265,0.0812270308880847
0.15323803335499242,0.33896982310093654,0.08122553731177096
0.15334632878492527,0.33896982310093654,0.08121841321590195
0.15334632878492527,0.33905653832813043,0.08121537360815911
0.15350877192982457,0.33905653832813043,0.08121330230095802
0.15350877192982457,0.339403399236906,0.08121035668848342
0.153562919644791,0.339403399236906,0.08120945471372099
0.153562919644791,0.33957682969129377,0.08120676012815808
0.15361706735975741,0.33957682969129377,0.08120614024163753
0.15361706735975741,0.33966354491848766,0.08120552833870276
0.15372536278969026,0.33966354491848766,0.08120162617516202
0.15372536278969026,0.3397502601456816,0.08119940112051505
0.1537795105046567,0.3397502601456816,0.08119830730323252
0.1537795105046567,0.3399236906000694,0.08119796625681963
0.15383365821962314,0.3399236906000694,0.08119682799173567
0.15383365821962314,0.34018383628165105,0.08118972603666652
0.15388780593458956,0.34018383628165105,0.08118931098771931
0.15388780593458956,0.34035726673603883,0.08118774355081437
0.15394195364955598,0.34035726673603883,0.08118717526688668
0.15394195364955598,0.3404439819632327,0.08118295525097485
0.1539961013645224,0.3404439819632327,0.08118245588238215
0.1539961013645224,0.3409642733263961,0.08117401554077208
0.15405024907948883,0.3409642733263961,0.08117351764406955
0.15405024907948883,0.34105098855359,0.08117333674998384
0.15410439679445528,0.34105098855359,0.0811720089675132
0.15410439679445528,0.34139784946236557,0.08117063877652164
0.1541585445094217,0.34139784946236557,0.08117039246188096
0.1541585445094217,0.3415712799167534,0.08116719159658414
0.15426683993935456,0.3415712799167534,0.08116562293121432
0.15426683993935456,0.3416579951439473,0.08116538594136458
0.15442928308425385,0.3416579951439473,0.08116420510345979
0.15442928308425385,0.3417447103711412,0.08116418946101911
0.1545375785141867,0.3417447103711412,0.08116304816335407
0.1545375785141867,0.34191814082552896,0.08116091313765761
0.15464587394411955,0.34191814082552896,0.0811591540757306
0.15464587394411955,0.34217828650711063,0.08115481161223737
0.15486246480398527,0.34217828650711063,0.08114859463818225
0.15486246480398527,0.3422650017343045,0.08114657715177342
0.1549166125189517,0.3422650017343045,0.0811456559374244
0.1549166125189517,0.34252514741588624,0.08114100462265461
0.15502490794888454,0.34252514741588624,0.08113499991616968
0.15502490794888454,0.3427852930974679,0.0811317790573709
0.15513320337881742,0.3427852930974679,0.08112710339712748
0.15513320337881742,0.3429587235518557,0.08112378574011325
0.15540394195364957,0.3429587235518557,0.08111480894180478
0.15540394195364957,0.3430454387790496,0.0811142393601536
0.155458089668616,0.3430454387790496,0.0811138708022292
0.155458089668616,0.3432188692334374,0.08111378863163665
0.15562053281351526,0.3432188692334374,0.08110795332925758
0.15562053281351526,0.3433055844606313,0.08110573148124645
0.15594541910331383,0.3433055844606313,0.08110253728011729
0.15594541910331383,0.343565730142213,0.08109806211209802
0.15599956681828026,0.343565730142213,0.08109660119538131
0.15599956681828026,0.34373916059660076,0.0810916395164134
0.1564327485380117,0.34373916059660076,0.08108496120082598
0.1564327485380117,0.34391259105098854,0.08108459465916984
0.15648689625297812,0.34391259105098854,0.08108355375838516
0.15648689625297812,0.3439993062781824,0.08108280562778569
0.15659519168291097,0.3439993062781824,0.08108074481450145
0.15659519168291097,0.3445195976413458,0.0810650870018792
0.15675763482781027,0.3445195976413458,0.08106274182015838
0.15675763482781027,0.3446930280957336,0.08105659972478985
0.15713666883257527,0.3446930280957336,0.08104569579892473
0.15713666883257527,0.3448664585501214,0.08103869213935266
0.1574074074074074,0.3448664585501214,0.08103640994759709
0.1574074074074074,0.34495317377731527,0.08103409256566096
0.15784058912713883,0.34495317377731527,0.08102323782707765
0.15784058912713883,0.3450398890045092,0.08101237740760192
0.15794888455707168,0.3450398890045092,0.08101174158804514
0.15794888455707168,0.3451266042317031,0.0810083782252673
0.15800303227203813,0.3451266042317031,0.08100785328458504
0.15800303227203813,0.34556018036767255,0.08100394855056692
0.15805717998700455,0.34556018036767255,0.08100150180518462
0.15805717998700455,0.34573361082206033,0.08100028402566783
0.15821962313190382,0.34573361082206033,0.08099695997502998
0.15821962313190382,0.34590704127644817,0.08099617373684365
0.15827377084687025,0.34590704127644817,0.08099596030946765
0.15827377084687025,0.34599375650364206,0.08099539132407929
0.1583279185618367,0.34599375650364206,0.08099350298669838
0.1583279185618367,0.34616718695802984,0.08099193557218842
0.15849036170673597,0.34616718695802984,0.08098568063167555
0.15849036170673597,0.3462539021852237,0.08098550762646028
0.15859865713666882,0.3462539021852237,0.08098504526421957
0.15859865713666882,0.3463406174124176,0.08098448668554381
0.1587069525666017,0.3463406174124176,0.08098269124989921
0.1587069525666017,0.3465140478668054,0.08098101374271627
0.15897769114143384,0.3465140478668054,0.08097757948022255
0.15897769114143384,0.3466007630939993,0.08097702158014286
0.1590859865713667,0.3466007630939993,0.08097445474860421
0.1590859865713667,0.3466874783211932,0.08097443888568634
0.1591401342863331,0.3466874783211932,0.08097252207312611
0.1591401342863331,0.3467741935483871,0.08097248832164006
0.15924842971626596,0.3467741935483871,0.08097179700207313
0.15924842971626596,0.346860908775581,0.08097166199724226
0.15946502057613168,0.346860908775581,0.08096644724475044
0.15946502057613168,0.3471210544571627,0.08096377619508477
0.1595191682910981,0.3471210544571627,0.08096299377451865
0.1595191682910981,0.34720776968435657,0.08096297799255558
0.15957331600606453,0.34720776968435657,0.080961089999672
0.15957331600606453,0.34729448491155046,0.08095995140916457
0.15984405458089668,0.34729448491155046,0.0809518954832551
0.15984405458089668,0.34738120013874435,0.08094962548585971
0.1598982022958631,0.34738120013874435,0.08094938679684249
0.1598982022958631,0.34755463059313213,0.0809447798497629
0.16000649772579598,0.34755463059313213,0.0809437554220418
0.16000649772579598,0.3476413458203261,0.08094345753704157
0.1600606454407624,0.3476413458203261,0.08094327532500878
0.1600606454407624,0.34781477627471385,0.08094153334918719
0.16011479315572882,0.34781477627471385,0.08093947145596703
0.16011479315572882,0.34790149150190774,0.08093943967715744
0.16016894087069525,0.34790149150190774,0.08093891181655599
0.16016894087069525,0.34798820672910163,0.08093773485231659
0.16033138401559455,0.34798820672910163,0.0809366123944566
0.16033138401559455,0.3480749219562955,0.08093155590032342
0.16038553173056097,0.3480749219562955,0.08092923261140239
0.16038553173056097,0.3483350676378772,0.08092781178948827
0.1604396794455274,0.3483350676378772,0.08092729858405501
0.1604396794455274,0.3484217828650711,0.08092589289270391
0.16049382716049382,0.3484217828650711,0.08092577956293168
0.16049382716049382,0.3486819285466528,0.0809197403312103
0.1608728611652588,0.3486819285466528,0.08091141994046058
0.1608728611652588,0.3487686437738467,0.08090739280970016
0.16092700888022526,0.3487686437738467,0.08090270848876835
0.16092700888022526,0.34902878945542837,0.08089971738310431
0.1609811565951917,0.34902878945542837,0.0808979415029123
0.1609811565951917,0.34928893513701004,0.08089769538532599
0.16114359974009096,0.34928893513701004,0.080894491870515
0.16114359974009096,0.3493756503642039,0.08089241009500969
0.16125189517002383,0.3493756503642039,0.0808892273532944
0.16125189517002383,0.34946236559139787,0.0808891553612967
0.16136019059995668,0.34946236559139787,0.08088467673373101
0.16136019059995668,0.34954908081859176,0.08088340367652025
0.1614143383149231,0.34954908081859176,0.08088213651978737
0.1614143383149231,0.34963579604578565,0.08088198705318872
0.16146848602988953,0.34963579604578565,0.08088126020108244
0.16146848602988953,0.34980922650017343,0.08087780205117823
0.1615767814598224,0.34980922650017343,0.08087659760773436
0.1615767814598224,0.3499826569545612,0.08087635906790314
0.16168507688975525,0.3499826569545612,0.08087537710808679
0.16168507688975525,0.350156087408949,0.08087492389643858
0.16173922460472168,0.350156087408949,0.0808713361858906
0.16173922460472168,0.3503295178633368,0.08086739262213039
0.16190166774962098,0.3503295178633368,0.080865101026242
0.16190166774962098,0.3505896635449185,0.08086191233297946
0.16206411089452025,0.3505896635449185,0.08085565382315352
0.16206411089452025,0.3506763787721124,0.08085535455418746
0.16211825860948667,0.3506763787721124,0.08085344392420968
0.16211825860948667,0.35128338536246967,0.08084820177369267
0.1621724063244531,0.35128338536246967,0.08084798556893236
0.1621724063244531,0.35154353104405134,0.08084588287050076
0.16228070175438597,0.35154353104405134,0.08084164946006456
0.16228070175438597,0.35163024627124523,0.08083711981387309
0.1623348494693524,0.35163024627124523,0.08083682731954922
0.1623348494693524,0.3517169614984391,0.0808365693361135
0.16249729261425166,0.3517169614984391,0.08082934099560957
0.16249729261425166,0.351803676725633,0.08082693527995088
0.16255144032921812,0.351803676725633,0.08082524120336299
0.16255144032921812,0.3518903919528269,0.08082453863678118
0.16260558804418454,0.3518903919528269,0.08082425770080781
0.16260558804418454,0.3519771071800208,0.08082129897908974
0.16265973575915096,0.3519771071800208,0.08081808657416412
0.16265973575915096,0.3522372528616025,0.0808140704156215
0.1627138834741174,0.3522372528616025,0.08081365297974141
0.1627138834741174,0.3524973985431842,0.08081265232110857
0.1627680311890838,0.3524973985431842,0.08080900684883785
0.1627680311890838,0.35267082899757196,0.08080655495021083
0.16303876976391596,0.35267082899757196,0.0808032121815705
0.16303876976391596,0.35284425945195974,0.08080006998702927
0.16320121290881526,0.35284425945195974,0.08079715619383498
0.16320121290881526,0.3529309746791537,0.08079604544163965
0.16336365605371453,0.3529309746791537,0.08078975112845899
0.16336365605371453,0.3530176899063476,0.08078950555261466
0.16358024691358025,0.3530176899063476,0.08078802410425778
0.16358024691358025,0.35310440513354147,0.08078730655469468
0.16363439462854668,0.35310440513354147,0.08078720940321493
0.16363439462854668,0.35319112036073536,0.08078348748587838
0.16374269005847952,0.35319112036073536,0.08077931954810258
0.16374269005847952,0.35336455081512314,0.08077865157516251
0.16379683777344595,0.35336455081512314,0.08077838024841011
0.16379683777344595,0.353451266042317,0.08077767381555745
0.16401342863331167,0.353451266042317,0.08077373302244695
0.16401342863331167,0.3537114117238987,0.08076943061323694
0.1640675763482781,0.3537114117238987,0.08076660435482519
0.1640675763482781,0.3540582726326743,0.0807615128625736
0.16428416720814382,0.3540582726326743,0.08075696139104105
0.16428416720814382,0.3542317030870621,0.0807516092744569
0.16439246263807666,0.3542317030870621,0.08074399837151236
0.16439246263807666,0.35440513354144987,0.08074084791366976
0.16450075806800954,0.35440513354144987,0.08073957219214956
0.16450075806800954,0.35449184876864376,0.08073706912953194
0.16477149664284166,0.35449184876864376,0.08073454100073052
0.16477149664284166,0.3548387096774194,0.08073283682385846
0.1648256443578081,0.3548387096774194,0.08073249701421492
0.1648256443578081,0.35509885535900104,0.08073144565407975
0.16493393978774096,0.35509885535900104,0.08073038739134453
0.16493393978774096,0.35518557058619493,0.0807284444142835
0.1650422352176738,0.35518557058619493,0.08072646041877451
0.1650422352176738,0.3552722858133888,0.08072639856766961
0.16509638293264023,0.3552722858133888,0.08072456589488408
0.16509638293264023,0.3553590010405827,0.08072362121797716
0.16515053064760668,0.3553590010405827,0.08072307470766282
0.16515053064760668,0.3554457162677766,0.08072301248194891
0.1652046783625731,0.3554457162677766,0.08072279350852285
0.1652046783625731,0.35561914672216444,0.0807180519965407
0.16525882607753953,0.35561914672216444,0.08071731252539016
0.16525882607753953,0.3557058619493583,0.08071703587327406
0.16531297379250595,0.3557058619493583,0.0807168286254194
0.16531297379250595,0.3557925771765522,0.0807131563977812
0.16536712150747238,0.3557925771765522,0.08071184220301375
0.16536712150747238,0.3558792924037461,0.08071149001201205
0.16547541693740525,0.3558792924037461,0.08070922015057147
0.16547541693740525,0.35596600763094,0.08070575119423329
0.16563786008230452,0.35596600763094,0.08070319446300767
0.16563786008230452,0.35631286853971555,0.08070207724809975
0.16569200779727095,0.35631286853971555,0.08070154457433643
0.16569200779727095,0.35639958376690944,0.08069647278558922
0.16574615551223737,0.35639958376690944,0.08069434876206327
0.16574615551223737,0.3565730142212973,0.0806939718375117
0.16580030322720382,0.3565730142212973,0.0806918515610946
0.16580030322720382,0.35674644467568506,0.08068850789873672
0.1659627463721031,0.35674644467568506,0.08068527775585266
0.1659627463721031,0.35683315990287895,0.08068497760094129
0.16601689408706952,0.35683315990287895,0.08068459239627512
0.16601689408706952,0.35700659035726673,0.08068362723790323
0.16617933723196882,0.35700659035726673,0.08068032530839675
0.16617933723196882,0.3571800208116545,0.08067870619274053
0.16623348494693524,0.3571800208116545,0.0806773221980146
0.16623348494693524,0.35735345126604234,0.08067602681413333
0.16628763266190166,0.35735345126604234,0.0806753351384717
0.16628763266190166,0.3575268817204301,0.08067278346180351
0.16645007580680096,0.3575268817204301,0.08066708421104551
0.16645007580680096,0.357613596947624,0.08066650016850208
0.16650422352176739,0.357613596947624,0.08066622588037076
0.16650422352176739,0.3577003121748179,0.08066520591505477
0.1665583712367338,0.3577003121748179,0.08066503368828726
0.1665583712367338,0.3577870274020118,0.08066481439931183
0.16661251895170023,0.3577870274020118,0.08066437286878281
0.16661251895170023,0.3578737426292057,0.08066085802693324
0.1667208143816331,0.3578737426292057,0.08065565942518083
0.1667208143816331,0.35796045785639957,0.08065331832744982
0.16682910981156596,0.35796045785639957,0.08065123756935466
0.16682910981156596,0.3582206035379813,0.08064635314405333
0.16699155295646523,0.3582206035379813,0.0806444487247111
0.16699155295646523,0.35856746444675686,0.08063987127531935
0.16704570067143168,0.35856746444675686,0.08063945964327157
0.16704570067143168,0.35874089490114464,0.0806379087385447
0.1670998483863981,0.35874089490114464,0.080636232889844
0.1670998483863981,0.3590010405827263,0.08063013726680013
0.16715399610136453,0.3590010405827263,0.08062748757090143
0.16715399610136453,0.3590877558099202,0.08062617569117636
0.16720814381633095,0.3590877558099202,0.08062551942091889
0.16720814381633095,0.35917447103711414,0.08062395903409669
0.16742473467619667,0.35917447103711414,0.08061608312282531
0.16742473467619667,0.3596947624002775,0.0806006595831048
0.16780376868096167,0.3596947624002775,0.0805897465809653
0.16780376868096167,0.35978147762747137,0.08058894807883776
0.16796621182586094,0.35978147762747137,0.0805802782912195
0.16796621182586094,0.35986819285466526,0.08058017515869875
0.16818280268572666,0.35986819285466526,0.08057744425800784
0.16818280268572666,0.3600416233090531,0.08057271484746753
0.16823695040069309,0.3600416233090531,0.08057205902469078
0.16823695040069309,0.36030176899063476,0.08056935981556812
0.1682910981156595,0.36030176899063476,0.08056911021170099
0.1682910981156595,0.36038848421782865,0.08056770822115134
0.1684535412605588,0.36038848421782865,0.08056235709752402
0.1684535412605588,0.3606486298994103,0.08056153988843606
0.16850768897552523,0.3606486298994103,0.08056122604641258
0.16850768897552523,0.3607353451266042,0.08055870187059999
0.16856183669049166,0.3607353451266042,0.08055531395328375
0.16856183669049166,0.36099549080818594,0.08055361032398034
0.16861598440545808,0.36099549080818594,0.08055236982003233
0.16861598440545808,0.3610822060353798,0.08055037385306552
0.16877842755035738,0.3610822060353798,0.08054762604843702
0.16877842755035738,0.3613423517169615,0.08054631363295695
0.16894087069525665,0.3613423517169615,0.0805437647332321
0.16894087069525665,0.3614290669441554,0.0805433969517455
0.1689950184102231,0.3614290669441554,0.08054334497242155
0.1689950184102231,0.3615157821713493,0.08054041713476257
0.16910331384015595,0.3615157821713493,0.08053790954657014
0.16910331384015595,0.3618626430801249,0.08053367331518069
0.1693740524149881,0.3618626430801249,0.08052755614915186
0.1693740524149881,0.3619493583073188,0.08051858527972833
0.16948234784492094,0.3619493583073188,0.08051733768150049
0.16948234784492094,0.36212278876170656,0.08051422280086085
0.16953649555988737,0.36212278876170656,0.08051337027561334
0.16953649555988737,0.36220950398890045,0.08051296875793135
0.1695906432748538,0.36220950398890045,0.08051234032194454
0.1695906432748538,0.3624696496704821,0.08051144276426658
0.16969893870478667,0.3624696496704821,0.08051120465902706
0.16969893870478667,0.362556364897676,0.08051065806176383
0.16986138184968594,0.362556364897676,0.0805080155445761
0.16986138184968594,0.36264308012486995,0.08050726263267816
0.17007797270955166,0.36264308012486995,0.08050420575961414
0.17007797270955166,0.36272979535206384,0.0805041596606586
0.1701862681394845,0.36272979535206384,0.08049467368888985
0.1701862681394845,0.3629032258064516,0.0804939729893781
0.17024041585445093,0.3629032258064516,0.08049300031080686
0.17024041585445093,0.36342351716961496,0.08049090945632331
0.17051115442928308,0.36342351716961496,0.08048779469532286
0.17051115442928308,0.36351023239680885,0.08048740877617533
0.17067359757418238,0.36351023239680885,0.08048318354428252
0.17067359757418238,0.3635969476240028,0.08047640069396844
0.17089018843404807,0.3635969476240028,0.08047404345470688
0.17089018843404807,0.3636836628511967,0.08047403464412506
0.17099848386398095,0.3636836628511967,0.08047353856644635
0.17099848386398095,0.3637703780783906,0.08047111691840936
0.1712692224388131,0.3637703780783906,0.08046555257568833
0.1712692224388131,0.36385709330558447,0.08046498562253168
0.17132337015377952,0.36385709330558447,0.0804647080812475
0.17132337015377952,0.36394380853277836,0.08046433866751368
0.17143166558371237,0.36394380853277836,0.08046200482072585
0.17143166558371237,0.36403052375997225,0.08046140298972637
0.1714858132986788,0.36403052375997225,0.08046102310941872
0.1714858132986788,0.36420395421436,0.08046047404593426
0.17153996101364521,0.36420395421436,0.08046043813455905
0.17153996101364521,0.3642906694415539,0.08045931539270312
0.17159410872861167,0.3642906694415539,0.08045793707965054
0.17159410872861167,0.36455081512313564,0.08045559279198744
0.1717024041585445,0.36455081512313564,0.080453442511073
0.1717024041585445,0.3647242455775234,0.08045222602439961
0.17197314273337666,0.3647242455775234,0.08044609998721297
0.17197314273337666,0.3648109608047173,0.08044394305460689
0.17213558587827593,0.3648109608047173,0.08044065295292913
0.17213558587827593,0.3648976760319112,0.080439026915202
0.17218973359324236,0.3648976760319112,0.0804389602358977
0.17218973359324236,0.365071106486299,0.08043427784556823
0.1722438813082088,0.365071106486299,0.08043355378767503
0.1722438813082088,0.36524453694068676,0.08043166341084595
0.1724604721680745,0.36524453694068676,0.08043033525258436
0.1724604721680745,0.3654179673950746,0.08042630367529213
0.17267706302794023,0.3654179673950746,0.08042173238525074
0.17267706302794023,0.3655913978494624,0.0804209261748623
0.17289365388780595,0.3655913978494624,0.08041750594769614
0.17289365388780595,0.36567811307665626,0.08041308301525829
0.17305609703270522,0.36567811307665626,0.0804108375050756
0.17305609703270522,0.36576482830385015,0.08041040965327917
0.17311024474767164,0.36576482830385015,0.08040178101970752
0.17311024474767164,0.36585154353104404,0.0804012208317062
0.17321854017760452,0.36585154353104404,0.08040040035261353
0.17321854017760452,0.36593825875823793,0.08039812515528899
0.17332683560753737,0.36593825875823793,0.08039663272217612
0.17332683560753737,0.3660249739854318,0.08039609652340052
0.1733809833225038,0.3660249739854318,0.08039543439509389
0.1733809833225038,0.36619840443981966,0.08039447309267045
0.17348927875243664,0.36619840443981966,0.08039083448486717
0.17348927875243664,0.36628511966701355,0.08038847090957657
0.17365172189733594,0.36628511966701355,0.08038667561552293
0.17365172189733594,0.3666319805757891,0.08038377871903424
0.17376001732726878,0.3666319805757891,0.08038329088784235
0.17376001732726878,0.366718695802983,0.08038230807807478
0.17386831275720166,0.366718695802983,0.08037791605958855
0.17386831275720166,0.3668921262573708,0.08037550301411645
0.17403075590210093,0.3668921262573708,0.08036906640161989
0.17403075590210093,0.36697884148456467,0.08036469814341118
0.17408490361706735,0.36697884148456467,0.08036348739386234
0.17408490361706735,0.3671522719389525,0.08035959416928451
0.17419319904700023,0.3671522719389525,0.08035742770003673
0.17419319904700023,0.3672389871661464,0.08035651617903161
0.17446393762183235,0.3672389871661464,0.08035165838003899
0.17446393762183235,0.36741241762053417,0.08035070116075116
0.17457223305176522,0.36741241762053417,0.08034763215097596
0.17457223305176522,0.36758584807492195,0.08034577419793365
0.17478882391163092,0.36758584807492195,0.08034270373973817
0.17478882391163092,0.36775927852930973,0.08034104018449817
0.17516785791639594,0.36775927852930973,0.08033437041170943
0.17516785791639594,0.3679327089836975,0.08033363159944162
0.17543859649122806,0.3679327089836975,0.08032962521225717
0.17543859649122806,0.36810613943808534,0.08032689884049327
0.17560103963612736,0.36810613943808534,0.0803243758640435
0.17560103963612736,0.36819285466527923,0.08032420025474285
0.17598007364089235,0.36819285466527923,0.08031504519222299
0.17598007364089235,0.3682795698924731,0.08031440847299653
0.17603422135585878,0.3682795698924731,0.08031432068719102
0.17603422135585878,0.3685397155740548,0.08030679832325927
0.1760883690708252,0.3685397155740548,0.08030414347056292
0.1760883690708252,0.36879986125563646,0.08030275129977271
0.17630495993069092,0.36879986125563646,0.0802968916546225
0.17630495993069092,0.3688865764828304,0.08029539245023787
0.17635910764565735,0.3688865764828304,0.080293363726063
0.17635910764565735,0.3689732917100243,0.08029292384885478
0.17646740307559022,0.3689732917100243,0.08029224849384753
0.17646740307559022,0.3691467221644121,0.08028527776612426
0.17652155079055665,0.3691467221644121,0.08028095999773188
0.17652155079055665,0.3695802983003815,0.08026834495974278
0.17657569850552307,0.3695802983003815,0.08026746993589384
0.17657569850552307,0.36975372875476936,0.08026585874327252
0.17668399393545592,0.36975372875476936,0.08026389178284021
0.17668399393545592,0.36984044398196325,0.08025979283363016
0.1767922893653888,0.36984044398196325,0.08025710949186693
0.1767922893653888,0.36992715920915714,0.0802569442312453
0.17711717565518736,0.36992715920915714,0.0802458858207784
0.17711717565518736,0.3701005896635449,0.08024532892286129
0.1771713233701538,0.3701005896635449,0.08024317557135352
0.1771713233701538,0.3703607353451266,0.0802412811041755
0.1772254710851202,0.3703607353451266,0.0802403495238555
0.1772254710851202,0.37053416579951437,0.08023830482159977
0.17733376651505306,0.37053416579951437,0.08023657742279644
0.17733376651505306,0.3706208810267083,0.08023569917146367
0.17738791423001948,0.3706208810267083,0.08023539946129188
0.17738791423001948,0.3707075962539022,0.08023383410121121
0.1776045050898852,0.3707075962539022,0.08022854356418807
0.1776045050898852,0.3707943114810961,0.08022838343174188
0.1777669482347845,0.3707943114810961,0.0802208865084526
0.1777669482347845,0.3709677419354839,0.08021779353479985
0.17803768680961662,0.3709677419354839,0.08021274454817617
0.17803768680961662,0.37114117238987165,0.08021224078640787
0.17809183452458308,0.37114117238987165,0.08021036480709309
0.17809183452458308,0.37157474852584116,0.08020658307828343
0.1781459822395495,0.37157474852584116,0.08020611227013652
0.1781459822395495,0.37166146375303505,0.08020579436691389
0.17825427766948235,0.37166146375303505,0.08020369162941932
0.17825427766948235,0.37183489420742283,0.08020243002364791
0.17868745938921377,0.37183489420742283,0.08019410282497397
0.17868745938921377,0.3719216094346167,0.08019368773084579
0.17874160710418022,0.3719216094346167,0.08019293948682993
0.17874160710418022,0.3720083246618106,0.08019209725574239
0.1789040502490795,0.3720083246618106,0.08019110593948131
0.1789040502490795,0.3720950398890045,0.08019092691658725
0.17901234567901234,0.3720950398890045,0.08018932176278981
0.17901234567901234,0.3722684703433923,0.0801889936057818
0.17928308425384448,0.3722684703433923,0.08018546854817643
0.17928308425384448,0.3724419007977801,0.08018362620391284
0.17971626597357593,0.3724419007977801,0.08017976399598581
0.17971626597357593,0.372528616024974,0.08017737698801142
0.17982456140350878,0.372528616024974,0.08017500433949798
0.17982456140350878,0.37287547693374956,0.08017128189376588
0.1798787091184752,0.37287547693374956,0.08016546805490221
0.1798787091184752,0.37313562261533123,0.08016190301000004
0.18014944769330735,0.37313562261533123,0.08015817111745371
0.18014944769330735,0.3732223378425251,0.08015737506756704
0.18020359540827377,0.3732223378425251,0.08015679086618754
0.18020359540827377,0.37339576829691296,0.08015295984114679
0.1802577431232402,0.37339576829691296,0.08015053389684446
0.1802577431232402,0.3737426292056885,0.08014620843388309
0.1804201862681395,0.3737426292056885,0.08014264862922427
0.1804201862681395,0.3738293444328824,0.08014216144230435
0.18052848169807234,0.3738293444328824,0.08014051576317227
0.18052848169807234,0.3740027748872702,0.0801374269450652
0.18058262941303876,0.3740027748872702,0.08013443213196925
0.18058262941303876,0.3740894901144641,0.08013427224942649
0.1806367771280052,0.3740894901144641,0.08013117704685047
0.1806367771280052,0.374176205341658,0.08013060501681513
0.18069092484297164,0.374176205341658,0.08012986135237066
0.18069092484297164,0.3743496357960458,0.0801274348231702
0.1808533679878709,0.3743496357960458,0.08012504201221748
0.1808533679878709,0.3744363510232397,0.08012336978748191
0.18090751570283733,0.3744363510232397,0.0801223749441704
0.18090751570283733,0.37460978147762747,0.08012008040904561
0.18096166341780376,0.37460978147762747,0.08011775651391306
0.18096166341780376,0.37478321193201525,0.08010985179715169
0.18134069742256878,0.37478321193201525,0.08010173997648029
0.18134069742256878,0.375043357613597,0.08009995290378447
0.18144899285250163,0.375043357613597,0.08009854388286453
0.18144899285250163,0.37530350329517864,0.08009192997263304
0.18155728828243448,0.37530350329517864,0.08009183116568508
0.18155728828243448,0.3755636489767603,0.08008984308539557
0.1816114359974009,0.3755636489767603,0.0800889995088998
0.1816114359974009,0.3756503642039542,0.08008846326883368
0.18166558371236735,0.3756503642039542,0.08008662487141849
0.18166558371236735,0.3757370794311481,0.08008633405114196
0.18188217457223305,0.3757370794311481,0.08008388068536654
0.18188217457223305,0.3759105098855359,0.08008270570823273
0.1821529131470652,0.3759105098855359,0.08007917623730942
0.1821529131470652,0.3759972251127298,0.08007829188347348
0.18247779943686376,0.3759972251127298,0.08006687773764165
0.18247779943686376,0.3760839403399237,0.08006601948011682
0.18264024258176306,0.3760839403399237,0.08006257483873203
0.18264024258176306,0.3761706555671176,0.08006178060759384
0.18280268572666233,0.3761706555671176,0.08006016728781118
0.18280268572666233,0.3762573707943115,0.08005972660475091
0.18285683344162876,0.3762573707943115,0.0800591389594647
0.18285683344162876,0.3763440860215054,0.08005897605795664
0.1831275720164609,0.3763440860215054,0.08005427525959252
0.1831275720164609,0.37643080124869926,0.08005246520438991
0.18318171973142733,0.37643080124869926,0.08005221526890227
0.18318171973142733,0.37651751647589315,0.08005123751376253
0.18323586744639375,0.37651751647589315,0.08004955147833415
0.18323586744639375,0.37660423170308704,0.08004927567167242
0.1832900151613602,0.37660423170308704,0.08004899080269734
0.1832900151613602,0.3767776621574749,0.08004810623374548
0.18334416287632663,0.3767776621574749,0.08004448493906557
0.18334416287632663,0.3772979535206382,0.08003808339553187
0.18339831059129305,0.3772979535206382,0.0800380069823381
0.18339831059129305,0.3773846687478321,0.08003765954783404
0.18345245830625947,0.3773846687478321,0.08003715420715518
0.18345245830625947,0.377471383975026,0.080036209219978
0.1835066060212259,0.377471383975026,0.08003485974862179
0.1835066060212259,0.3775580992022199,0.08003274093071
0.18361490145115877,0.3775580992022199,0.08003008097563069
0.18361490145115877,0.3777315296566077,0.08002825458451879
0.18383149231102447,0.3777315296566077,0.08002265741491099
0.18383149231102447,0.3778182448838016,0.0800200331786749
0.18393978774095734,0.3778182448838016,0.080017259149046
0.18393978774095734,0.3779049601109955,0.08001652197123144
0.18426467403075592,0.3779049601109955,0.08000977077497362
0.18426467403075592,0.3780783905653833,0.0800090778863558
0.18431882174572234,0.3780783905653833,0.08000846368520342
0.18431882174572234,0.37816510579257717,0.08000820588447621
0.18437296946068876,0.37816510579257717,0.0800078423259809
0.18437296946068876,0.37825182101977106,0.08000577395909869
0.1844271171756552,0.37825182101977106,0.08000410180675566
0.1844271171756552,0.37833853624696495,0.08000226352802198
0.18458956032055449,0.37833853624696495,0.08000023932269906
0.18458956032055449,0.37842525147415884,0.07999853238885124
0.18480615118042018,0.37842525147415884,0.07999511841577123
0.18480615118042018,0.37851196670135273,0.07999446739808547
0.18496859432531948,0.37851196670135273,0.07999338117256194
0.18496859432531948,0.37894554283732224,0.07998763940318554
0.1850227420402859,0.37894554283732224,0.07998700843491235
0.1850227420402859,0.37911897329171,0.07998630539691454
0.18513103747021875,0.37911897329171,0.07998181677803484
0.18513103747021875,0.3793791189732917,0.07997987479957169
0.18529348061511805,0.3793791189732917,0.07997688114341095
0.18529348061511805,0.37946583420048563,0.07997611252877679
0.1854017760450509,0.37946583420048563,0.0799690796785284
0.1854017760450509,0.3795525494276795,0.0799683129095361
0.18545592376001732,0.3795525494276795,0.07996546000316895
0.18545592376001732,0.3796392646548734,0.07996537093060208
0.1855642191899502,0.3796392646548734,0.07996492169511993
0.1855642191899502,0.3797259798820673,0.07996480247947124
0.18567251461988304,0.3797259798820673,0.07996254420165938
0.18567251461988304,0.3798126951092612,0.07995999401766118
0.18583495776478232,0.3798126951092612,0.0799575213059438
0.18583495776478232,0.3798994103364551,0.07995690829030333
0.18588910547974877,0.3798994103364551,0.07995650652559338
0.18588910547974877,0.38007284079084286,0.07995304448979845
0.18599740090968161,0.38007284079084286,0.07995090675352956
0.18599740090968161,0.38015955601803675,0.07995072608836584
0.18605154862464804,0.38015955601803675,0.07994858181614872
0.18605154862464804,0.38024627124523064,0.07994601282119995
0.18610569633961446,0.38024627124523064,0.0799442143956024
0.18610569633961446,0.3803329864724246,0.07994351061888638
0.18632228719948019,0.3803329864724246,0.0799357279761308
0.18632228719948019,0.3804197016996185,0.07993515753053426
0.18648473034437946,0.3804197016996185,0.0799328289176755
0.18648473034437946,0.38059313215400625,0.07993057889792032
0.18659302577431233,0.38059313215400625,0.07992886524641074
0.18659302577431233,0.38067984738120014,0.07992885798966909
0.18680961663417803,0.38067984738120014,0.07992560317845832
0.18680961663417803,0.38076656260839403,0.07992553500106991
0.18724279835390947,0.38076656260839403,0.07991902233252324
0.18724279835390947,0.3808532778355879,0.07991688175466827
0.18740524149880874,0.3808532778355879,0.0799149245373103
0.18740524149880874,0.3810267082899757,0.07991459607137252
0.18762183235867447,0.3810267082899757,0.07990729567779042
0.18762183235867447,0.3811134235171696,0.07990703571953794
0.18773012778860731,0.3811134235171696,0.07990109677877943
0.18773012778860731,0.38120013874436354,0.07989983632753783
0.18778427550357374,0.38120013874436354,0.07989832623874094
0.18778427550357374,0.3812868539715574,0.07989684963638144
0.1882716049382716,0.3812868539715574,0.07988998718176177
0.1882716049382716,0.3813735691987513,0.07988792172042092
0.18832575265323803,0.3813735691987513,0.07988597155938204
0.18832575265323803,0.3814602844259452,0.07988482827552223
0.18843404808317088,0.3814602844259452,0.07988315597752815
0.18843404808317088,0.381633714880333,0.0798801000901932
0.18848819579813733,0.381633714880333,0.07987982962512574
0.18848819579813733,0.3817204301075269,0.0798794278664734
0.18870478665800303,0.3817204301075269,0.07987260922931583
0.18870478665800303,0.38189386056191466,0.07987218905343818
0.1891921160927009,0.38189386056191466,0.07986516199851157
0.1891921160927009,0.38198057578910855,0.07986294335342747
0.18924626380766732,0.38198057578910855,0.0798625678155147
0.18924626380766732,0.38232743669788416,0.07986020109336578
0.18935455923760017,0.38232743669788416,0.07985956237624992
0.18935455923760017,0.38241415192507805,0.07985923920901583
0.18946285466753304,0.38241415192507805,0.07985702681689144
0.18946285466753304,0.38258758237946583,0.07985304300747931
0.1895711500974659,0.38258758237946583,0.07985100874381001
0.1895711500974659,0.3826742976066597,0.07985075405961917
0.18962529781243231,0.3826742976066597,0.07984997350144529
0.18962529781243231,0.3827610128338536,0.0798471687007587
0.18967944552739874,0.3827610128338536,0.07984434602812862
0.18967944552739874,0.3828477280610475,0.07984418109995528
0.18989603638726446,0.3828477280610475,0.07983659099280649
0.18989603638726446,0.38302115851543533,0.07983466377598947
0.18995018410223088,0.38302115851543533,0.07983358959029596
0.18995018410223088,0.3831945889698231,0.07982928697006364
0.1900043318171973,0.3831945889698231,0.07982905914912353
0.1900043318171973,0.383281304197017,0.07982790503038917
0.19005847953216373,0.383281304197017,0.07982774772007861
0.19005847953216373,0.3835414498785987,0.079824945854444
0.19011262724713018,0.3835414498785987,0.0798226777888762
0.19011262724713018,0.38362816510579256,0.07981978356146224
0.19022092267706303,0.38362816510579256,0.07981884423326724
0.19022092267706303,0.38371488033298645,0.07981882272415342
0.19032921810699588,0.38371488033298645,0.07981342806363645
0.19032921810699588,0.38380159556018034,0.07981319946149101
0.19059995668182803,0.38380159556018034,0.07980899443986833
0.19059995668182803,0.3839750260145682,0.07980603304186484
0.19065410439679445,0.3839750260145682,0.07980496354459832
0.19065410439679445,0.38406174124176207,0.07980406396805018
0.19081654754169375,0.38406174124176207,0.07979919730742391
0.19081654754169375,0.38414845646895596,0.07979771360988797
0.19087069525666017,0.38414845646895596,0.0797975730750573
0.19087069525666017,0.38423517169614985,0.07979662861633252
0.1909248429716266,0.38423517169614985,0.0797957188924665
0.1909248429716266,0.38432188692334374,0.07979492710942604
0.19103313840155944,0.38432188692334374,0.0797923011592967
0.19103313840155944,0.3844086021505376,0.07979160828024168
0.1910872861165259,0.3844086021505376,0.07979121264166045
0.1910872861165259,0.3846687478321193,0.07978861928276615
0.19119558154645874,0.3846687478321193,0.07978644632839527
0.19119558154645874,0.38475546305931324,0.07978556470117448
0.19141217240632447,0.38475546305931324,0.07978085143489655
0.19141217240632447,0.3850156087408949,0.07977910499094332
0.19157461555122374,0.3850156087408949,0.07977711589062175
0.19157461555122374,0.3851023239680888,0.07977565561682964
0.19179120641108946,0.3851023239680888,0.0797692640326606
0.19179120641108946,0.3851890391952827,0.07976782417362438
0.19184535412605588,0.3851890391952827,0.0797669045278695
0.19184535412605588,0.38536246964967047,0.07976515275288576
0.1918995018410223,0.38536246964967047,0.07976407803771868
0.1918995018410223,0.3856226153312522,0.07975594609867098
0.19195364955598873,0.3856226153312522,0.07975497774204987
0.19195364955598873,0.3857093305584461,0.0797546907866229
0.19222438813082088,0.3857093305584461,0.0797489680133181
0.19222438813082088,0.38579604578564,0.07974843136806298
0.1922785358457873,0.38579604578564,0.07974772189514279
0.1922785358457873,0.38596947624002775,0.07974538459630298
0.19238683127572018,0.38596947624002775,0.07974458556375641
0.19238683127572018,0.38605619146722164,0.07974406790896671
0.19249512670565302,0.38605619146722164,0.07974317349478399
0.19249512670565302,0.3864030523759972,0.07973585907066694
0.19260342213558587,0.3864030523759972,0.07973533145045053
0.19260342213558587,0.38648976760319115,0.07973473339061643
0.19271171756551875,0.38648976760319115,0.07973142677209766
0.19271171756551875,0.38657648283038504,0.07973106007063424
0.1928200129954516,0.38657648283038504,0.07972794072167044
0.1928200129954516,0.3867499132847728,0.07972645824962088
0.19292830842538444,0.3867499132847728,0.07972526540172509
0.19292830842538444,0.3868366285119667,0.07972257707637453
0.19298245614035087,0.3868366285119667,0.0797211264076998
0.19298245614035087,0.3869233437391606,0.07971978953560055
0.19303660385531732,0.3869233437391606,0.07971953524954922
0.19303660385531732,0.38718348942074227,0.07971390719031746
0.19314489928525017,0.38718348942074227,0.07971253299847958
0.19314489928525017,0.38727020464793616,0.07971131308211188
0.19346978557504874,0.38727020464793616,0.07970390392595172
0.19346978557504874,0.38735691987513005,0.07970260219149794
0.1937946718648473,0.38735691987513005,0.07969468074843689
0.1937946718648473,0.387443635102324,0.07969424574633743
0.19401126272471303,0.387443635102324,0.07969013902471578
0.19401126272471303,0.3875303503295179,0.07968972551178921
0.19411955815464588,0.3875303503295179,0.07968830529801418
0.19411955815464588,0.38761706555671177,0.07968690280102408
0.19422785358457872,0.38761706555671177,0.07968024791530315
0.19422785358457872,0.38770378078390566,0.07967968594988406
0.1943361490145116,0.38770378078390566,0.07967214022433011
0.1943361490145116,0.3880506416926812,0.07966785741974736
0.19439029672947802,0.3880506416926812,0.0796677842922342
0.19439029672947802,0.3884842178286507,0.07966315050234751
0.19449859215941087,0.3884842178286507,0.07966042421005493
0.19449859215941087,0.3886576482830385,0.07965937344777818
0.1945527398743773,0.3886576482830385,0.07965841005691243
0.1945527398743773,0.3887443635102324,0.07965815599798964
0.19460688758934372,0.3887443635102324,0.07965784796497921
0.19460688758934372,0.3889177939646202,0.07965219230311726
0.19482347844920944,0.3889177939646202,0.07964843475242178
0.19482347844920944,0.3891779396462019,0.079645010096419
0.19520251245397444,0.3891779396462019,0.07962753042355875
0.19520251245397444,0.3893513701005897,0.0796268877973032
0.19541910331384016,0.3893513701005897,0.07962485530328323
0.19541910331384016,0.38943808532778357,0.07962451641692869
0.19547325102880658,0.38943808532778357,0.07962120497250114
0.19547325102880658,0.38952480055497746,0.07962112145577627
0.19558154645873943,0.38952480055497746,0.07961748917669098
0.19558154645873943,0.38961151578217135,0.07961740656388128
0.19579813731860515,0.38961151578217135,0.07960979613905073
0.19579813731860515,0.3897849462365591,0.07960834660912885
0.195906432748538,0.3897849462365591,0.0796069738538343
0.195906432748538,0.3899583766909469,0.07960411304999804
0.19612302360840372,0.3899583766909469,0.07959936449613614
0.19612302360840372,0.39004509191814085,0.0795992301757904
0.1964479098982023,0.39004509191814085,0.07959070490023024
0.1964479098982023,0.39013180714533474,0.07959063040396352
0.19671864847303444,0.39013180714533474,0.07958704741140443
0.19671864847303444,0.39021852237252863,0.07958692367732101
0.1968269439029673,0.39021852237252863,0.07958172947951869
0.1968269439029673,0.39073881373569197,0.07957463709425827
0.19693523933290016,0.39073881373569197,0.07957267630144171
0.19693523933290016,0.3909122441900798,0.07957220540682775
0.197043534762833,0.3909122441900798,0.07957186719021392
0.197043534762833,0.3909989594172737,0.07956969293247784
0.19720597790773228,0.3909989594172737,0.07956731344924917
0.19720597790773228,0.39143253555324314,0.07956610113797558
0.19726012562269873,0.39143253555324314,0.07956565980231511
0.19726012562269873,0.3916926812348248,0.07956352390888544
0.19736842105263158,0.3916926812348248,0.07956102506509666
0.19736842105263158,0.39186611168921265,0.0795603400272602
0.197422568767598,0.39186611168921265,0.07955887201376632
0.19753086419753085,0.39186611168921265,0.07955649669386622
0.19753086419753085,0.39195282691640654,0.07955603808049672
0.19774745505739658,0.39195282691640654,0.07955307496190978
0.19774745505739658,0.39203954214360043,0.07955282645123285
0.19828893220706087,0.39203954214360043,0.07954358407854545
0.19828893220706087,0.3921262573707943,0.07954328853203307
0.1983430799220273,0.3921262573707943,0.07954252812100848
0.1983430799220273,0.3922129725979882,0.07953956044925614
0.19839722763699372,0.3922129725979882,0.07953874946198702
0.19839722763699372,0.3922996878251821,0.07953860798195245
0.1987762616417587,0.3922996878251821,0.07952756801591021
0.1987762616417587,0.392386403052376,0.07952610488498846
0.19883040935672514,0.392386403052376,0.07952534022334912
0.19883040935672514,0.3924731182795699,0.07952531645343086
0.1988845570716916,0.3924731182795699,0.07952528310319251
0.1988845570716916,0.39255983350676377,0.07952525633931007
0.19899285250162443,0.39255983350676377,0.07952312549594054
0.19899285250162443,0.39264654873395766,0.07952260102335096
0.19937188650638943,0.39264654873395766,0.079515245473057
0.19937188650638943,0.3928199791883455,0.07951154598233501
0.19958847736625515,0.3928199791883455,0.07950901549242784
0.19958847736625515,0.39308012486992716,0.0795012573976337
0.19964262508122158,0.39308012486992716,0.07950055394438205
0.19964262508122158,0.39325355532431494,0.07949888756703993
0.19975092051115442,0.39325355532431494,0.07949548404233675
0.19975092051115442,0.39334027055150883,0.07949216797933456
0.19980506822612085,0.39334027055150883,0.07949041577247518
0.19980506822612085,0.3934269857787027,0.07948915378231058
0.1998592159410873,0.3934269857787027,0.07948602513857961
0.1998592159410873,0.39403399236906,0.0794807538761142
0.19991336365605372,0.39403399236906,0.07947847682824416
0.19991336365605372,0.3942074228234478,0.0794760980014082
0.20002165908598657,0.3942074228234478,0.07947058690809028
0.20002165908598657,0.3942941380506417,0.07946904895106477
0.2002382499458523,0.3942941380506417,0.07946499428237774
0.2002382499458523,0.3945542837322234,0.07946097426297238
0.20050898852068444,0.3945542837322234,0.07945838526609017
0.20050898852068444,0.39481442941380507,0.07945325200013653
0.2006172839506173,0.39481442941380507,0.07945127687261944
0.2006172839506173,0.39507457509538674,0.07944448751270805
0.20072557938055013,0.39507457509538674,0.07944335697483473
0.20072557938055013,0.3951612903225806,0.07944334970663869
0.20077972709551656,0.3951612903225806,0.07944289976790309
0.20077972709551656,0.39533472077696846,0.07944206358784345
0.20099631795538228,0.39533472077696846,0.07943856692373719
0.20099631795538228,0.395681581685744,0.0794316690352328
0.20110461338531513,0.395681581685744,0.0794268295833711
0.20110461338531513,0.3958550121401318,0.07942623577353336
0.201212908815248,0.3958550121401318,0.07942345290938402
0.201212908815248,0.3963753035032952,0.07941921853889089
0.20132120424518085,0.3963753035032952,0.07941827947088043
0.20132120424518085,0.3964620187304891,0.07941689881227276
0.20180853367987872,0.3964620187304891,0.07941031605900273
0.20180853367987872,0.39663544918487686,0.07940949836749911
0.20191682910981157,0.39663544918487686,0.07940860020042195
0.20191682910981157,0.39672216441207075,0.07940619431667284
0.201970976824778,0.39672216441207075,0.07940571418645481
0.201970976824778,0.39680887963926464,0.07940544117791748
0.20202512453974442,0.39680887963926464,0.07940510926364852
0.20202512453974442,0.39689559486645853,0.07940510418042601
0.20229586311457656,0.39689559486645853,0.07939919687786734
0.20229586311457656,0.3969823100936524,0.07939822608836056
0.202350010829543,0.3969823100936524,0.07939657126730149
0.202350010829543,0.3970690253208463,0.07939608807510856
0.2024041585445094,0.3970690253208463,0.07939279078627304
0.2024041585445094,0.39715574054804026,0.079392338548816
0.20245830625947586,0.39715574054804026,0.07938817163421441
0.20245830625947586,0.39724245577523415,0.0793877066148374
0.2025666016894087,0.39724245577523415,0.07938732114642022
0.2025666016894087,0.3975893166840097,0.079383501671763
0.20272904483430798,0.3975893166840097,0.07938237625805966
0.20272904483430798,0.3977627471383975,0.0793817256974163
0.20278319254927443,0.3977627471383975,0.07938036801540682
0.20278319254927443,0.39793617759278527,0.07937781553177659
0.20283734026424086,0.39793617759278527,0.07937689854355923
0.20283734026424086,0.3980228928199792,0.0793764091745488
0.20289148797920728,0.3980228928199792,0.07937519535189641
0.20289148797920728,0.3981096080471731,0.07936926111571219
0.20299978340914013,0.3981096080471731,0.07936617748139807
0.20299978340914013,0.398196323274367,0.07936498012129078
0.20316222655403943,0.398196323274367,0.07936269085033598
0.20316222655403943,0.3982830385015609,0.07936096462528663
0.20327052198397227,0.3982830385015609,0.07935704054202364
0.20327052198397227,0.39845646895594866,0.0793555939387316
0.20337881741390512,0.39845646895594866,0.07935505612740812
0.20337881741390512,0.39854318418314255,0.07935362511280442
0.20359540827377084,0.39854318418314255,0.07934992826497655
0.20359540827377084,0.39871661463753033,0.07934893365543716
0.20408273770846871,0.39871661463753033,0.07933873485250542
0.20408273770846871,0.3988033298647242,0.07933773297637137
0.20413688542343514,0.3988033298647242,0.07933734818483873
0.20413688542343514,0.39897676031911206,0.07933506052243944
0.20424518085336799,0.39897676031911206,0.07933286722824628
0.20424518085336799,0.39915019077349984,0.07933138302284659
0.2042993285683344,0.39915019077349984,0.07932872040328709
0.2042993285683344,0.3999306278182449,0.07931698335528226
0.20435347628330083,0.3999306278182449,0.07931680819088704
0.20435347628330083,0.4000173430454388,0.079316447822805
0.2046783625730994,0.4000173430454388,0.07929808118995574
0.2046783625730994,0.4001040582726327,0.07929795793415684
0.20473251028806586,0.4001040582726327,0.0792952269310534
0.20473251028806586,0.40036420395421435,0.07929211931948621
0.20478665800303228,0.40036420395421435,0.07929048592239618
0.20478665800303228,0.40053763440860213,0.0792889774267449
0.2048408057179987,0.40053763440860213,0.07928766569559031
0.2048408057179987,0.40071106486298996,0.0792867139902147
0.20505739657786443,0.40071106486298996,0.07928106678409885
0.20505739657786443,0.40079778009018385,0.07927980381729527
0.20516569200779727,0.40079778009018385,0.07927749852026733
0.20516569200779727,0.40097121054457163,0.07927199329278678
0.20527398743773012,0.40097121054457163,0.0792706894467512
0.20527398743773012,0.4010579257717655,0.079269768413605
0.205382282867663,0.4010579257717655,0.07926770653361337
0.205382282867663,0.4011446409989594,0.07926740956591227
0.20543643058262942,0.4011446409989594,0.07926640734642176
0.20543643058262942,0.4012313562261533,0.0792662743552155
0.2055988737275287,0.4012313562261533,0.07926416139042569
0.2055988737275287,0.4016649323621228,0.07926062588553262
0.20570716915746157,0.4016649323621228,0.07925645793403957
0.20570716915746157,0.4018383628165106,0.07925345597563971
0.20581546458739441,0.4018383628165106,0.07925068406960212
0.20581546458739441,0.4019250780437045,0.07925028720917937
0.20597790773229369,0.4019250780437045,0.07924762986668665
0.20597790773229369,0.40201179327089837,0.07924675165585304
0.20614035087719298,0.40201179327089837,0.07924424433626509
0.20614035087719298,0.40209850849809226,0.07924418601914884
0.2061944985921594,0.40209850849809226,0.07924246786542621
0.2061944985921594,0.40227193895248003,0.0792384327539355
0.20624864630712583,0.40227193895248003,0.07923821191492353
0.20624864630712583,0.40244536940686787,0.07923667145906998
0.20641108945202513,0.40244536940686787,0.07923255095106874
0.20641108945202513,0.40253208463406176,0.07922926705001299
0.2065735325969244,0.40253208463406176,0.07922678727737376
0.2065735325969244,0.40279223031564343,0.07922500874269467
0.20662768031189083,0.40279223031564343,0.07922486795931505
0.20662768031189083,0.4028789455428373,0.07922458321248249
0.20679012345679013,0.4028789455428373,0.07922137801850981
0.20679012345679013,0.4030523759972251,0.0792199435050458
0.2069525666016894,0.4030523759972251,0.07921564213436527
0.2069525666016894,0.403139091224419,0.07921461064565527
0.2071150097465887,0.403139091224419,0.07921359031418684
0.2071150097465887,0.4032258064516129,0.07921344593040947
0.20716915746155512,0.4032258064516129,0.0792128332852986
0.20716915746155512,0.4033125216788068,0.07921090068832815
0.20722330517652154,0.4033125216788068,0.07921022770946196
0.20722330517652154,0.4034859521331946,0.07920584097711769
0.20733160060645442,0.4034859521331946,0.07920505081433826
0.20733160060645442,0.4036593825875824,0.07920238699212323
0.20738574832142084,0.4036593825875824,0.0792016558390709
0.20738574832142084,0.40426638917793967,0.079198185496268
0.2074940437513537,0.40426638917793967,0.07919655821904037
0.2074940437513537,0.40443981963232745,0.07919484571421931
0.20754819146632011,0.40443981963232745,0.07919300383678096
0.20754819146632011,0.40452653485952134,0.07919293935393013
0.2077106346112194,0.40452653485952134,0.07919028414840268
0.2077106346112194,0.4046132500867152,0.07918887806897756
0.20787307775611868,0.4046132500867152,0.07918603285353365
0.20787307775611868,0.4046999653139091,0.07918572035217153
0.2079272254710851,0.4046999653139091,0.07918469122001448
0.2079272254710851,0.4048733957682969,0.07918291561254542
0.20836040719081655,0.4048733957682969,0.07917070224146028
0.20836040719081655,0.4049601109954908,0.07917028329254028
0.2084687026207494,0.4049601109954908,0.0791690191787362
0.2084687026207494,0.4053069719042664,0.07916176306428735
0.20857699805068225,0.4053069719042664,0.07916009750308817
0.20857699805068225,0.4053936871314603,0.07915920199014481
0.20873944119558155,0.4053936871314603,0.0791557427909566
0.20873944119558155,0.4054804023586542,0.07915518889782769
0.2088477366255144,0.4054804023586542,0.07915213200335125
0.2088477366255144,0.40556711758584807,0.07915159935617377
0.2092267706302794,0.40556711758584807,0.079145815007851
0.2092267706302794,0.40582726326742974,0.07914091267430057
0.20928091834524584,0.40582726326742974,0.07914022595957393
0.20928091834524584,0.40591397849462363,0.07913901900931797
0.20949750920511154,0.40591397849462363,0.07913594574077765
0.20949750920511154,0.4060006937218176,0.07913545718687076
0.2098223954949101,0.4060006937218176,0.07912709707227727
0.2098223954949101,0.40608740894901146,0.07912697641750177
0.21014728178470868,0.40608740894901146,0.07911412583306943
0.21014728178470868,0.40626083940339924,0.07911287699241942
0.2103638726445744,0.40626083940339924,0.07910798710440137
0.2103638726445744,0.40634755463059313,0.07910789392104589
0.21047216807450725,0.40634755463059313,0.07910782818354667
0.21047216807450725,0.406434269857787,0.07910774374274854
0.21052631578947367,0.406434269857787,0.07910661348720716
0.21052631578947367,0.4065209850849809,0.07910440350790071
0.21063461121940655,0.4065209850849809,0.0791034454643933
0.21063461121940655,0.4066077003121748,0.07910310792590836
0.21068875893437297,0.4066077003121748,0.07910094140577706
0.21068875893437297,0.4066944155393687,0.07910070311799755
0.2107429066493394,0.4066944155393687,0.0791006834121577
0.2107429066493394,0.4067811307665626,0.07909778229451025
0.21079705436430582,0.4067811307665626,0.07909716031606506
0.21079705436430582,0.4069545612209504,0.0790963257399353
0.21106779293913797,0.4069545612209504,0.07909191078928823
0.21106779293913797,0.4070412764481443,0.07909079797841323
0.2111219406541044,0.4070412764481443,0.07909055635738227
0.2111219406541044,0.4071279916753382,0.07909054221239237
0.2111760883690708,0.4071279916753382,0.07909018216931973
0.2111760883690708,0.4072147069025321,0.07908899646989664
0.2112843837990037,0.4072147069025321,0.07908807757579583
0.2112843837990037,0.40738813735691987,0.07908745738453415
0.21139267922893654,0.40738813735691987,0.07908547915973152
0.21139267922893654,0.40756156781130765,0.07908531442943478
0.21150097465886938,0.40756156781130765,0.07908503241540155
0.21150097465886938,0.4077349982656955,0.07908290936817441
0.21155512237383584,0.4077349982656955,0.07908288668217
0.21155512237383584,0.40790842872008326,0.07908004786615042
0.21160927008880226,0.40790842872008326,0.07907929963949334
0.21160927008880226,0.40799514394727715,0.07907779107448087
0.21166341780376868,0.40799514394727715,0.07907542478697716
0.21166341780376868,0.40808185917447104,0.07907425409874236
0.2118800086636344,0.40808185917447104,0.0790670444018382
0.2118800086636344,0.40816857440166493,0.07906691795597931
0.21204245180853368,0.40816857440166493,0.07906597919317004
0.21204245180853368,0.4084287200832466,0.079063504918504
0.21220489495343298,0.4084287200832466,0.07905973573742497
0.21220489495343298,0.40860215053763443,0.07905785229521323
0.2122590426683994,0.40860215053763443,0.07905641303926969
0.2122590426683994,0.4090357266736039,0.07905013338182942
0.2124756335282651,0.4090357266736039,0.07904460624507204
0.2124756335282651,0.4091224419007978,0.07904405121064095
0.2126380766731644,0.4091224419007978,0.0790364279051623
0.2126380766731644,0.40920915712799166,0.07903159761592815
0.21274637210309724,0.40920915712799166,0.07903052653131759
0.21274637210309724,0.40929587235518555,0.07902946303588942
0.21280051981806367,0.40929587235518555,0.07902776218412622
0.21280051981806367,0.40938258758237944,0.07902666623824084
0.21296296296296297,0.40938258758237944,0.07902294168930935
0.21296296296296297,0.4094693028095734,0.07902007123500132
0.2130171106779294,0.4094693028095734,0.07901992351884912
0.2130171106779294,0.4095560180367673,0.07901827398418604
0.2130712583928958,0.4095560180367673,0.07901772332503021
0.2130712583928958,0.40964273326396117,0.07901646868363876
0.2131795538228287,0.40964273326396117,0.07901602951550091
0.2131795538228287,0.40972944849115506,0.07901543313811565
0.21328784925276154,0.40972944849115506,0.0790144962155257
0.21328784925276154,0.40981616371834895,0.07901423123492646
0.21334199696772796,0.40981616371834895,0.07901390018482934
0.21334199696772796,0.4099895941727367,0.07901335167036572
0.2134502923976608,0.4099895941727367,0.07901256847954352
0.2134502923976608,0.4100763093999306,0.07901190752096854
0.2136127355425601,0.4100763093999306,0.07901005250672544
0.2136127355425601,0.4101630246271245,0.07900721811761113
0.21388347411739225,0.4101630246271245,0.07900143376849411
0.21388347411739225,0.4102497398543184,0.07900093975849187
0.2141542126922244,0.4102497398543184,0.07899375661422137
0.2141542126922244,0.41033645508151234,0.0789935079167694
0.21420836040719082,0.41033645508151234,0.07899111747522047
0.21420836040719082,0.41042317030870623,0.07899069433384054
0.21426250812215725,0.41042317030870623,0.07898996157957883
0.21426250812215725,0.4106833159902879,0.07898831148317997
0.21447909898202297,0.4106833159902879,0.07898409082466129
0.21447909898202297,0.4107700312174818,0.07898289809951553
0.21480398527182154,0.4107700312174818,0.07897524407479217
0.21480398527182154,0.41111689212625735,0.07896970405696724
0.21502057613168724,0.41111689212625735,0.07896181212919684
0.21502057613168724,0.4112903225806452,0.07895770424222981
0.21507472384665366,0.4112903225806452,0.07895762650400973
0.21507472384665366,0.4118106139438085,0.07895528878113511
0.21594108728611652,0.4118106139438085,0.07893978434288806
0.21594108728611652,0.4118973291710024,0.07893605980839791
0.21615767814598225,0.4118973291710024,0.0789339693567288
0.21615767814598225,0.4120707596253902,0.07893164681793419
0.21632012129088152,0.4120707596253902,0.07893079288368643
0.21632012129088152,0.41215747485258414,0.0789304106529436
0.21659085986571366,0.41215747485258414,0.07892903431092524
0.21659085986571366,0.41224419007977803,0.07892752866804931
0.2166450075806801,0.41224419007977803,0.07892518536019466
0.2166450075806801,0.4124176205341658,0.07892132070545643
0.2166991552956465,0.4124176205341658,0.0789213020539079
0.2166991552956465,0.4125043357613597,0.0789210386049557
0.21675330301061296,0.4125043357613597,0.07892031800876764
0.21675330301061296,0.4126777662157475,0.07891963268705915
0.21691574615551223,0.4126777662157475,0.07891254126675085
0.21691574615551223,0.41285119667013526,0.0789093209364391
0.21696989387047866,0.41285119667013526,0.07890888639322191
0.21696989387047866,0.41319805757891087,0.0789068220395508
0.21713233701537796,0.41319805757891087,0.07890210744162807
0.21713233701537796,0.41337148803329865,0.0789012468627468
0.21718648473034438,0.41337148803329865,0.07889955151732742
0.21718648473034438,0.41345820326049254,0.07889883480402515
0.21729478016027723,0.41345820326049254,0.07889693190141034
0.21729478016027723,0.4136316337148803,0.07889117860014538
0.21734892787524365,0.4136316337148803,0.07888869423436629
0.21734892787524365,0.4138050641692681,0.07888487723034299
0.21767381416504222,0.4138050641692681,0.07887844031973201
0.21767381416504222,0.4142386403052376,0.07887643582239345
0.21783625730994152,0.4142386403052376,0.07887047746135578
0.21783625730994152,0.4143253555324315,0.078869808702001
0.21789040502490795,0.4143253555324315,0.07886905970119762
0.21789040502490795,0.4144120707596254,0.07886770805596388
0.21794455273987437,0.4144120707596254,0.07886751316193985
0.21794455273987437,0.41458550121401316,0.07886557992305665
0.2179987004548408,0.41458550121401316,0.07886344843130555
0.2179987004548408,0.4148456468955949,0.07886138208716775
0.21821529131470652,0.4148456468955949,0.07885516565767725
0.21821529131470652,0.41510579257717656,0.07885265199930491
0.21832358674463936,0.41510579257717656,0.07885008144903649
0.21832358674463936,0.41527922303156434,0.07884896214337256
0.21837773445960582,0.41527922303156434,0.07884738379474077
0.21837773445960582,0.4154526534859521,0.07884629470445725
0.21843188217457224,0.4154526534859521,0.07884484432740879
0.21843188217457224,0.4156260839403399,0.07884373292045499
0.2187026207494044,0.4156260839403399,0.07883726203551578
0.2187026207494044,0.4158862296219216,0.07883372106575415
0.2187567684643708,0.4158862296219216,0.07883338375840832
0.2187567684643708,0.4159729448491155,0.07883277605389338
0.21881091617933723,0.4159729448491155,0.07883154927081515
0.21881091617933723,0.4160596600763094,0.07883049560679556
0.21891921160927008,0.4160596600763094,0.07882981876227002
0.21891921160927008,0.41640652098508496,0.07882681626525812
0.21918995018410223,0.41640652098508496,0.07882191284189566
0.21918995018410223,0.4166666666666667,0.07881057744767705
0.21929824561403508,0.4166666666666667,0.07880843115425962
0.21929824561403508,0.41701352757544224,0.0788027773654989
0.2195148364739008,0.41701352757544224,0.07879574854555371
0.2195148364739008,0.41710024280263613,0.07879367428835082
0.21956898418886722,0.41710024280263613,0.07879230791138525
0.21956898418886722,0.4172736732570239,0.07879094476659665
0.2198938704786658,0.4172736732570239,0.07878032069352203
0.2198938704786658,0.41753381893860564,0.07877965020230393
0.22011046133853152,0.41753381893860564,0.0787782055303281
0.22011046133853152,0.4177072493929934,0.0787758557618996
0.22021875676846436,0.4177072493929934,0.07877230346089226
0.22021875676846436,0.4177939646201873,0.07877178421175879
0.22038119991336366,0.4177939646201873,0.07876974039867868
0.22038119991336366,0.418054110301769,0.07876631516780602
0.22043534762833009,0.418054110301769,0.07876586718014589
0.22043534762833009,0.41822754075615676,0.07876414385888286
0.22059779077322936,0.41822754075615676,0.07876100357002769
0.22059779077322936,0.4183142559833507,0.07876070664891444
0.22070608620316223,0.4183142559833507,0.07875736093122065
0.22070608620316223,0.4184876864377385,0.07875684997225774
0.2210309724929608,0.4184876864377385,0.07875041669539895
0.2210309724929608,0.41857440166493237,0.07874894164163693
0.22108512020792723,0.41857440166493237,0.07874757159089163
0.22108512020792723,0.41874783211932015,0.0787406438395668
0.22113926792289365,0.41874783211932015,0.0787403024287694
0.22113926792289365,0.41883454734651404,0.07873902579877434
0.22130171106779295,0.41883454734651404,0.07873751760477576
0.22130171106779295,0.4190946930280957,0.0787335650897143
0.22146415421269222,0.4190946930280957,0.07872985570383473
0.22146415421269222,0.41935483870967744,0.0787289166140035
0.22151830192765865,0.41935483870967744,0.07872377742013947
0.22151830192765865,0.4194415539368713,0.07872028826047872
0.22157244964262507,0.4194415539368713,0.07872004495239704
0.22157244964262507,0.4195282691640652,0.07871981123593286
0.22168074507255794,0.4195282691640652,0.07871884799000006
0.22168074507255794,0.419701699618453,0.0787137120358965
0.22173489278752437,0.419701699618453,0.07871240386658451
0.22173489278752437,0.4198751300728408,0.07870944791506451
0.22189733593242364,0.4198751300728408,0.0787083397715942
0.22189733593242364,0.41996184530003466,0.07870815208134796
0.2219514836473901,0.41996184530003466,0.07870774069419206
0.2219514836473901,0.42004856052722855,0.07870469868745111
0.22205977907732294,0.42004856052722855,0.07869733858923755
0.22205977907732294,0.4201352757544225,0.07869547709724256
0.22211392679228936,0.4201352757544225,0.07869535803121108
0.22211392679228936,0.42039542143600417,0.0786894331285457
0.2222222222222222,0.42039542143600417,0.07868766162639917
0.2222222222222222,0.42048213666319806,0.07868722753650825
0.22243881308208793,0.42048213666319806,0.07868227150357932
0.22243881308208793,0.42056885189039195,0.07868092660736381
0.22254710851202078,0.42056885189039195,0.07867869782976467
0.22254710851202078,0.4208289975719736,0.07867149040956911
0.22260125622698723,0.4208289975719736,0.07867144011258276
0.22260125622698723,0.4209157127991675,0.07867061997121017
0.22265540394195366,0.4209157127991675,0.07867042198423646
0.22265540394195366,0.42100242802636145,0.07866502324404423
0.22270955165692008,0.42100242802636145,0.07866164462457359
0.22270955165692008,0.42117585848074923,0.07865776109681999
0.22281784708685293,0.42117585848074923,0.0786567362231354
0.22281784708685293,0.421349288935137,0.07865171404847593
0.22298029023175223,0.421349288935137,0.07864836722736901
0.22298029023175223,0.4214360041623309,0.07864798673049345
0.22319688109161792,0.4214360041623309,0.07864278615471387
0.22319688109161792,0.4216094346167187,0.07863834245109613
0.22325102880658437,0.4216094346167187,0.0786370052230223
0.22325102880658437,0.42178286507110646,0.07863561014018483
0.22335932423651722,0.42178286507110646,0.07863422056185043
0.22335932423651722,0.4220430107526882,0.07863237831453262
0.22341347195148364,0.4220430107526882,0.07863236271380791
0.22341347195148364,0.4221297259798821,0.07863014969366633
0.22357591509638294,0.4221297259798821,0.07862718060920071
0.22357591509638294,0.42230315643426986,0.07862571656322981
0.2236842105263158,0.42230315643426986,0.07862219578221752
0.2236842105263158,0.42247658688865763,0.07861822199798829
0.22373835824128221,0.42247658688865763,0.07861800329176272
0.22373835824128221,0.4226500173430454,0.07861752912871478
0.22395494910114794,0.4226500173430454,0.07861468697039209
0.22395494910114794,0.42282344779743325,0.07861358277985353
0.22400909681611436,0.42282344779743325,0.07861262822851778
0.22400909681611436,0.42291016302462714,0.07861156329644192
0.2241173922460472,0.42291016302462714,0.07860997656470126
0.2241173922460472,0.4230835934790149,0.07860497491689378
0.22417153996101363,0.4230835934790149,0.078604684648369
0.22417153996101363,0.4233437391605966,0.07860116681920015
0.2242798353909465,0.4233437391605966,0.07860077503084262
0.2242798353909465,0.4234304543877905,0.07859893329446144
0.22444227853584578,0.4234304543877905,0.07859394089868466
0.22444227853584578,0.42351716961498437,0.07859392245288377
0.22455057396577865,0.42351716961498437,0.07858947233306113
0.22455057396577865,0.4236038848421783,0.07858787378084497
0.2246588693957115,0.4236038848421783,0.07858171072356224
0.2246588693957115,0.4236906000693722,0.07857966216431267
0.22482131254061077,0.4236906000693722,0.07857870247642329
0.22482131254061077,0.4239507457509539,0.07857799326286119
0.2250379034004765,0.4239507457509539,0.07857356136426419
0.2250379034004765,0.42403746097814776,0.07857343547415518
0.22514619883040934,0.42403746097814776,0.07857154395299748
0.22514619883040934,0.42412417620534165,0.07856545238042889
0.22547108512020791,0.42412417620534165,0.07855997749608767
0.22547108512020791,0.42421089143253554,0.0785583823251641
0.22552523283517437,0.42421089143253554,0.07855576450753476
0.22552523283517437,0.4249046132500867,0.07855067162670015
0.2255793805501408,0.4249046132500867,0.07854927122875632
0.2255793805501408,0.4249913284772806,0.07854900008565702
0.22574182369504006,0.4249913284772806,0.07854522310212908
0.22574182369504006,0.4250780437044745,0.07854104711814935
0.22590426683993936,0.4250780437044745,0.07853747153181079
0.22590426683993936,0.4251647589316684,0.0785369422921598
0.22595841455490578,0.4251647589316684,0.0785368335112484
0.22595841455490578,0.42533818938605616,0.07853577015078939
0.2265540394195365,0.42533818938605616,0.07852462022167184
0.2265540394195365,0.425511619840444,0.07852363869799173
0.22666233484946935,0.425511619840444,0.07851878966462911
0.22666233484946935,0.4255983350676379,0.07851764941055683
0.2267706302794022,0.4255983350676379,0.07851456716304761
0.2267706302794022,0.4256850502948318,0.07851289624608948
0.2273121074290665,0.4256850502948318,0.07850489606413658
0.2273121074290665,0.42577176552202567,0.07850448086849027
0.22742040285899934,0.42577176552202567,0.07850342779085451
0.22742040285899934,0.42585848074921956,0.07850229552696009
0.2275286982889322,0.42585848074921956,0.07849775270944215
0.2275286982889322,0.42603191120360734,0.07849514290755377
0.22758284600389864,0.42603191120360734,0.07849503151234871
0.22758284600389864,0.42611862643080123,0.07848986167509642
0.2277452891487979,0.42611862643080123,0.0784881275067626
0.2277452891487979,0.42629205688518906,0.07848375158229914
0.22796188000866363,0.42629205688518906,0.07847945762483266
0.22796188000866363,0.42637877211238295,0.07847766497491371
0.22807017543859648,0.42637877211238295,0.07847710846516454
0.22807017543859648,0.42646548733957684,0.07847589628176732
0.22812432315356293,0.42646548733957684,0.07847585517725597
0.22812432315356293,0.4268123482483524,0.07847297408674558
0.2284492094433615,0.4268123482483524,0.07846523204006783
0.2284492094433615,0.4268990634755463,0.07845934478619854
0.22855750487329435,0.4268990634755463,0.07845253942896901
0.22855750487329435,0.4269857787027402,0.07845088750841644
0.2286658003032272,0.4269857787027402,0.07844439857798191
0.2286658003032272,0.42707249392993407,0.07844434646459564
0.22899068659302577,0.42707249392993407,0.07843455978934477
0.22899068659302577,0.4273326396115158,0.07843232731283645
0.2290448343079922,0.4273326396115158,0.07843088074314242
0.2290448343079922,0.42767950052029136,0.07842747980858267
0.22936972059779076,0.42767950052029136,0.07842372124112851
0.22936972059779076,0.42785293097467914,0.07842260992991812
0.22958631145765648,0.42785293097467914,0.07841968196019344
0.22958631145765648,0.427939646201873,0.07841864127680731
0.22969460688758933,0.427939646201873,0.07841850577920129
0.22969460688758933,0.42802636142906697,0.07841792302324868
0.22974875460255578,0.42802636142906697,0.07841569494149803
0.22974875460255578,0.42837322233784253,0.07841161603530833
0.2298029023175222,0.42837322233784253,0.07840913008895067
0.2298029023175222,0.4290669441553937,0.0783947267358398
0.22996534546242148,0.4290669441553937,0.07839221830651111
0.22996534546242148,0.4291536593825876,0.07839167974594452
0.2300194931773879,0.4291536593825876,0.07839156715117279
0.2300194931773879,0.42941380506416926,0.07838703597605368
0.2301819363222872,0.42941380506416926,0.07838442374119658
0.2301819363222872,0.42958723551855704,0.0783837385087165
0.23034437946718647,0.42958723551855704,0.0783809925150789
0.23034437946718647,0.42967395074575093,0.07838074525337979
0.2305609703270522,0.42967395074575093,0.07837715593711603
0.2305609703270522,0.42993409642733266,0.07837391122059079
0.23066926575698504,0.42993409642733266,0.07837111134499652
0.23066926575698504,0.43002081165452655,0.07837044285300654
0.23077756118691792,0.43002081165452655,0.07836804117046259
0.23077756118691792,0.43010752688172044,0.07836429464841599
0.23083170890188434,0.43010752688172044,0.07836186274648971
0.23083170890188434,0.4302809573361082,0.07836092159513863
0.2309941520467836,0.4302809573361082,0.07835904100511426
0.2309941520467836,0.4303676725633021,0.07835754654564275
0.23104829976175006,0.4303676725633021,0.07835727182521679
0.23104829976175006,0.430454387790496,0.07835651079269446
0.23121074290664934,0.430454387790496,0.07835015505285448
0.23121074290664934,0.4306278182448838,0.07834978323944997
0.23196881091617932,0.4306278182448838,0.07833249542008547
0.23196881091617932,0.4307145334720777,0.07833174528653086
0.23202295863114578,0.4307145334720777,0.0783307458473077
0.23202295863114578,0.4308012486992716,0.07833074009354912
0.2320771063461122,0.4308012486992716,0.07833019939571151
0.2320771063461122,0.4309746791536594,0.07832920182097136
0.23213125406107862,0.4309746791536594,0.07832813431867902
0.23213125406107862,0.4310613943808533,0.07832752178317426
0.23218540177604505,0.4310613943808533,0.07832561845477937
0.23218540177604505,0.43114810960804717,0.07832469996514058
0.23223954949101147,0.43114810960804717,0.0783224705212544
0.23223954949101147,0.43123482483524106,0.07832220207776741
0.2322936972059779,0.43123482483524106,0.07831861212902202
0.2322936972059779,0.43132154006243495,0.07831705861996396
0.23234784492094435,0.43132154006243495,0.07831587702373932
0.23234784492094435,0.43140825528962884,0.07831569118873305
0.23261858349577647,0.43140825528962884,0.07831116379166803
0.23261858349577647,0.4315816857440167,0.07830916811314781
0.23267273121074292,0.4315816857440167,0.07830895080582967
0.23267273121074292,0.43166840097121056,0.07830890088856113
0.23278102664067576,0.43166840097121056,0.0783083217251197
0.23278102664067576,0.43184183142559834,0.07830371293484717
0.2330517652155079,0.43184183142559834,0.0782938944720224
0.2330517652155079,0.43192854665279223,0.07829295876725229
0.23321420836040718,0.43192854665279223,0.0782858315100412
0.23321420836040718,0.4320152618799861,0.07828341306742681
0.2332683560753736,0.4320152618799861,0.07828230983637186
0.2332683560753736,0.4322754075615678,0.07827923985551655
0.23332250379034006,0.4322754075615678,0.07827829037521083
0.23332250379034006,0.4323621227887617,0.07827825910889064
0.23364739008013863,0.4323621227887617,0.07827384661346737
0.23364739008013863,0.43244883801595563,0.07826744742798764
0.23386398094000432,0.43244883801595563,0.07826518642765645
0.23386398094000432,0.4325355532431495,0.0782649890078162
0.23391812865497075,0.4325355532431495,0.07826370133826943
0.23391812865497075,0.4327956989247312,0.0782631980984656
0.23413471951483647,0.4327956989247312,0.07825389002080185
0.23413471951483647,0.43296912937911897,0.0782521944525012
0.2341888672298029,0.43296912937911897,0.07824836558275328
0.2341888672298029,0.43314255983350675,0.07824408110644465
0.23429716265973577,0.43314255983350675,0.07823845129723606
0.23429716265973577,0.4333159902878946,0.07823429594906761
0.23445960580463504,0.4333159902878946,0.07823366593613179
0.23445960580463504,0.43357613596947625,0.07823323799089099
0.2345679012345679,0.43357613596947625,0.07823097536996548
0.2345679012345679,0.43366285119667014,0.07822545602336017
0.23489278752436646,0.43366285119667014,0.07822223133370532
0.23489278752436646,0.4338362816510579,0.07821858942890625
0.23505523066926576,0.4338362816510579,0.07821492327668444
0.23505523066926576,0.4339229968782518,0.07821050710408639
0.23521767381416503,0.4339229968782518,0.07820875102432145
0.23521767381416503,0.4340097121054457,0.07820793388999991
0.23559670781893005,0.4340097121054457,0.07820156122023825
0.23559670781893005,0.4342698577870274,0.07819797778683646
0.2357050032488629,0.4342698577870274,0.07819735871108358
0.2357050032488629,0.4343565730142213,0.07819691977089094
0.23592159410872862,0.4343565730142213,0.07819081906767278
0.23592159410872862,0.4344432882414152,0.07818987333361194
0.23602988953866147,0.4344432882414152,0.07818877077851805
0.23602988953866147,0.434616718695803,0.07818224283868247
0.23619233268356074,0.434616718695803,0.07818015202931305
0.23619233268356074,0.43479014915019076,0.07817855413977326
0.2364630712583929,0.43479014915019076,0.07817646392364108
0.2364630712583929,0.43487686437738465,0.07817498571466985
0.2366255144032922,0.43487686437738465,0.07817409382813256
0.2366255144032922,0.43496357960457854,0.07817295427731441
0.2366796621182586,0.43496357960457854,0.07817221117725803
0.2366796621182586,0.43505029483177243,0.07817197173200174
0.23673380983322503,0.43505029483177243,0.07817177423280497
0.23673380983322503,0.43522372528616027,0.07816966606319697
0.23689625297812433,0.43522372528616027,0.07816177450316442
0.23689625297812433,0.43531044051335416,0.07816133579097118
0.23695040069309076,0.43531044051335416,0.07815709803335635
0.23695040069309076,0.4356573014221297,0.07815200132010713
0.2372211392679229,0.4356573014221297,0.07814422228695794
0.2372211392679229,0.4357440166493236,0.0781440962351978
0.23727528698288933,0.4357440166493236,0.07814149620987587
0.23727528698288933,0.4358307318765175,0.07814132352052394
0.2374377301277886,0.4358307318765175,0.07813831215674516
0.2374377301277886,0.4359174471037114,0.07813489516979533
0.23749187784275502,0.4359174471037114,0.0781340205203922
0.23749187784275502,0.43600416233090533,0.0781318766386081
0.23754602555772147,0.43600416233090533,0.07812820055838166
0.23754602555772147,0.4360908775580992,0.07812606097092134
0.23765432098765432,0.4360908775580992,0.07812498176827432
0.23765432098765432,0.4363510232396809,0.07812071304598245
0.23776261641758717,0.4363510232396809,0.07811965456879322
0.23776261641758717,0.4364377384668748,0.07811959506233301
0.23787091184752004,0.4364377384668748,0.07811658374069408
0.23787091184752004,0.43661116892126256,0.07811274223164988
0.23792505956248647,0.43661116892126256,0.07811265570634673
0.23792505956248647,0.43669788414845645,0.07811251771477279
0.2379792072774529,0.43669788414845645,0.07811036353144929
0.2379792072774529,0.43678459937565034,0.07810711153520966
0.23819579813731862,0.43678459937565034,0.07809995737177933
0.23819579813731862,0.4368713146028443,0.07809893501514997
0.2383582412822179,0.4368713146028443,0.07809728590164955
0.2383582412822179,0.4369580298300382,0.07809598454494471
0.2384123889971843,0.4369580298300382,0.07809571418522498
0.2384123889971843,0.43721817551161984,0.07809375818634634
0.23862897985705003,0.43721817551161984,0.07808518060799385
0.23862897985705003,0.4376517516475893,0.07807542679499502
0.23873727528698288,0.4376517516475893,0.0780712673755446
0.23873727528698288,0.43773846687478324,0.0780700869636839
0.23884557071691576,0.43773846687478324,0.07806657961732344
0.23884557071691576,0.43782518210197713,0.07806327217107678
0.2389538661468486,0.43782518210197713,0.0780602534810928
0.2389538661468486,0.4381720430107527,0.07805837877118127
0.23906216157678145,0.4381720430107527,0.07805456790826093
0.23906216157678145,0.43834547346514047,0.07805395744776455
0.23911630929174787,0.43834547346514047,0.07805299779581798
0.23911630929174787,0.43843218869233436,0.07805157770806748
0.23922460472168075,0.43843218869233436,0.07805105074197671
0.23922460472168075,0.43851890391952825,0.07804996338058467
0.23938704786658002,0.43851890391952825,0.07804892907705452
0.23938704786658002,0.4386056191467222,0.07804838012631166
0.2394953432965129,0.4386056191467222,0.07804801061012734
0.2394953432965129,0.4386923343739161,0.07804773967580458
0.23954949101147932,0.4386923343739161,0.07804728839280517
0.23954949101147932,0.43877904960110997,0.07804624793413328
0.23960363872644574,0.43877904960110997,0.0780455474993107
0.23960363872644574,0.43912591050988553,0.0780429083915044
0.2397119341563786,0.43912591050988553,0.07804234768583984
0.2397119341563786,0.4392126257370794,0.0780400486039281
0.23976608187134502,0.4392126257370794,0.07803933620581205
0.23976608187134502,0.4394727714186611,0.07803682040350712
0.23982022958631147,0.4394727714186611,0.07803670659244832
0.23982022958631147,0.43955948664585504,0.07803472521023536
0.23992852501624432,0.43955948664585504,0.07803075799166748
0.23992852501624432,0.4396462018730489,0.07803065206310134
0.24003682044617716,0.4396462018730489,0.07802647928994055
0.24003682044617716,0.4397329171002428,0.07802611084498756
0.24014511587611004,0.4397329171002428,0.07802289408491836
0.24014511587611004,0.4400797780090184,0.0780194833992276
0.24041585445094216,0.4400797780090184,0.07801797960692225
0.24041585445094216,0.44025320846340615,0.07801532516886378
0.2404700021659086,0.44025320846340615,0.0780113876954438
0.2404700021659086,0.440426638917794,0.07800816123073284
0.24052414988087503,0.440426638917794,0.07800669882706823
0.24052414988087503,0.44068678459937566,0.07800431508562244
0.24063244531080788,0.44068678459937566,0.07800311365050039
0.24063244531080788,0.4411203607353451,0.07799875769956954
0.24079488845570718,0.4411203607353451,0.07799456489751777
0.24079488845570718,0.4415539368713146,0.07799245627029316
0.24090318388564003,0.4415539368713146,0.0779920140778303
0.24090318388564003,0.4416406520985085,0.07799136873647461
0.24111977474550575,0.4416406520985085,0.07798990268379802
0.24111977474550575,0.4417273673257024,0.07798972494354106
0.24133636560537144,0.4417273673257024,0.0779868487069788
0.24133636560537144,0.4418140825528963,0.0779867060292847
0.24139051332033787,0.4418140825528963,0.07798641690819408
0.24139051332033787,0.44190079778009017,0.07798456340117821
0.24144466103530432,0.44190079778009017,0.07798445123363917
0.24144466103530432,0.44207422823447795,0.07797918868339626
0.24155295646523717,0.44207422823447795,0.07797753470376834
0.24155295646523717,0.4421609434616719,0.07797719759073751
0.24171539961013644,0.4421609434616719,0.07797327621807715
0.24171539961013644,0.4423343739160597,0.07796925811946509
0.2417695473251029,0.4423343739160597,0.07796896973698209
0.2417695473251029,0.44250780437044746,0.077966875417808
0.24198613818496859,0.44250780437044746,0.07796273061284276
0.24198613818496859,0.44259451959764134,0.07796245476686936
0.24225687675980073,0.44259451959764134,0.07795823976459126
0.24225687675980073,0.44320152618799863,0.07795344965266326
0.24236517218973358,0.44320152618799863,0.07795011436979338
0.24236517218973358,0.4432882414151925,0.07795007081800853
0.2425817630495993,0.4432882414151925,0.07794647834553126
0.2425817630495993,0.4436351023239681,0.07794339806570583
0.24263591076456573,0.4436351023239681,0.077942847353208
0.24263591076456573,0.44372181755116197,0.07794109705948493
0.24285250162443145,0.44372181755116197,0.0779373728995465
0.24285250162443145,0.44380853277835586,0.07793694507304183
0.2429607970543643,0.44380853277835586,0.07793659877239278
0.2429607970543643,0.44389524800554975,0.07793307891232604
0.24306909248429717,0.44389524800554975,0.07792907917793301
0.24306909248429717,0.4440686784599376,0.07792706262331484
0.24317738791423002,0.4440686784599376,0.07792465578183361
0.24317738791423002,0.44424210891432536,0.07792416217383588
0.24328568334416287,0.44424210891432536,0.07792333954002184
0.24328568334416287,0.44450225459590703,0.07792244002927196
0.2433398310591293,0.44450225459590703,0.07792234250864949
0.2433398310591293,0.4446756850502948,0.07792100525294354
0.24344812648906217,0.4446756850502948,0.07791925649574982
0.24344812648906217,0.44484911550468265,0.07791665732437036
0.2435022742040286,0.44484911550468265,0.07791614817565073
0.2435022742040286,0.4451092611862643,0.07791307206561782
0.24355642191899501,0.4451092611862643,0.07791181220765209
0.24355642191899501,0.4452826916406521,0.0779093993797122
0.24361056963396144,0.4452826916406521,0.07790746416820071
0.24361056963396144,0.4454561220950399,0.07790537813343046
0.24366471734892786,0.4454561220950399,0.07790444220522441
0.24366471734892786,0.44554283732223376,0.0779033621157037
0.2437188650638943,0.44554283732223376,0.0779026300356922
0.2437188650638943,0.44562955254942765,0.07790224807191604
0.24382716049382716,0.44562955254942765,0.07790092176005703
0.24382716049382716,0.4458029830038155,0.0778986137499158
0.24393545592376,0.4458029830038155,0.07789627741912009
0.24393545592376,0.4458896982310094,0.07789551722143084
0.24404375135369288,0.4458896982310094,0.07789408696754463
0.24404375135369288,0.44597641345820327,0.07789376506237233
0.2440978990686593,0.44597641345820327,0.07789174494525097
0.2440978990686593,0.44623655913978494,0.0778890633173066
0.24415204678362573,0.44623655913978494,0.0778884990422053
0.24415204678362573,0.44632327436697883,0.07788832875839136
0.244314489928525,0.44632327436697883,0.07788508617686851
0.244314489928525,0.4464967048213666,0.07788392692692603
0.24436863764349145,0.4464967048213666,0.07788133492361315
0.24436863764349145,0.44675685050294833,0.07788036207389748
0.2444769330734243,0.44675685050294833,0.07787760374082509
0.2444769330734243,0.4468435657301422,0.07787709817793265
0.24458522850335715,0.4468435657301422,0.07787380172514458
0.24458522850335715,0.4471037114117239,0.07787160886518629
0.24463937621832357,0.4471037114117239,0.07787010252138837
0.24463937621832357,0.44727714186611167,0.07786429843364506
0.24469352393329002,0.44727714186611167,0.07786351176830797
0.24469352393329002,0.44736385709330556,0.07786161929586699
0.24480181936322287,0.44736385709330556,0.07785829424568491
0.24480181936322287,0.4475372875476934,0.0778573214405145
0.24512670565302144,0.4475372875476934,0.07785141871984513
0.24512670565302144,0.4477107180020812,0.07784837535287514
0.24561403508771928,0.4477107180020812,0.07784143601158511
0.24561403508771928,0.44779743322927507,0.07784084098934652
0.24566818280268574,0.44779743322927507,0.07783921650931958
0.24566818280268574,0.44805757891085674,0.07783563945658267
0.24577647823261858,0.44805757891085674,0.07783401556948144
0.24577647823261858,0.4481442941380506,0.07783374536800203
0.245830625947585,0.4481442941380506,0.07783044394846361
0.245830625947585,0.4482310093652445,0.07782956058494439
0.24604721680745073,0.4482310093652445,0.07782514536875662
0.24604721680745073,0.4483177245924384,0.07782511891233046
0.24610136452241715,0.4483177245924384,0.07782501231964423
0.24610136452241715,0.44840443981963235,0.0778248227785101
0.24615551223738358,0.44840443981963235,0.07782383753111399
0.24615551223738358,0.44849115504682624,0.07782238034058575
0.24620965995235,0.44849115504682624,0.07782015633431061
0.24620965995235,0.44857787027402013,0.07781939553489603
0.2463721030972493,0.44857787027402013,0.07780748119374259
0.2463721030972493,0.448664585501214,0.0778074635934558
0.24642625081221572,0.448664585501214,0.07780662800859295
0.24642625081221572,0.4487513007284079,0.07780596268808604
0.2467511371020143,0.4487513007284079,0.07779688008300778
0.2467511371020143,0.4489247311827957,0.07779556523862441
0.24691358024691357,0.4489247311827957,0.0777902202679095
0.24691358024691357,0.44909816163718347,0.07778678903437686
0.24702187567684644,0.44909816163718347,0.0777850897079877
0.24702187567684644,0.449531737773153,0.0777818828268011
0.24707602339181287,0.449531737773153,0.07778135092047389
0.24707602339181287,0.44970516822754075,0.0777757885720689
0.2472926142516786,0.44970516822754075,0.07777110234431661
0.2472926142516786,0.4499653139091224,0.07776118917987684
0.24745505739657786,0.4499653139091224,0.0777556892458422
0.24745505739657786,0.45013874436351026,0.07775455316785918
0.24750920511154428,0.45013874436351026,0.07775410237041558
0.24750920511154428,0.45031217481789804,0.07775230412619427
0.24767164825644358,0.45031217481789804,0.07774945874544592
0.24767164825644358,0.4504856052722858,0.07774837022518644
0.24772579597141,0.4504856052722858,0.07774427441284337
0.24772579597141,0.4505723204994797,0.07774301887915813
0.24783409140134285,0.4505723204994797,0.07774251973827528
0.24783409140134285,0.4506590357266736,0.0777409526699242
0.248104829976175,0.4506590357266736,0.07773242611081721
0.248104829976175,0.4507457509538675,0.07773231678405068
0.24815897769114142,0.4507457509538675,0.07773107658642342
0.24815897769114142,0.45091918140825527,0.07772992698725578
0.24832142083604072,0.45091918140825527,0.07772742584372727
0.24832142083604072,0.4510058966354492,0.07772682447779333
0.24859215941087287,0.4510058966354492,0.07772280967911294
0.24859215941087287,0.4510926118626431,0.07772038934536907
0.2486463071258393,0.4510926118626431,0.07771971312970494
0.2486463071258393,0.45143947277141866,0.07770996299742161
0.24875460255577214,0.45143947277141866,0.07770840211010399
0.24875460255577214,0.45152618799861255,0.07770764109741424
0.24880875027073857,0.45152618799861255,0.07770638773916883
0.24880875027073857,0.45169961845300033,0.0777061330029476
0.24897119341563786,0.45169961845300033,0.07770162368553768
0.24897119341563786,0.4517863336801942,0.0777004726741779
0.2490253411306043,0.4517863336801942,0.07770029903730791
0.2490253411306043,0.45195976413458205,0.07769895293594886
0.2490794888455707,0.45195976413458205,0.07769833707727147
0.2490794888455707,0.45204647936177594,0.07769817634304732
0.24913363656053714,0.45204647936177594,0.07769707976112206
0.24913363656053714,0.4522199098161637,0.0776952517506182
0.24918778427550356,0.4522199098161637,0.07769521580970684
0.24918778427550356,0.4523066250433576,0.07769458479053437
0.24929607970543644,0.4523066250433576,0.07769347455632114
0.24929607970543644,0.4523933402705515,0.07769159732219011
0.24935022742040286,0.4523933402705515,0.077691421060198
0.24935022742040286,0.4524800554977454,0.07768945725311949
0.2494585228503357,0.4524800554977454,0.07768753347013058
0.2494585228503357,0.45265348595213317,0.07768530969704601
0.24972926142516785,0.45265348595213317,0.07768312263128774
0.24972926142516785,0.4527402011793271,0.07768203314413635
0.24994585228503358,0.4527402011793271,0.07767626953555862
0.24994585228503358,0.4529136316337149,0.07767535176804374
0.25010829542993285,0.4529136316337149,0.07767098780710913
0.25010829542993285,0.45326049254249046,0.07765733088813898
0.2502165908598657,0.45326049254249046,0.07765509746716903
0.2502165908598657,0.45343392299687824,0.07765178884014867
0.25075806800953,0.45343392299687824,0.07763819772502334
0.25075806800953,0.453607353451266,0.07763528615020099
0.2510829542993286,0.453607353451266,0.07762705681335169
0.2510829542993286,0.45369406867845996,0.0776261324440235
0.251137102014295,0.45369406867845996,0.0776254151287763
0.251137102014295,0.45378078390565385,0.07762513096756196
0.25119124972926143,0.45378078390565385,0.07762439882834005
0.25119124972926143,0.45395421436004163,0.07762238951917122
0.25124539744422786,0.45395421436004163,0.07762214759676533
0.25124539744422786,0.4540409295872355,0.07762166514926605
0.2513536928741607,0.4540409295872355,0.0776202877089136
0.2513536928741607,0.4541276448144294,0.07761926066593938
0.25140784058912713,0.4541276448144294,0.07761721475576522
0.25140784058912713,0.4542143600416233,0.07761599324910518
0.25146198830409355,0.4542143600416233,0.07761484330923163
0.25146198830409355,0.4543877904960111,0.07761159305167054
0.2515702837340264,0.4543877904960111,0.0776096496239056
0.2515702837340264,0.4545612209503989,0.07760779320166078
0.2516244314489929,0.4545612209503989,0.07760775048643631
0.2516244314489929,0.4546479361775928,0.07760636241295704
0.25178687459389215,0.4546479361775928,0.07760564089563604
0.25178687459389215,0.4547346514047867,0.07760507307489672
0.251895170023825,0.4547346514047867,0.07760199871096907
0.251895170023825,0.4548213666319806,0.07759961845426688
0.2521117608836907,0.4548213666319806,0.07759516103364938
0.2521117608836907,0.4549080818591745,0.07759395833765925
0.2521659085986571,0.4549080818591745,0.0775926610244504
0.2521659085986571,0.45499479708636836,0.07759018229687964
0.25238249945852287,0.45499479708636836,0.07758477365502903
0.25238249945852287,0.45508151231356225,0.07758203768430749
0.2524907948884557,0.45508151231356225,0.07757976130234279
0.2524907948884557,0.45560180367672565,0.07757688131792606
0.252653238033355,0.45560180367672565,0.07757453699750916
0.252653238033355,0.45568851890391954,0.07757038561106278
0.25276153346328784,0.45568851890391954,0.07756622101394606
0.25276153346328784,0.4559486645855012,0.0775644763535237
0.25292397660818716,0.4559486645855012,0.07756266637971354
0.25292397660818716,0.4560353798126951,0.07756223285205976
0.2529781243231536,0.4560353798126951,0.0775604350538579
0.2529781243231536,0.456122095039889,0.07755741070950117
0.2535737491877843,0.456122095039889,0.07754702160942695
0.2535737491877843,0.4562088102670829,0.07754683226268333
0.2537361923326836,0.4562088102670829,0.07754415012742877
0.2537361923326836,0.4562955254942768,0.07754297608770178
0.2540069309075157,0.4562955254942768,0.07753523113158889
0.2540069309075157,0.4566423864030524,0.0775283647379077
0.25422352176738144,0.4566423864030524,0.07752517891287991
0.25422352176738144,0.45681581685744016,0.07752413958233295
0.25444011262724714,0.45681581685744016,0.0775219326674057
0.25444011262724714,0.45698924731182794,0.07752035312541539
0.25454840805718,0.45698924731182794,0.07752005062991763
0.25454840805718,0.45707596253902183,0.07751555555344991
0.2546025557721464,0.45707596253902183,0.07751471207367411
0.2546025557721464,0.45733610822060355,0.07751200938958025
0.2548191466320121,0.45733610822060355,0.07751015798686578
0.2548191466320121,0.45750953867499133,0.0775087621037791
0.2548732943469786,0.45750953867499133,0.07750865770225102
0.2548732943469786,0.4576829691293791,0.07750608296393335
0.254927442061945,0.4576829691293791,0.077505130170195
0.254927442061945,0.4578563995837669,0.07750399840275568
0.2551440329218107,0.4578563995837669,0.07749562899936713
0.2551440329218107,0.4579431148109608,0.07749248810062359
0.25525232835174355,0.4579431148109608,0.07748890272829367
0.25525232835174355,0.4581165452653486,0.07748550048285963
0.2553606237816764,0.4581165452653486,0.07748020984315507
0.2553606237816764,0.4582032604925425,0.07747758833943563
0.2554147714966428,0.4582032604925425,0.07747630128872252
0.2554147714966428,0.4582899757197364,0.07747433756405964
0.25546891921160925,0.4582899757197364,0.07747417653709698
0.25546891921160925,0.4583766909469303,0.07747229627260643
0.25557721464154215,0.4583766909469303,0.07746903010010309
0.25557721464154215,0.45863683662851196,0.07746723230127528
0.2557396577864414,0.45863683662851196,0.07745834976495125
0.2557396577864414,0.4588969823100936,0.07745547291745392
0.25579380550140784,0.4588969823100936,0.07745450681509713
0.25579380550140784,0.45898369753728757,0.07745347591742546
0.25584795321637427,0.45898369753728757,0.0774479614762551
0.25584795321637427,0.45915712799167535,0.07744763242998731
0.2561186917912064,0.45915712799167535,0.07744327739649615
0.2561186917912064,0.45933055844606313,0.07744169590005723
0.25617283950617287,0.45933055844606313,0.07744147197475426
0.25617283950617287,0.4595907041276448,0.07743880851407181
0.25638943036603856,0.4595907041276448,0.07743490740823966
0.25638943036603856,0.4598508498092265,0.07743353362349747
0.256443578081005,0.4598508498092265,0.07743314938720802
0.256443578081005,0.4601977107180021,0.07742530018702731
0.25676846437080353,0.4601977107180021,0.077416649133486
0.25676846437080353,0.460284425945196,0.0774151239337193
0.25682261208577,0.460284425945196,0.07741440742556427
0.25682261208577,0.46045785639958375,0.07741104097119544
0.25714749837556855,0.46045785639958375,0.07740703162840745
0.25714749837556855,0.46054457162677764,0.07740523760278961
0.257201646090535,0.46054457162677764,0.07740447545633522
0.257201646090535,0.46063128685397153,0.07740008098605244
0.2572557938055014,0.46063128685397153,0.07739976053954378
0.2572557938055014,0.4607180020811655,0.07739880588345116
0.2573099415204678,0.4607180020811655,0.07739595492034712
0.2573099415204678,0.46080471730835937,0.07739533320536762
0.2575265323803336,0.46080471730835937,0.07739097323990585
0.2575265323803336,0.46089143253555326,0.07738935694035454
0.2576348278102664,0.46089143253555326,0.0773859936231227
0.2576348278102664,0.46097814776274715,0.07738539737866201
0.25768897552523284,0.46097814776274715,0.07738509734576593
0.25768897552523284,0.46106486298994104,0.07738386316647916
0.2578514186701321,0.46106486298994104,0.07738035891935557
0.2578514186701321,0.4611515782171349,0.07737795736381714
0.2581763049599307,0.4611515782171349,0.07736129308324258
0.2581763049599307,0.4612382934443288,0.0773594338350343
0.25823045267489714,0.4612382934443288,0.07735780610645193
0.25823045267489714,0.4614117238987166,0.07735356322336084
0.25833874810483,0.4614117238987166,0.07735230854690167
0.25833874810483,0.4614984391259105,0.07734986449180492
0.2583928958197964,0.4614984391259105,0.0773488841295944
0.2583928958197964,0.46158515435310443,0.07734832907899092
0.25850119124972926,0.46158515435310443,0.07734691883327982
0.25850119124972926,0.4617585848074922,0.07734406163733887
0.25871778210959495,0.4617585848074922,0.07733991725281175
0.25871778210959495,0.46227887617065555,0.07733317579055732
0.2588802252544943,0.46227887617065555,0.07733193681486994
0.2588802252544943,0.46236559139784944,0.07732929039411873
0.25904266839939355,0.46236559139784944,0.07732610686216401
0.25904266839939355,0.46245230662504333,0.07732544137318054
0.2591509638293264,0.46245230662504333,0.07732379666144529
0.2591509638293264,0.4625390218522373,0.07732302902630317
0.25925925925925924,0.4625390218522373,0.07732254634140112
0.25925925925925924,0.46279916753381894,0.07731826834642863
0.2593675546891921,0.46279916753381894,0.07731739860072806
0.2593675546891921,0.46288588276101283,0.07731317811783422
0.2595299978340914,0.46288588276101283,0.07730627036322146
0.2595299978340914,0.4630593132154006,0.07730511210545865
0.25958414554905784,0.4630593132154006,0.07730459523651634
0.25958414554905784,0.4631460284425945,0.07729884633566786
0.25963829326402427,0.4631460284425945,0.07729844298028543
0.25963829326402427,0.4632327436697884,0.07729751972012022
0.2599631795538228,0.4632327436697884,0.07729358230926309
0.2599631795538228,0.4634928893513701,0.07729052306713347
0.26017977041368856,0.4634928893513701,0.0772879090509162
0.26017977041368856,0.4636663198057579,0.07728404567694386
0.26034221355858783,0.4636663198057579,0.07728264549714448
0.26034221355858783,0.46418661116892124,0.07727562026986656
0.2604505089885207,0.46418661116892124,0.07727040951990616
0.2604505089885207,0.46453347207769685,0.07726581828123869
0.2606670998483864,0.46453347207769685,0.07725944144316976
0.2606670998483864,0.4647936177592785,0.07725672769210412
0.26093783842321855,0.4647936177592785,0.07724901223526293
0.26093783842321855,0.4648803329864724,0.07724829665976252
0.26120857699805067,0.4648803329864724,0.07724272985338532
0.26120857699805067,0.4650537634408602,0.07723991565184551
0.2612627247130171,0.4650537634408602,0.0772391809757671
0.2612627247130171,0.465227193895248,0.0772353209999821
0.26191249729261423,0.465227193895248,0.07722166478506431
0.26191249729261423,0.4654873395768297,0.07721992497543972
0.26196664500758066,0.4654873395768297,0.07721976544337128
0.26196664500758066,0.4655740548040236,0.0772187658547927
0.26202079272254714,0.4655740548040236,0.07721874257027594
0.26202079272254714,0.4656607700312175,0.0772180998527725
0.2621832358674464,0.4656607700312175,0.07721618058503643
0.2621832358674464,0.46592091571279914,0.07721235401588289
0.26229153129737925,0.46592091571279914,0.07721071745216723
0.26229153129737925,0.46626777662157476,0.0772063183575824
0.2623456790123457,0.46626777662157476,0.07720628458361878
0.2623456790123457,0.46635449184876865,0.07720221259991766
0.2623998267273121,0.46635449184876865,0.07720184116690154
0.2623998267273121,0.46644120707596254,0.07720069747327041
0.2624539744422785,0.46644120707596254,0.07719814651166157
0.2624539744422785,0.4666146375303503,0.07719662292923246
0.26250812215724495,0.4666146375303503,0.07719653730827325
0.26250812215724495,0.46687478321193204,0.07719597038886739
0.2625622698722114,0.46687478321193204,0.07719586020842284
0.2625622698722114,0.4670482136663198,0.07719534456999089
0.2626164175871778,0.4670482136663198,0.0771945876732627
0.2626164175871778,0.4672216441207076,0.07719243953391342
0.2626705653021443,0.4672216441207076,0.077192382437409
0.2626705653021443,0.4673083593479015,0.07719206268293322
0.2627788607320771,0.4673083593479015,0.077189292272976
0.2627788607320771,0.4673950745750954,0.07718921466171702
0.26283300844704355,0.4673950745750954,0.07718888832139204
0.26283300844704355,0.46748178980228927,0.07718885456196212
0.26288715616200997,0.46748178980228927,0.07718865137093656
0.26288715616200997,0.46756850502948316,0.07718848284100677
0.2629954515919428,0.46756850502948316,0.07718573423340369
0.2629954515919428,0.46765522025667705,0.07718442317476737
0.26310374702187567,0.46765522025667705,0.07718399966090517
0.26310374702187567,0.46774193548387094,0.0771805480034411
0.2632120424518085,0.46774193548387094,0.07717825400965417
0.2632120424518085,0.4678286507110649,0.07717688673001866
0.26337448559670784,0.4678286507110649,0.0771754826185993
0.26337448559670784,0.46800208116545267,0.07717064134666285
0.2635369287416071,0.46800208116545267,0.07716660426346467
0.2635369287416071,0.46808879639264656,0.07716648456436381
0.2637535196014728,0.46808879639264656,0.07716530407111644
0.2637535196014728,0.46826222684703434,0.07716352816493632
0.26380766731643923,0.46826222684703434,0.07716158278910412
0.26380766731643923,0.468522372528616,0.07715870557128479
0.26397011046133856,0.468522372528616,0.07715475241831005
0.26397011046133856,0.4686090877558099,0.07715470748050923
0.264024258176305,0.4686090877558099,0.07715467177997137
0.264024258176305,0.4689559486645855,0.0771523031225807
0.26418670132120425,0.4689559486645855,0.07714940640303025
0.26418670132120425,0.4692160943461672,0.07714749524389997
0.2642949967511371,0.4692160943461672,0.07714677962855543
0.2642949967511371,0.46938952480055496,0.07714617893499276
0.2643491444661035,0.46938952480055496,0.0771460199692553
0.2643491444661035,0.4697363857093306,0.07714275591427655
0.26440329218106995,0.4697363857093306,0.07714265030675294
0.26440329218106995,0.46982310093652446,0.07713843350459992
0.2645115876110028,0.46982310093652446,0.0771348886080423
0.2645115876110028,0.47008324661810613,0.0771339958358832
0.26494476933073424,0.47008324661810613,0.07712769583018853
0.26494476933073424,0.4703433922996878,0.07712485956456994
0.26521550790556636,0.4703433922996878,0.07711959747371377
0.26521550790556636,0.47051682275407564,0.07711778604599395
0.2654320987654321,0.47051682275407564,0.07711438849700936
0.2654320987654321,0.4707769684356573,0.07711178242030003
0.2656486896252978,0.4707769684356573,0.07710295312656545
0.2656486896252978,0.4708636836628512,0.07710280637262468
0.26575698505523065,0.4708636836628512,0.07710034562164747
0.26575698505523065,0.4709503988900451,0.07709908235687646
0.2658111327701971,0.4709503988900451,0.07709837368394767
0.2658111327701971,0.471037114117239,0.07709769848235215
0.26608187134502925,0.471037114117239,0.07709377281683483
0.26608187134502925,0.47112382934443287,0.07709157770650887
0.26635260991986137,0.47112382934443287,0.07708523388939326
0.26635260991986137,0.47121054457162675,0.07708270575823262
0.2665692007797271,0.47121054457162675,0.07707632072031334
0.2665692007797271,0.4712972597988207,0.07707565749332712
0.26662334849469355,0.4712972597988207,0.0770744282946747
0.26662334849469355,0.4713839750260146,0.07707430806676352
0.26667749620965997,0.4713839750260146,0.07707406030610398
0.26667749620965997,0.47181755116198404,0.07706916791104135
0.2667316439246264,0.47181755116198404,0.07706895182417473
0.2667316439246264,0.47190426638917793,0.07706891063888244
0.2667857916395928,0.47190426638917793,0.07706868023022673
0.2667857916395928,0.4720776968435657,0.07706637623023815
0.2670023824994585,0.4720776968435657,0.07706201257021328
0.2670023824994585,0.47233784252514743,0.07705861565833505
0.26705653021442494,0.47233784252514743,0.07705822198283996
0.26705653021442494,0.4724245577523413,0.07705747508746397
0.26721897335932426,0.4724245577523413,0.07705526390357509
0.26721897335932426,0.4725979882067291,0.07705199867445423
0.2675438596491228,0.4725979882067291,0.07704946763920728
0.2675438596491228,0.472684703433923,0.07704851681690794
0.26759800736408923,0.472684703433923,0.07704731286605382
0.26759800736408923,0.47294484911550466,0.07704430703313192
0.2678687459389214,0.47294484911550466,0.07703941985808682
0.2678687459389214,0.47303156434269855,0.07703612641623137
0.26792289365388783,0.47303156434269855,0.07703585273337366
0.26792289365388783,0.4731182795698925,0.07703452733941818
0.26819363222871995,0.4731182795698925,0.07702882044608561
0.26819363222871995,0.4737252861602497,0.07702093813702304
0.2683560753736192,0.4737252861602497,0.07701450977271462
0.2683560753736192,0.4738987166146375,0.07701411016551774
0.2686809616634178,0.4738987166146375,0.07700384280124162
0.2686809616634178,0.47407214706902534,0.07700346215106468
0.26900584795321636,0.47407214706902534,0.07699647281035227
0.26900584795321636,0.47415886229621923,0.07699420324022666
0.2690599956681828,0.47415886229621923,0.07699368339470958
0.2690599956681828,0.474332292750607,0.07699256678527089
0.2691682910981157,0.474332292750607,0.0769885551617453
0.2691682910981157,0.4744190079778009,0.07698651426848291
0.2693848819579814,0.4744190079778009,0.07698050999528716
0.2693848819579814,0.4745057232049948,0.07698047905141947
0.2697097682477799,0.4745057232049948,0.07697500443578309
0.2697097682477799,0.4745924384321887,0.07697352532372359
0.26976391596274635,0.4745924384321887,0.07697299202375874
0.26976391596274635,0.47467915365938257,0.07697219045332804
0.2699263591076457,0.47467915365938257,0.07696987028428559
0.2699263591076457,0.47476586888657646,0.07696921932509282
0.2699805068226121,0.47476586888657646,0.07696817589557403
0.2699805068226121,0.4748525841137704,0.07696240150407019
0.27008880225254495,0.4748525841137704,0.07696087258091144
0.27008880225254495,0.4749392993409643,0.07695915478695103
0.2701970976824778,0.4749392993409643,0.07695295077720177
0.2701970976824778,0.47519944502254596,0.07694683870419161
0.2702512453974442,0.47519944502254596,0.07694679527087422
0.2702512453974442,0.47528616024973985,0.07694672646195722
0.27030539311241064,0.47528616024973985,0.07694538096088843
0.27030539311241064,0.47537287547693374,0.07694250168074723
0.2704136885423435,0.47537287547693374,0.07694075131387446
0.2704136885423435,0.4755463059313215,0.07693907710593617
0.2705219839722764,0.4755463059313215,0.07693640197422957
0.2705219839722764,0.47571973638570936,0.07693376426134524
0.27063027940220924,0.47571973638570936,0.07693195017368892
0.27063027940220924,0.47580645161290325,0.07693194111695911
0.27068442711717566,0.47580645161290325,0.07693148790928217
0.27068442711717566,0.4760665972944849,0.07692674593710258
0.2710093134069742,0.4760665972944849,0.07692093804158251
0.2710093134069742,0.4762400277488727,0.07691836333181357
0.27106346112194063,0.4762400277488727,0.0769177362062754
0.27106346112194063,0.4763267429760666,0.0769149714744255
0.27117175655187353,0.4763267429760666,0.07691372345761205
0.27117175655187353,0.47658688865764826,0.07691106537630277
0.27122590426683996,0.47658688865764826,0.07691000472787923
0.27122590426683996,0.47684703433923,0.07690697968656357
0.2712800519818064,0.47684703433923,0.07690690536878364
0.2712800519818064,0.47693374956642387,0.07690667323388856
0.2713341996967728,0.47693374956642387,0.07690622071254238
0.2713341996967728,0.47702046479361776,0.07690549611292385
0.2715507905566385,0.47702046479361776,0.07690177320055369
0.2715507905566385,0.47710718002081165,0.07690103975556806
0.27165908598657135,0.47710718002081165,0.0769005404117713
0.27165908598657135,0.47719389524800554,0.07690040970690726
0.27171323370153777,0.47719389524800554,0.07689987955721533
0.27171323370153777,0.4773673257023933,0.07689884010698944
0.27176738141650425,0.4773673257023933,0.07689852419810483
0.27176738141650425,0.4774540409295872,0.07689761513763238
0.2718756768464371,0.4774540409295872,0.0768971138126795
0.2718756768464371,0.4778009018383628,0.07689522607426458
0.2719298245614035,0.4778009018383628,0.07689475966258041
0.2719298245614035,0.4778876170655567,0.0768942809338653
0.27220056313623564,0.4778876170655567,0.07688868296212936
0.27220056313623564,0.4782344779743323,0.07688512154159088
0.2723630062811349,0.4782344779743323,0.0768838324585237
0.2723630062811349,0.47832119320152616,0.07688332310159107
0.2724171539961014,0.47832119320152616,0.0768821716089596
0.2724171539961014,0.47892819979188345,0.07687511518660584
0.2724713017110678,0.47892819979188345,0.07687472007368501
0.2724713017110678,0.4791016302462712,0.0768708992993008
0.27257959714100066,0.4791016302462712,0.0768686469243931
0.27257959714100066,0.47953520638224073,0.0768584206074745
0.2726337448559671,0.47953520638224073,0.07685827889716434
0.2726337448559671,0.4799687825182102,0.07685403241107536
0.27312107429066496,0.4799687825182102,0.07684499803149958
0.27312107429066496,0.480142212972598,0.07684437960223
0.2731752220056314,0.480142212972598,0.0768441092980281
0.2731752220056314,0.4803156434269858,0.07684226487112489
0.2732293697205978,0.4803156434269858,0.07683979602780222
0.2732293697205978,0.4804023586541797,0.07683889124001708
0.27333766515053065,0.4804023586541797,0.07683795831548967
0.27333766515053065,0.4804890738813736,0.07683767780312856
0.2737166991552957,0.4804890738813736,0.07683220714778538
0.2737166991552957,0.48057578910856746,0.07683105031884518
0.2737708468702621,0.48057578910856746,0.0768301110366525
0.2737708468702621,0.48066250433576135,0.07682724474302915
0.2738249945852285,0.48066250433576135,0.07682529398386007
0.2738249945852285,0.48083593479014913,0.07682411526674437
0.27387914230019494,0.48083593479014913,0.07682172027609724
0.27387914230019494,0.480922650017343,0.07682106648916065
0.27393329001516137,0.480922650017343,0.07682084082161089
0.27393329001516137,0.48100936524453697,0.07682024805100784
0.2739874377301278,0.48100936524453697,0.07681969406397582
0.2739874377301278,0.48118279569892475,0.07681592254571834
0.2740415854450942,0.48118279569892475,0.0768155177430927
0.2740415854450942,0.4816163718348942,0.07680650111149068
0.2742581763049599,0.4816163718348942,0.0768039235589415
0.2742581763049599,0.4817030870620881,0.07680391927445229
0.2745289148797921,0.4817030870620881,0.07679426782476373
0.2745289148797921,0.481789802289282,0.07679231827594712
0.27501624431448995,0.481789802289282,0.07678098579111148
0.27501624431448995,0.48187651751647587,0.0767809217501687
0.2750703920294564,0.48187651751647587,0.07677940399237349
0.2750703920294564,0.4820499479708637,0.07677799726054935
0.2751786874593892,0.4820499479708637,0.07677682094765204
0.2751786874593892,0.48239680887963926,0.07676823584354842
0.27544942603422135,0.48239680887963926,0.0767657726296822
0.27544942603422135,0.48248352410683315,0.07676485354126972
0.2755577214641542,0.48248352410683315,0.07676272712549115
0.2755577214641542,0.48257023933402704,0.0767626121079319
0.27582846003898637,0.48257023933402704,0.07675678805597808
0.27582846003898637,0.4827436697884148,0.0767547762906311
0.2759367554689192,0.4827436697884148,0.07675430726689703
0.2759367554689192,0.48291710024280265,0.07675213703861083
0.27599090318388564,0.48291710024280265,0.07675109673295877
0.27599090318388564,0.48300381546999654,0.07674754164480624
0.27604505089885206,0.48300381546999654,0.0767469949535442
0.27604505089885206,0.4831772459243843,0.07674566203793565
0.27620749404375133,0.4831772459243843,0.07674450404583943
0.27620749404375133,0.4832639611515782,0.07674432623992922
0.2764240849036171,0.4832639611515782,0.07673731246987692
0.2764240849036171,0.4833506763787721,0.07673377860444841
0.2764782326185835,0.4833506763787721,0.07673302798498227
0.2764782326185835,0.4836975372875477,0.07672565175597978
0.27653238033354993,0.4836975372875477,0.07672415979835123
0.27653238033354993,0.4838709677419355,0.0767158788442881
0.2766948234784492,0.4838709677419355,0.07670976680047903
0.2766948234784492,0.4839576829691294,0.07670705367661657
0.2767489711934156,0.4839576829691294,0.07670601120931475
0.2767489711934156,0.48421782865071106,0.07670429097323006
0.2768572666233485,0.48421782865071106,0.07670139248768115
0.2768572666233485,0.48430454387790495,0.07670137129046095
0.2769655620532814,0.48430454387790495,0.07669761709597878
0.2769655620532814,0.48439125910509884,0.07669727587556552
0.2770197097682478,0.48439125910509884,0.07669672396857985
0.2770197097682478,0.4844779743322927,0.07669612270492121
0.2771821529131471,0.4844779743322927,0.07669514889788176
0.2771821529131471,0.48456468955948667,0.07669436090646498
0.27734459605804634,0.48456468955948667,0.07668786220505375
0.27734459605804634,0.48473812001387445,0.0766870831534876
0.27739874377301277,0.48473812001387445,0.07668621910560391
0.27739874377301277,0.48508498092265,0.07668344111160175
0.2774528914879792,0.48508498092265,0.07668309321057953
0.2774528914879792,0.4851716961498439,0.07668189477775145
0.27810266406757633,0.4851716961498439,0.0766608798346129
0.27810266406757633,0.4852584113770378,0.07665910299919299
0.27815681178254276,0.4852584113770378,0.07665779844417697
0.27815681178254276,0.4855185570586195,0.07665443948796802
0.2782109594975092,0.4855185570586195,0.0766508662703731
0.2782109594975092,0.4856052722858134,0.07665044323968573
0.2783734026424085,0.4856052722858134,0.0766485900157754
0.2783734026424085,0.4856919875130073,0.07664734398680917
0.27842755035737493,0.4856919875130073,0.07664716631485535
0.27842755035737493,0.4858654179673951,0.07664472643326903
0.27848169807234135,0.4858654179673951,0.07664323783626736
0.27848169807234135,0.48595213319458896,0.07664300471656493
0.2786441412172406,0.48595213319458896,0.07664076959473953
0.2786441412172406,0.48612556364897674,0.07663768135637516
0.27869828893220705,0.48612556364897674,0.07663602615590825
0.27869828893220705,0.48621227887617063,0.07663526503475082
0.2788607320771063,0.48621227887617063,0.07663462089279038
0.2788607320771063,0.4862989941033645,0.0766342480776454
0.2789690275070392,0.4862989941033645,0.07663171319526785
0.2789690275070392,0.48647242455775236,0.0766288631073071
0.27923976608187134,0.48647242455775236,0.07662370937856577
0.27923976608187134,0.48655913978494625,0.07662315675851317
0.27929391379683777,0.48655913978494625,0.07662301945798577
0.27929391379683777,0.48664585501214014,0.07662217306813046
0.2793480615118042,0.48664585501214014,0.07662089259651483
0.2793480615118042,0.4869060006937218,0.07661917339342272
0.2794022092267706,0.4869060006937218,0.07661884694776533
0.2794022092267706,0.4872528616024974,0.07661387466563907
0.27945635694173704,0.4872528616024974,0.07660998510252504
0.27945635694173704,0.4874262920568852,0.0766085780442678
0.27951050465670346,0.4874262920568852,0.0766076348241278
0.27951050465670346,0.4875130072840791,0.07660723308684125
0.27961880008663637,0.4875130072840791,0.07660616213575921
0.27961880008663637,0.487599722511273,0.0766039689073732
0.2796729478016028,0.487599722511273,0.07660292381179068
0.2796729478016028,0.48768643773846687,0.07660234220742157
0.27983539094650206,0.48768643773846687,0.07659650765579373
0.27983539094650206,0.48777315296566076,0.07659586186514056
0.2799436863764349,0.48777315296566076,0.07659276858271347
0.2799436863764349,0.48794658342004854,0.07659185019259374
0.27999783409140133,0.48794658342004854,0.0765908116598828
0.27999783409140133,0.48803329864724243,0.07659062688951934
0.28005198180636776,0.48803329864724243,0.07658870667246576
0.28005198180636776,0.48820672910163027,0.07658381036046569
0.2801061295213342,0.48820672910163027,0.0765818307899957
0.2801061295213342,0.48829344432882416,0.07658160041940709
0.2801602772363006,0.48829344432882416,0.07658153780122268
0.2801602772363006,0.48838015955601805,0.07658150258285112
0.2802144249512671,0.48838015955601805,0.07658137963514666
0.2802144249512671,0.48846687478321194,0.07657914786261433
0.2802685726662335,0.48846687478321194,0.07657795708912962
0.2802685726662335,0.4885535900104058,0.0765777774976375
0.2804310158111328,0.4885535900104058,0.07657529673361108
0.2804310158111328,0.4886403052375997,0.07657416797996075
0.28091834524583065,0.4886403052375997,0.07656094770982258
0.28091834524583065,0.4887270204647936,0.07656079422569473
0.2810266406757635,0.4887270204647936,0.07655862089113774
0.2810266406757635,0.4889004509191814,0.07655621910094945
0.2810807883907299,0.4889004509191814,0.07655569563197173
0.2810807883907299,0.4890738813735692,0.07655245889359241
0.28118908382066277,0.4890738813735692,0.07654999222850911
0.28118908382066277,0.4893340270551509,0.07654983489347544
0.28140567468052846,0.4893340270551509,0.07654855352595136
0.28140567468052846,0.4894207422823448,0.076546922340337
0.2814598223954949,0.4894207422823448,0.07654616556834615
0.2814598223954949,0.48968088796392645,0.07654149347543315
0.2817847086852935,0.48968088796392645,0.07653262633380664
0.2817847086852935,0.49002774887270206,0.07652926948642791
0.28189300411522633,0.49002774887270206,0.07652891429450293
0.28189300411522633,0.49020117932708984,0.07651836194929662
0.28194715183019275,0.49020117932708984,0.07651457781756132
0.28194715183019275,0.4903746097814776,0.07651143749784617
0.282109594975092,0.4903746097814776,0.07650973489641189
0.282109594975092,0.4904613250086715,0.07650865994954503
0.2821637426900585,0.4904613250086715,0.07650756516321588
0.2821637426900585,0.4905480402358654,0.07650470328610104
0.2823803335499242,0.4905480402358654,0.0765025534001742
0.2823803335499242,0.4906347554630593,0.07650167033276101
0.28254277669482347,0.4906347554630593,0.07649867484389561
0.28254277669482347,0.4908081859174471,0.0764966207210589
0.2825969244097899,0.4908081859174471,0.07649621032361309
0.2825969244097899,0.4910683315990288,0.07649501878116793
0.28270521983972274,0.4910683315990288,0.07649450692358917
0.28270521983972274,0.4911550468262227,0.07649436069581328
0.2829218106995885,0.4911550468262227,0.07649012725311244
0.2829218106995885,0.4912417620534166,0.07648948590149485
0.2831384015594542,0.4912417620534166,0.07648442607695993
0.2831384015594542,0.49132847728061046,0.07648075781173524
0.28324669698938704,0.49132847728061046,0.07647523082343555
0.28324669698938704,0.49150190773499824,0.07647285722081976
0.2833549924193199,0.49150190773499824,0.07647166316276555
0.2833549924193199,0.49176205341657997,0.07646937355309857
0.2834091401342863,0.49176205341657997,0.07646863142931748
0.2834091401342863,0.49184876864377386,0.07646794090926523
0.2835174355642192,0.49184876864377386,0.07646465455310203
0.2835174355642192,0.49193548387096775,0.07646298269214058
0.28357158327918564,0.49193548387096775,0.07646287400513851
0.28357158327918564,0.49202219909816164,0.07646102640655528
0.2836798787091185,0.49202219909816164,0.07645870242798103
0.2836798787091185,0.4921956295525494,0.07645393992782412
0.2837340264240849,0.4921956295525494,0.07645224029852082
0.2837340264240849,0.49254249046132503,0.07644742338744148
0.28384232185401775,0.49254249046132503,0.07644652357467385
0.28384232185401775,0.4927159209157128,0.0764458528844758
0.28411306042884993,0.4927159209157128,0.07643897532622645
0.28411306042884993,0.4928026361429067,0.07643860079262232
0.2842213558587828,0.4928026361429067,0.07643234210469285
0.2842213558587828,0.4929760665972945,0.07642746229389985
0.2842755035737492,0.4929760665972945,0.07642711478537323
0.2842755035737492,0.49332292750607004,0.07642026829254611
0.2843296512887156,0.49332292750607004,0.07641893563261615
0.2843296512887156,0.49358307318765177,0.07641336837214197
0.28438379900368205,0.49358307318765177,0.0764107125089486
0.28438379900368205,0.49375650364203955,0.07640966777828995
0.28443794671864847,0.49375650364203955,0.07640931110777727
0.28443794671864847,0.4940166493236212,0.07640754126509552
0.2845462421485813,0.4940166493236212,0.07640567836191403
0.2845462421485813,0.4941033645508151,0.07640530723244643
0.28460038986354774,0.4941033645508151,0.07640515475933318
0.28460038986354774,0.494190079778009,0.07640411631456079
0.28465453757851417,0.494190079778009,0.07640304537936426
0.28465453757851417,0.49427679500520294,0.07640263150793669
0.2847086852934806,0.49427679500520294,0.07640258761242258
0.2847086852934806,0.49436351023239683,0.07640140794480832
0.28492527615334634,0.49436351023239683,0.07639600148127079
0.28492527615334634,0.4944502254595907,0.07639542240549435
0.2850335715832792,0.4944502254595907,0.07639411616704717
0.2850335715832792,0.4947103711411724,0.07639074736532714
0.28519601472817846,0.4947103711411724,0.07638232986857152
0.28519601472817846,0.4947970863683663,0.0763814268991907
0.28552090101797706,0.4947970863683663,0.0763659337304472
0.28552090101797706,0.49497051682275406,0.07636525038338537
0.2855750487329435,0.49497051682275406,0.07636498041629713
0.2855750487329435,0.49505723204994795,0.07636330706429084
0.2856291964479099,0.49505723204994795,0.07636249416728291
0.2856291964479099,0.4952306625043358,0.07636048148587538
0.28568334416287633,0.4952306625043358,0.07636018276206125
0.28568334416287633,0.49540409295872356,0.07635943706264481
0.2858457873077756,0.49540409295872356,0.0763526089823392
0.2858457873077756,0.49557752341311134,0.07635125973145329
0.28595408273770845,0.49557752341311134,0.07634947197677633
0.28595408273770845,0.495837669094693,0.07634585293383389
0.28606237816764135,0.495837669094693,0.07634433539671992
0.28606237816764135,0.4959243843218869,0.07634388773263878
0.2861165258826078,0.4959243843218869,0.07634364960891182
0.2861165258826078,0.4960110995490808,0.07634360347822966
0.28633311674247347,0.4960110995490808,0.07633387934646518
0.28633311674247347,0.49609781477627474,0.07633372071226496
0.28649555988737274,0.49609781477627474,0.07633071269295177
0.28649555988737274,0.4962712452306625,0.07632997516130935
0.28654970760233917,0.4962712452306625,0.07632822927033844
0.28654970760233917,0.4965313909122442,0.07632452392004563
0.2866038553173056,0.4965313909122442,0.07632423862553783
0.2866038553173056,0.4966181061394381,0.07632377576080018
0.286658003032272,0.4966181061394381,0.07632293534038981
0.286658003032272,0.49679153659382586,0.07632283939292916
0.2867662984622049,0.49679153659382586,0.07632052515466214
0.2867662984622049,0.49713839750260147,0.07631392584313845
0.28709118475200346,0.49713839750260147,0.07631031948012978
0.28709118475200346,0.49722511272979536,0.0763091804298095
0.2871453324669699,0.49722511272979536,0.07630833396821424
0.2871453324669699,0.49731182795698925,0.07630707760883748
0.2871994801819363,0.49731182795698925,0.07630613994775803
0.2871994801819363,0.49748525841137703,0.07630312885386337
0.28725362789690273,0.49748525841137703,0.0763030299512919
0.28725362789690273,0.4977454040929587,0.07630119753239706
0.28730777561186915,0.4977454040929587,0.07629962392685208
0.28730777561186915,0.49783211932015264,0.07629938354794219
0.28736192332683563,0.49783211932015264,0.0762970319606362
0.28736192332683563,0.4980055497745404,0.07629606287709567
0.2874702187567685,0.4980055497745404,0.0762925838869628
0.2874702187567685,0.4982656954561221,0.07628808527126218
0.28790340047649987,0.4982656954561221,0.0762840049668192
0.28790340047649987,0.4984391259105099,0.07628370218922043
0.2880658436213992,0.4984391259105099,0.07628202018689922
0.2880658436213992,0.49852584113770376,0.07628188525646773
0.28822828676629847,0.49852584113770376,0.07627672033731514
0.28822828676629847,0.49861255636489765,0.07627507617841878
0.28839072991119774,0.49861255636489765,0.07627333284834248
0.28839072991119774,0.4986992715920916,0.07627274979489052
0.2884990253411306,0.4986992715920916,0.07627038002467423
0.2884990253411306,0.4987859868192855,0.07626918848576714
0.28860732077106344,0.4987859868192855,0.07626738919517351
0.28860732077106344,0.49904613250086716,0.07626654140963707
0.28876976391596276,0.49904613250086716,0.07626327635267738
0.28876976391596276,0.4993062781824488,0.07626186791069345
0.2888239116309292,0.4993062781824488,0.07626118705805807
0.2888239116309292,0.4993929934096427,0.07626080185649298
0.28931124106562706,0.4993929934096427,0.07624530672175722
0.28931124106562706,0.4994797086368366,0.07624456727198559
0.2894736842105263,0.4994797086368366,0.07624315211878496
0.2894736842105263,0.49956642386403055,0.07624184854014682
0.2896361273554256,0.49956642386403055,0.07623661082813404
0.2896361273554256,0.4998265695456122,0.07622998530286251
0.289690275070392,0.4998265695456122,0.07622921145173178
0.289690275070392,0.5,0.07622884491266291
0.2898527182152913,0.5,0.07622625046740539
0.2898527182152913,0.5001734304543878,0.07622169961861713
0.2899068659302577,0.5001734304543878,0.07622001048976879
0.2899068659302577,0.5002601456815817,0.07621908090853902
0.2900151613601906,0.5002601456815817,0.07621717432674147
0.2900151613601906,0.5004335761359695,0.0762164204837088
0.29006930907515704,0.5004335761359695,0.07621576622387805
0.29006930907515704,0.5005202913631633,0.07621425271661186
0.2902317522200563,0.5005202913631633,0.07621234215483996
0.2902317522200563,0.5006070065903573,0.07621195271184056
0.29028589993502274,0.5006070065903573,0.07621117491639229
0.29028589993502274,0.5007804370447451,0.07621082678937086
0.2903941953649556,0.5007804370447451,0.07621026727717828
0.2903941953649556,0.5009538674991328,0.07620498680246768
0.290448343079922,0.5009538674991328,0.0762026855880229
0.290448343079922,0.5010405827263268,0.07620219337890344
0.29050249079488843,0.5010405827263268,0.07620194201324226
0.29050249079488843,0.5011272979535206,0.07620120215409032
0.29082737708468703,0.5011272979535206,0.0761914731162947
0.29082737708468703,0.5012140131807146,0.0761912734032757
0.2909898202295863,0.5012140131807146,0.07619046335297663
0.2909898202295863,0.5013007284079084,0.0761902104544745
0.29109811565951915,0.5013007284079084,0.07618867507734528
0.29109811565951915,0.5013874436351023,0.076187860826056
0.2912605588044185,0.5013874436351023,0.07618490838961756
0.2912605588044185,0.5014741588622962,0.07618397984082703
0.2915312973792506,0.5014741588622962,0.07618083713280188
0.2915312973792506,0.5015608740894901,0.07618065749757963
0.291585445094217,0.5015608740894901,0.07618025229427272
0.291585445094217,0.501647589316684,0.07617941173055809
0.29169374052414987,0.501647589316684,0.07617584435047164
0.29169374052414987,0.5017343045438779,0.07617545107528212
0.2918020359540827,0.5017343045438779,0.07617272767548511
0.2918020359540827,0.5019077349982657,0.07617105176180083
0.29196447909898204,0.5019077349982657,0.07616720340206729
0.29196447909898204,0.5019944502254596,0.0761669632000892
0.29201862681394847,0.5019944502254596,0.07616581917557563
0.29201862681394847,0.5021678806798474,0.07616459782656237
0.29218106995884774,0.5021678806798474,0.07615878395952747
0.29218106995884774,0.5022545959070412,0.07615835680930028
0.2922893653887806,0.5022545959070412,0.07615652729277378
0.2922893653887806,0.5023413111342352,0.07615587122267553
0.29256010396361276,0.5023413111342352,0.07615222972446012
0.29256010396361276,0.502428026361429,0.07615139479835231
0.2926142516785792,0.502428026361429,0.07615051534177719
0.2926142516785792,0.502514741588623,0.07615006857737106
0.2928308425384449,0.502514741588623,0.07614688052429086
0.2928308425384449,0.5026014568158168,0.07614640291794172
0.2928849902534113,0.5026014568158168,0.0761450679409541
0.2928849902534113,0.5026881720430108,0.07614407137456825
0.2929391379683777,0.5026881720430108,0.07614259926627986
0.2929391379683777,0.5027748872702047,0.0761424221304201
0.2931557288282434,0.5027748872702047,0.07613735272694444
0.2931557288282434,0.5029483177245925,0.0761348816951406
0.2932640242581763,0.5029483177245925,0.0761315923741499
0.2932640242581763,0.5030350329517863,0.07613031125325365
0.29331817197314275,0.5030350329517863,0.07612745207625582
0.29331817197314275,0.5031217481789803,0.07612639638878038
0.293480615118042,0.5031217481789803,0.07612512541160354
0.293480615118042,0.503295178633368,0.07612327409272446
0.29358891054797487,0.503295178633368,0.07612207695259832
0.29358891054797487,0.5033818938605619,0.07612194294803265
0.2936430582629413,0.5033818938605619,0.07612150151740016
0.2936430582629413,0.5035553243149498,0.07611679141415117
0.2936972059779077,0.5035553243149498,0.07611556994181368
0.2936972059779077,0.5036420395421436,0.07611508229385167
0.29375135369287414,0.5036420395421436,0.07611070900400074
0.29375135369287414,0.5037287547693375,0.07611028279522403
0.2939679445527399,0.5037287547693375,0.07610474843364923
0.2939679445527399,0.5039021852237253,0.07609913095305343
0.29413038769763916,0.5039021852237253,0.0760957366995092
0.29413038769763916,0.5040756156781131,0.07609379454355181
0.2941845354126056,0.5040756156781131,0.07608752043570077
0.2941845354126056,0.5042490461325009,0.0760862181587254
0.294238683127572,0.5042490461325009,0.07608510060204554
0.294238683127572,0.5043357613596947,0.0760846260426451
0.29434697855750486,0.5043357613596947,0.07608346128075905
0.29434697855750486,0.5044224765868887,0.07608156545321432
0.29461771713233703,0.5044224765868887,0.07607881956350848
0.29461771713233703,0.5045959070412764,0.07607659143768997
0.29488845570716915,0.5045959070412764,0.07607121914591763
0.29488845570716915,0.5047693374956642,0.0760669932148077
0.29510504656703485,0.5047693374956642,0.07606075801949719
0.29510504656703485,0.5048560527228582,0.07606029434484451
0.2951591942820013,0.5048560527228582,0.07606007524449221
0.2951591942820013,0.504942767950052,0.07605988334992486
0.29521334199696775,0.504942767950052,0.0760590817323612
0.29521334199696775,0.5051161984044398,0.07605869853808334
0.2953216374269006,0.5051161984044398,0.07605613258804378
0.2953216374269006,0.5052896288588276,0.07605550040263287
0.29542993285683344,0.5052896288588276,0.07605477612649492
0.29542993285683344,0.5053763440860215,0.07605444229317393
0.2955382282867663,0.5053763440860215,0.07605324130402269
0.2955382282867663,0.5054630593132154,0.07605289129647419
0.2955923760017327,0.5054630593132154,0.0760528273891381
0.2955923760017327,0.5056364897676032,0.07605162897618234
0.295754819146632,0.5056364897676032,0.07604571137473948
0.295754819146632,0.5057232049947971,0.07604436361749323
0.29580896686159847,0.5057232049947971,0.07604365188025053
0.29580896686159847,0.505809920221991,0.0760436425681208
0.2958631145765649,0.505809920221991,0.07604348785813464
0.2958631145765649,0.5058966354491848,0.0760432529945203
0.2960797054364306,0.5058966354491848,0.07603835955493121
0.2960797054364306,0.5061567811307666,0.07603684147758005
0.29618800086636343,0.5061567811307666,0.07603526560895513
0.29618800086636343,0.5062434963579605,0.0760352382981846
0.2962962962962963,0.5062434963579605,0.07603215330444746
0.2962962962962963,0.5063302115851543,0.0760304137512402
0.29656703487112845,0.5063302115851543,0.07602851847926284
0.29656703487112845,0.5064169268123483,0.07602841109811087
0.2966211825860949,0.5064169268123483,0.07602602673434
0.2966211825860949,0.5065036420395421,0.07602599828788748
0.29678362573099415,0.5065036420395421,0.07601801484199755
0.29678362573099415,0.5065903572667361,0.0760162200067187
0.2968377734459606,0.5065903572667361,0.07601384498179775
0.2968377734459606,0.5067637877211238,0.07600824871158163
0.296891921160927,0.5067637877211238,0.07600560658555122
0.296891921160927,0.5070239334027055,0.07599901779280538
0.29705436430582627,0.5070239334027055,0.07599801007302243
0.29705436430582627,0.5071973638570934,0.07599397363941618
0.29716265973575917,0.5071973638570934,0.07599299781246183
0.29716265973575917,0.5072840790842872,0.07599288056558207
0.2974875460255577,0.5072840790842872,0.07598589373375342
0.2974875460255577,0.507457509538675,0.07598327326015886
0.29754169374052414,0.507457509538675,0.07598317609926886
0.29754169374052414,0.5078043704474505,0.0759815526305927
0.29759584145549056,0.5078043704474505,0.07598149472600135
0.29759584145549056,0.5079778009018384,0.07597831811754174
0.2977041368854234,0.5079778009018384,0.07597666558311222
0.2977041368854234,0.5081512313562262,0.07597285995656966
0.2978124323153563,0.5081512313562262,0.07597217561709702
0.2978124323153563,0.50823794658342,0.07597124515189169
0.29786658003032274,0.50823794658342,0.07596992328864904
0.29786658003032274,0.5084113770378078,0.0759683318788329
0.29792072774528916,0.5084113770378078,0.07596826565019632
0.29792072774528916,0.5085848074921956,0.0759661983253963
0.2982997617500541,0.5085848074921956,0.07595844629936366
0.2982997617500541,0.5086715227193895,0.07595843297902993
0.29835390946502055,0.5086715227193895,0.07595776925476794
0.29835390946502055,0.5087582379465834,0.07595646195334305
0.29840805717998703,0.5087582379465834,0.0759564156614978
0.29840805717998703,0.5090183836281651,0.07595314146996812
0.29846220489495345,0.5090183836281651,0.07595232680034014
0.29846220489495345,0.509105098855359,0.0759521164240311
0.2985163526099199,0.509105098855359,0.07595177827323041
0.2985163526099199,0.5091918140825529,0.07595027552948341
0.2985705003248863,0.5091918140825529,0.07594945656635921
0.2985705003248863,0.5093652445369407,0.07594660461873715
0.2987329434697856,0.5093652445369407,0.0759417993362328
0.2987329434697856,0.5095386749913284,0.07593986403063702
0.29889538661468484,0.5095386749913284,0.07593563388459335
0.29889538661468484,0.5097988206729102,0.07593481660346613
0.29905782975958417,0.5097988206729102,0.0759325936062567
0.29905782975958417,0.5098855359001041,0.07593256944427718
0.29927442061944987,0.5098855359001041,0.07593114740007634
0.29927442061944987,0.5099722511272979,0.0759304768122695
0.2993827160493827,0.5099722511272979,0.07592843845647645
0.2993827160493827,0.5100589663544919,0.07592466952217558
0.29949101147931556,0.5100589663544919,0.07592441660401694
0.29949101147931556,0.5101456815816857,0.07592439615066748
0.2995993069092484,0.5101456815816857,0.07592220175239972
0.2995993069092484,0.5102323968088797,0.075921249954221
0.29965345462421483,0.5102323968088797,0.07591957109058178
0.29965345462421483,0.5103191120360735,0.0759188992357418
0.29976175005414774,0.5103191120360735,0.07591790119935116
0.29976175005414774,0.5106659729448492,0.07591550195690355
0.29981589776911416,0.5106659729448492,0.07591379355790528
0.29981589776911416,0.5110128338536247,0.07590987175084818
0.29997834091401343,0.5110128338536247,0.0759081636660055
0.29997834091401343,0.5112729795352063,0.07590426623316571
0.3000866363439463,0.5112729795352063,0.07590350948886027
0.3000866363439463,0.5113596947624003,0.07590027455929804
0.3001407840589127,0.5113596947624003,0.07589992539410728
0.3001407840589127,0.5115331252167881,0.07589829899260181
0.3001949317738791,0.5115331252167881,0.07589739826092168
0.3001949317738791,0.511619840443982,0.07589667394861754
0.30024907948884555,0.511619840443982,0.07589588651909951
0.30024907948884555,0.5117065556711758,0.07589440577235096
0.3004656703487113,0.5117065556711758,0.07589183058593041
0.3004656703487113,0.5122268470343392,0.07588473515797278
0.3005198180636777,0.5122268470343392,0.07588045225886741
0.3005198180636777,0.5123135622615331,0.0758799734568174
0.300682261208577,0.5123135622615331,0.07587908441029323
0.300682261208577,0.5124869927159209,0.07587495905933328
0.3007364089235434,0.5124869927159209,0.07587494782161475
0.3007364089235434,0.5125737079431149,0.07587493383916355
0.30079055663850984,0.5125737079431149,0.07587441518871318
0.30079055663850984,0.5127471383975026,0.0758685982967755
0.30084470435347627,0.5127471383975026,0.07586835576721884
0.30084470435347627,0.5128338536246965,0.07586728338573545
0.3008988520684427,0.5128338536246965,0.07586560139552789
0.3008988520684427,0.5130072840790842,0.07586061330511629
0.3010071474983756,0.5130072840790842,0.07585780356613547
0.3010071474983756,0.513267429760666,0.07585258603695832
0.30111544292830844,0.513267429760666,0.0758512195029728
0.30111544292830844,0.5134408602150538,0.07584301387234405
0.3012237383582413,0.5134408602150538,0.07583910196382937
0.3012237383582413,0.5135275754422477,0.075835840979255
0.3012778860732077,0.5135275754422477,0.075832474308267
0.3012778860732077,0.5136142906694415,0.07583106790509553
0.30133203378817414,0.5136142906694415,0.07583028173426087
0.30133203378817414,0.5137877211238293,0.07582755276368514
0.30160277236300626,0.5137877211238293,0.07581647518527856
0.30160277236300626,0.5138744363510233,0.07581442277367523
0.3017652155079056,0.5138744363510233,0.07580969168128737
0.3017652155079056,0.5139611515782171,0.07580959239728502
0.301819363222872,0.5139611515782171,0.07580911011726021
0.301819363222872,0.514047866805411,0.07580882917219633
0.3020359540827377,0.514047866805411,0.07580156811232253
0.3020359540827377,0.514134582032605,0.07580010203704424
0.3022525449426034,0.514134582032605,0.07579631208856119
0.3022525449426034,0.5142212972597988,0.07579516427815602
0.3023066926575699,0.5142212972597988,0.07579450737496929
0.3023066926575699,0.5143080124869928,0.07579377383797126
0.30246913580246915,0.5143080124869928,0.07579098232854053
0.30246913580246915,0.5145681581685744,0.07578636883115619
0.30273987437730127,0.5145681581685744,0.07578326174595129
0.30273987437730127,0.5147415886229622,0.07577428400235453
0.3028481698072341,0.5147415886229622,0.07577289752957639
0.3028481698072341,0.5148283038501561,0.0757728509083957
0.30290231752220054,0.5148283038501561,0.07577249250247586
0.30290231752220054,0.5149150190773499,0.07577138854917775
0.30306476066709986,0.5149150190773499,0.0757707278852251
0.30306476066709986,0.5151751647589317,0.07576705528254113
0.3031189083820663,0.5151751647589317,0.07576700214118959
0.3031189083820663,0.5154353104405134,0.07576547663465338
0.30328135152696556,0.5154353104405134,0.07576402615312916
0.30328135152696556,0.5155220256677072,0.07576372190403946
0.3033896469568984,0.5155220256677072,0.07575875749303673
0.3033896469568984,0.5156087408949012,0.07575747354604045
0.3035520901017977,0.5156087408949012,0.07575449555942049
0.3035520901017977,0.515695456122095,0.07575389275678757
0.30360623781676416,0.515695456122095,0.07575367519953202
0.30360623781676416,0.5158688865764828,0.07575118074630005
0.3036603855317306,0.5158688865764828,0.07574842072086962
0.3036603855317306,0.5159556018036767,0.07574780776571877
0.303714533246697,0.5159556018036767,0.07574734002163486
0.303714533246697,0.5163024627124523,0.0757415407541926
0.3039311241065627,0.5163024627124523,0.07573917793049367
0.3039311241065627,0.5164758931668401,0.07573829693107603
0.3039852718215291,0.5164758931668401,0.07573827320328497
0.3039852718215291,0.516562608394034,0.07573787320284886
0.30409356725146197,0.516562608394034,0.07573519569080411
0.30409356725146197,0.5167360388484218,0.07573503307393104
0.3042560103963613,0.5167360388484218,0.07573205043914522
0.3042560103963613,0.5168227540756157,0.07573185886290656
0.3043101581113277,0.5168227540756157,0.07573146210327808
0.3043101581113277,0.5169094693028096,0.07573140057127348
0.30463504440112626,0.5169094693028096,0.07572519907419983
0.30463504440112626,0.5170828997571973,0.07572356236524147
0.3046891921160927,0.5170828997571973,0.0757234276878398
0.3046891921160927,0.5171696149843913,0.07572263039251359
0.30495993069092486,0.5171696149843913,0.07571685480160673
0.30495993069092486,0.5174297606659729,0.07571474611353213
0.3050682261208577,0.5174297606659729,0.07571371669791849
0.3050682261208577,0.5175164758931668,0.07571266640380614
0.30512237383582413,0.5175164758931668,0.07571082611856839
0.30512237383582413,0.5176899063475546,0.07570916967242924
0.305230669265757,0.5176899063475546,0.0757067709500463
0.305230669265757,0.5178633368019424,0.07570309747891435
0.3052848169807234,0.5178633368019424,0.07570285355537543
0.3052848169807234,0.5179500520291364,0.07570197829665726
0.30533896469568983,0.5179500520291364,0.075700473056872
0.30533896469568983,0.5181234824835241,0.07569596076947338
0.30539311241065625,0.5181234824835241,0.07569442075332433
0.30539311241065625,0.5182969129379119,0.0756912757312207
0.3054472601256227,0.5182969129379119,0.07569084327447939
0.3054472601256227,0.5183836281651057,0.0756903058384808
0.3055014078405891,0.5183836281651057,0.07568855581746425
0.3055014078405891,0.5184703433922997,0.07568611015048421
0.305609703270522,0.5184703433922997,0.07568361940860147
0.305609703270522,0.5185570586194936,0.07568089630378494
0.30571799870045485,0.5185570586194936,0.07567970294970983
0.30571799870045485,0.5187304890738814,0.07567741591420907
0.30598873727528697,0.5187304890738814,0.07567251285083865
0.30598873727528697,0.5188172043010753,0.07567218123051789
0.3060970327052198,0.5188172043010753,0.07566973709228053
0.3060970327052198,0.5189039195282692,0.07566692731229385
0.3066385098548841,0.5189039195282692,0.07565590477934347
0.3066385098548841,0.5192507804370448,0.07565268830537919
0.30669265756985054,0.5192507804370448,0.07565219096759379
0.30669265756985054,0.5194242108914325,0.07564822410480398
0.3068009529997834,0.5194242108914325,0.07564554653999567
0.3068009529997834,0.5195109261186265,0.07564348271625354
0.30707169157461556,0.5195109261186265,0.0756347543367919
0.30707169157461556,0.5195976413458203,0.07563286213775666
0.3071799870045484,0.5195976413458203,0.07562898578633814
0.3071799870045484,0.5196843565730143,0.07562782722769112
0.30723413471951483,0.5196843565730143,0.07562718660191292
0.30723413471951483,0.5197710718002081,0.07562668637000836
0.3074507255793805,0.5197710718002081,0.07562373454021376
0.3074507255793805,0.519857787027402,0.07562320542436929
0.307504873294347,0.519857787027402,0.07562268061180277
0.307504873294347,0.5199445022545959,0.07562246261621675
0.3075590210093134,0.5199445022545959,0.07561906518401962
0.3075590210093134,0.5200312174817898,0.07561812166553405
0.3079380550140784,0.5200312174817898,0.0756084879739165
0.3079380550140784,0.5201179327089837,0.07560432197508127
0.3079922027290448,0.5201179327089837,0.0756039126103294
0.3079922027290448,0.5202046479361776,0.07560377233726512
0.30810049815897766,0.5202046479361776,0.07559965171159244
0.30810049815897766,0.5203780783905654,0.07559545591614669
0.308262941303877,0.5203780783905654,0.07559154339248586
0.308262941303877,0.5204647936177593,0.0755906053316786
0.30842538444877626,0.5204647936177593,0.07558638633290804
0.30842538444877626,0.5206382240721471,0.07558513235992126
0.3084795321637427,0.5206382240721471,0.07558322959680708
0.3084795321637427,0.5208983697537287,0.07558131532705903
0.3088044184535413,0.5208983697537287,0.07557511432618047
0.3088044184535413,0.5210718002081165,0.0755699144568438
0.309021009313407,0.5210718002081165,0.07556540389748845
0.309021009313407,0.5212452306625044,0.07556403024275005
0.30918345245830625,0.5212452306625044,0.07556102743457616
0.30918345245830625,0.5213319458896982,0.07556075623777847
0.3093458956032055,0.5213319458896982,0.0755569179989315
0.3093458956032055,0.5214186611168922,0.07555455750634854
0.30940004331817195,0.5214186611168922,0.07555398371983801
0.30940004331817195,0.521505376344086,0.07555301159140293
0.3095624864630713,0.521505376344086,0.07555021225118508
0.3095624864630713,0.52159209157128,0.0755468702027311
0.3096707818930041,0.52159209157128,0.07554537587246979
0.3096707818930041,0.5217655220256677,0.07554498057939418
0.30972492960797054,0.5217655220256677,0.07554495962889707
0.30972492960797054,0.5221123829344433,0.07554136690629276
0.30977907732293697,0.5221123829344433,0.07554079719678675
0.30977907732293697,0.5222858133888311,0.0755357260739471
0.3098873727528698,0.5222858133888311,0.07553357266663108
0.3098873727528698,0.522372528616025,0.07552979343900978
0.3100498158977691,0.522372528616025,0.07552052763043049
0.3100498158977691,0.5224592438432188,0.07551978040875107
0.31026640675763484,0.5224592438432188,0.07551544524031817
0.31026640675763484,0.5226326742976066,0.07551334941137244
0.3103747021875677,0.5226326742976066,0.07551214314379884
0.3103747021875677,0.5227193895248006,0.07551120871891559
0.3104288499025341,0.5227193895248006,0.07550846631608188
0.3104288499025341,0.5228061047519944,0.07550733958517175
0.3107537361923327,0.5228061047519944,0.07549755625241605
0.3107537361923327,0.5228928199791884,0.07549743244068696
0.31080788390729913,0.5228928199791884,0.0754963818922798
0.31080788390729913,0.5229795352063823,0.0754961225067492
0.310916179337232,0.5229795352063823,0.07549420431576026
0.310916179337232,0.5230662504335761,0.07549314918092187
0.3109703270521984,0.5230662504335761,0.07549276360830848
0.3109703270521984,0.5232396808879639,0.07549053593922062
0.31107862248213125,0.5232396808879639,0.07548666594196662
0.31107862248213125,0.5233263961151579,0.07548575764263399
0.3114576564868963,0.5233263961151579,0.07547948913319491
0.3114576564868963,0.5236732570239334,0.07547725944311057
0.3115118042018627,0.5236732570239334,0.07547606497783566
0.3115118042018627,0.5237599722511272,0.07547486248507118
0.3117283950617284,0.5237599722511272,0.07546822956250843
0.3117283950617284,0.5239334027055151,0.07546315224646194
0.31183669049166124,0.5239334027055151,0.07546048311193032
0.31183669049166124,0.524020117932709,0.07545845988582034
0.3121074290664934,0.524020117932709,0.07545258737936456
0.3121074290664934,0.5241068331599029,0.07545155664728287
0.3122698722113927,0.5241068331599029,0.07544582886709872
0.3122698722113927,0.5241935483870968,0.07544211267819811
0.3123240199263591,0.5241935483870968,0.07544163358168365
0.3123240199263591,0.5243669788414845,0.07543984453227237
0.3130820879358891,0.5243669788414845,0.07542267498939137
0.3130820879358891,0.5245404092958723,0.0754224009673039
0.3132986787957548,0.5245404092958723,0.07541721063352513
0.3132986787957548,0.5246271245230663,0.0754170172219093
0.31335282651072127,0.5246271245230663,0.07541670636041076
0.31335282651072127,0.5247138397502601,0.07541503983710629
0.31351526965562054,0.5247138397502601,0.0754130803736035
0.31351526965562054,0.5250607006590358,0.07541095507681539
0.3136777128005198,0.5250607006590358,0.07540386999783011
0.3136777128005198,0.5251474158862296,0.07540283537971759
0.31373186051548624,0.5251474158862296,0.07540267056978034
0.31373186051548624,0.5254075615678113,0.07539666741188733
0.3138401559454191,0.5254075615678113,0.07539546252873319
0.3138401559454191,0.5255809920221991,0.0753933993784579
0.3138943036603855,0.5255809920221991,0.07539057334862687
0.3138943036603855,0.5257544224765869,0.0753877292002052
0.3140025990903184,0.5257544224765869,0.07538458763078126
0.3140025990903184,0.5260145681581686,0.07537862284346586
0.31405674680528484,0.5260145681581686,0.07537840355991565
0.31405674680528484,0.5261012833853624,0.0753777948604184
0.31411089452025126,0.5261012833853624,0.07537555177941968
0.31411089452025126,0.5261879986125564,0.07537432167812641
0.31432748538011696,0.5261879986125564,0.07536484169407531
0.31432748538011696,0.526448144294138,0.07535873883661504
0.3143816330950834,0.526448144294138,0.07535848086242991
0.3143816330950834,0.5265348595213319,0.07535774196395728
0.31454407623998265,0.5265348595213319,0.07535504128142301
0.31454407623998265,0.5267082899757197,0.07535239668963656
0.3147606670998484,0.5267082899757197,0.07535126685497273
0.3147606670998484,0.5268817204301075,0.07535043592272062
0.3148148148148148,0.5268817204301075,0.0753501291451586
0.3148148148148148,0.5270551508844953,0.07534756566048317
0.3149231102447477,0.5270551508844953,0.07534513845844337
0.3149231102447477,0.5272285813388831,0.07534430835692763
0.3149772579597141,0.5272285813388831,0.07534233848419647
0.3149772579597141,0.527315296566077,0.07534180600410911
0.31513970110461337,0.527315296566077,0.07533764683923705
0.31513970110461337,0.5274887270204648,0.0753336914122944
0.3152479965345462,0.5274887270204648,0.07533141756285788
0.3152479965345462,0.5275754422476587,0.07533100325039688
0.31568117825427766,0.5275754422476587,0.07532370638230002
0.31568117825427766,0.5277488727020465,0.07532346527664435
0.31595191682910984,0.5277488727020465,0.07531380475512295
0.31595191682910984,0.5278355879292403,0.07531034646926638
0.3160602122590427,0.5278355879292403,0.07530563655031064
0.3160602122590427,0.5280957336108221,0.07530069937976203
0.3162768031189084,0.5280957336108221,0.07529711090767743
0.3162768031189084,0.5284425945195976,0.0752935110791999
0.3163309508338748,0.5284425945195976,0.07529338016677345
0.3163309508338748,0.5286160249739854,0.07529211976213723
0.3163850985488412,0.5286160249739854,0.07529120994716365
0.3163850985488412,0.528962885882761,0.07528518428952458
0.3164933939787741,0.528962885882761,0.07528405846240616
0.3164933939787741,0.5291363163371487,0.07528359433733578
0.3165475416937405,0.5291363163371487,0.07528285783034083
0.3165475416937405,0.5292230315643427,0.07528116692717246
0.31676413255360625,0.5292230315643427,0.07527633128650657
0.31676413255360625,0.5293097467915366,0.07527596983834761
0.31681828026857267,0.5293097467915366,0.07527522915876572
0.31681828026857267,0.5293964620187305,0.07527166340528813
0.31698072341347194,0.5293964620187305,0.07526665604271066
0.31698072341347194,0.5296566077003122,0.0752600097856373
0.31703487112843837,0.5296566077003122,0.07525986630780168
0.31703487112843837,0.529743322927506,0.0752589654336131
0.3170890188434048,0.529743322927506,0.0752550368070124
0.3170890188434048,0.5298300381547,0.07525335365762142
0.31719731427333764,0.5298300381547,0.07525275345720672
0.31719731427333764,0.5299167533818938,0.07524856278167813
0.3176304959930691,0.5299167533818938,0.0752338119799687
0.3176304959930691,0.5300034686090878,0.07523123910722229
0.31773879142300193,0.5300034686090878,0.07523051126191316
0.31773879142300193,0.5302636142906695,0.07522702138577264
0.3178470868529348,0.5302636142906695,0.0752264780344094
0.3178470868529348,0.5305237599722511,0.07521983335685944
0.31790123456790126,0.5305237599722511,0.07521662534019091
0.31790123456790126,0.5307839056538328,0.0752137312668244
0.3180095299978341,0.5307839056538328,0.07520808954992142
0.3180095299978341,0.5308706208810267,0.0752076249626199
0.3182261208576998,0.5308706208810267,0.07520544675901797
0.3182261208576998,0.5309573361082206,0.07520537046650588
0.31871345029239767,0.5309573361082206,0.07519664465293463
0.31871345029239767,0.5310440513354145,0.07519450821497298
0.3188217457223305,0.5310440513354145,0.07519264885062005
0.3188217457223305,0.5311307665626084,0.07519229730378019
0.3189841888672298,0.5311307665626084,0.0751894096274035
0.3189841888672298,0.5312174817898023,0.07518904440252672
0.3193632228719948,0.5312174817898023,0.07517789250513607
0.3193632228719948,0.5313909122441901,0.0751753739128469
0.31947151830192766,0.5313909122441901,0.07517248274927124
0.31947151830192766,0.5315643426985779,0.07517188595888791
0.3195256660168941,0.5315643426985779,0.07517183009596384
0.3195256660168941,0.5316510579257717,0.07516976432700528
0.3195798137318605,0.5316510579257717,0.07516787560930704
0.3195798137318605,0.5317377731529657,0.07516674251241207
0.31963396144682693,0.5317377731529657,0.07516621988494299
0.31963396144682693,0.5319112036073534,0.07516437420910904
0.31968810916179335,0.5319112036073534,0.07516390209747859
0.31968810916179335,0.5320846340617412,0.07516336561073578
0.3197964045917262,0.5320846340617412,0.07516275170870013
0.3197964045917262,0.5321713492889352,0.07516185251985474
0.3199047000216591,0.5321713492889352,0.07515883420177483
0.3199047000216591,0.532258064516129,0.07515801463767335
0.32001299545159195,0.532258064516129,0.07515549877024674
0.32001299545159195,0.532344779743323,0.0751551245082005
0.3200671431665584,0.532344779743323,0.07515248807830632
0.3200671431665584,0.5324314949705168,0.07515059500305199
0.3203378817413905,0.5324314949705168,0.07514166534069511
0.3203378817413905,0.5325182101977107,0.07514134026396913
0.3203920294563569,0.5325182101977107,0.07513897785039503
0.3203920294563569,0.5326049254249046,0.07513805018624709
0.32060862031622267,0.5326049254249046,0.07512877703733212
0.32060862031622267,0.5326916406520985,0.07512825232776765
0.32077106346112194,0.5326916406520985,0.0751233977930501
0.32077106346112194,0.5328650711064863,0.07512148802062946
0.32104180203595406,0.5328650711064863,0.07510904026580056
0.32104180203595406,0.5329517863336802,0.07510842349280256
0.3210959497509205,0.5329517863336802,0.0751073898354977
0.3210959497509205,0.5330385015608741,0.07510681235391758
0.3216915746155512,0.5330385015608741,0.07510174164221062
0.3216915746155512,0.533125216788068,0.07510019784758826
0.3217457223305176,0.533125216788068,0.07510017830628479
0.3217457223305176,0.5332119320152618,0.07510010359930419
0.3219623131903834,0.5332119320152618,0.07509347380327491
0.3219623131903834,0.5332986472424558,0.07509176163576825
0.3220164609053498,0.5332986472424558,0.07509085160557927
0.3220164609053498,0.5333853624696496,0.07508896441211399
0.3220706086203162,0.5333853624696496,0.07508695488957562
0.3220706086203162,0.5336455081512314,0.07507642239623458
0.32212475633528265,0.5336455081512314,0.07507598049565578
0.32212475633528265,0.5338189386056191,0.07507549438369243
0.32239549491011477,0.5338189386056191,0.07507223849610489
0.32239549491011477,0.5339056538328131,0.07507079979522424
0.32250379034004767,0.5339056538328131,0.07507044823831688
0.32250379034004767,0.5339923690600069,0.07507019814318583
0.32266623348494694,0.5339923690600069,0.07506808672041831
0.32266623348494694,0.5340790842872009,0.07506782498864029
0.3227745289148798,0.5340790842872009,0.07506715072956371
0.3227745289148798,0.5341657995143947,0.07506532259822829
0.3228286766298462,0.5341657995143947,0.07506530011735424
0.3228286766298462,0.5342525147415886,0.07506504675453995
0.32293697205977906,0.5342525147415886,0.07506317321554401
0.32293697205977906,0.5343392299687825,0.07506047081720535
0.3235325969244098,0.5343392299687825,0.07505178900542231
0.3235325969244098,0.5344259451959764,0.07505032147281443
0.3235867446393762,0.5344259451959764,0.07504859393163588
0.3235867446393762,0.5345993756503642,0.07504311229088523
0.32369504006930905,0.5345993756503642,0.07504236578611856
0.32369504006930905,0.5351196670135275,0.07503507787149433
0.32380333549924195,0.5351196670135275,0.07503491908911508
0.32380333549924195,0.5352063822407215,0.07503470100364784
0.3238574832142084,0.5352063822407215,0.07503463911321795
0.3238574832142084,0.5353798126951093,0.07503291253842903
0.3239657786441412,0.5353798126951093,0.07503207146832569
0.3239657786441412,0.535553243149497,0.07502670615100171
0.32407407407407407,0.535553243149497,0.07502601287837596
0.32407407407407407,0.5357266736038848,0.0750239029762858
0.3241282217890405,0.5357266736038848,0.07502338348367843
0.3241282217890405,0.5359868192854665,0.07502015839358478
0.3244531080788391,0.5359868192854665,0.07501114917472651
0.3244531080788391,0.5360735345126604,0.07501085613927505
0.3245072557938055,0.5360735345126604,0.07501005728170407
0.3245072557938055,0.5361602497398543,0.07500928486763203
0.32461555122373836,0.5361602497398543,0.07500740968725839
0.32461555122373836,0.5362469649670483,0.07500434500507991
0.3246696989387048,0.5362469649670483,0.07500390420799796
0.3246696989387048,0.5363336801942421,0.0750032018448652
0.3247238466536712,0.5363336801942421,0.07500241388224471
0.3247238466536712,0.536420395421436,0.07500222265896261
0.3248862897985705,0.536420395421436,0.07499605318228775
0.3248862897985705,0.5365071106486299,0.0749954889413007
0.32499458522850333,0.5365071106486299,0.07499323206765385
0.32499458522850333,0.5366805411030177,0.07499153163512307
0.32510288065843623,0.5366805411030177,0.07498767986992294
0.32510288065843623,0.5368539715574054,0.07498670579308642
0.3252111760883691,0.5368539715574054,0.0749863745467032
0.3252111760883691,0.5369406867845994,0.07498632160948149
0.32569850552306695,0.5369406867845994,0.07497450854751508
0.32569850552306695,0.5371141172389872,0.07496913540230588
0.3258068009529998,0.5371141172389872,0.07496707504300626
0.3258068009529998,0.537287547693375,0.07496599714438235
0.3258609486679662,0.537287547693375,0.0749631130426347
0.3258609486679662,0.5373742629205689,0.07496206664423744
0.32618583495776476,0.5373742629205689,0.07495498585261484
0.32618583495776476,0.5375476933749567,0.07495435136594097
0.3262941303876976,0.5375476933749567,0.07495344898313427
0.3262941303876976,0.5376344086021505,0.0749527340251872
0.3264024258176305,0.5376344086021505,0.07495130883985568
0.3264024258176305,0.5377211238293444,0.07495109457429705
0.32645657353259694,0.5377211238293444,0.07495067318358895
0.32645657353259694,0.5378945542837322,0.07494990195251883
0.3266190166774962,0.5378945542837322,0.07494498551028106
0.3266190166774962,0.5379812695109261,0.07494370563512232
0.32699805068226123,0.5379812695109261,0.07493354543601605
0.32699805068226123,0.53806798473812,0.07493242963257618
0.32705219839722766,0.53806798473812,0.07493070066444929
0.32705219839722766,0.538154699965314,0.07493032094031116
0.3273229369720598,0.538154699965314,0.07491594477854058
0.3273229369720598,0.5382414151925078,0.07491571949106945
0.32753952783192547,0.5382414151925078,0.07491537112855684
0.32753952783192547,0.5383281304197017,0.07491377029422619
0.3275936755468919,0.5383281304197017,0.07491360083797982
0.3275936755468919,0.5386749913284773,0.07490791693104715
0.3279185618366905,0.5386749913284773,0.0748936690524502
0.3279185618366905,0.5388484217828651,0.07489172037166636
0.3281351526965562,0.5388484217828651,0.07488971376764919
0.3281351526965562,0.538935137010059,0.07488938275272505
0.3284600389863548,0.538935137010059,0.07488507725465476
0.3284600389863548,0.5390218522372529,0.0748848555709396
0.3287307775611869,0.5390218522372529,0.07487825935030767
0.3287307775611869,0.5392819979188346,0.0748666676763643
0.32878492527615333,0.5392819979188346,0.07486632614846589
0.32878492527615333,0.5393687131460284,0.07486412607089754
0.3290015161360191,0.5393687131460284,0.0748604443059695
0.3290015161360191,0.5394554283732224,0.07485837638236181
0.3290556638509855,0.5394554283732224,0.07485409297229495
0.3290556638509855,0.5395421436004162,0.07485247613745472
0.3291098115659519,0.5395421436004162,0.07485138672555869
0.3291098115659519,0.5396288588276101,0.07484916814131903
0.32916395928091835,0.5396288588276101,0.07484818633010559
0.32916395928091835,0.539715574054804,0.07484720501190689
0.3293264024258176,0.539715574054804,0.07484415925541343
0.3293264024258176,0.5398022892819979,0.07484379906976191
0.3294888455707169,0.5398022892819979,0.0748424729868502
0.3294888455707169,0.5398890045091919,0.07484240312389567
0.3296512887156162,0.5398890045091919,0.07484027886840461
0.3296512887156162,0.5399757197363857,0.07483937438672772
0.32970543643058264,0.5399757197363857,0.07483927709527904
0.32970543643058264,0.5402358654179674,0.07483808634797362
0.32992202729044834,0.5402358654179674,0.07483303012346831
0.32992202729044834,0.5404092958723552,0.07483217103586193
0.3300844704353476,0.5404092958723552,0.07482940437407204
0.3300844704353476,0.540496011099549,0.07482622303594866
0.33024691358024694,0.540496011099549,0.0748245258185487
0.33024691358024694,0.540582726326743,0.07482365569901228
0.33030106129521336,0.540582726326743,0.07482279382096757
0.33030106129521336,0.5406694415539369,0.07482275489432433
0.33046350444011263,0.5406694415539369,0.07481915289976127
0.33046350444011263,0.5407561567811308,0.07481358957341055
0.3306259475850119,0.5407561567811308,0.07480897459563418
0.3306259475850119,0.5408428720083247,0.07480801563777062
0.3307883907299112,0.5408428720083247,0.07480537872678727
0.3307883907299112,0.5409295872355185,0.07480504781430475
0.3308425384448776,0.5409295872355185,0.07480456806743785
0.3308425384448776,0.5412764481442941,0.07479718037052985
0.33105912930474335,0.5412764481442941,0.0747903212047567
0.33105912930474335,0.5414498785986819,0.07478883733066088
0.3311132770197098,0.5414498785986819,0.07478865507546595
0.3311132770197098,0.5417967395074575,0.07478639033000922
0.33127572016460904,0.5417967395074575,0.07478439530224246
0.33127572016460904,0.5419701699618453,0.07478353578601848
0.33160060645440764,0.5419701699618453,0.0747791680736194
0.33160060645440764,0.5420568851890392,0.07477720294985146
0.33187134502923976,0.5420568851890392,0.07476997596385782
0.33187134502923976,0.5423170308706209,0.07476553614836856
0.33203378817413903,0.5423170308706209,0.07476375252806577
0.33203378817413903,0.5424904613250087,0.07475873712983039
0.3327377084687026,0.5424904613250087,0.07474568967808581
0.3327377084687026,0.5425771765522026,0.07474556215568207
0.3328460038986355,0.5425771765522026,0.07474534657438081
0.3328460038986355,0.5426638917793964,0.07474529083037362
0.3329001516136019,0.5426638917793964,0.0747447454594754
0.3329001516136019,0.5427506070065904,0.07474156374676322
0.33300844704353477,0.5427506070065904,0.07473541688284913
0.33300844704353477,0.5429240374609782,0.07473455973790566
0.3331167424734676,0.5429240374609782,0.07473377424957284
0.3331167424734676,0.543010752688172,0.07473326772040934
0.33349577647823264,0.543010752688172,0.07472655539554363
0.33349577647823264,0.543097467915366,0.07472588693253313
0.3336040719081655,0.543097467915366,0.07472419977944744
0.3336040719081655,0.5431841831425598,0.07472375528053643
0.33376651505306476,0.5431841831425598,0.07472128849299153
0.33376651505306476,0.5432708983697537,0.07472081171124278
0.3338206627680312,0.5432708983697537,0.074719572926915
0.3338206627680312,0.5433576135969477,0.074718521917567
0.3338748104829976,0.5433576135969477,0.07471727833014019
0.3338748104829976,0.5434443288241415,0.07471721951850263
0.33398310591293046,0.5434443288241415,0.07471645015467354
0.33398310591293046,0.5437044745057232,0.07471350125185161
0.3340372536278969,0.5437044745057232,0.07470953554218296
0.3340372536278969,0.543877904960111,0.07470471220764963
0.3341996967727962,0.543877904960111,0.07470335174073761
0.3341996967727962,0.5439646201873048,0.07470274844004465
0.33425384448776263,0.5439646201873048,0.07470271621714453
0.33425384448776263,0.5440513354144988,0.07469653400250498
0.3343621399176955,0.5440513354144988,0.07469574266772994
0.3343621399176955,0.5443981963232744,0.07468833286608323
0.3344704353476283,0.5443981963232744,0.07468577820804878
0.3344704353476283,0.5444849115504683,0.07468529083981634
0.33452458306259475,0.5444849115504683,0.07468528655053497
0.33452458306259475,0.5445716267776621,0.07468421081565779
0.3345787307775612,0.5445716267776621,0.07468287667721052
0.3345787307775612,0.5448317724592439,0.07467674268770175
0.3346328784925276,0.5448317724592439,0.074674969613854
0.3346328784925276,0.5449184876864377,0.07467327037563187
0.334687026207494,0.5449184876864377,0.07467284474455238
0.334687026207494,0.5450052029136316,0.0746723422440525
0.3347953216374269,0.5450052029136316,0.07466896965882963
0.3347953216374269,0.5450919181408256,0.07466512731930441
0.33490361706735977,0.5450919181408256,0.07466345456617307
0.33490361706735977,0.5451786333680194,0.07465947907996195
0.3350119124972926,0.5451786333680194,0.0746584853485559
0.3350119124972926,0.5452653485952134,0.07465783869252207
0.33512020792722547,0.5452653485952134,0.07465646810327131
0.33512020792722547,0.5458723551855705,0.07464990019800388
0.33528265107212474,0.5458723551855705,0.07464457068613672
0.33528265107212474,0.5459590704127645,0.07464197238622972
0.33533679878709116,0.5459590704127645,0.07464089731346246
0.33533679878709116,0.5460457856399584,0.07463881794475458
0.33539094650205764,0.5460457856399584,0.0746383266120132
0.33539094650205764,0.54630593132154,0.07463314441787205
0.3355533896469569,0.54630593132154,0.07463105964820094
0.3355533896469569,0.546392646548734,0.07463098886422381
0.33566168507688976,0.546392646548734,0.07462861968721302
0.33566168507688976,0.5464793617759278,0.07462826313547866
0.3357699805068226,0.5464793617759278,0.0746267998756962
0.3357699805068226,0.5465660770031218,0.0746248926440205
0.33582412822178903,0.5465660770031218,0.07462485515379669
0.33582412822178903,0.5467395074575095,0.07462434113757666
0.33587827593675545,0.5467395074575095,0.07462391502567356
0.33587827593675545,0.5469129379118973,0.07462136279656417
0.3359324236517219,0.5469129379118973,0.07462073785507561
0.3359324236517219,0.5469996531390913,0.07462002072562046
0.33620316222655405,0.5469996531390913,0.07461547109502709
0.33620316222655405,0.5472597988206729,0.0746114266890634
0.3362573099415205,0.5472597988206729,0.07460992448406922
0.3362573099415205,0.5473465140478668,0.07460983893983708
0.3363656053714533,0.5473465140478668,0.07460850207796654
0.3363656053714533,0.5476066597294484,0.0746057797573838
0.33647390080138617,0.5476066597294484,0.07460396711136652
0.33647390080138617,0.5477800901838363,0.07460147337157763
0.3368529348061512,0.5477800901838363,0.07459384895962651
0.3368529348061512,0.5479535206382241,0.07459149331293125
0.33696123023608404,0.5479535206382241,0.07458791741737181
0.33696123023608404,0.548040235865418,0.07458755402075146
0.33701537795105047,0.548040235865418,0.07458364668715678
0.33701537795105047,0.5481269510926119,0.07458284631790502
0.3371236733809833,0.5481269510926119,0.07457913782681191
0.3371236733809833,0.5482136663198057,0.07457910310905791
0.3372861165258826,0.5482136663198057,0.07457611630581451
0.3372861165258826,0.5484738120013875,0.07457521184793636
0.33750270738574834,0.5484738120013875,0.07456984898847496
0.33750270738574834,0.5485605272285813,0.07456890523435056
0.3378275936755469,0.5485605272285813,0.07456139105556403
0.3378275936755469,0.5486472424557752,0.07456040209961223
0.3378817413905133,0.5486472424557752,0.07455888521201492
0.3378817413905133,0.5487339576829692,0.07455766314778733
0.3379358891054797,0.5487339576829692,0.07455766231162175
0.3379358891054797,0.548907388137357,0.07455560309323217
0.3379900368204462,0.548907388137357,0.07455394500921764
0.3379900368204462,0.5490808185917447,0.07455262394668272
0.33809833225037905,0.5490808185917447,0.0745509296987843
0.33809833225037905,0.5491675338189386,0.07455087040900876
0.3382607753952783,0.5491675338189386,0.07454423482636052
0.3382607753952783,0.549687825182102,0.0745353039039367
0.33831492311024475,0.549687825182102,0.07453514869155597
0.33831492311024475,0.5497745404092959,0.07453279827373338
0.33836907082521117,0.5497745404092959,0.07452908022661875
0.33836907082521117,0.5498612556364898,0.07452593312237155
0.3384232185401776,0.5498612556364898,0.07452474840038348
0.3384232185401776,0.5499479708636836,0.07452454734223557
0.338477366255144,0.5499479708636836,0.07452395946282375
0.338477366255144,0.5502948317724592,0.07451834482915909
0.33853151397011044,0.5502948317724592,0.07451569997652818
0.33853151397011044,0.5504682622268471,0.07451025253326637
0.33869395711500977,0.5504682622268471,0.074507933879286
0.33869395711500977,0.5506416926812349,0.07450427356400202
0.3389646956898419,0.5506416926812349,0.07450063897077652
0.3389646956898419,0.5509018383628165,0.07449776531350105
0.33907299111977474,0.5509018383628165,0.07449621277362861
0.33907299111977474,0.5509885535900104,0.0744961464531333
0.33939787740957333,0.5509885535900104,0.07449291438209449
0.33939787740957333,0.5510752688172043,0.07448672334062167
0.3395603205544726,0.5510752688172043,0.07448333650868633
0.3395603205544726,0.5515088449531738,0.07447615950632058
0.33961446826943903,0.5515088449531738,0.0744757560011966
0.33961446826943903,0.5515955601803677,0.07447542583799671
0.3397227636993719,0.5515955601803677,0.07447241050476472
0.3397227636993719,0.5517689906347555,0.07447097474286779
0.3398310591293047,0.5517689906347555,0.07447019445991176
0.3398310591293047,0.5518557058619493,0.07446959026880662
0.33988520684427115,0.5518557058619493,0.07446676413887654
0.33988520684427115,0.5520291363163371,0.07446026537285833
0.34026424084903617,0.5520291363163371,0.07445618236145113
0.34026424084903617,0.552115851543531,0.07445597282270566
0.3403183885640026,0.552115851543531,0.07445510411807477
0.3403183885640026,0.552202566770725,0.07445281102031598
0.3405349794238683,0.552202566770725,0.07445017534646925
0.3405349794238683,0.5522892819979188,0.07445004406952571
0.3406432748538012,0.5522892819979188,0.07444783631957419
0.3406432748538012,0.5523759972251128,0.07444559156757191
0.3408598657136669,0.5523759972251128,0.07444114058220053
0.3408598657136669,0.5524627124523066,0.07444098459449378
0.3409140134286333,0.5524627124523066,0.07444091613206472
0.3409140134286333,0.5525494276795005,0.07443895672306788
0.3410764565735326,0.5525494276795005,0.07443254170214031
0.3410764565735326,0.5526361429066944,0.074430699502962
0.3412388997184319,0.5526361429066944,0.07442792682827215
0.3412388997184319,0.5528095733610822,0.07442499074171494
0.34129304743339833,0.5528095733610822,0.07442464745526167
0.34129304743339833,0.5528962885882761,0.07442353206431407
0.34134719514836476,0.5528962885882761,0.0744199374530281
0.34134719514836476,0.5529830038154699,0.07441857480525327
0.3414013428633312,0.5529830038154699,0.07441787788081289
0.3414013428633312,0.5532431494970517,0.07441499884306069
0.3414554905782976,0.5532431494970517,0.0744148020048947
0.3414554905782976,0.5533298647242456,0.07441358262142383
0.34156378600823045,0.5533298647242456,0.07441051449418734
0.34156378600823045,0.5534165799514394,0.07440953480475887
0.3416720814381633,0.5534165799514394,0.07440465349323833
0.3416720814381633,0.5535900104058272,0.0744038947043224
0.34178037686809615,0.5535900104058272,0.07440259421527617
0.34178037686809615,0.5536767256330212,0.07440232580542516
0.34188867229802905,0.5536767256330212,0.07440160563690967
0.34188867229802905,0.553763440860215,0.0744015598666834
0.3420511154429283,0.553763440860215,0.07439853260634943
0.3420511154429283,0.5544571626777662,0.07439105540423441
0.34215941087286117,0.5544571626777662,0.07438974510271557
0.34215941087286117,0.5547173083593478,0.07438788616190406
0.3422135585878276,0.5547173083593478,0.07438777836798982
0.3422135585878276,0.5548040235865418,0.07438439994426616
0.3425925925925926,0.5548040235865418,0.07437505102172404
0.3425925925925926,0.5549774540409296,0.07437371783721125
0.34264674030755904,0.5549774540409296,0.07437352160091892
0.34264674030755904,0.5550641692681235,0.0743735137005046
0.34270088802252546,0.5550641692681235,0.07437166184095156
0.34270088802252546,0.5552375997225113,0.074370356755189
0.3429716265973576,0.5552375997225113,0.07436293220453383
0.3429716265973576,0.5554977454040929,0.07435128512913258
0.343025774312324,0.5554977454040929,0.07435090410062162
0.343025774312324,0.5557578910856746,0.07434827117468945
0.3432965128871562,0.5557578910856746,0.0743412501693903
0.3432965128871562,0.5558446063128686,0.07434086020601893
0.3435672514619883,0.5558446063128686,0.07433395179520819
0.3435672514619883,0.5559313215400624,0.07433126986196825
0.3441087286116526,0.5559313215400624,0.07432499571648576
0.3441087286116526,0.5560180367672564,0.0743246221841487
0.3443794671864847,0.5560180367672564,0.07432075795396909
0.3443794671864847,0.5563648976760319,0.07431751761440042
0.3444877626164176,0.5563648976760319,0.07431361812230941
0.3444877626164176,0.5564516129032258,0.07431230807053302
0.34481264890621616,0.5564516129032258,0.074304820423849
0.34481264890621616,0.5565383281304197,0.07430448104978482
0.34513753519601476,0.5565383281304197,0.07429936486459687
0.34513753519601476,0.5566250433576136,0.07429843601231889
0.3452458306259476,0.5566250433576136,0.07429649715708964
0.3452458306259476,0.5569719042663892,0.0742903160796824
0.345299978340914,0.5569719042663892,0.07428984055590226
0.345299978340914,0.557058619493583,0.07428968869424302
0.34562486463071257,0.557058619493583,0.07428381618191882
0.34562486463071257,0.557145334720777,0.07428350795200922
0.34594975092051117,0.557145334720777,0.07427830353609144
0.34594975092051117,0.5572320499479708,0.07427672916185002
0.34611219406541044,0.5572320499479708,0.07426635622671451
0.34611219406541044,0.5573187651751648,0.07426622027401741
0.34616634178037686,0.5573187651751648,0.07426492114938865
0.34616634178037686,0.5575789108567465,0.0742589427261453
0.3465995235001083,0.5575789108567465,0.07425093193968269
0.3465995235001083,0.5576656260839403,0.07424923546581241
0.3467619666450076,0.5576656260839403,0.07424751689263642
0.3467619666450076,0.5580124869927159,0.07424352785373989
0.3468702620749404,0.5580124869927159,0.07424302623219048
0.3468702620749404,0.5580992022199098,0.07424210870185033
0.3469785575048733,0.5580992022199098,0.07424058942961453
0.3469785575048733,0.5582726326742976,0.07423575072635069
0.3470327052198397,0.5582726326742976,0.07423425806781081
0.3470327052198397,0.5584460631286854,0.0742285552831845
0.3470868529348062,0.5584460631286854,0.07422819818414039
0.3470868529348062,0.5585327783558793,0.07422441539867264
0.3471410006497726,0.5585327783558793,0.0742243752567886
0.3471410006497726,0.5587062088102671,0.07422361796694354
0.34724929607970545,0.5587062088102671,0.07421954355607041
0.34724929607970545,0.5589663544918487,0.07421729080354833
0.3473034437946719,0.5589663544918487,0.074215309593197
0.3473034437946719,0.5591397849462365,0.07421436968373696
0.34746588693957114,0.5591397849462365,0.07421256461309222
0.34746588693957114,0.5594866458550122,0.07421115927847333
0.34752003465453757,0.5594866458550122,0.07421111293303895
0.34752003465453757,0.559573361082206,0.07421098920614333
0.34806151180420186,0.559573361082206,0.0741891963742134
0.34806151180420186,0.5596600763094,0.07418783648416793
0.3481698072341347,0.5596600763094,0.07418238078375583
0.3481698072341347,0.5599202219909816,0.07417684554172732
0.34822395494910113,0.5599202219909816,0.07417676895214842
0.34822395494910113,0.5600936524453695,0.07417570400668216
0.348332250379034,0.5600936524453695,0.07417441642558087
0.348332250379034,0.5602670828997572,0.07416448933043851
0.34860298895386616,0.5602670828997572,0.07415239718039546
0.34860298895386616,0.560440513354145,0.07414664434435059
0.3487654320987654,0.560440513354145,0.0741408451377712
0.3487654320987654,0.5607006590357266,0.07413794812088859
0.34881957981373185,0.5607006590357266,0.07413364107906939
0.34881957981373185,0.5608740894901144,0.07413221516451252
0.3488737275286983,0.5608740894901144,0.07412824875341273
0.3488737275286983,0.5610475199445023,0.0741275815909026
0.3489278752436647,0.5610475199445023,0.07412692874012738
0.3489278752436647,0.5611342351716961,0.07412618889361466
0.3489820229586311,0.5611342351716961,0.0741259896648312
0.3489820229586311,0.5613076656260839,0.07412081751913835
0.34914446610353045,0.5613076656260839,0.07411609461387147
0.34914446610353045,0.5613943808532779,0.07411608131629643
0.3493069092484297,0.5613943808532779,0.07411471932438296
0.3493069092484297,0.5615678113076656,0.07411390635175708
0.34941520467836257,0.5615678113076656,0.07411283846624506
0.34941520467836257,0.5616545265348595,0.07411251234628269
0.349469352393329,0.5616545265348595,0.0741117954645425
0.349469352393329,0.5617412417620534,0.07411113270027214
0.34957764782326184,0.5617412417620534,0.07410861227676313
0.34957764782326184,0.5618279569892473,0.07410767662034012
0.3497942386831276,0.5618279569892473,0.07410093621722535
0.3497942386831276,0.5621748178980229,0.07409559235286034
0.34990253411306044,0.5621748178980229,0.07409457074925907
0.34990253411306044,0.5622615331252168,0.07409354925426959
0.34995668182802686,0.5622615331252168,0.0740934000359521
0.34995668182802686,0.5623482483524107,0.0740914511442754
0.3500108295429933,0.5623482483524107,0.0740913647631305
0.3500108295429933,0.5631286853971558,0.07408307199915853
0.3500649772579597,0.5631286853971558,0.074081183715909
0.3500649772579597,0.5632154006243496,0.07407980825311378
0.35011912497292613,0.5632154006243496,0.07407944845815995
0.35011912497292613,0.5634755463059313,0.07407665532370356
0.3503357158327919,0.5634755463059313,0.0740718924332342
0.3503357158327919,0.563735691987513,0.07406899882541285
0.35049815897769115,0.563735691987513,0.0740634183029385
0.35049815897769115,0.5638224072147069,0.07406292845907325
0.350606454407624,0.5638224072147069,0.0740615748174224
0.350606454407624,0.5639091224419008,0.074060533544694
0.3507688975525233,0.5639091224419008,0.0740559899728388
0.3507688975525233,0.5639958376690947,0.0740511433655382
0.3508771929824561,0.5639958376690947,0.07404729181261804
0.3508771929824561,0.5642559833506764,0.07404669983774492
0.350985488412389,0.5642559833506764,0.0740460525133293
0.350985488412389,0.564602844259452,0.07404338837286573
0.35103963612735545,0.564602844259452,0.0740431460557669
0.35103963612735545,0.5646895594866459,0.07404088728784908
0.3511479315572883,0.5646895594866459,0.07403590641499624
0.3511479315572883,0.5648629899410337,0.07403314233102609
0.35131037470218757,0.5648629899410337,0.07402389035797974
0.35131037470218757,0.5651231356226153,0.07402257905821252
0.35152696556205326,0.5651231356226153,0.07402085992031315
0.35152696556205326,0.565383281304197,0.07401335316436186
0.35152696556205326,0.5655567117585848,0.07401322910138308
0.35152696556205326,0.5656434269857787,0.07401301508033775
0.35163526099198616,0.5656434269857787,0.07401190214484976
0.35163526099198616,0.5662504335761359,0.07400335421386073
0.3516894087069526,0.5662504335761359,0.0740030997571639
0.3516894087069526,0.5663371488033299,0.07400166408477737
0.35179770413688544,0.5663371488033299,0.07399908057002436
0.35179770413688544,0.5664238640305238,0.07399468479259674
0.3519059995668183,0.5664238640305238,0.07399319963871598
0.3519059995668183,0.5665105792577176,0.07399262691725395
0.35201429499675113,0.5665105792577176,0.07399237236639511
0.35201429499675113,0.5665972944849116,0.07399020078613106
0.352122590426684,0.5665972944849116,0.0739872591711237
0.352122590426684,0.5666840097121054,0.0739868863488986
0.3521767381416504,0.5666840097121054,0.07398561054503672
0.3521767381416504,0.5667707249392994,0.07398553959350496
0.35233918128654973,0.5667707249392994,0.07397985132805296
0.35233918128654973,0.5668574401664932,0.07397818145154322
0.35239332900151615,0.5668574401664932,0.07397804020318577
0.35239332900151615,0.5669441553936871,0.07397802275987209
0.3524474767164826,0.5669441553936871,0.07397758273859201
0.3524474767164826,0.567030870620881,0.07397663583161385
0.35260991986138185,0.567030870620881,0.07397436579360894
0.35260991986138185,0.5671175858480749,0.07397278338675095
0.3526640675763483,0.5671175858480749,0.07397042466164461
0.3526640675763483,0.5672043010752689,0.07396933313794452
0.3527182152913147,0.5672043010752689,0.07396921699020864
0.3527182152913147,0.5672910163024627,0.07396898448512568
0.3527723630062811,0.5672910163024627,0.0739678509277808
0.3527723630062811,0.5673777315296566,0.07396603347273789
0.35288065843621397,0.5673777315296566,0.07396550555204451
0.35288065843621397,0.5674644467568505,0.07396265403240876
0.3530972492960797,0.5674644467568505,0.07395773609468037
0.3530972492960797,0.5675511619840444,0.07395656688109709
0.35315139701104614,0.5675511619840444,0.07395314766083572
0.35315139701104614,0.5677245924384322,0.07395191851656935
0.353259692440979,0.5677245924384322,0.07394854736220036
0.353259692440979,0.56789802289282,0.07394578114829109
0.3534762833008447,0.56789802289282,0.07394209276760688
0.3534762833008447,0.5681581685744017,0.07393747693453623
0.35374702187567686,0.5681581685744017,0.07392195117117795
0.35374702187567686,0.5685050294831773,0.0739176596437856
0.3538011695906433,0.5685050294831773,0.07391695981169244
0.3538011695906433,0.5685917447103711,0.07391628552932805
0.3538553173056097,0.5685917447103711,0.0739139914052711
0.3538553173056097,0.568678459937565,0.07391322617260787
0.35390946502057613,0.568678459937565,0.0739131136376927
0.35390946502057613,0.5689386056191468,0.07390915833166334
0.35396361273554255,0.5689386056191468,0.0739083570125505
0.35396361273554255,0.5690253208463406,0.07390731501414538
0.3540719081654754,0.5690253208463406,0.07390319879137586
0.3540719081654754,0.5691120360735346,0.07389856342695689
0.3543426467403076,0.5691120360735346,0.07389177016101445
0.3543426467403076,0.5693721817551162,0.07388963579628749
0.354396794455274,0.5693721817551162,0.0738875506793435
0.354396794455274,0.5694588969823101,0.07388627079020393
0.35455923760017327,0.5694588969823101,0.07388147723361405
0.35455923760017327,0.569545612209504,0.0738814231175915
0.35472168074507254,0.569545612209504,0.07387939958670708
0.35472168074507254,0.5698924731182796,0.07387522336466001
0.35477582846003897,0.5698924731182796,0.07387335184838828
0.35477582846003897,0.5699791883454735,0.0738728534150388
0.3549382716049383,0.5699791883454735,0.0738678784561182
0.3549382716049383,0.5701526187998612,0.07386565159084002
0.3549924193199047,0.5701526187998612,0.07386458912093952
0.3549924193199047,0.570412764481443,0.07386258002481694
0.35504656703487114,0.570412764481443,0.07386121646868804
0.35504656703487114,0.5706729101630247,0.07385705377325258
0.35510071474983756,0.5706729101630247,0.07385603027179943
0.35510071474983756,0.5707596253902185,0.07385392720804851
0.35526315789473684,0.5707596253902185,0.07384919315670824
0.35526315789473684,0.5708463406174125,0.07384886786528533
0.35531730560970326,0.5708463406174125,0.07384835548887114
0.35531730560970326,0.5710197710718002,0.07384587519415176
0.3553714533246697,0.5710197710718002,0.07384547047557688
0.3553714533246697,0.571193201526188,0.07384382923656263
0.35547974875460253,0.571193201526188,0.0738411344191292
0.35547974875460253,0.5712799167533819,0.07383993481766038
0.355533896469569,0.5712799167533819,0.07383925184350693
0.355533896469569,0.5713666319805758,0.07383914081365428
0.3556963396144683,0.5713666319805758,0.07383777419723803
0.3556963396144683,0.5714533472077696,0.07383612055323852
0.355912930474334,0.5714533472077696,0.07382910023602429
0.355912930474334,0.5715400624349636,0.07382881609152459
0.3563461121940654,0.5715400624349636,0.07382369163202407
0.3563461121940654,0.5717134928893514,0.07382293432659015
0.35640025990903185,0.5717134928893514,0.07382160913312541
0.35640025990903185,0.5718002081165453,0.07382071594034723
0.35645440762399827,0.5718002081165453,0.07381986100145244
0.35645440762399827,0.5718869233437391,0.07381930254263436
0.35667099848386397,0.5718869233437391,0.07381520554820797
0.35667099848386397,0.5721470690253209,0.07381059827958891
0.3568334416287633,0.5721470690253209,0.07380822155946332
0.3568334416287633,0.5723204994797086,0.07380552496482995
0.3568875893437297,0.5723204994797086,0.07380540179352033
0.3568875893437297,0.5724939299340964,0.0738024724142623
0.35694173705869614,0.5724939299340964,0.07380128653266116
0.35694173705869614,0.5725806451612904,0.07379961407551838
0.35699588477366256,0.5725806451612904,0.07379915154477579
0.35699588477366256,0.5726673603884842,0.07379903506284591
0.35715832791856184,0.5726673603884842,0.07379619758141298
0.35715832791856184,0.5727540756156781,0.07379415693268165
0.35721247563352826,0.5727540756156781,0.07379390641633443
0.35721247563352826,0.572840790842872,0.0737930265326947
0.35742906649339395,0.572840790842872,0.073791182079056
0.35742906649339395,0.5729275060700659,0.07378933023056566
0.35748321420836043,0.5729275060700659,0.07378787513123264
0.35748321420836043,0.5730142212972598,0.07378253997687367
0.35775395278319255,0.5730142212972598,0.07377306847493936
0.35775395278319255,0.5731876517516475,0.0737707649948034
0.3578622482131254,0.5731876517516475,0.07376848655045909
0.3578622482131254,0.5732743669788415,0.07376822952972928
0.35797054364305825,0.5732743669788415,0.07376617453165357
0.35797054364305825,0.5733610822060354,0.0737649238002076
0.358187134502924,0.5733610822060354,0.07376149924314057
0.358187134502924,0.573621227887617,0.07375873302579583
0.3586744639376218,0.573621227887617,0.0737472118514082
0.3586744639376218,0.5737946583420048,0.07374430151139522
0.35889105479748756,0.5737946583420048,0.07374183966081604
0.35889105479748756,0.5738813735691988,0.07374086270992541
0.358945202512454,0.5738813735691988,0.0737406152012825
0.358945202512454,0.5739680887963926,0.07374039752046047
0.3589993502274204,0.5739680887963926,0.07373917600720614
0.3589993502274204,0.5741415192507804,0.07373786275163252
0.35905349794238683,0.5741415192507804,0.07373702793635051
0.35905349794238683,0.5743149497051683,0.07373536618530707
0.35910764565735326,0.5743149497051683,0.07373493687277444
0.35910764565735326,0.5744016649323621,0.07373268166042779
0.3591617933723197,0.5744016649323621,0.07373266105901055
0.3591617933723197,0.5744883801595561,0.07373173074237105
0.35927008880225253,0.5744883801595561,0.07373149479106544
0.35927008880225253,0.5746618106139438,0.07372935898387523
0.3593783842321854,0.5746618106139438,0.07372580837801368
0.3593783842321854,0.5748352410683316,0.07372244104308479
0.35943253194715186,0.5748352410683316,0.07372188685676773
0.35943253194715186,0.5750953867499133,0.07371691993643603
0.35964912280701755,0.5750953867499133,0.07371529854533199
0.35964912280701755,0.5752688172043011,0.07371425164259837
0.3597574182369504,0.5752688172043011,0.07370955340664209
0.3597574182369504,0.5755289628858827,0.07370773208156467
0.3599740090968161,0.5755289628858827,0.07370296596544779
0.3599740090968161,0.5757023933402705,0.07370118082748833
0.36024474767164827,0.5757023933402705,0.07369588394742466
0.36024474767164827,0.5758758237946583,0.07369534631828834
0.3602988953866147,0.5758758237946583,0.07369508762497023
0.3602988953866147,0.576222684703434,0.0736925643646793
0.3605154862464804,0.576222684703434,0.07368524160888401
0.3605154862464804,0.5763093999306278,0.07368328478810504
0.36073207710634614,0.5763093999306278,0.07367710945611661
0.36073207710634614,0.5763961151578217,0.07367020216996956
0.3608945202512454,0.5763961151578217,0.07366875445316354
0.3608945202512454,0.5764828303850156,0.07366856183219883
0.3612735542560104,0.5764828303850156,0.0736572357120382
0.3612735542560104,0.5766562608394034,0.07365352343209186
0.3613277019709768,0.5766562608394034,0.07365187496436265
0.3613277019709768,0.5767429760665973,0.07365136954726981
0.361598440545809,0.5767429760665973,0.07364786399661338
0.361598440545809,0.5768296912937911,0.07364634073481757
0.36176088369070825,0.5768296912937911,0.07364461887184781
0.36176088369070825,0.5771765522025668,0.07364055760156529
0.36208576998050684,0.5771765522025668,0.07363525290672679
0.36208576998050684,0.5772632674297606,0.07363452526851089
0.3621940654104397,0.5772632674297606,0.07363323336352412
0.3621940654104397,0.5774366978841484,0.07363000937944664
0.36235650855533896,0.5774366978841484,0.07362484767503052
0.36235650855533896,0.5775234131113424,0.07362388412431597
0.3624106562703054,0.5775234131113424,0.07362327044113992
0.3624106562703054,0.5776101283385362,0.0736227884638041
0.3626272471301711,0.5776101283385362,0.07362082296562189
0.3626272471301711,0.5776968435657301,0.07362039491253092
0.36268139484513756,0.5776968435657301,0.07361874472525631
0.36268139484513756,0.5780437044745057,0.07361311201948828
0.362735542560104,0.5780437044745057,0.07361271718544371
0.362735542560104,0.5783038501560874,0.07361230886851877
0.36289798570500326,0.5783038501560874,0.07361150633008329
0.36289798570500326,0.5784772806104752,0.07361112044860363
0.3629521334199697,0.5784772806104752,0.0736109492686825
0.3629521334199697,0.578563995837669,0.07360815547798061
0.3631687242798354,0.578563995837669,0.0736038558895229
0.3631687242798354,0.5787374262920569,0.07360367592862382
0.3633311674247347,0.5787374262920569,0.07359777828551062
0.3633311674247347,0.5789108567464447,0.0735930509127185
0.3633853151397011,0.5789108567464447,0.07359193279566512
0.3633853151397011,0.5789975719736385,0.07359156820946389
0.3636019059995668,0.5789975719736385,0.07358823988538177
0.3636019059995668,0.5790842872008325,0.07358557119245424
0.36365605371453325,0.5790842872008325,0.07358536617205158
0.36365605371453325,0.5791710024280263,0.07358524003072708
0.36371020142949967,0.5791710024280263,0.0735846656331327
0.36371020142949967,0.5792577176552203,0.07358437106967508
0.3637643491444661,0.5792577176552203,0.07358435094474225
0.3637643491444661,0.579517863336802,0.07358416434849158
0.36387264457439894,0.579517863336802,0.07358384476966395
0.36387264457439894,0.5796045785639958,0.07358376118458199
0.36392679228936536,0.5796045785639958,0.07358294082277905
0.36392679228936536,0.5798647242455776,0.07358208864429816
0.36403508771929827,0.5798647242455776,0.07358122875385975
0.36403508771929827,0.5799514394727714,0.07357661294904205
0.3645765648689625,0.5799514394727714,0.07356516656675094
0.3645765648689625,0.5802115851543531,0.07356005965172563
0.3649014511587611,0.5802115851543531,0.0735527742090929
0.3649014511587611,0.580298300381547,0.0735526710736194
0.3651180420186268,0.580298300381547,0.0735468451175798
0.3651180420186268,0.5803850156087409,0.07354311671310887
0.3652804851635261,0.5803850156087409,0.07353951258421554
0.3652804851635261,0.5804717308359348,0.07353626404942881
0.365388780593459,0.5804717308359348,0.07353312013344615
0.365388780593459,0.5808185917447104,0.07352554094830621
0.3654429283084254,0.5808185917447104,0.07352299526709438
0.3654429283084254,0.5809053069719042,0.07352144955402928
0.36560537145332467,0.5809053069719042,0.07351899055210476
0.36560537145332467,0.5809920221990982,0.0735186591672381
0.36582196231319036,0.5809920221990982,0.07351545971081275
0.36582196231319036,0.5812521678806798,0.07351440253409813
0.36630929174788823,0.5812521678806798,0.07350237099767698
0.36630929174788823,0.5813388831078737,0.07350053862301942
0.3664717348927875,0.5813388831078737,0.07349406106128997
0.3664717348927875,0.5815990287894555,0.07348565726318679
0.36663417803768683,0.5815990287894555,0.07348359848792274
0.36663417803768683,0.5816857440166493,0.07348274360822038
0.36728395061728397,0.5816857440166493,0.07347128857783636
0.36728395061728397,0.5817724592438432,0.07347115506800961
0.3673380983322504,0.5817724592438432,0.07346182902343323
0.3673380983322504,0.5818591744710371,0.07346003267013423
0.3673922460472168,0.5818591744710371,0.0734570945312214
0.3673922460472168,0.5822927506070066,0.07345115567558325
0.36750054147714967,0.5822927506070066,0.07344646142017242
0.36750054147714967,0.5823794658342005,0.07344501029245332
0.3676088369070825,0.5823794658342005,0.07344132395570058
0.3676088369070825,0.5824661810613944,0.07344043393004074
0.36766298462204894,0.5824661810613944,0.0734392975907634
0.36766298462204894,0.5826396115157821,0.07343489235481293
0.36771713233701536,0.5826396115157821,0.07343468969591793
0.36771713233701536,0.5827263267429761,0.07343435717604518
0.3678254277669482,0.5827263267429761,0.07343246570141049
0.3678254277669482,0.5828130419701699,0.07343017786659822
0.3678795754819147,0.5828130419701699,0.07342987074964102
0.3678795754819147,0.5830731876517516,0.07342690668075402
0.36804201862681396,0.5830731876517516,0.07342219814843154
0.36804201862681396,0.5831599028789456,0.07342117513101964
0.3681503140567468,0.5831599028789456,0.07342051797516147
0.3681503140567468,0.5832466181061394,0.07341856107536548
0.36847520034654535,0.5832466181061394,0.07340866933310242
0.36847520034654535,0.5833333333333334,0.07340741286114283
0.36852934806151183,0.5833333333333334,0.07340216220712992
0.36852934806151183,0.5834200485605272,0.07340055488856323
0.3686917912064111,0.5834200485605272,0.07339933584659875
0.3686917912064111,0.5835067637877211,0.07339875099017434
0.3687459389213775,0.5835067637877211,0.07339750849249316
0.3687459389213775,0.5836801942421089,0.07339567731914443
0.36901667749620964,0.5836801942421089,0.0733904458216108
0.36901667749620964,0.5839403399236907,0.07338920404887395
0.3692332683560754,0.5839403399236907,0.073386346607073
0.3692332683560754,0.5840270551508845,0.07338601732892824
0.3692874160710418,0.5840270551508845,0.07338513322243201
0.3692874160710418,0.5841137703780784,0.07338356538635549
0.3694498592159411,0.5841137703780784,0.07338224432664697
0.3694498592159411,0.58437391605966,0.07337969349130713
0.3695040069309075,0.58437391605966,0.07337895158986663
0.3695040069309075,0.5846340617412418,0.07337805972448552
0.3696664500758068,0.5846340617412418,0.07337652350540624
0.3696664500758068,0.5847207769684356,0.0733743799010198
0.36977474550573963,0.5847207769684356,0.07337053241733704
0.36977474550573963,0.5848942074228235,0.07337019726207172
0.3698288932207061,0.5848942074228235,0.0733685651129008
0.3698288932207061,0.5849809226500173,0.07336837042929134
0.36988304093567254,0.5849809226500173,0.07336504426951951
0.36988304093567254,0.5850676378772113,0.07336374049870686
0.3699913363656054,0.5850676378772113,0.07336186699873659
0.3699913363656054,0.5851543531044051,0.0733614443287478
0.3700454840805718,0.5851543531044051,0.07335903055478288
0.3700454840805718,0.5854144987859868,0.0733574755605273
0.37037037037037035,0.5854144987859868,0.07334932307908626
0.37037037037037035,0.5855012140131807,0.07334883298790928
0.37074940437513537,0.5855012140131807,0.07334230858263502
0.37074940437513537,0.5855879292403746,0.07334025032304448
0.3713991769547325,0.5855879292403746,0.07332437578525508
0.3713991769547325,0.5857613596947624,0.07332041876340356
0.3715616200996318,0.5857613596947624,0.07331736489059804
0.3715616200996318,0.5858480749219563,0.07331679805858426
0.3716157678145982,0.5858480749219563,0.07331559285203504
0.3716157678145982,0.5859347901491502,0.07331494339749955
0.37183235867446396,0.5859347901491502,0.07330872925566623
0.37183235867446396,0.586108220603538,0.07330729538985503
0.37204894953432965,0.586108220603538,0.07330140321145873
0.37204894953432965,0.5861949358307319,0.07329916444836981
0.3723196881091618,0.5861949358307319,0.07329171219752895
0.3723196881091618,0.5866285119667014,0.07328715006328768
0.3723738358241282,0.5866285119667014,0.07328699638564862
0.3723738358241282,0.5867152271938952,0.07328572140642176
0.3725362789690275,0.5867152271938952,0.07328095267988378
0.3725362789690275,0.586975372875477,0.07327629674267233
0.37264457439896037,0.586975372875477,0.07327481821993698
0.37264457439896037,0.5870620881026708,0.07327479225239064
0.3727528698288932,0.5870620881026708,0.07327279285323351
0.3727528698288932,0.5872355185570586,0.07327235764591045
0.37286116525882607,0.5872355185570586,0.07326942047897411
0.37286116525882607,0.5873222337842525,0.07326792427849038
0.3729153129737925,0.5873222337842525,0.07326703007675395
0.3729153129737925,0.5875823794658342,0.07326409280435664
0.37302360840372534,0.5875823794658342,0.07326299888114951
0.37302360840372534,0.5876690946930281,0.07326291494263448
0.3730777561186918,0.5876690946930281,0.07326193624416377
0.3730777561186918,0.587755809920222,0.07326164650296874
0.37318605154862466,0.587755809920222,0.07325968587752496
0.37318605154862466,0.5878425251474159,0.07325946196941202
0.3732943469785575,0.5878425251474159,0.07325900719178802
0.3732943469785575,0.5879292403746098,0.07325869125147033
0.37334849469352394,0.5879292403746098,0.07325848745061303
0.37334849469352394,0.5880159556018036,0.07325817887385622
0.37340264240849036,0.5880159556018036,0.07325528677299209
0.37340264240849036,0.5881026708289976,0.07325516900388562
0.3735109378384232,0.5881026708289976,0.07325367663266724
0.3735109378384232,0.5883628165105793,0.07325145400110777
0.37356508555338963,0.5883628165105793,0.0732510830079045
0.37356508555338963,0.5884495317377731,0.07325104372518543
0.3736733809833225,0.5884495317377731,0.0732478399524481
0.3736733809833225,0.5885362469649671,0.0732474899404909
0.37372752869828896,0.5885362469649671,0.07324423341492725
0.37372752869828896,0.5886229621921609,0.07324374605943373
0.3741065627030539,0.5886229621921609,0.07323394549855156
0.3741065627030539,0.5888831078737427,0.07322944073690141
0.37416071041802035,0.5888831078737427,0.07322674418641473
0.37416071041802035,0.5889698231009365,0.07322669246467672
0.37421485813298677,0.5889698231009365,0.07322664814616298
0.37421485813298677,0.5890565383281304,0.07322613577846804
0.3743773012778861,0.5890565383281304,0.07322118989190152
0.3743773012778861,0.5891432535553243,0.07322075085940805
0.3744314489928525,0.5891432535553243,0.07321724378053895
0.3744314489928525,0.5892299687825182,0.07321423088202073
0.37453974442278537,0.5892299687825182,0.07321034062731102
0.37453974442278537,0.5893166840097122,0.07320925716772941
0.3746480398527182,0.5893166840097122,0.07320790473625638
0.3746480398527182,0.589403399236906,0.07320754504288307
0.37497292614251676,0.589403399236906,0.07319725347543882
0.37497292614251676,0.5894901144640999,0.07319691132628625
0.37502707385748324,0.5894901144640999,0.073193903589305
0.37502707385748324,0.5895768296912938,0.07319281968380209
0.37508122157244966,0.5895768296912938,0.07319153115649368
0.37508122157244966,0.5896635449184877,0.07319026818198071
0.3751895170023825,0.5896635449184877,0.07318530858154104
0.3751895170023825,0.5898369753728755,0.07318144233033408
0.37546025557721463,0.5898369753728755,0.07317354816970467
0.37546025557721463,0.5899236906000693,0.07317269939950655
0.3755685510071475,0.5899236906000693,0.07317154821061567
0.3757309941520468,0.5899236906000693,0.07317044069138268
0.3757309941520468,0.5900104058272633,0.0731702158604679
0.37578514186701323,0.5900104058272633,0.07316832091714831
0.37578514186701323,0.5900971210544571,0.07316738476951001
0.3758934372969461,0.5900971210544571,0.07316631726525813
0.3758934372969461,0.590183836281651,0.07316534918848983
0.3759475850119125,0.590183836281651,0.07316329761098106
0.3759475850119125,0.5903572667360388,0.07316030488636938
0.3760017327268789,0.5903572667360388,0.07316013947383193
0.3760017327268789,0.5906174124176206,0.07315295477092665
0.3762183235867446,0.5906174124176206,0.07314855936088738
0.3762183235867446,0.5907041276448144,0.07314757067477062
0.37643491444661037,0.5907041276448144,0.07314469901755971
0.37643491444661037,0.5907908428720083,0.07314260128472139
0.3765432098765432,0.5907908428720083,0.07313652889437194
0.3765432098765432,0.5909642733263961,0.07313499480212515
0.3769222438813082,0.5909642733263961,0.07312914671368387
0.3769222438813082,0.5910509885535901,0.07312819271297921
0.37697639159627466,0.5910509885535901,0.07312537910009875
0.37697639159627466,0.5911377037807839,0.07312216553319595
0.37713883474117393,0.5911377037807839,0.07311661469624364
0.37713883474117393,0.5912244190079778,0.07311626902248136
0.37719298245614036,0.5912244190079778,0.07311364995328984
0.37719298245614036,0.5913111342351717,0.07311268070287613
0.3774637210309725,0.5913111342351717,0.07310707639160086
0.3774637210309725,0.5915712799167534,0.07310475163379992
0.3776261641758718,0.5915712799167534,0.07309899320499746
0.3776261641758718,0.5916579951439472,0.07309649592660561
0.3776803118908382,0.5916579951439472,0.07309643110086661
0.3776803118908382,0.5917447103711412,0.07309594948402331
0.3777886073207711,0.5917447103711412,0.07309434150053051
0.3777886073207711,0.5920048560527229,0.07308430424649615
0.3778969027507039,0.5920048560527229,0.07308247548183333
0.3778969027507039,0.5920915712799167,0.07308197998280996
0.37800519818063677,0.5920915712799167,0.07308091868156574
0.37800519818063677,0.5921782865071107,0.07308034475771441
0.37816764132553604,0.5921782865071107,0.0730799971959808
0.37816764132553604,0.5923517169614985,0.07307756202444105
0.37822178904050247,0.5923517169614985,0.0730775048118848
0.37822178904050247,0.5924384321886923,0.07307720079344948
0.37854667533030106,0.5924384321886923,0.07307209568769957
0.37854667533030106,0.5925251474158862,0.07307201279702746
0.3786549707602339,0.5925251474158862,0.0730707836719433
0.3786549707602339,0.5926118626430801,0.0730697966630216
0.37876326619016676,0.5926118626430801,0.07306590585006156
0.37876326619016676,0.592698577870274,0.07306479504902019
0.3789257093350661,0.592698577870274,0.07305974658098702
0.3789257093350661,0.592785293097468,0.07305746475865393
0.37903400476499893,0.592785293097468,0.07305506703648934
0.37903400476499893,0.5928720083246618,0.07305411962326502
0.37925059562486463,0.5928720083246618,0.07305165658208268
0.37925059562486463,0.5930454387790496,0.07304144741445673
0.37930474333983105,0.5930454387790496,0.07304118266989446
0.37930474333983105,0.5931321540062435,0.07303854333477333
0.3793588910547975,0.5931321540062435,0.07303702058309369
0.3793588910547975,0.5933055844606313,0.0730358037639176
0.3794130387697639,0.5933055844606313,0.07303143868703588
0.3794130387697639,0.5933922996878251,0.07303050945942058
0.3794671864847303,0.5933922996878251,0.07302666610097419
0.3794671864847303,0.5934790149150191,0.07302652325927017
0.37952133419969675,0.5934790149150191,0.0730247635699961
0.37952133419969675,0.5936524453694069,0.07302452820063476
0.3800086636343946,0.5936524453694069,0.07301241113884704
0.3800086636343946,0.5937391605966008,0.07301125775410955
0.38006281134936104,0.5937391605966008,0.07301116043347777
0.38006281134936104,0.5938258758237946,0.07301071011642746
0.3802794022092268,0.5938258758237946,0.07300193127376131
0.3802794022092268,0.5939125910509886,0.07300191901603448
0.3803335499241932,0.5939125910509886,0.07299954839358702
0.3803335499241932,0.5939993062781824,0.07299618031309918
0.38044184535412606,0.5939993062781824,0.07299054337323407
0.38044184535412606,0.5940860215053764,0.07298694924412263
0.3804959930690925,0.5940860215053764,0.0729839472946392
0.3804959930690925,0.5941727367325702,0.07298154297810555
0.3805501407840589,0.5941727367325702,0.07298066207547071
0.3805501407840589,0.5944328824141519,0.07297539375841833
0.38082087935889103,0.5944328824141519,0.0729722170099163
0.38082087935889103,0.5945195976413458,0.07297202178916784
0.38098332250379036,0.5945195976413458,0.07296887897426863
0.38098332250379036,0.5946930280957337,0.0729635657820642
0.3813082087935889,0.5946930280957337,0.07295139314391341
0.3813082087935889,0.5947797433229275,0.07294788340043334
0.3813623565085553,0.5947797433229275,0.0729461371171598
0.3813623565085553,0.5949531737773153,0.0729449501414412
0.3815789473684211,0.5949531737773153,0.07294086441005021
0.3815789473684211,0.5950398890045092,0.072939041262988
0.38179553822828677,0.5950398890045092,0.07293722067961078
0.38179553822828677,0.595126604231703,0.07293712993199719
0.3819038336582196,0.595126604231703,0.07293280588150308
0.3819038336582196,0.595213319458897,0.07293175949845265
0.38195798137318604,0.595213319458897,0.07293159080079481
0.38195798137318604,0.5954734651404787,0.0729292871599807
0.3820662768031189,0.5954734651404787,0.07292779883194389
0.3820662768031189,0.5959937565036421,0.07291866141508274
0.38228286766298464,0.5959937565036421,0.07291603371056543
0.38228286766298464,0.5960804717308359,0.07291556692789625
0.3823911630929175,0.5960804717308359,0.07291457183416328
0.3823911630929175,0.5961671869580298,0.07291390355281369
0.38255360623781676,0.5961671869580298,0.0729094614193484
0.38255360623781676,0.5962539021852237,0.07290883143053928
0.3826077539527832,0.5962539021852237,0.07290742011539408
0.3826077539527832,0.5963406174124176,0.07290709326676148
0.3826619016677496,0.5963406174124176,0.07290550100961357
0.3826619016677496,0.5964273326396116,0.07290541976855636
0.38271604938271603,0.5964273326396116,0.07290447786345577
0.38271604938271603,0.5970343392299687,0.07289398992882723
0.38287849252761536,0.5970343392299687,0.07289084904886933
0.38287849252761536,0.5971210544571627,0.07288908767750546
0.3829326402425818,0.5971210544571627,0.07288717135094891
0.3829326402425818,0.5972077696843566,0.07288610633624648
0.3832033788174139,0.5972077696843566,0.0728820944012647
0.3832033788174139,0.5974679153659382,0.07288014300165191
0.3832575265323803,0.5974679153659382,0.07287999634871567
0.3832575265323803,0.597641345820326,0.072875486557344
0.38331167424734675,0.597641345820326,0.0728744449328953
0.38331167424734675,0.59772806104752,0.07287423935937642
0.38369070825211177,0.59772806104752,0.07286938070573545
0.38369070825211177,0.5979014915019077,0.07286366957347523
0.3840155945419103,0.5979014915019077,0.07285600988107976
0.3840155945419103,0.5983350676378772,0.07285066698938736
0.38423218540177606,0.5983350676378772,0.07284545916065555
0.38423218540177606,0.5985952133194589,0.07283960943217638
0.38444877626164176,0.5985952133194589,0.07283803438411285
0.38444877626164176,0.5988553590010406,0.07283378439215671
0.3845029239766082,0.5988553590010406,0.07283341033711999
0.3845029239766082,0.5989420742282345,0.07283223141674089
0.3845570716915746,0.5989420742282345,0.07283219502306659
0.3845570716915746,0.5990287894554284,0.07283197665308627
0.3851526965562053,0.5990287894554284,0.07282037173431188
0.3851526965562053,0.5991155046826223,0.07282031972580905
0.38520684427117174,0.5991155046826223,0.07281824115895486
0.38520684427117174,0.5992022199098161,0.07281739181971125
0.38526099198613817,0.5992022199098161,0.07281709742450548
0.38526099198613817,0.5994623655913979,0.07281091517706173
0.3853151397011046,0.5994623655913979,0.07281063233364837
0.3853151397011046,0.5995490808185917,0.0728105219824624
0.385369287416071,0.5995490808185917,0.07280972973416322
0.385369287416071,0.5996357960457857,0.07280862050784642
0.3854234351310375,0.5996357960457857,0.07280837146554986
0.3854234351310375,0.5997225112729795,0.07280674917612151
0.3854775828460039,0.5997225112729795,0.07280403778247746
0.3854775828460039,0.5998092265001734,0.07280334045774284
0.38596491228070173,0.5998092265001734,0.07279488967205827
0.38596491228070173,0.5998959417273674,0.07279224724847544
0.38601905999566816,0.5998959417273674,0.07279027008830719
0.38601905999566816,0.5999826569545612,0.07278870934094672
0.38607320771063464,0.5999826569545612,0.07278865298213133
0.38607320771063464,0.600156087408949,0.07278666903228048
0.3861815031405675,0.600156087408949,0.07278563074241484
0.3861815031405675,0.6003295178633368,0.07278408163378858
0.38628979857050033,0.6003295178633368,0.07278111734995774
0.38628979857050033,0.6004162330905307,0.07278069941886978
0.38634394628546675,0.6004162330905307,0.07278036185916203
0.38634394628546675,0.6005896635449185,0.0727796205611484
0.3864522417153996,0.6005896635449185,0.07277672842076677
0.3864522417153996,0.6007630939993063,0.07277311897553895
0.386506389430366,0.6007630939993063,0.0727721805994912
0.386506389430366,0.6008498092265002,0.07277040963488957
0.3867229802902318,0.6008498092265002,0.07276250782827431
0.3867229802902318,0.600936524453694,0.07276236571420891
0.3868312757201646,0.600936524453694,0.07276063537891697
0.3868312757201646,0.601023239680888,0.07276061251518762
0.38693957115009747,0.601023239680888,0.07275979419449907
0.38693957115009747,0.6011966701352758,0.07275784679433506
0.3869937188650639,0.6011966701352758,0.07275747635961927
0.3869937188650639,0.6012833853624696,0.07275733657347394
0.3870478665800303,0.6012833853624696,0.07275619311151216
0.3870478665800303,0.6013701005896636,0.07275484886313932
0.38731860515486244,0.6013701005896636,0.07274556618393824
0.38731860515486244,0.6017169614984391,0.07273380698839627
0.3873727528698289,0.6017169614984391,0.07273064836170784
0.3873727528698289,0.6018036767256331,0.0727297748507505
0.38742690058479534,0.6018036767256331,0.07272893221492671
0.38742690058479534,0.6018903919528269,0.07272677680333928
0.3875893437296946,0.6018903919528269,0.0727223251251905
0.3875893437296946,0.6019771071800208,0.0727222350541914
0.38764349144466104,0.6019771071800208,0.07272203249624631
0.38764349144466104,0.6020638224072147,0.07272001225365532
0.38769763915962746,0.6020638224072147,0.07271588764472581
0.38769763915962746,0.6021505376344086,0.07271550863143639
0.3879683777344596,0.6021505376344086,0.07271245671362214
0.3879683777344596,0.6022372528616025,0.07271132115954781
0.38818496859432533,0.6022372528616025,0.07270873378288756
0.38818496859432533,0.6024106833159902,0.07270722722491496
0.3882932640242582,0.6024106833159902,0.072706665069602
0.3882932640242582,0.6024973985431842,0.07270630268045775
0.3886181503140567,0.6024973985431842,0.07270258316064138
0.3886181503140567,0.6025841137703781,0.07270128195970971
0.3886722980290232,0.6025841137703781,0.07270124984346005
0.3886722980290232,0.6027575442247659,0.07270097587990598
0.38878059345895605,0.6027575442247659,0.07269825252746065
0.38878059345895605,0.6028442594519597,0.07269731894814813
0.38883474117392247,0.6028442594519597,0.07269643056748865
0.38883474117392247,0.6029309746791537,0.0726949403971624
0.3889430366038553,0.6029309746791537,0.07269303348082579
0.3889430366038553,0.6030176899063475,0.07269255515972062
0.38899718431882174,0.6030176899063475,0.07269222313236345
0.38899718431882174,0.6031044051335415,0.07268922909322373
0.38905133203378817,0.6031044051335415,0.07268848885623069
0.38905133203378817,0.6032778355879292,0.07268719948655056
0.3891054797487546,0.6032778355879292,0.07268718192027901
0.3891054797487546,0.6033645508151232,0.07268435932541051
0.38926792289365386,0.6033645508151232,0.07267996070968219
0.38926792289365386,0.603451266042317,0.07267939016077496
0.38953866146848604,0.603451266042317,0.0726736235837877
0.38953866146848604,0.6037114117238987,0.07267333383142871
0.3896469568984189,0.6037114117238987,0.07267076498472824
0.3896469568984189,0.6037981269510926,0.07266932242753121
0.3897011046133853,0.6037981269510926,0.07266806362378375
0.3897011046133853,0.6040582726326743,0.07266419547392933
0.389917695473251,0.6040582726326743,0.07265964649316525
0.389917695473251,0.6042317030870621,0.07265448237989247
0.3899718431882175,0.6042317030870621,0.07265365023373715
0.3899718431882175,0.6045785639958376,0.07264821011483757
0.3900259909031839,0.6045785639958376,0.07264769984832697
0.3900259909031839,0.6047519944502254,0.07264671623455299
0.39008013861815033,0.6047519944502254,0.07264601425943429
0.39008013861815033,0.6048387096774194,0.07264534970825842
0.39013428633311675,0.6048387096774194,0.0726410909836408
0.39013428633311675,0.6049254249046132,0.0726400539283456
0.3901884340480832,0.6049254249046132,0.07263968210824912
0.3901884340480832,0.605098855359001,0.07263890858895916
0.390296729478016,0.605098855359001,0.07263725240430396
0.390296729478016,0.6053590010405827,0.07263299445199456
0.39067576348278105,0.6053590010405827,0.07262947000590492
0.39067576348278105,0.6054457162677767,0.07262908325742234
0.3907840589127139,0.6054457162677767,0.07262491944647564
0.3907840589127139,0.6055324314949705,0.07262418472650811
0.391054797487546,0.6055324314949705,0.07261856825957835
0.391054797487546,0.6056191467221644,0.07261801036005622
0.39116309291747886,0.6056191467221644,0.07261608857530266
0.39116309291747886,0.605879292403746,0.07261450791115243
0.39127138834741176,0.605879292403746,0.07261061660338286
0.39127138834741176,0.6063128685397156,0.07260849570095695
0.3915962746372103,0.6063128685397156,0.07259832495934426
0.3915962746372103,0.6063995837669095,0.07259751199838149
0.39165042235217673,0.6063995837669095,0.07259722793186763
0.39165042235217673,0.6064862989941033,0.07259589584459158
0.391812865497076,0.6064862989941033,0.07259469620579173
0.391812865497076,0.6065730142212973,0.07259399016853574
0.39202945635694175,0.6065730142212973,0.07259060964774999
0.39202945635694175,0.6066597294484911,0.07258968909028729
0.3920836040719082,0.6066597294484911,0.07258941140633635
0.3920836040719082,0.6067464446756851,0.0725889233448449
0.3921377517868746,0.6067464446756851,0.07258871482727192
0.3921377517868746,0.6070065903572668,0.07258560606336961
0.39230019493177387,0.6070065903572668,0.07258122319131277
0.39230019493177387,0.6070933055844606,0.07258118002582448
0.3923543426467403,0.6070933055844606,0.07258080939875944
0.3923543426467403,0.607613596947624,0.07257533451679965
0.39246263807667314,0.607613596947624,0.07257299926582972
0.39246263807667314,0.6077003121748179,0.0725726964013278
0.39257093350660605,0.6077003121748179,0.0725725148805414
0.39257093350660605,0.6078737426292057,0.07257233728820922
0.39262508122157247,0.6078737426292057,0.07257171638342097
0.39262508122157247,0.6083073187651752,0.07256738542246155
0.3926792289365389,0.6083073187651752,0.0725667748671841
0.3926792289365389,0.6085674644467568,0.07256491846394053
0.39284167208143816,0.6085674644467568,0.07256392209613227
0.39284167208143816,0.6086541796739507,0.07256344478875598
0.3928958197964046,0.6086541796739507,0.07256340053029153
0.3928958197964046,0.6087408949011447,0.07256288115908038
0.3932748538011696,0.6087408949011447,0.0725580359809308
0.3932748538011696,0.6088276101283385,0.07255694573527127
0.39359974009096815,0.6088276101283385,0.07255158752982216
0.39359974009096815,0.6089143253555325,0.07255053651742305
0.3936538878059346,0.6089143253555325,0.07254962444303747
0.3936538878059346,0.6090010405827263,0.07254861389140954
0.3938704786658003,0.6090010405827263,0.07253418907158493
0.3938704786658003,0.6093479014915019,0.07252742043866789
0.3939787740957332,0.6093479014915019,0.07252471130296634
0.3939787740957332,0.6094346167186958,0.07252363474812151
0.3940329218106996,0.6094346167186958,0.07252212974160477
0.3940329218106996,0.6096947624002775,0.07251380279643649
0.394087069525666,0.6096947624002775,0.07251197103610574
0.394087069525666,0.6097814776274714,0.07251183239729664
0.39414121724063245,0.6097814776274714,0.07250939282898994
0.39414121724063245,0.6098681928546653,0.07250935392573399
0.3943036603855317,0.6098681928546653,0.07250587648863371
0.3943036603855317,0.6100416233090531,0.07250218911116257
0.394466103530431,0.6100416233090531,0.07249953460614633
0.394466103530431,0.6101283385362469,0.07249932087513233
0.39473684210526316,0.6101283385362469,0.07249564806555231
0.39473684210526316,0.6102150537634409,0.07249488150888905
0.394845137535196,0.6102150537634409,0.07249146800000195
0.394845137535196,0.6104751994450226,0.07248923442470456
0.39489928525016244,0.6104751994450226,0.07248880050703388
0.39489928525016244,0.6107353451266042,0.07248731225465987
0.39495343296512886,0.6107353451266042,0.07248712482108255
0.39495343296512886,0.610908775580992,0.07248566194430617
0.3953866146848603,0.610908775580992,0.07247641451137743
0.3953866146848603,0.6109954908081859,0.07247608634398972
0.3955490578297596,0.6109954908081859,0.07247278629435994
0.3955490578297596,0.6116024973985432,0.07246968076086957
0.39571150097465885,0.6116024973985432,0.07246597256785181
0.39571150097465885,0.611689212625737,0.07246494944727422
0.39576564868962527,0.611689212625737,0.07246424112582539
0.39576564868962527,0.611775927852931,0.0724609200447246
0.39581979640459175,0.611775927852931,0.07246084924261753
0.39581979640459175,0.6118626430801248,0.07246048829858975
0.3959280918345246,0.6118626430801248,0.07245825137627437
0.3959280918345246,0.6119493583073188,0.07245811342743735
0.3961446826943903,0.6119493583073188,0.07244946358113968
0.3961446826943903,0.6122095039889005,0.07244651601681462
0.3961988304093567,0.6122095039889005,0.07244178105588794
0.3961988304093567,0.6122962192160943,0.07243987042465605
0.39625297812432314,0.6122962192160943,0.07243985872198411
0.39625297812432314,0.6123829344432883,0.07243795287208421
0.39630712583928956,0.6123829344432883,0.07243732844523287
0.39630712583928956,0.6124696496704821,0.07243707813949873
0.3965237166991553,0.6124696496704821,0.0724335083289267
0.3965237166991553,0.6125563648976761,0.07243184137365888
0.39663201212908816,0.6125563648976761,0.0724301420681448
0.39663201212908816,0.6127297953520638,0.07242513280774632
0.3966861598440546,0.6127297953520638,0.07242503937085143
0.3966861598440546,0.6128165105792577,0.07242466209420906
0.39679445527398743,0.6128165105792577,0.07242414561877997
0.39679445527398743,0.6129032258064516,0.07242378394300664
0.3969027507039203,0.6129032258064516,0.07242335610274342
0.3969027507039203,0.6131633714880333,0.07242267623850829
0.3969568984188867,0.6131633714880333,0.07242198351836082
0.3969568984188867,0.6132500867152272,0.07241897596709057
0.39706519384881955,0.6132500867152272,0.07241150964525689
0.39706519384881955,0.613423517169615,0.07241040903581131
0.39711934156378603,0.613423517169615,0.07240998814796495
0.39711934156378603,0.6135969476240027,0.07240812132997787
0.39717348927875246,0.6135969476240027,0.0724070065874034
0.39717348927875246,0.6136836628511967,0.0724068717011559
0.3972276369937189,0.6136836628511967,0.072406192219437
0.3972276369937189,0.6139438085327783,0.07240269771581209
0.3972817847086853,0.6139438085327783,0.07240259748571432
0.3972817847086853,0.6143773846687478,0.07239456027849456
0.3973359324236517,0.6143773846687478,0.07239451768603322
0.3973359324236517,0.6144640998959418,0.07239435085743451
0.39739008013861815,0.6144640998959418,0.07239378575759425
0.39739008013861815,0.6146375303503295,0.07239207309443896
0.3974442278535846,0.6146375303503295,0.07239188235487415
0.3974442278535846,0.6147242455775234,0.07239144805652198
0.397498375568551,0.6147242455775234,0.07239084157521236
0.397498375568551,0.6148109608047173,0.07238945899976756
0.397877409573316,0.6148109608047173,0.07238082138751545
0.397877409573316,0.6149843912591051,0.07237475332300503
0.39793155728828244,0.6149843912591051,0.0723744106837434
0.39793155728828244,0.615071106486299,0.07237410404917766
0.3980398527182153,0.615071106486299,0.07237287282488825
0.3980398527182153,0.6153312521678806,0.07236666300668348
0.398256443578081,0.6153312521678806,0.07235984316727095
0.398256443578081,0.6154179673950746,0.072359741055529
0.3983105912930474,0.6154179673950746,0.07235772279653374
0.3983105912930474,0.6155046826222684,0.07235728026724741
0.39836473900801384,0.6155046826222684,0.0723553759960951
0.39836473900801384,0.6155913978494624,0.07235420914195068
0.3985813298678796,0.6155913978494624,0.07235174071219719
0.3985813298678796,0.6157648283038502,0.07235077519066269
0.3987979207277453,0.6157648283038502,0.07234286022452885
0.3987979207277453,0.6159382587582379,0.0723424471694063
0.3988520684427117,0.6159382587582379,0.07233698653229603
0.3988520684427117,0.6161984044398197,0.07232988475613888
0.39896036387264455,0.6161984044398197,0.07232681421802933
0.39896036387264455,0.6163718348942074,0.07232344450522454
0.3993393978774096,0.6163718348942074,0.07230892101740416
0.3993393978774096,0.6164585501214013,0.07230875914764434
0.399393545592376,0.6164585501214013,0.07230750897450622
0.399393545592376,0.6165452653485952,0.0723070247996136
0.3994476933073424,0.6165452653485952,0.07230627758145491
0.3994476933073424,0.6166319805757892,0.07230538310048984
0.39950184102230885,0.6166319805757892,0.07230447092299341
0.39950184102230885,0.6168054110301769,0.0723002050321595
0.3996101364522417,0.6168054110301769,0.0722961504187627
0.3996101364522417,0.6171522719389525,0.07228524422931559
0.3996642841672081,0.6171522719389525,0.07228470954783872
0.3996642841672081,0.617585848074922,0.0722805957698549
0.3997184318821746,0.617585848074922,0.07228043666846706
0.3997184318821746,0.6176725633021158,0.07228013190098093
0.3999891704570067,0.6176725633021158,0.0722766192867208
0.3999891704570067,0.6177592785293098,0.07227529575681002
0.400151613601906,0.6177592785293098,0.07227320554948391
0.400151613601906,0.6178459937565036,0.0722713029095341
0.4002057613168724,0.6178459937565036,0.07227126174053278
0.4002057613168724,0.6181061394380853,0.0722686938051682
0.40025990903183883,0.6181061394380853,0.07226831188946248
0.40025990903183883,0.6181928546652792,0.07226712538549007
0.40031405674680526,0.6181928546652792,0.07226625082812133
0.40031405674680526,0.6184530003468609,0.07225970363148404
0.40036820446177174,0.6184530003468609,0.0722595189872779
0.40036820446177174,0.6185397155740548,0.07225933992471711
0.40042235217673816,0.6185397155740548,0.07225646250598161
0.40042235217673816,0.6187131460284426,0.07225075955625382
0.4004764998917046,0.6187131460284426,0.07224713289609008
0.4004764998917046,0.6188865764828304,0.07224652003257992
0.40058479532163743,0.6188865764828304,0.072238994691191
0.40058479532163743,0.6190600069372182,0.07223779918187945
0.4006930907515703,0.6190600069372182,0.0722370729092301
0.4006930907515703,0.619233437391606,0.07223497331862005
0.4007472384665367,0.619233437391606,0.07223377061328362
0.4007472384665367,0.6194935830731877,0.07223317609390656
0.4010721247563353,0.6194935830731877,0.07222987848160178
0.4010721247563353,0.6196670135275755,0.07222863850291938
0.40118042018626815,0.6196670135275755,0.07222725759305537
0.40118042018626815,0.6201005896635449,0.07222258276270921
0.401288715616201,0.6201005896635449,0.07222125892053977
0.401288715616201,0.6202740201179328,0.0722207439008482
0.40139701104613384,0.6202740201179328,0.07221687518044595
0.40139701104613384,0.6205341657995144,0.07221568527516697
0.40145115876110027,0.6205341657995144,0.07221419542406471
0.40145115876110027,0.6207943114810961,0.07221084663193822
0.4015594541910331,0.6207943114810961,0.07220917518546943
0.4015594541910331,0.6208810267082899,0.07220686480838845
0.401667749620966,0.6208810267082899,0.07220633894059691
0.401667749620966,0.6211411723898717,0.07220312729689415
0.4018301927658653,0.6211411723898717,0.07220142837298593
0.4018301927658653,0.6212278876170656,0.07220138242388918
0.4021009313406974,0.6212278876170656,0.07219959948937138
0.4021009313406974,0.6213146028442594,0.07219874774964108
0.40215507905566383,0.6213146028442594,0.07219765981454329
0.40215507905566383,0.6214013180714534,0.07219680758007052
0.4023716699155296,0.6214013180714534,0.0721951693642855
0.4023716699155296,0.6219216094346167,0.07218001964014742
0.402425817630496,0.6219216094346167,0.07217724549369597
0.402425817630496,0.6220083246618107,0.07217533766635698
0.4025882607753953,0.6220083246618107,0.07217192086706148
0.4025882607753953,0.6220950398890045,0.0721704674262118
0.4026424084903617,0.6220950398890045,0.07217022878105284
0.4026424084903617,0.6221817551161984,0.07216771416701451
0.4026965562053281,0.6221817551161984,0.0721670635107281
0.4026965562053281,0.6223551855705862,0.07216626164386053
0.40275070392029455,0.6223551855705862,0.07216572998080206
0.40275070392029455,0.6224419007977801,0.07216422833659508
0.402804851635261,0.6224419007977801,0.07216306994468535
0.402804851635261,0.622528616024974,0.0721628182480123
0.4029672947801603,0.622528616024974,0.07215790862086346
0.4029672947801603,0.6227887617065556,0.07215613273940757
0.40307559021009315,0.6227887617065556,0.07215221206819256
0.40307559021009315,0.6228754769337496,0.07215045848908441
0.403183885640026,0.6228754769337496,0.07214451283221868
0.403183885640026,0.6230489073881373,0.0721417798414341
0.4034004764998917,0.6230489073881373,0.0721380016936799
0.4034004764998917,0.6231356226153313,0.0721377668249652
0.4037795105046567,0.6231356226153313,0.07213213231431559
0.4037795105046567,0.6232223378425251,0.07213108369418686
0.40383365821962314,0.6232223378425251,0.0721296081991114
0.40383365821962314,0.6233090530697191,0.072127601808476
0.40388780593458956,0.6233090530697191,0.07212578662798608
0.40388780593458956,0.6233957682969129,0.07212462782672047
0.403941953649556,0.6233957682969129,0.0721237609780585
0.403941953649556,0.6234824835241068,0.07211642271478214
0.4041585445094217,0.6234824835241068,0.07211461600607705
0.4041585445094217,0.6238293444328824,0.07211292966855676
0.4042126922243881,0.6238293444328824,0.07210876931685517
0.4042126922243881,0.6239160596600763,0.07210855358150492
0.4042668399393546,0.6239160596600763,0.07210619309739985
0.4042668399393546,0.6240894901144641,0.07210418856846923
0.40437513536928743,0.6240894901144641,0.07209717362058643
0.40437513536928743,0.624176205341658,0.07209671756284819
0.404700021659086,0.624176205341658,0.07208972062346963
0.404700021659086,0.6243496357960457,0.07208735659924259
0.4048083170890188,0.6243496357960457,0.07208214481328623
0.4048083170890188,0.6245230662504335,0.07207725727206382
0.40486246480398524,0.6245230662504335,0.0720761925100113
0.40486246480398524,0.6246964967048214,0.07207470120143666
0.40502490794888457,0.6246964967048214,0.07207261073635829
0.40502490794888457,0.6247832119320152,0.07207222603616392
0.4051332033788174,0.6247832119320152,0.0720712166963482
0.4051332033788174,0.6248699271592092,0.07207089134420097
0.4052956465237167,0.6248699271592092,0.0720682187126862
0.4052956465237167,0.6253035032951786,0.07206128721673521
0.40540394195364954,0.6253035032951786,0.07205810907067045
0.40540394195364954,0.6253902185223725,0.07205804431415297
0.4056205328135153,0.6253902185223725,0.07205595020990185
0.4056205328135153,0.6254769337495665,0.07205390363280273
0.4056746805284817,0.6254769337495665,0.07205319932728349
0.4056746805284817,0.625823794658342,0.07204716221023655
0.40572882824344814,0.625823794658342,0.07204611796057248
0.40572882824344814,0.6259105098855359,0.07204240477996371
0.40578297595841456,0.6259105098855359,0.07203923784477828
0.40578297595841456,0.6260839403399237,0.07203770166962142
0.405837123673381,0.6260839403399237,0.0720369690578353
0.405837123673381,0.6265175164758932,0.07203064536417014
0.40594541910331383,0.6265175164758932,0.07202345302145052
0.40594541910331383,0.6266909469302809,0.07201989676998144
0.4060537145332467,0.6266909469302809,0.07201948105824374
0.4060537145332467,0.6267776621574749,0.07201750869358836
0.4061078622482131,0.6267776621574749,0.0720127419585328
0.4061078622482131,0.6268643773846687,0.07201257033913455
0.4061620099631795,0.6268643773846687,0.07201034865662437
0.4061620099631795,0.6269510926118627,0.07200945905457168
0.40632445310807885,0.6269510926118627,0.071999732464062
0.40632445310807885,0.6271245230662504,0.07199880739427966
0.4066493393978774,0.6271245230662504,0.07198821655026255
0.4066493393978774,0.6272112382934444,0.0719803743784766
0.4067034871128438,0.6272112382934444,0.07197929596575436
0.4067034871128438,0.6273846687478322,0.07197677935255031
0.40675763482781024,0.6273846687478322,0.07197640338437838
0.40675763482781024,0.627471383975026,0.07197520656254991
0.40681178254277667,0.627471383975026,0.07197432817413008
0.40681178254277667,0.6275580992022199,0.07197422119508379
0.40692007797270957,0.6275580992022199,0.07197207954649465
0.40692007797270957,0.6276448144294138,0.07197149478479403
0.40708252111760884,0.6276448144294138,0.07196637950628437
0.40708252111760884,0.6277315296566077,0.07196632339514641
0.40713666883257527,0.6277315296566077,0.0719659994193469
0.40713666883257527,0.6279916753381893,0.07196352300145081
0.4071908165475417,0.6279916753381893,0.07196313219653683
0.4071908165475417,0.6280783905653833,0.07196126831427319
0.40729911197747454,0.6280783905653833,0.07195735285137217
0.40729911197747454,0.6281651057925772,0.07195712267727794
0.40735325969244096,0.6281651057925772,0.07195597982656321
0.40735325969244096,0.628338536246965,0.0719522067865801
0.4075698505523067,0.628338536246965,0.07194690414001603
0.4075698505523067,0.6285986819285466,0.07194586792572588
0.407732293697206,0.6285986819285466,0.07194134509066563
0.407732293697206,0.6286853971557406,0.07193908880557687
0.4079488845570717,0.6286853971557406,0.0719306896794949
0.4079488845570717,0.6288588276101283,0.0719290220635771
0.4080030322720381,0.6288588276101283,0.071928771238712
0.4080030322720381,0.6289455428373222,0.07192766180260213
0.40816547541693743,0.6289455428373222,0.07192636966917387
0.40816547541693743,0.6291189732917101,0.07192508785508256
0.4083279185618367,0.6291189732917101,0.07192224878617082
0.4083279185618367,0.6292056885189039,0.07192208186953586
0.40843621399176955,0.6292056885189039,0.07191701192212929
0.40843621399176955,0.6292924037460979,0.07191664940200315
0.4085986571366688,0.6292924037460979,0.07191418953322515
0.4085986571366688,0.6294658342004856,0.07191257787514216
0.40865280485163524,0.6294658342004856,0.07191229721496706
0.40865280485163524,0.6296392646548734,0.07191143935921329
0.40870695256660167,0.6296392646548734,0.07191121545698587
0.40870695256660167,0.6297259798820672,0.07191112700926094
0.40881524799653457,0.6297259798820672,0.07190747255764629
0.40881524799653457,0.6298126951092612,0.07190705898322558
0.4090859865713667,0.6298126951092612,0.07189805392762416
0.4090859865713667,0.6298994103364551,0.07189800591284357
0.40919428200129954,0.6298994103364551,0.07189734803121639
0.40919428200129954,0.629986125563649,0.07189113832930483
0.40924842971626596,0.629986125563649,0.07188647003729187
0.40924842971626596,0.6303329864724245,0.07188381021837764
0.40941087286116523,0.6303329864724245,0.07188313046249717
0.40941087286116523,0.6304197016996185,0.07188265091084989
0.4098982022958631,0.6304197016996185,0.07187370482496802
0.4098982022958631,0.6305064169268123,0.07187106701500046
0.4099523500108295,0.6305064169268123,0.0718693273866553
0.4099523500108295,0.630853277835588,0.07185909115338185
0.41011479315572885,0.630853277835588,0.07185772254939571
0.41011479315572885,0.6312001387443635,0.07185611444091644
0.4102230885856617,0.6312001387443635,0.07185284245011392
0.4102230885856617,0.6313735691987513,0.07185046716028021
0.4102772363006281,0.6313735691987513,0.07184503483222437
0.4102772363006281,0.6317204301075269,0.07183810236920851
0.41033138401559455,0.6317204301075269,0.07183777616584597
0.41033138401559455,0.6318071453347208,0.0718368019557829
0.41038553173056097,0.6318071453347208,0.07183474408579205
0.41038553173056097,0.6318938605619147,0.07183391377712955
0.4104938271604938,0.6318938605619147,0.07183191275717782
0.4104938271604938,0.6322407214706902,0.07182875827625734
0.41054797487546024,0.6322407214706902,0.07182866099413343
0.41054797487546024,0.6323274366978842,0.07182842737439143
0.41060212259042667,0.6323274366978842,0.07182767227371634
0.41060212259042667,0.6325008671522719,0.07182213446791441
0.4106562703053931,0.6325008671522719,0.07182015537095543
0.4106562703053931,0.6325875823794659,0.0718161652476188
0.4107104180203595,0.6325875823794659,0.0718148062525652
0.4107104180203595,0.6329344432882414,0.07181135395418137
0.410764565735326,0.6329344432882414,0.0718084760054214
0.410764565735326,0.6330211585154353,0.07180794062717455
0.4108187134502924,0.6330211585154353,0.07180731088465286
0.4108187134502924,0.6331078737426292,0.07180650310819625
0.41092700888022526,0.6331078737426292,0.07180451029730484
0.41092700888022526,0.6331945889698231,0.07180271541826633
0.4109811565951917,0.6331945889698231,0.07180264963776417
0.4109811565951917,0.6334547346514048,0.07179991690177134
0.4110353043101581,0.6334547346514048,0.07179978861944125
0.4110353043101581,0.6338883107873743,0.07179297583980437
0.41108945202512454,0.6338883107873743,0.07178592727384192
0.41108945202512454,0.6340617412417621,0.07178272515976447
0.41114359974009096,0.6340617412417621,0.07178125407008729
0.41114359974009096,0.6341484564689559,0.07177148763970331
0.41130604288499023,0.6341484564689559,0.07176450344821039
0.41130604288499023,0.6342351716961498,0.07176369589522014
0.41141433831492313,0.6342351716961498,0.07176008494533836
0.41141433831492313,0.6344953173777316,0.07175839558586117
0.4115767814598224,0.6344953173777316,0.07175760860083269
0.4115767814598224,0.6347554630593132,0.07175477167748867
0.41190166774962095,0.6347554630593132,0.07174256799460799
0.41190166774962095,0.6348421782865071,0.07174224297853571
0.41195581546458737,0.6348421782865071,0.07174210275835757
0.41195581546458737,0.634928893513701,0.07173900047911386
0.4120099631795538,0.634928893513701,0.07173804139556239
0.4120099631795538,0.6350156087408949,0.07173559297517418
0.4120641108945203,0.6350156087408949,0.07173503091141797
0.4120641108945203,0.6353624696496705,0.07172960099434578
0.4121182586094867,0.6353624696496705,0.07172705192849982
0.4121182586094867,0.6355359001040582,0.07172612297713288
0.4123348494693524,0.6355359001040582,0.071720161019873
0.4123348494693524,0.6360561914672217,0.0717118984408125
0.41244314489928524,0.6360561914672217,0.0717109650342238
0.41244314489928524,0.6362296219216095,0.07170927689528628
0.4125514403292181,0.6362296219216095,0.07170874256672088
0.4125514403292181,0.6363163371488033,0.07170853599621219
0.41265973575915094,0.6363163371488033,0.07170216168270738
0.41265973575915094,0.6364030523759973,0.07170205817933795
0.4127138834741174,0.6364030523759973,0.07170141733938351
0.4127138834741174,0.6364897676031911,0.07170045690903204
0.4128763266190167,0.6364897676031911,0.07169718986775875
0.4128763266190167,0.6366631980575789,0.0716953295587297
0.41303876976391596,0.6366631980575789,0.07169088996626605
0.41303876976391596,0.6367499132847728,0.07168847361925135
0.4130929174788824,0.6367499132847728,0.07168840505601648
0.4130929174788824,0.6369233437391606,0.07168490814561701
0.41320121290881523,0.6369233437391606,0.07168278241820558
0.41320121290881523,0.6375303503295179,0.0716698805940279
0.4136343946285467,0.6375303503295179,0.07166150856380327
0.4136343946285467,0.6377037807839057,0.0716601877366232
0.4136885423435131,0.6377037807839057,0.07165884942198808
0.4136885423435131,0.6377904960110995,0.07165827864293162
0.4137426900584795,0.6377904960110995,0.07165487617841881
0.4137426900584795,0.6378772112382934,0.07165101213861136
0.4140675763482781,0.6378772112382934,0.07164816806892804
0.4140675763482781,0.6379639264654874,0.07164784323594442
0.41412172406324455,0.6379639264654874,0.07164662694131096
0.41412172406324455,0.6380506416926812,0.07164435539600489
0.41417587177821097,0.6380506416926812,0.07164416782396454
0.41417587177821097,0.638224072147069,0.07164329157191318
0.41433831492311024,0.638224072147069,0.07164182998263247
0.41433831492311024,0.638310787374263,0.07164180675845233
0.4144466103530431,0.638310787374263,0.07163760599618252
0.4144466103530431,0.6383975026014568,0.07163674859874214
0.4148256443578081,0.6383975026014568,0.07162691830592749
0.4148256443578081,0.6384842178286507,0.07162685090652521
0.41493393978774096,0.6384842178286507,0.07162059622837513
0.41493393978774096,0.6386576482830385,0.07161446139802763
0.4152046783625731,0.6386576482830385,0.07160195942116165
0.4152046783625731,0.6387443635102324,0.07160186078219888
0.4152588260775395,0.6387443635102324,0.071601094108392
0.4152588260775395,0.6388310787374263,0.07160077835635548
0.41547541693740525,0.6388310787374263,0.07159724489751662
0.41547541693740525,0.6389177939646202,0.07159723042714727
0.4156378600823045,0.6389177939646202,0.07159620234379394
0.4156378600823045,0.639091224419008,0.07159582256240316
0.4158003032272038,0.639091224419008,0.07159467296906863
0.4158003032272038,0.6392646548733958,0.0715933590086788
0.4158544509421702,0.6392646548733958,0.07159192864577113
0.4158544509421702,0.6393513701005896,0.07159181254483316
0.41590859865713664,0.6393513701005896,0.07159142173552757
0.41590859865713664,0.6395248005549774,0.07158954576206855
0.41607104180203597,0.6395248005549774,0.07158636201023727
0.41607104180203597,0.6396115157821713,0.07158028685066742
0.4161793372319688,0.6396115157821713,0.07157583396560385
0.4161793372319688,0.6397849462365591,0.07157110860269777
0.4163417803768681,0.6397849462365591,0.07156702928764269
0.4163417803768681,0.6398716614637531,0.07156282464192243
0.41661251895170026,0.6398716614637531,0.07155967685555864
0.41661251895170026,0.6399583766909469,0.07155954198867409
0.41677496209659953,0.6399583766909469,0.07155816484052213
0.41677496209659953,0.6400450919181409,0.07155673663078854
0.4168832575265324,0.6400450919181409,0.07155112228774607
0.4168832575265324,0.6401318071453347,0.07155029571555271
0.4169374052414988,0.6401318071453347,0.07154929938651522
0.4169374052414988,0.6402185223725286,0.07154908683817274
0.4172622915312974,0.6402185223725286,0.07154405598585711
0.4172622915312974,0.6406520985084981,0.07154137139101002
0.41758717782109595,0.6406520985084981,0.07153408151718788
0.41758717782109595,0.640738813735692,0.07153400744287697
0.41764132553606237,0.640738813735692,0.07153090086415359
0.41764132553606237,0.6408255289628859,0.07152687339188546
0.4178579163959281,0.6408255289628859,0.07152410782563656
0.4178579163959281,0.6409122441900797,0.07152302089570406
0.41791206411089454,0.6409122441900797,0.0715220885403769
0.41791206411089454,0.6410856746444675,0.07151866302520604
0.4180203595408274,0.6410856746444675,0.07151697099867382
0.4180203595408274,0.6412591050988553,0.07151409118289043
0.41812865497076024,0.6412591050988553,0.07151332620372886
0.41812865497076024,0.6413458203260493,0.07151071712318502
0.41818280268572666,0.6413458203260493,0.07150649677858811
0.41818280268572666,0.641605966007631,0.0715005044264807
0.4182369504006931,0.641605966007631,0.07149817622609378
0.4182369504006931,0.6416926812348248,0.07149452082465602
0.4185618366904917,0.6416926812348248,0.07149102094784343
0.4185618366904917,0.6417793964620188,0.07148965960105214
0.4186159844054581,0.6417793964620188,0.07148964934488133
0.4186159844054581,0.6418661116892126,0.07148924268671153
0.4187784275503574,0.6418661116892126,0.07148072970519403
0.4187784275503574,0.6419528269164065,0.07147966383025794
0.4188325752653238,0.6419528269164065,0.07147776667922656
0.4188325752653238,0.6420395421436004,0.07147762750327047
0.4188867229802902,0.6420395421436004,0.07147530956044879
0.4188867229802902,0.6422129725979882,0.0714718298135062
0.41894087069525665,0.6422129725979882,0.07146672224055384
0.41894087069525665,0.6422996878251821,0.07146622988056905
0.4189950184102231,0.6422996878251821,0.07146560819903014
0.4189950184102231,0.642386403052376,0.0714650739953393
0.4190491661251895,0.642386403052376,0.07146354769576702
0.4190491661251895,0.6425598335067638,0.07146107507636557
0.4192116092700888,0.6425598335067638,0.07145945821104704
0.4192116092700888,0.6426465487339577,0.07145745447345186
0.41926575698505525,0.6426465487339577,0.07145299174136333
0.41926575698505525,0.6427332639611516,0.07145200232811955
0.4193199047000217,0.6427332639611516,0.0714490494048452
0.4193199047000217,0.6429066944155394,0.07144656008312
0.41953649555988737,0.6429066944155394,0.07143761784643843
0.41953649555988737,0.6429934096427332,0.07143359445127606
0.41975308641975306,0.6429934096427332,0.07143096304359875
0.41975308641975306,0.6430801248699272,0.07142901583458006
0.41986138184968597,0.6430801248699272,0.07142734885501745
0.41986138184968597,0.6431668400971211,0.07142361563067512
0.42002382499458524,0.6431668400971211,0.07141950980593181
0.42002382499458524,0.6433402705515089,0.07141852555390904
0.4201321204245181,0.6433402705515089,0.07141644500491195
0.4201321204245181,0.6436004162330905,0.07141250452767589
0.4201862681394845,0.6436004162330905,0.07141231756264599
0.4201862681394845,0.6438605619146722,0.07140743388514248
0.4204028589993502,0.6438605619146722,0.07139546160665211
0.4204028589993502,0.6439472771418661,0.07139478534658816
0.4204570067143167,0.6439472771418661,0.0713913216558193
0.4204570067143167,0.64403399236906,0.07139046146743144
0.4204570067143167,0.6442074228234478,0.07139031537712293
0.42061944985921595,0.6442074228234478,0.07138630393893441
0.42061944985921595,0.6442941380506417,0.07138628298286176
0.42083604071908165,0.6442941380506417,0.07138246863875186
0.42083604071908165,0.6443808532778356,0.07137937250778159
0.4209443361490145,0.6443808532778356,0.07137848496378463
0.4209443361490145,0.6444675685050295,0.0713781371236677
0.42105263157894735,0.6444675685050295,0.07137721646738582
0.42105263157894735,0.6445542837322233,0.07137715548906098
0.42116092700888025,0.6445542837322233,0.07137574326384044
0.42116092700888025,0.6447277141866111,0.07137218169988113
0.42121507472384667,0.6447277141866111,0.07137204646221629
0.42121507472384667,0.644901144640999,0.07136647376162175
0.4213233701537795,0.644901144640999,0.07136469217689023
0.4213233701537795,0.6449878598681928,0.07136449853474369
0.42143166558371237,0.6449878598681928,0.07136055398539476
0.42143166558371237,0.6451612903225806,0.07135830635857943
0.4214858132986788,0.6451612903225806,0.07135628246233594
0.4214858132986788,0.6453347207769684,0.07135494253235941
0.4217024041585445,0.6453347207769684,0.07135152820452695
0.4217024041585445,0.6454214360041624,0.07135063823155718
0.4218648473034438,0.6454214360041624,0.07134868371822822
0.4218648473034438,0.6455081512313562,0.07134793575276532
0.42218973359324236,0.6455081512313562,0.07134319239679998
0.42218973359324236,0.6455948664585501,0.07134313554080673
0.4225687675980074,0.6455948664585501,0.07133950186874083
0.4225687675980074,0.6457682969129379,0.0713360729566328
0.4226229153129738,0.6457682969129379,0.07133347903101916
0.4226229153129738,0.6459417273673257,0.07133118255383675
0.4226770630279402,0.6459417273673257,0.07132857664823389
0.4226770630279402,0.6462885882761013,0.07132085167837493
0.42273121074290665,0.6462885882761013,0.07132032156164919
0.42273121074290665,0.6463753035032952,0.07131939124228603
0.42294780160277234,0.6463753035032952,0.07131126872059323
0.42294780160277234,0.646462018730489,0.07131107962447847
0.42311024474767167,0.646462018730489,0.07131006102319914
0.42311024474767167,0.646548733957683,0.07130835387552015
0.4232185401776045,0.646548733957683,0.07130612566168915
0.4232185401776045,0.6466354491848768,0.07129730692765612
0.42327268789257094,0.6466354491848768,0.07129692347991456
0.42327268789257094,0.6467221644120708,0.07129620628833266
0.42332683560753737,0.6467221644120708,0.07129495275641662
0.42332683560753737,0.6468088796392647,0.07129440440592272
0.4233809833225038,0.6468088796392647,0.07129263443895528
0.4233809833225038,0.6469823100936525,0.0712902502385846
0.4235975741823695,0.6469823100936525,0.07128931622441836
0.4235975741823695,0.6470690253208463,0.07128838206225319
0.4237058696123024,0.6470690253208463,0.07128315072476776
0.4237058696123024,0.6472424557752341,0.0712820161820984
0.42381416504223524,0.6472424557752341,0.0712806712852807
0.42381416504223524,0.647329171002428,0.07127978108000077
0.42386831275720166,0.647329171002428,0.0712781828411515
0.42386831275720166,0.6474158862296219,0.07127760322921461
0.4239766081871345,0.6474158862296219,0.07127515784264782
0.4239766081871345,0.6475893166840098,0.07127413541053462
0.4242473467619666,0.6475893166840098,0.07127182015850209
0.4242473467619666,0.6476760319112036,0.07127120185199765
0.42430149447693305,0.6476760319112036,0.07127047401548503
0.42430149447693305,0.6477627471383975,0.07126983201569725
0.4244639376218324,0.6477627471383975,0.07126552161411515
0.4244639376218324,0.6478494623655914,0.07126507112840907
0.4245180853367988,0.6478494623655914,0.07126391326303261
0.4245180853367988,0.6480228928199792,0.07126145145296547
0.42462638076673165,0.6480228928199792,0.07125883149392931
0.42462638076673165,0.6481096080471731,0.07125861112866372
0.42500541477149667,0.6481096080471731,0.07125122774584702
0.42500541477149667,0.6482830385015609,0.0712506430126576
0.4250595624864631,0.6482830385015609,0.07124868472591572
0.4250595624864631,0.6483697537287547,0.07124846770482085
0.4251137102014295,0.6483697537287547,0.07124600539722215
0.4251137102014295,0.6487166146375304,0.07124137837349398
0.4252761533463288,0.6487166146375304,0.07124007126142295
0.4252761533463288,0.6488033298647242,0.07123993444808252
0.4253303010612952,0.6488033298647242,0.07123951147645768
0.4253303010612952,0.6488900450919182,0.07123755488717132
0.42538444877626164,0.6488900450919182,0.07123642593426527
0.42538444877626164,0.6491501907734998,0.0712332786411567
0.4254927442061945,0.6491501907734998,0.07123260452830471
0.4254927442061945,0.6493236212278877,0.07123018935727687
0.42560103963612733,0.6493236212278877,0.0712280451759506
0.42560103963612733,0.6494970516822755,0.07122735924317891
0.4256551873510938,0.6494970516822755,0.07122694817975361
0.4256551873510938,0.6496704821366632,0.07122369070890056
0.4262508122157245,0.6496704821366632,0.07121435361550901
0.4262508122157245,0.6497571973638571,0.07121354302282579
0.42630495993069095,0.6497571973638571,0.07121247868541714
0.42630495993069095,0.649843912591051,0.07120925972266412
0.4264132553606238,0.649843912591051,0.071206911609619
0.4264132553606238,0.6499306278182448,0.07120509480820192
0.4264674030755902,0.6499306278182448,0.07120313563860692
0.4264674030755902,0.6500173430454388,0.07120271375742027
0.42652155079055665,0.6500173430454388,0.0712023284990897
0.42652155079055665,0.6501040582726326,0.07120167786419418
0.42657569850552307,0.6501040582726326,0.07120141926887036
0.42657569850552307,0.6501907734998266,0.07119855270229003
0.4266839939354559,0.6501907734998266,0.07119734673948441
0.4266839939354559,0.6507110648629899,0.07119085514354939
0.4269005847953216,0.6507110648629899,0.07117998067338327
0.4269005847953216,0.6509712105445716,0.07117624111656218
0.4269547325102881,0.6509712105445716,0.07117353975924301
0.4269547325102881,0.6512313562261534,0.0711713655093813
0.42706302794022094,0.6512313562261534,0.07117019724309714
0.42706302794022094,0.6513180714533472,0.0711695285662961
0.42711717565518736,0.6513180714533472,0.07116784664352438
0.42711717565518736,0.6517516475893167,0.07116517944377021
0.4271713233701538,0.6517516475893167,0.07116501077289761
0.4271713233701538,0.6519250780437045,0.07115944759868187
0.42727961880008664,0.6519250780437045,0.07115629084912856
0.42727961880008664,0.6520985084980923,0.07115554549532987
0.42733376651505306,0.6520985084980923,0.0711541191182603
0.42733376651505306,0.6525320846340618,0.07114793974787581
0.4274420619449859,0.6525320846340618,0.07114420132093202
0.4274420619449859,0.6526187998612556,0.07114414086170595
0.42749620965995233,0.6526187998612556,0.07114270586478288
0.42749620965995233,0.6527055150884495,0.07114127679920723
0.42755035737491875,0.6527055150884495,0.07114119659814966
0.42755035737491875,0.6529656607700313,0.07113770121687346
0.42760450508988523,0.6529656607700313,0.07113659508010484
0.42760450508988523,0.6530523759972251,0.07113639184028386
0.4277128005198181,0.6530523759972251,0.07113285352362642
0.4277128005198181,0.653139091224419,0.07113277728836054
0.4277669482347845,0.653139091224419,0.07113130338737883
0.4277669482347845,0.6533992369060007,0.07112888739044032
0.42787524366471735,0.6533992369060007,0.07112453726587153
0.42787524366471735,0.6534859521331946,0.07112314902054528
0.4279293913796838,0.6534859521331946,0.0711213164342368
0.4279293913796838,0.6536593825875824,0.07111873051109407
0.4279835390946502,0.6536593825875824,0.07111816816697947
0.4279835390946502,0.6537460978147763,0.0711180966919811
0.4280376868096166,0.6537460978147763,0.07111784044778324
0.4280376868096166,0.6539195282691641,0.07111707856299798
0.42809183452458305,0.6539195282691641,0.07111531260105863
0.42809183452458305,0.6542663891779397,0.07110737884235374
0.42814598223954947,0.6542663891779397,0.071104693255432
0.42814598223954947,0.6546999653139092,0.07109891416725955
0.42841672081438165,0.6546999653139092,0.07109361336435516
0.42841672081438165,0.654786680541103,0.07109319234764988
0.4285250162443145,0.654786680541103,0.071092665829523
0.4285250162443145,0.654873395768297,0.0710905925775609
0.42863331167424734,0.654873395768297,0.07108645966717253
0.42863331167424734,0.6549601109954908,0.0710863656521501
0.42868745938921377,0.6549601109954908,0.07108624607941882
0.42868745938921377,0.6551335414498786,0.07108444254456225
0.4289040502490795,0.6551335414498786,0.0710820741142486
0.4289040502490795,0.6552202566770725,0.07108090584108484
0.4291206411089452,0.6552202566770725,0.07107612009028741
0.4291206411089452,0.6553069719042663,0.07107610905116912
0.42922893653887806,0.6553069719042663,0.07107529570795812
0.42922893653887806,0.6555671175858481,0.07107443448543793
0.42939137968377733,0.6555671175858481,0.07107313432118412
0.42939137968377733,0.655653832813042,0.07107275896037923
0.42955382282867666,0.655653832813042,0.07106569072788171
0.42955382282867666,0.6557405480402358,0.07106558919217587
0.4296079705436431,0.6557405480402358,0.07106034211399481
0.4296079705436431,0.6558272632674298,0.07106021755887104
0.42971626597357593,0.6558272632674298,0.07105795624550426
0.42971626597357593,0.6559139784946236,0.07105793859157106
0.42977041368854235,0.6559139784946236,0.07105566195981905
0.42977041368854235,0.6560874089490114,0.0710522081537488
0.4298787091184752,0.6560874089490114,0.0710509923999596
0.4298787091184752,0.6564342698577871,0.07104593967669559
0.4299328568334416,0.6564342698577871,0.07104414223986932
0.4299328568334416,0.6566944155393687,0.07104179534650967
0.42998700454840805,0.6566944155393687,0.07103999114056125
0.42998700454840805,0.6571279916753382,0.07102861370324343
0.4300952999783409,0.6571279916753382,0.07102601578835133
0.4300952999783409,0.657214706902532,0.07102254769076266
0.4302577431232402,0.657214706902532,0.07101972917617339
0.4302577431232402,0.657301422129726,0.0710197003906119
0.4304201862681395,0.657301422129726,0.07101730759295344
0.4304201862681395,0.6573881373569199,0.07101463706470335
0.43052848169807234,0.6573881373569199,0.07101320533765465
0.43052848169807234,0.6574748525841138,0.07101282006953369
0.43079922027290446,0.6574748525841138,0.07100304527326329
0.43079922027290446,0.6575615678113077,0.07100107896668528
0.43085336798787094,0.6575615678113077,0.07100039852550788
0.43085336798787094,0.6578217134928893,0.07099794926375047
0.43090751570283736,0.6578217134928893,0.07099658289796884
0.43090751570283736,0.6579084287200833,0.07099381365322799
0.43112410656270306,0.6579084287200833,0.07098895450696197
0.43112410656270306,0.6579951439472771,0.07098799830703895
0.4311782542776695,0.6579951439472771,0.07098766789980093
0.4311782542776695,0.658081859174471,0.07098656450586471
0.4312324019926359,0.658081859174471,0.07098621897822421
0.4312324019926359,0.658168574401665,0.07098573438299538
0.43128654970760233,0.658168574401665,0.07098380134411642
0.43128654970760233,0.6583420048560528,0.07097997873963569
0.43134069742256875,0.6583420048560528,0.07097687969461486
0.43134069742256875,0.6584287200832466,0.0709746958076456
0.4314489928525016,0.6584287200832466,0.07097239680500755
0.4314489928525016,0.6585154353104405,0.07096945029947865
0.4315031405674681,0.6585154353104405,0.07096869632453418
0.4315031405674681,0.6586021505376344,0.07096850625870776
0.4315572882824345,0.6586021505376344,0.07096769052863738
0.4315572882824345,0.6586888657648283,0.0709676210366017
0.43166558371236735,0.6586888657648283,0.0709657847422569
0.43166558371236735,0.6588622962192161,0.0709622501390168
0.4317197314273338,0.6588622962192161,0.07096207945753674
0.4317197314273338,0.6589490114464099,0.07096173305998321
0.43193632228719947,0.6589490114464099,0.07095978332422859
0.43193632228719947,0.6590357266736039,0.07095940742014095
0.4319904700021659,0.6590357266736039,0.07095914868413056
0.4319904700021659,0.6591224419007978,0.07095908639007886
0.43226120857699807,0.6591224419007978,0.07095790578250649
0.43226120857699807,0.6592958723551856,0.0709562999258544
0.4323153562919645,0.6592958723551856,0.07095481450554586
0.4323153562919645,0.6594693028095734,0.07095247932804294
0.4323695040069309,0.6594693028095734,0.07094870121157237
0.4323695040069309,0.6596427332639612,0.07094613531833005
0.43269439029672946,0.6596427332639612,0.07094136190361144
0.43269439029672946,0.659729448491155,0.07094012467099575
0.43280268572666236,0.659729448491155,0.07093838115927897
0.43280268572666236,0.659816163718349,0.07093396699262522
0.4328568334416288,0.659816163718349,0.07093136116149346
0.4328568334416288,0.6603364550815123,0.0709204762021538
0.4330734243014945,0.6603364550815123,0.07091782624287912
0.4330734243014945,0.6604231703087062,0.07091639133272665
0.433398310591293,0.6604231703087062,0.07090855990174649
0.433398310591293,0.6607700312174818,0.07090126700441002
0.43356075373619235,0.6607700312174818,0.07090006183099584
0.43356075373619235,0.6609434616718696,0.07089925354197768
0.4336690491661252,0.6609434616718696,0.07089811963831005
0.4336690491661252,0.6611168921262573,0.07089674614896402
0.43377734459605805,0.6611168921262573,0.0708939163311646
0.43377734459605805,0.6612036073534513,0.07089248423805405
0.4339397877409573,0.6612036073534513,0.07088704128234258
0.4339397877409573,0.6612903225806451,0.07088645015918416
0.43410223088585664,0.6612903225806451,0.07088379155792324
0.43410223088585664,0.6614637530350329,0.07088300292693073
0.4342646740307559,0.6614637530350329,0.07087936601528222
0.4342646740307559,0.6616371834894207,0.07087862201992778
0.4344271171756552,0.6616371834894207,0.07087542422217274
0.4344271171756552,0.6617238987166146,0.07087531402466585
0.4344812648906216,0.6617238987166146,0.07087425111359602
0.4344812648906216,0.6621574748525841,0.07087004800688113
0.43453541260558803,0.6621574748525841,0.07086729367211553
0.43453541260558803,0.6623309053069719,0.07086472475598904
0.43458956032055446,0.6623309053069719,0.07086269433598802
0.43458956032055446,0.6625910509885536,0.07086101105959286
0.4346437080355209,0.6625910509885536,0.07086027196726041
0.4346437080355209,0.6626777662157475,0.07086014819996445
0.43491444661035306,0.6626777662157475,0.07085520946625201
0.43491444661035306,0.6627644814429414,0.07085288467533557
0.4350768897552523,0.6627644814429414,0.07085032848720463
0.4350768897552523,0.6628511966701353,0.07084761986888388
0.4355642191899502,0.6628511966701353,0.07083699535508603
0.4355642191899502,0.6631980575789108,0.07083344994230067
0.43567251461988304,0.6631980575789108,0.07083334916191375
0.43567251461988304,0.6634582032604925,0.0708254695848467
0.43572666233484947,0.6634582032604925,0.07082524462766471
0.43572666233484947,0.6635449184876865,0.07082493364370857
0.4358349577647823,0.6635449184876865,0.0708224260090009
0.4358349577647823,0.6636316337148803,0.07082128692160539
0.43588910547974874,0.6636316337148803,0.07082057062282332
0.43588910547974874,0.663891779396462,0.07081552305824368
0.43594325319471516,0.663891779396462,0.07081433761428713
0.43594325319471516,0.6639784946236559,0.07081120826349241
0.4359974009096816,0.6639784946236559,0.07081116742268279
0.4359974009096816,0.6640652098508498,0.07081090917086885
0.43626813948451376,0.6640652098508498,0.07080915030721036
0.43626813948451376,0.6641519250780437,0.07080752317035133
0.4363764349144466,0.6641519250780437,0.0708070780081409
0.4363764349144466,0.6643253555324315,0.07080557589535874
0.4365930257743123,0.6643253555324315,0.07080255335734353
0.4365930257743123,0.6644120707596254,0.07079956608458549
0.4367013212042452,0.6644120707596254,0.07079609335046344
0.4367013212042452,0.6645855012140132,0.07079429773807155
0.43675546891921163,0.6645855012140132,0.07079117101379095
0.43675546891921163,0.6646722164412071,0.07078942470352567
0.43680961663417806,0.6646722164412071,0.07078911393480314
0.43680961663417806,0.6647589316684009,0.07078865790906574
0.4369179120641109,0.6647589316684009,0.07078336549829145
0.4369179120641109,0.6651925078043704,0.07078050454187323
0.4370803552090102,0.6651925078043704,0.0707742804065048
0.4370803552090102,0.665539368713146,0.0707727116224981
0.43756768464370804,0.665539368713146,0.07076014999799995
0.43756768464370804,0.66562608394034,0.0707588659848779
0.43762183235867447,0.66562608394034,0.07075844812618581
0.43762183235867447,0.6657127991675338,0.07075801893820444
0.4376759800736409,0.6657127991675338,0.07075572235470573
0.4376759800736409,0.6657995143947277,0.07075341959437353
0.4378925709335066,0.6657995143947277,0.07075150364104554
0.4378925709335066,0.6659729448491155,0.07075066305106725
0.4382716049382716,0.6659729448491155,0.07074232873697817
0.4382716049382716,0.6661463753035033,0.07073929354739983
0.4387589343729695,0.6661463753035033,0.07072541085738027
0.4387589343729695,0.6662330905306972,0.07072222586362376
0.4388130820879359,0.6662330905306972,0.07072137195282768
0.4388130820879359,0.666406520985085,0.07072066452000159
0.43892137751786875,0.666406520985085,0.07071518134091948
0.43892137751786875,0.6664932362122789,0.07071189744839002
0.439083820662768,0.6664932362122789,0.07070474177526465
0.439083820662768,0.6665799514394728,0.07070336055130189
0.43913796837773444,0.6665799514394728,0.07070266687223681
0.43913796837773444,0.6667533818938606,0.0706971504869367
0.43930041152263377,0.6667533818938606,0.07069456435860122
0.43930041152263377,0.6668400971210544,0.07069435071833352
0.43946285466753304,0.6668400971210544,0.07069244721147316
0.43946285466753304,0.6669268123482484,0.0706920057610807
0.43951700238249947,0.6669268123482484,0.07069157261055103
0.43951700238249947,0.6670135275754423,0.07069111365635128
0.43973359324236516,0.6670135275754423,0.07068724009391847
0.43973359324236516,0.6671002428026361,0.07068587436188056
0.4397877409573316,0.6671002428026361,0.07068504233917228
0.4397877409573316,0.6671869580298301,0.0706838407780519
0.439841888672298,0.6671869580298301,0.07068296147222375
0.439841888672298,0.6675338189386056,0.07067828637510876
0.43989603638726443,0.6675338189386056,0.07067824889353136
0.43989603638726443,0.6677072493929934,0.07067696939341794
0.4399501841022309,0.6677072493929934,0.070675085353884
0.4399501841022309,0.6677939646201873,0.07067471640143519
0.44000433181719734,0.6677939646201873,0.0706746545291419
0.44000433181719734,0.6679673950745751,0.07067098379518688
0.44005847953216376,0.6679673950745751,0.0706707578115664
0.44005847953216376,0.668054110301769,0.07066916680146784
0.4403292181069959,0.668054110301769,0.07066276091518997
0.4403292181069959,0.6681408255289629,0.07066199952671681
0.44049166125189515,0.6681408255289629,0.07065714730815698
0.44049166125189515,0.6682275407561568,0.07065634654876907
0.44059995668182805,0.6682275407561568,0.0706539398500734
0.44059995668182805,0.6683142559833507,0.07065310091194954
0.4407082521117609,0.6683142559833507,0.07065264343644917
0.4407082521117609,0.6684876864377385,0.07064776918319304
0.440978990686593,0.6684876864377385,0.0706412453404679
0.440978990686593,0.6685744016649323,0.0706359082377217
0.44103313840155944,0.6685744016649323,0.07063574837432984
0.44103313840155944,0.668834547346514,0.07063285964114963
0.4411955815464587,0.668834547346514,0.07062908686891345
0.4411955815464587,0.668921262573708,0.07062895819398385
0.44135802469135804,0.668921262573708,0.07062356752474463
0.44135802469135804,0.6691814082552896,0.0706152390485193
0.44141217240632447,0.6691814082552896,0.07061500056870362
0.44141217240632447,0.6694415539368713,0.07061223747058443
0.4414663201212909,0.6694415539368713,0.07060965304043942
0.4414663201212909,0.669701699618453,0.07060755418046094
0.44157461555122374,0.669701699618453,0.07060562594986508
0.44157461555122374,0.6697884148456469,0.07060520275710735
0.44189950184102234,0.6697884148456469,0.07060027269221636
0.44189950184102234,0.6698751300728408,0.07060007278439362
0.4420077972709552,0.6698751300728408,0.07059711884479292
0.4420077972709552,0.6703087062088102,0.07059074306403224
0.44217024041585445,0.6703087062088102,0.07058734507266529
0.44217024041585445,0.6703954214360042,0.07058655298488192
0.4422243881308209,0.6703954214360042,0.0705862534766113
0.4422243881308209,0.670482136663198,0.07058506875782711
0.4422785358457873,0.670482136663198,0.07058180493416133
0.4422785358457873,0.670568851890392,0.07058007580463288
0.4423326835607537,0.670568851890392,0.07057977289172057
0.4423326835607537,0.6708289975719737,0.07057708482667846
0.4424409789906866,0.6708289975719737,0.07057452102275419
0.4424409789906866,0.6710024280263615,0.070572391351168
0.442874160710418,0.6710024280263615,0.07056631436608529
0.442874160710418,0.6712625737079431,0.07056395387749581
0.44292830842538444,0.6712625737079431,0.07056391718083899
0.44292830842538444,0.6717828650711065,0.07055246833180995
0.44298245614035087,0.6717828650711065,0.07055177275991298
0.44298245614035087,0.6718695802983004,0.07055174832768518
0.4431990470002166,0.6718695802983004,0.0705489380470472
0.4431990470002166,0.6719562955254943,0.07054783128234932
0.44325319471518304,0.6719562955254943,0.07054756757528069
0.44325319471518304,0.6720430107526881,0.07054713378742528
0.44368637643491443,0.6720430107526881,0.0705404042591784
0.44368637643491443,0.6721297259798821,0.07053933860317785
0.4439029672947802,0.6721297259798821,0.07053002009008491
0.4439029672947802,0.6722164412070759,0.07052999268665361
0.4439571150097466,0.6722164412070759,0.07052807716249276
0.4439571150097466,0.6723031564342699,0.07052785825132313
0.44406541043967945,0.6723031564342699,0.07052602137327746
0.44406541043967945,0.6723898716614638,0.07052595521168081
0.4441195581546459,0.6723898716614638,0.07052433182319207
0.4441195581546459,0.6726500173430454,0.07052249348482942
0.44433614901451157,0.6726500173430454,0.07051233333796625
0.44433614901451157,0.6727367325702394,0.07051146438802158
0.4444985921594109,0.6727367325702394,0.070507140884573
0.4444985921594109,0.6729101630246271,0.07050188682771252
0.4445527398743773,0.6729101630246271,0.07050182549085582
0.4445527398743773,0.672996878251821,0.07049916689904734
0.44460688758934375,0.672996878251821,0.07049897148483342
0.44460688758934375,0.6731703087062089,0.07049820661929185
0.44466103530431017,0.6731703087062089,0.0704979794805154
0.44466103530431017,0.6732570239334027,0.07049682966510762
0.444769330734243,0.6732570239334027,0.07049430667687373
0.444769330734243,0.6733437391605966,0.0704932495524555
0.44509421702404156,0.6733437391605966,0.07048897901953288
0.44509421702404156,0.6734304543877905,0.0704881258154868
0.4453108078839073,0.6734304543877905,0.07047982152433674
0.4453108078839073,0.6736038848421783,0.070479216344278
0.44536495559887374,0.6736038848421783,0.07047909891313076
0.44536495559887374,0.6736906000693722,0.07047693442321457
0.44558154645873943,0.6736906000693722,0.07047469365080183
0.44558154645873943,0.67386403052376,0.07047230056659615
0.44563569417370585,0.67386403052376,0.07047162239415328
0.44563569417370585,0.6739507457509538,0.07047095865473318
0.4456898418886723,0.6739507457509538,0.07046939638806826
0.4456898418886723,0.6743843218869233,0.07046216643782266
0.4457439896036387,0.6743843218869233,0.07046204128695033
0.4457439896036387,0.6747311827956989,0.0704542830919972
0.4458522850335716,0.6747311827956989,0.07045210605773411
0.4458522850335716,0.6748178980228928,0.07045207891407568
0.44590643274853803,0.6748178980228928,0.0704511517225006
0.44590643274853803,0.6750780437044746,0.07044331992493413
0.44596058046350445,0.6750780437044746,0.07044184289556843
0.44596058046350445,0.6751647589316684,0.07043620538031825
0.4460688758934373,0.6751647589316684,0.07043420253363047
0.4460688758934373,0.6753381893860562,0.07043367666798805
0.44617717132337015,0.6753381893860562,0.07043335267291684
0.44617717132337015,0.6754249046132501,0.07043145043123689
0.446285466753303,0.6754249046132501,0.07042791104521151
0.446285466753303,0.6755116198404439,0.07042582029528965
0.4464479098982023,0.6755116198404439,0.07041972965234766
0.4464479098982023,0.6756850502948317,0.07041836495194054
0.44650205761316875,0.6756850502948317,0.0704162626619591
0.44650205761316875,0.6758584807492196,0.07041446882689906
0.44655620532813517,0.6758584807492196,0.07041088106115412
0.44655620532813517,0.6760319112036074,0.07040959734044283
0.446664500758068,0.6760319112036074,0.07040763830250385
0.446664500758068,0.6761186264308012,0.0704066318939125
0.44677279618800086,0.6761186264308012,0.07040134403995557
0.44677279618800086,0.676378772112383,0.07040086808602752
0.4468269439029673,0.676378772112383,0.07039975277242605
0.4468269439029673,0.6764654873395768,0.07039829083257665
0.4468810916179337,0.6764654873395768,0.07039583031162411
0.4468810916179337,0.6765522025667707,0.07039237817802024
0.4471518301927659,0.6765522025667707,0.07038712984520457
0.4471518301927659,0.6766389177939646,0.07038689612394222
0.44731427333766516,0.6766389177939646,0.07038626793227998
0.44731427333766516,0.6769857787027402,0.07038394790626512
0.447422568767598,0.6769857787027402,0.07038145383747452
0.447422568767598,0.6773326396115158,0.07037972374903378
0.44753086419753085,0.6773326396115158,0.0703781019161962
0.44753086419753085,0.6775060700659036,0.07037622304134761
0.4476391596274637,0.6775060700659036,0.07037335617930474
0.4476391596274637,0.6776795005202914,0.07037097267593917
0.44785575048732945,0.6776795005202914,0.0703663509936181
0.44785575048732945,0.6777662157474853,0.07036596891732416
0.4479098982022959,0.6777662157474853,0.07036530706722521
0.4479098982022959,0.6778529309746791,0.07036484098078644
0.44807234134719515,0.6778529309746791,0.07036111864235184
0.44807234134719515,0.6781130766562609,0.07035931521246086
0.44812648906216157,0.6781130766562609,0.07035830478478267
0.44812648906216157,0.6782865071106486,0.07035796759676827
0.44828893220706084,0.6782865071106486,0.0703544572088759
0.44828893220706084,0.6784599375650364,0.07035409627813971
0.44834307992202727,0.6784599375650364,0.07035089767960323
0.44834307992202727,0.6786333680194242,0.07034618162366946
0.44839722763699374,0.6786333680194242,0.07034601035168131
0.44839722763699374,0.6787200832466181,0.07034532884529288
0.44845137535196017,0.6787200832466181,0.07034415343575362
0.44845137535196017,0.678806798473812,0.07034193586868409
0.4485055230669266,0.678806798473812,0.0703408948458768
0.4485055230669266,0.6788935137010059,0.07034039075631981
0.448559670781893,0.6788935137010059,0.07034010324965378
0.448559670781893,0.6790669441553937,0.0703389523962985
0.44866796621182586,0.6790669441553937,0.07033702249302198
0.44866796621182586,0.6795005202913632,0.07032688934503639
0.4487221139267923,0.6795005202913632,0.07032566869802492
0.4487221139267923,0.679587235518557,0.07032541941704262
0.44883040935672514,0.679587235518557,0.07032445946712595
0.44883040935672514,0.679673950745751,0.07032369418175066
0.44888455707169156,0.679673950745751,0.07032104822817709
0.44888455707169156,0.6798473812001388,0.07031928317105818
0.4489928525016244,0.6798473812001388,0.07031814657547253
0.4489928525016244,0.6799340964273326,0.07031330984403739
0.44920944336149016,0.6799340964273326,0.07030808307393577
0.44920944336149016,0.680454387790496,0.07030158252317387
0.4495343296512887,0.680454387790496,0.07029481869065357
0.4495343296512887,0.6805411030176899,0.07029136177811446
0.449696772796188,0.6805411030176899,0.07028952216665862
0.449696772796188,0.6806278182448838,0.07028841573317157
0.4499133636560537,0.6806278182448838,0.07028429283899151
0.4499133636560537,0.6807145334720777,0.07028309107399022
0.44996751137102015,0.6807145334720777,0.07028181556843283
0.44996751137102015,0.6808012486992716,0.07028061008723152
0.45002165908598657,0.6808012486992716,0.07028022143544077
0.45002165908598657,0.6810613943808532,0.07027877413126427
0.45023824994585226,0.6810613943808532,0.07027152286140836
0.45023824994585226,0.6811481096080472,0.0702685397416456
0.4502923976608187,0.6811481096080472,0.07026848567638244
0.4502923976608187,0.6812348248352411,0.07026767485271579
0.45034654537578517,0.6812348248352411,0.07026415274093623
0.45034654537578517,0.6814082552896289,0.07026288028326633
0.450454840805718,0.6814082552896289,0.07026228340938978
0.450454840805718,0.6814949705168227,0.07026090090116632
0.4506172839506173,0.6814949705168227,0.07025985356589004
0.4506172839506173,0.6816684009712105,0.0702593803749949
0.45072557938055013,0.6816684009712105,0.07025344721496696
0.45072557938055013,0.6817551161984045,0.0702531327929965
0.4509963179553823,0.6817551161984045,0.07024764252971005
0.4509963179553823,0.6818418314255983,0.07024677127045065
0.45105046567034873,0.6818418314255983,0.07024469708525638
0.45105046567034873,0.6820152618799862,0.07024255249875311
0.4513753519601473,0.6820152618799862,0.07023424434045578
0.4513753519601473,0.68210197710718,0.07023420588153306
0.45159194282001297,0.68210197710718,0.07022841255559475
0.45159194282001297,0.682188692334374,0.07022827702507373
0.4517002382499459,0.682188692334374,0.07022752768310037
0.4517002382499459,0.6822754075615678,0.07022745188965582
0.4518085336798787,0.6822754075615678,0.07022706198627748
0.4518085336798787,0.6823621227887617,0.07022681541439568
0.45191682910981157,0.6823621227887617,0.0702257913010238
0.45191682910981157,0.6824488380159556,0.07022448711892948
0.451970976824778,0.6824488380159556,0.07022347027617104
0.451970976824778,0.6826222684703434,0.07022213812411837
0.4520251245397444,0.6826222684703434,0.07022164260237251
0.4520251245397444,0.6827089836975373,0.07022109079767391
0.45213341996967726,0.6827089836975373,0.07021801547234952
0.45213341996967726,0.6832292750607006,0.0702126666784415
0.4521875676846437,0.6832292750607006,0.07021120567821493
0.4521875676846437,0.6833159902878946,0.0702100032403985
0.4522958631145766,0.6833159902878946,0.07020923927941425
0.4522958631145766,0.6834894207422824,0.07020466895874011
0.452350010829543,0.6834894207422824,0.07020293165925762
0.452350010829543,0.6835761359694762,0.07020242778158936
0.45240415854450944,0.6835761359694762,0.07020174364200371
0.45240415854450944,0.6836628511966701,0.07020040583506093
0.45245830625947586,0.6836628511966701,0.07019935535923749
0.45245830625947586,0.6839229968782519,0.07019365598930438
0.4525666016894087,0.6839229968782519,0.0701929955302325
0.4525666016894087,0.6840097121054457,0.07019264298287986
0.45262074940437513,0.6840097121054457,0.07019249522755566
0.45262074940437513,0.6840964273326396,0.07019180335546094
0.45283734026424083,0.6840964273326396,0.07018526066341835
0.45283734026424083,0.6841831425598335,0.07018404487983365
0.45289148797920725,0.6841831425598335,0.07018388367644923
0.45289148797920725,0.6842698577870274,0.07018325834812256
0.45294563569417373,0.6842698577870274,0.07018292955571548
0.45294563569417373,0.6843565730142213,0.07018218095759887
0.4530539311241066,0.6843565730142213,0.07018178592374436
0.4530539311241066,0.6844432882414152,0.07018167847204793
0.453108078839073,0.6844432882414152,0.0701779360349688
0.453108078839073,0.6847901491501908,0.07017514865360375
0.4531622265540394,0.6847901491501908,0.07017490932201054
0.4531622265540394,0.6848768643773847,0.07017415969361585
0.45321637426900585,0.6848768643773847,0.07017398125983121
0.45321637426900585,0.6849635796045785,0.07017339131755063
0.4532705219839723,0.6849635796045785,0.07017337830384363
0.4532705219839723,0.6851370100589663,0.07017130664259175
0.4533788174139051,0.6851370100589663,0.07016971104302705
0.4533788174139051,0.6852237252861603,0.07016902419337123
0.4535954082737709,0.6852237252861603,0.070165532159715
0.4535954082737709,0.6853104405133541,0.07016343752948018
0.4537037037037037,0.6853104405133541,0.07016245326455217
0.4537037037037037,0.6856573014221298,0.0701605112004906
0.4539202945635694,0.6856573014221298,0.07015597863473122
0.4539202945635694,0.6858307318765176,0.07015534852009453
0.45397444227853584,0.6858307318765176,0.07015440168616194
0.45397444227853584,0.6859174471037114,0.07015405609840886
0.45419103313840153,0.6859174471037114,0.07014868833067278
0.45419103313840153,0.6860908775580992,0.0701469487718791
0.454245180853368,0.6860908775580992,0.07014676293869693
0.454245180853368,0.6861775927852931,0.07014657480164921
0.45435347628330086,0.6861775927852931,0.07014293064559718
0.45435347628330086,0.686264308012487,0.07014292796622335
0.4544617717132337,0.686264308012487,0.07014050044551179
0.4544617717132337,0.6863510232396809,0.07013972165999971
0.454624214858133,0.6863510232396809,0.07013900721571797
0.454624214858133,0.6864377384668748,0.07013860433827812
0.45478665800303225,0.6864377384668748,0.0701313670597703
0.45478665800303225,0.6865244536940687,0.07012920444578175
0.455003248862898,0.6865244536940687,0.0701271950829967
0.455003248862898,0.6866111689212626,0.07012610040830625
0.45532813515269654,0.6866111689212626,0.07011899204723604
0.45532813515269654,0.6866978841484564,0.07011833062805728
0.4554364305826294,0.6866978841484564,0.07011675102454107
0.4554364305826294,0.6868713146028442,0.07011559695027869
0.45592376001732726,0.6868713146028442,0.07010749050130638
0.45592376001732726,0.6869580298300382,0.07010743347058401
0.4559779077322937,0.6869580298300382,0.07010577068215218
0.4559779077322937,0.687044745057232,0.07010470568402916
0.45614035087719296,0.687044745057232,0.0701021704676501
0.45614035087719296,0.6873916059660077,0.07009419978114373
0.45624864630712586,0.6873916059660077,0.07009313126273997
0.45624864630712586,0.6874783211932015,0.07009246787314383
0.4563027940220923,0.6874783211932015,0.07009076991756502
0.4563027940220923,0.6875650364203955,0.07009016329146678
0.45646523716699156,0.6875650364203955,0.07008772746849634
0.45646523716699156,0.6877384668747832,0.07008661992737109
0.456519384881958,0.6877384668747832,0.07008648885154889
0.456519384881958,0.6878251821019771,0.07008566477539313
0.4565735325969244,0.6878251821019771,0.07008536653828146
0.4565735325969244,0.687911897329171,0.07008448379263532
0.4567359757418237,0.687911897329171,0.07007758972518774
0.4567359757418237,0.6879986125563649,0.07007756228143669
0.4567901234567901,0.6879986125563649,0.07007665474508729
0.4567901234567901,0.6883454734651405,0.07007321181298032
0.4568442711717566,0.6883454734651405,0.07007218972957752
0.4568442711717566,0.6884321886923344,0.07007179214165116
0.456898418886723,0.6884321886923344,0.07007081342176757
0.456898418886723,0.6886923343739161,0.07006662284158716
0.45700671431665585,0.6886923343739161,0.07006339619716329
0.45700671431665585,0.6887790496011099,0.07006290189221653
0.4571150097465887,0.6887790496011099,0.07005465915985032
0.4571150097465887,0.6888657648283039,0.07005389395165662
0.4573316006064544,0.6888657648283039,0.07004956642202398
0.4573316006064544,0.6889524800554977,0.0700450118088285
0.4573857483214208,0.6889524800554977,0.07004429361897846
0.4573857483214208,0.6890391952826916,0.07004148042577718
0.4574940437513537,0.6890391952826916,0.07003821518082165
0.4574940437513537,0.6891259105098856,0.07003761713232426
0.45760233918128657,0.6891259105098856,0.07003539342233411
0.45760233918128657,0.6892993409642734,0.0700351018056653
0.4577106346112194,0.6892993409642734,0.07003177417045503
0.4577106346112194,0.6894727714186611,0.07002981899278282
0.45776478232618584,0.6894727714186611,0.0700284826463089
0.45776478232618584,0.6896462018730489,0.0700250521475192
0.45781893004115226,0.6896462018730489,0.07002302745022226
0.45781893004115226,0.6897329171002428,0.07002176549231431
0.4578730777561187,0.6897329171002428,0.07002126090572225
0.4578730777561187,0.6899063475546305,0.07002012375879296
0.4580896686159844,0.6899063475546305,0.07001681376156399
0.4580896686159844,0.6899930627818245,0.07001528802930057
0.45814381633095086,0.6899930627818245,0.07001521792266452
0.45814381633095086,0.6901664932362123,0.07001280282741784
0.4582521117608837,0.6901664932362123,0.07000363797987208
0.4582521117608837,0.6902532084634062,0.07000222737137696
0.45830625947585013,0.6902532084634062,0.07000179704132359
0.45830625947585013,0.690426638917794,0.07000071112098571
0.45836040719081655,0.690426638917794,0.0700006812899352
0.45836040719081655,0.6905133541449878,0.06999763355483224
0.4584687026207494,0.6905133541449878,0.0699969080378211
0.4584687026207494,0.6906000693721818,0.06999678566091272
0.45857699805068225,0.6906000693721818,0.06999655381202063
0.45857699805068225,0.6908602150537635,0.06999431084239083
0.4586311457656487,0.6908602150537635,0.06999392749089894
0.4586311457656487,0.6909469302809573,0.0699919282338719
0.45890188434048085,0.6909469302809573,0.06998458758055781
0.45890188434048085,0.6911203607353451,0.0699797262101558
0.4590643274853801,0.6911203607353451,0.06997685488741512
0.4590643274853801,0.6913805064169268,0.06997263386501085
0.45938921377517866,0.6913805064169268,0.06996540350626623
0.45938921377517866,0.6914672216441207,0.06996490402892785
0.45944336149014514,0.6914672216441207,0.06996484027811523
0.45944336149014514,0.6915539368713146,0.06996475036914251
0.45949750920511157,0.6915539368713146,0.06996436926787997
0.45949750920511157,0.6916406520985084,0.06996380890880527
0.4596058046350444,0.6916406520985084,0.06995867732978733
0.4596058046350444,0.6917273673257024,0.06995740324178934
0.46020142949967513,0.6917273673257024,0.06994421542187745
0.46020142949967513,0.6918140825528963,0.0699441686771709
0.460309724929608,0.6918140825528963,0.06994329172863534
0.460309724929608,0.6919875130072841,0.06993985629115751
0.4605263157894737,0.6919875130072841,0.0699365132086911
0.4605263157894737,0.692074228234478,0.06993522874642033
0.46085120207927227,0.692074228234478,0.06992695819445993
0.46085120207927227,0.6921609434616719,0.06992559433376733
0.46123023608403724,0.6921609434616719,0.06991948422570449
0.46123023608403724,0.6922476586888657,0.06991859268136702
0.46128438379900366,0.6922476586888657,0.06991856458220735
0.46128438379900366,0.6923343739160597,0.06991682975952473
0.4613385315139701,0.6923343739160597,0.06991608809983463
0.4613385315139701,0.6925945195976414,0.06991208698115803
0.461446826943903,0.6925945195976414,0.06991143217461016
0.461446826943903,0.6926812348248352,0.06991060831835871
0.46155512237383584,0.6926812348248352,0.0699093987776358
0.46155512237383584,0.6927679500520292,0.0699083871891657
0.46160927008880226,0.6927679500520292,0.06990549864406304
0.46160927008880226,0.692854665279223,0.06990487833787729
0.4618800086636344,0.692854665279223,0.06989930656739296
0.4618800086636344,0.692941380506417,0.06989780473915697
0.46258392895819794,0.692941380506417,0.06988258192591168
0.46258392895819794,0.6930280957336108,0.06988248318063017
0.46263807667316437,0.6930280957336108,0.06988227766319044
0.46263807667316437,0.6932015261879986,0.06988052357984809
0.46296296296296297,0.6932015261879986,0.06987790275083228
0.46296296296296297,0.693721817551162,0.06987376690882185
0.4632337015377951,0.693721817551162,0.06986876843077128
0.4632337015377951,0.6938952480055498,0.06986571078452375
0.4632878492527615,0.6938952480055498,0.06986214780661015
0.4632878492527615,0.6941553936871314,0.0698559846663871
0.463341996967728,0.6941553936871314,0.06985596237037672
0.463341996967728,0.6942421089143254,0.06985512678628303
0.46366688325752653,0.6942421089143254,0.0698496977541514
0.46366688325752653,0.6943288241415192,0.06984949217979275
0.4637751786874594,0.6943288241415192,0.06984678366842112
0.4637751786874594,0.6945889698231009,0.06984398811125625
0.4638834741173922,0.6945889698231009,0.06984151623401669
0.4638834741173922,0.6946756850502949,0.06984138535697881
0.46393762183235865,0.6946756850502949,0.06984061627016369
0.46393762183235865,0.6947624002774887,0.06984059416637445
0.46399176954732513,0.6947624002774887,0.06983938229463882
0.46399176954732513,0.6949358307318765,0.06983700938783377
0.4641542126922244,0.6949358307318765,0.06983636964915574
0.4641542126922244,0.6951092611862643,0.06983441699835025
0.4642083604071908,0.6951092611862643,0.06983347583270616
0.4642083604071908,0.6951959764134582,0.0698332264322512
0.46426250812215725,0.6951959764134582,0.06983149319891213
0.46426250812215725,0.6954561220950399,0.06982715335217682
0.46431665583712367,0.6954561220950399,0.06982626841846828
0.46431665583712367,0.6955428373222338,0.069825753822504
0.46447909898202294,0.6955428373222338,0.06982461817813546
0.46447909898202294,0.6956295525494277,0.06982364988803713
0.46453324669698937,0.6956295525494277,0.0698236372636385
0.46453324669698937,0.6957162677766215,0.06982260475893587
0.4646956898418887,0.6957162677766215,0.06981939421151262
0.4646956898418887,0.6958029830038155,0.06981917840781793
0.46480398527182154,0.6958029830038155,0.06981798741282597
0.46480398527182154,0.6958896982310093,0.06981753551523995
0.46485813298678796,0.6958896982310093,0.06981695755082651
0.46485813298678796,0.6960631286853971,0.0698157959262784
0.4649122807017544,0.6960631286853971,0.06981374708059351
0.4649122807017544,0.696236559139785,0.06981031160007789
0.4649664284167208,0.696236559139785,0.06980976206870593
0.4649664284167208,0.6963232743669788,0.06980971276002568
0.46502057613168724,0.6963232743669788,0.06980858969110093
0.46502057613168724,0.6964099895941728,0.06980812053574281
0.46534546242148583,0.6964099895941728,0.06980254425886989
0.46534546242148583,0.6964967048213666,0.069800989897562
0.4655079055663851,0.6964967048213666,0.06979369126558366
0.4655079055663851,0.6965834200485606,0.06979292176904361
0.46561620099631795,0.6965834200485606,0.06978542122550557
0.46561620099631795,0.6969302809573361,0.06977884562279435
0.4657244964262508,0.6969302809573361,0.06977827397369452
0.4657244964262508,0.6970169961845301,0.06977824025767321
0.465995235001083,0.6970169961845301,0.06977272869873397
0.465995235001083,0.6971037114117239,0.069771678140222
0.4662659735759151,0.6971037114117239,0.0697688122412945
0.4662659735759151,0.6971904266389178,0.06976845566214429
0.4665367121507472,0.6971904266389178,0.06976280661713163
0.4665367121507472,0.6972771418661117,0.06976169378616781
0.4665908598657137,0.6972771418661117,0.0697609471668188
0.4665908598657137,0.6973638570933056,0.06976054777962859
0.4666450075806801,0.6973638570933056,0.06975876322396912
0.4666450075806801,0.6975372875476934,0.06975805114420752
0.46669915529564654,0.6975372875476934,0.06975759494858624
0.46669915529564654,0.6976240027748872,0.06975755136086792
0.4668074507255794,0.6976240027748872,0.06975384853729616
0.4668074507255794,0.6977107180020812,0.06975262289940742
0.46696989387047866,0.6977107180020812,0.06974847130733086
0.46696989387047866,0.697797433229275,0.06974840489253231
0.4670240415854451,0.697797433229275,0.06973971506994547
0.4670240415854451,0.6980575789108567,0.06973704211392628
0.46718648473034435,0.6980575789108567,0.06973064581639021
0.46718648473034435,0.6981442941380507,0.06972980551358154
0.46724063244531083,0.6981442941380507,0.06972931415012362
0.46724063244531083,0.6982310093652445,0.06972903800031283
0.4673489278752437,0.6982310093652445,0.06972377361407278
0.4673489278752437,0.6984044398196323,0.06972293874881963
0.46745722330517653,0.6984044398196323,0.06971469392819363
0.46745722330517653,0.6985778702740201,0.0697092956570653
0.4676196664500758,0.6985778702740201,0.06970083079405076
0.4676196664500758,0.6987513007284079,0.06969953796645778
0.4676738141650422,0.6987513007284079,0.06969794335516055
0.4676738141650422,0.6988380159556018,0.06969758083636735
0.467890405024908,0.6988380159556018,0.06969509257372697
0.467890405024908,0.6989247311827957,0.06969473969851725
0.4679445527398744,0.6989247311827957,0.06969393033539162
0.4679445527398744,0.6990981616371835,0.0696919181983997
0.4679987004548408,0.6990981616371835,0.06969177798524351
0.4679987004548408,0.6991848768643774,0.06969056915076122
0.46805284816980725,0.6991848768643774,0.06969050758569773
0.46805284816980725,0.6994450225459591,0.06968636323397837
0.46810699588477367,0.6994450225459591,0.06968634331201695
0.46810699588477367,0.6995317377731529,0.06968633239525368
0.4683777344596058,0.6995317377731529,0.06967913921942182
0.4683777344596058,0.6997918834547346,0.06967730960769147
0.46848602988953864,0.6997918834547346,0.06967480669737403
0.46848602988953864,0.6999653139091224,0.06967471425055094
0.4685401776045051,0.6999653139091224,0.06967312119636793
0.4685401776045051,0.7000520291363164,0.06966914612982067
0.46859432531947154,0.7000520291363164,0.06966913678981235
0.46859432531947154,0.7001387443635102,0.06966839176148998
0.4687567684643708,0.7001387443635102,0.06966629770256771
0.4687567684643708,0.700312174817898,0.06966505229287967
0.4692440978990687,0.700312174817898,0.06965874712011688
0.4692440978990687,0.7005723204994797,0.06965711828124266
0.46940654104396795,0.7005723204994797,0.06965410605776601
0.46940654104396795,0.7006590357266737,0.069653019507947
0.4695148364739008,0.7006590357266737,0.06964969701386048
0.4695148364739008,0.7007457509538675,0.06964602372520545
0.46962313190383365,0.7007457509538675,0.06964387809155914
0.46962313190383365,0.7009191814082553,0.06964305866900489
0.4697855750487329,0.7009191814082553,0.06963860696672297
0.4697855750487329,0.701092611862643,0.06963779203108067
0.4698397227636994,0.701092611862643,0.0696362265693129
0.4698397227636994,0.701179327089837,0.06963549378905953
0.4698938704786658,0.701179327089837,0.06962965907649199
0.4698938704786658,0.7013527575442248,0.06962820591194618
0.46994801819363224,0.7013527575442248,0.06962787336993048
0.46994801819363224,0.7016129032258065,0.06962510188037374
0.4700563136235651,0.7016129032258065,0.06962361901035652
0.4700563136235651,0.7016996184530003,0.0696233361272729
0.4701104613385315,0.7016996184530003,0.06962268237503166
0.4701104613385315,0.7017863336801943,0.06962239622030841
0.47016460905349794,0.7017863336801943,0.06962168598171292
0.47016460905349794,0.7018730489073881,0.06962150615267237
0.47021875676846436,0.7018730489073881,0.06962134605480141
0.47021875676846436,0.701959764134582,0.06962097037091874
0.4702729044834308,0.701959764134582,0.06962090326679515
0.4702729044834308,0.7020464793617759,0.06962038764826373
0.47038119991336363,0.7020464793617759,0.0696186086300632
0.47038119991336363,0.7021331945889698,0.06961827815432353
0.47043534762833006,0.7021331945889698,0.06961782532453653
0.47043534762833006,0.7022199098161637,0.0696158215863325
0.47054364305826296,0.7022199098161637,0.06961103616411424
0.4705977907732294,0.7023066250433576,0.06960925562318021
0.4705977907732294,0.7023933402705516,0.06960851359817921
0.4706519384881958,0.7023933402705516,0.06960830015075703
0.4706519384881958,0.7027402011793271,0.06960641558428127
0.47076023391812866,0.7027402011793271,0.06960458611577502
0.47076023391812866,0.702826916406521,0.06960341514827761
0.4708143816330951,0.702826916406521,0.0696020484156421
0.4708143816330951,0.7029136316337149,0.06959955550263297
0.47092267706302793,0.7029136316337149,0.06959668918588724
0.47092267706302793,0.7030003468609087,0.06959624355507321
0.47097682477799435,0.7030003468609087,0.06959598482234863
0.47097682477799435,0.7031737773152965,0.06959342592163886
0.4711392679228937,0.7031737773152965,0.06958982677300907
0.4711392679228937,0.7033472077696844,0.06958459777684234
0.4711934156378601,0.7033472077696844,0.06958413047535705
0.4711934156378601,0.7034339229968782,0.06958212634908278
0.47157244964262507,0.7034339229968782,0.06957624267956963
0.47157244964262507,0.7035206382240722,0.06957588576396367
0.4717890405024908,0.7035206382240722,0.06957236664534538
0.4717890405024908,0.703607353451266,0.06957212756027653
0.47184318821745724,0.703607353451266,0.0695714430598453
0.47184318821745724,0.7037807839056538,0.06956869559030476
0.4720056313623565,0.7037807839056538,0.06956045587692006
0.4720056313623565,0.7039542143600416,0.06955800433566028
0.47205977907732294,0.7039542143600416,0.06955639513457235
0.47205977907732294,0.7040409295872355,0.06955592962088808
0.47211392679228936,0.7040409295872355,0.06955430197826984
0.47211392679228936,0.7041276448144295,0.06954984545874887
0.4722222222222222,0.7041276448144295,0.06954573131628017
0.4722222222222222,0.7042143600416233,0.06954538889150008
0.47227636993718863,0.7042143600416233,0.06954521367763977
0.47227636993718863,0.7043877904960111,0.06954169830907975
0.47243881308208796,0.7043877904960111,0.0695399429970085
0.47243881308208796,0.7045612209503989,0.0695383320844929
0.4724929607970544,0.7045612209503989,0.06953804337989267
0.4724929607970544,0.7046479361775928,0.06953728211117682
0.4725471085120208,0.7046479361775928,0.06953606397686296
0.4725471085120208,0.7048213666319806,0.06953582146405002
0.47260125622698723,0.7048213666319806,0.06953563549048014
0.47260125622698723,0.7049947970863684,0.06953505722256526
0.4730885856616851,0.7049947970863684,0.0695292432036394
0.4730885856616851,0.7050815123135623,0.06952918148509823
0.47319688109161795,0.7050815123135623,0.06952583605134599
0.47319688109161795,0.7051682275407561,0.06952413445945371
0.4733051765215508,0.7051682275407561,0.06952160189520473
0.4733051765215508,0.7053416579951439,0.06951951619845742
0.4733593242365172,0.7053416579951439,0.0695174524698896
0.4733593242365172,0.7054283732223379,0.06951726629140764
0.4735759150963829,0.7054283732223379,0.06951259827148637
0.4735759150963829,0.7055150884495317,0.06951155027782452
0.47373835824128224,0.7055150884495317,0.06950976753870264
0.47373835824128224,0.7056885189039195,0.0695081295482487
0.47379250595624867,0.7056885189039195,0.069506035144409
0.47379250595624867,0.7058619493583074,0.06950405545776794
0.4739008013861815,0.7058619493583074,0.06950320944531074
0.4739008013861815,0.7059486645855012,0.06950041365812187
0.47395494910114794,0.7059486645855012,0.0695003334139701
0.47395494910114794,0.7060353798126952,0.06949958943172474
0.47400909681611436,0.7060353798126952,0.06949812274035971
0.47400909681611436,0.706122095039889,0.0694972165637886
0.4741173922460472,0.706122095039889,0.06949669780923795
0.4741173922460472,0.7064689559486645,0.0694854840671768
0.47417153996101363,0.7064689559486645,0.06948515641693764
0.47417153996101363,0.7065556711758585,0.06948480582994421
0.4744422785358458,0.7065556711758585,0.06947620588227466
0.4744422785358458,0.7067291016302463,0.0694692533881427
0.47449642625081223,0.7067291016302463,0.06946850150631811
0.47449642625081223,0.7068158168574402,0.06946838099879127
0.4746588693957115,0.7068158168574402,0.06946510079535373
0.4746588693957115,0.706902532084634,0.06946477316996358
0.47476716482564435,0.706902532084634,0.06946281676900168
0.47476716482564435,0.706989247311828,0.06946134407573279
0.47514619883040937,0.706989247311828,0.06945514600273417
0.47514619883040937,0.7075095386749913,0.06944736613176272
0.4752003465453758,0.7075095386749913,0.06944689423367789
0.4752003465453758,0.7075962539021852,0.06944506212441093
0.4752544942603422,0.7075962539021852,0.06944381239088737
0.4752544942603422,0.7078563995837669,0.06943735714680144
0.47530864197530864,0.7078563995837669,0.06943510984698786
0.47530864197530864,0.7079431148109608,0.06943485167174379
0.4754169374052415,0.7079431148109608,0.06943331729637037
0.4754169374052415,0.7080298300381547,0.06943210326360605
0.4754710851202079,0.7080298300381547,0.06943156256239269
0.4754710851202079,0.7081165452653486,0.06942830607127126
0.4756335282651072,0.7081165452653486,0.06942573761146198
0.4756335282651072,0.7083766909469302,0.0694228809059032
0.47568767598007367,0.7083766909469302,0.0694214756785192
0.47568767598007367,0.7085501214013181,0.06941944696848878
0.47585011912497294,0.7085501214013181,0.06941483329605003
0.47585011912497294,0.708636836628512,0.06941440852326841
0.4759584145549058,0.708636836628512,0.06941072805517945
0.4759584145549058,0.7087235518557059,0.06940952964907154
0.47606670998483863,0.7087235518557059,0.06940765768756796
0.47606670998483863,0.7089836975372875,0.06940437572763147
0.47639159627463723,0.7089836975372875,0.06940214139055323
0.47639159627463723,0.7090704127644815,0.06940042373072308
0.4768247779943686,0.7090704127644815,0.0693894982145451
0.4768247779943686,0.7091571279916753,0.06938809397307644
0.47687892570933504,0.7091571279916753,0.06938628758304266
0.47687892570933504,0.7092438432188692,0.0693857199698682
0.47698722113926795,0.7092438432188692,0.06938542754082277
0.47698722113926795,0.709503988900451,0.06938160296280982
0.4770955165692008,0.709503988900451,0.06938088396016662
0.4770955165692008,0.7097641345820326,0.06937999350795576
0.47720381199913364,0.7097641345820326,0.06937978079534601
0.47720381199913364,0.7099375650364204,0.0693775340577849
0.47725795971410007,0.7099375650364204,0.06937741308480594
0.47725795971410007,0.710284425945196,0.06937519354678456
0.47742040285899934,0.710284425945196,0.06937300653910516
0.47742040285899934,0.7104578563995838,0.06937216349342346
0.4776369937188651,0.7104578563995838,0.06936506200305326
0.4776369937188651,0.7105445716267776,0.06936470634920577
0.4778535845787308,0.7105445716267776,0.06935796538413497
0.4778535845787308,0.7106312868539716,0.06935556783128072
0.4779077322936972,0.7106312868539716,0.06935421472051839
0.4779077322936972,0.7108914325355532,0.06934776066097181
0.47796188000866363,0.7108914325355532,0.06934756689982091
0.47796188000866363,0.7109781477627471,0.06934493161992439
0.4780701754385965,0.7109781477627471,0.06934458562287205
0.4780701754385965,0.711064862989941,0.06934427964333167
0.4781784708685293,0.711064862989941,0.06934264399584955
0.4781784708685293,0.7116718695802983,0.06933178054010058
0.47823261858349575,0.7116718695802983,0.06932849819517206
0.47823261858349575,0.71193201526188,0.06932303986638
0.47834091401342865,0.71193201526188,0.0693178922951958
0.47834091401342865,0.7121921609434617,0.06930809641008429
0.4783950617283951,0.7121921609434617,0.06930809320685838
0.4783950617283951,0.7122788761706556,0.06930801196672709
0.47855750487329435,0.7122788761706556,0.06930475397529112
0.47855750487329435,0.7123655913978495,0.06930255596499113
0.47861165258826077,0.7123655913978495,0.0693023714193477
0.47861165258826077,0.7124523066250433,0.06929998623697231
0.4786658003032272,0.7124523066250433,0.06929955394673515
0.4786658003032272,0.7125390218522373,0.06929866916185023
0.4787199480181936,0.7125390218522373,0.06929498884744634
0.4787199480181936,0.7126257370794311,0.06929409194567482
0.47877409573316004,0.7126257370794311,0.06929329030622466
0.47877409573316004,0.712712452306625,0.06929316184910794
0.4788823911630929,0.712712452306625,0.06929151438218573
0.4788823911630929,0.7128858827610128,0.0692865700570946
0.47893653887805937,0.7128858827610128,0.06928501847538104
0.47893653887805937,0.7129725979882068,0.06928482407140613
0.4789906865930258,0.7129725979882068,0.06928286485900403
0.4789906865930258,0.7130593132154006,0.06928036991359687
0.4792614251678579,0.7130593132154006,0.06927689308410123
0.4792614251678579,0.7131460284425946,0.06927435249710867
0.4794238683127572,0.7131460284425946,0.06927071381965622
0.4794238683127572,0.7132327436697884,0.0692699483749808
0.47964045917262293,0.7132327436697884,0.06926173630844978
0.47964045917262293,0.7133194588969823,0.0692610484260674
0.4798029023175222,0.7133194588969823,0.069251520104463
0.4798029023175222,0.7134061741241762,0.06924523620217116
0.4800194931773879,0.7134061741241762,0.06924150321046807
0.4800194931773879,0.7134928893513701,0.06923983127289945
0.4801819363222872,0.7134928893513701,0.06923728666038187
0.4801819363222872,0.713579604578564,0.06923475260992618
0.48023608403725365,0.713579604578564,0.06923395176947111
0.48023608403725365,0.7136663198057579,0.06923365956823191
0.4806151180420186,0.7136663198057579,0.06922923842778173
0.4806151180420186,0.7137530350329517,0.06922909901750951
0.48066926575698504,0.7137530350329517,0.06922907188906713
0.48066926575698504,0.7139264654873396,0.06922702670030634
0.48072341347195147,0.7139264654873396,0.06922372097621188
0.48072341347195147,0.7140131807145335,0.06922238370291067
0.4808858566168508,0.7140131807145335,0.06922035825819561
0.4808858566168508,0.7140998959417274,0.06921914586460387
0.4811565951916829,0.7140998959417274,0.06921295167315478
0.4811565951916829,0.7141866111689212,0.06921198789105265
0.48121074290664934,0.7141866111689212,0.06921133546957914
0.48121074290664934,0.7142733263961152,0.06920687511412726
0.4813731860515486,0.7142733263961152,0.06920399027120605
0.4813731860515486,0.714360041623309,0.0692039768438899
0.48148148148148145,0.714360041623309,0.06920364525551714
0.48148148148148145,0.714446756850503,0.06920253323983183
0.4818605154862465,0.714446756850503,0.06919682538830085
0.4818605154862465,0.7145334720776968,0.06919652121737618
0.4819688109161793,0.7145334720776968,0.06919376621487383
0.4819688109161793,0.7147069025320847,0.06918763852513532
0.4822395494910115,0.7147069025320847,0.06918060929821879
0.4822395494910115,0.7147936177592785,0.06917949462311679
0.48240199263591077,0.7147936177592785,0.06917609384539358
0.48240199263591077,0.7148803329864725,0.06917553170650992
0.4825102880658436,0.7148803329864725,0.06917547022727222
0.4825102880658436,0.7149670482136663,0.06917419189969709
0.48256443578081004,0.7149670482136663,0.06917380814526153
0.48256443578081004,0.715227193895248,0.06917077855170506
0.48261858349577647,0.715227193895248,0.06916999034063975
0.48261858349577647,0.7154006243496358,0.06916972804175248
0.4826727312107429,0.7154006243496358,0.06916830279708508
0.4826727312107429,0.7155740548040236,0.06916584537791426
0.48288932207060864,0.7155740548040236,0.06916351570906665
0.48288932207060864,0.7158342004856053,0.06915750334602766
0.48294346978557506,0.7158342004856053,0.06915496658413911
0.48294346978557506,0.7159209157127991,0.06915374229553306
0.4829976175005415,0.7159209157127991,0.06915271215077978
0.4829976175005415,0.7160943461671869,0.06915046450757645
0.4830517652155079,0.7160943461671869,0.06914993445645123
0.4830517652155079,0.7161810613943809,0.06914378299420298
0.48332250379034003,0.7161810613943809,0.06913142876382072
0.48332250379034003,0.7162677766215747,0.06913077633047271
0.48337665150530645,0.7162677766215747,0.06912994159412533
0.48337665150530645,0.7164412070759626,0.06911989298574972
0.48348494693523936,0.7164412070759626,0.069119143174178
0.48348494693523936,0.7165279223031564,0.06911913881000609
0.48364739008013863,0.7165279223031564,0.06911644540776196
0.48364739008013863,0.7166146375303504,0.06911601290013825
0.48370153779510505,0.7166146375303504,0.06911545595605517
0.48370153779510505,0.7167880679847382,0.06911526054137451
0.4837556855100715,0.7167880679847382,0.06911329684705492
0.4837556855100715,0.716874783211932,0.06911233883623424
0.4840264240849036,0.716874783211932,0.06910707457195042
0.4840264240849036,0.7172216441207075,0.06910168144595841
0.48408057179987,0.7172216441207075,0.06910164330043789
0.48408057179987,0.7173950745750954,0.06910123236368859
0.4841888672298029,0.7173950745750954,0.06909632340252925
0.4841888672298029,0.7174817898022893,0.06909519757762328
0.48424301494476935,0.7174817898022893,0.06909343334263585
0.48424301494476935,0.717655220256677,0.0690917344588331
0.48451375351960146,0.717655220256677,0.06908627780584053
0.48451375351960146,0.717741935483871,0.06908302128168042
0.4845679012345679,0.717741935483871,0.06908007112500969
0.4845679012345679,0.7179153659382588,0.0690740011936346
0.4848927875243665,0.7179153659382588,0.06906651437203903
0.4848927875243665,0.7180020811654526,0.0690657575728153
0.4849469352393329,0.7180020811654526,0.06906128804651734
0.4849469352393329,0.7182622268470343,0.06905868815605665
0.48500108295429933,0.7182622268470343,0.06905824410118999
0.48500108295429933,0.7183489420742283,0.06905823243488718
0.4851093783842322,0.7183489420742283,0.06905598505422628
0.4851093783842322,0.7184356573014221,0.06905477554542339
0.4851635260991986,0.7184356573014221,0.06905393287804729
0.4851635260991986,0.7186090877558099,0.06905310444938628
0.48527182152913145,0.7186090877558099,0.06905076230372309
0.48527182152913145,0.7188692334373916,0.0690495930558579
0.4853259692440979,0.7188692334373916,0.06904550616235583
0.4853259692440979,0.7190426638917794,0.06904377016207652
0.4853801169590643,0.7190426638917794,0.06904372466191422
0.4853801169590643,0.7192160943461672,0.06904091978400695
0.4854342646740308,0.7192160943461672,0.06904007316718608
0.4854342646740308,0.7193028095733611,0.06903902422352148
0.4855425601039636,0.7193028095733611,0.06903741740561786
0.4855425601039636,0.7194762400277489,0.06903213896842741
0.48559670781893005,0.7194762400277489,0.06903100412462138
0.48559670781893005,0.7196496704821367,0.06903007957379792
0.4856508555338965,0.7196496704821367,0.06902805226417841
0.4856508555338965,0.7198231009365245,0.0690270393203749
0.48581329867879575,0.7198231009365245,0.06902361012051261
0.48581329867879575,0.7200832466181062,0.0690211852158471
0.4859215941087286,0.7200832466181062,0.06901807144535832
0.4859215941087286,0.720256677072494,0.06901563961778123
0.485975741823695,0.720256677072494,0.06901558302642541
0.485975741823695,0.7203433922996878,0.06901359087584247
0.48640892354342646,0.7203433922996878,0.06900289835075624
0.48640892354342646,0.7204301075268817,0.06900099057997888
0.4865172189733593,0.7204301075268817,0.0690001639731419
0.4865172189733593,0.7205168227540756,0.0690000101680659
0.48657136668832573,0.7205168227540756,0.06899973250353009
0.48657136668832573,0.7206902532084634,0.06899731802182774
0.48662551440329216,0.7206902532084634,0.06899376637063015
0.48662551440329216,0.7207769684356573,0.06899340024732958
0.4866796621182586,0.7207769684356573,0.06899222650001646
0.4866796621182586,0.7208636836628513,0.06899113453458972
0.4867879575481915,0.7208636836628513,0.0689842548819175
0.4867879575481915,0.7209503988900451,0.06898403808266362
0.4868421052631579,0.7209503988900451,0.06898219812232176
0.4868421052631579,0.7213839750260146,0.06897325967453338
0.48689625297812433,0.7213839750260146,0.06897205056626343
0.48689625297812433,0.7215574054804024,0.06896682820359401
0.4870045484080572,0.7215574054804024,0.06896365305106467
0.4870045484080572,0.7216441207075962,0.06896085491179038
0.48711284383799003,0.7216441207075962,0.06895653807370894
0.48711284383799003,0.7217308359347901,0.068954790807779
0.48716699155295645,0.7217308359347901,0.06895300788610514
0.48716699155295645,0.7218175511619841,0.06895231289779802
0.4873294346978557,0.7218175511619841,0.06894910378786734
0.4873294346978557,0.7219042663891779,0.06894735329998603
0.4876001732726879,0.7219042663891779,0.06894089011374893
0.4876001732726879,0.7219909816163719,0.06894035295298839
0.4876543209876543,0.7219909816163719,0.06893717794901333
0.4876543209876543,0.7220776968435657,0.06893455676380777
0.48770846870262075,0.7220776968435657,0.0689342384580438
0.48770846870262075,0.7221644120707597,0.06893339858411407
0.48776261641758717,0.7221644120707597,0.06893062138902373
0.48776261641758717,0.7222511272979535,0.06893061821908075
0.4881957981373186,0.7222511272979535,0.06891519868878482
0.4881957981373186,0.7225112729795352,0.06891383903103865
0.48824994585228504,0.7225112729795352,0.06891383717179922
0.48824994585228504,0.722597988206729,0.0689135248525119
0.48846653671215073,0.722597988206729,0.06890939918659189
0.48846653671215073,0.722684703433923,0.06890873139914122
0.48879142300194933,0.722684703433923,0.06890026044174724
0.48879142300194933,0.7227714186611169,0.06890003463471084
0.4889538661468486,0.7227714186611169,0.0688891584203708
0.4889538661468486,0.7228581338883108,0.0688867004349456
0.489008013861815,0.7228581338883108,0.06888597084619952
0.489008013861815,0.7230315643426986,0.0688795745385764
0.48938704786658005,0.7230315643426986,0.06886882227442004
0.48938704786658005,0.7231182795698925,0.06886835067107255
0.4894953432965129,0.7231182795698925,0.06886788217444417
0.4894953432965129,0.7232917100242803,0.06886703386469684
0.48965778644141217,0.7232917100242803,0.0688623083180504
0.48965778644141217,0.7233784252514741,0.06886004372206611
0.4897119341563786,0.7233784252514741,0.06885999031251466
0.4897119341563786,0.7234651404786681,0.06885896316018192
0.489766081871345,0.7234651404786681,0.06885794117027566
0.489766081871345,0.7238120013874436,0.06885306546073311
0.4899285250162443,0.7238120013874436,0.0688486424040129
0.4899285250162443,0.7238987166146376,0.06884838231766621
0.48998267273121077,0.7238987166146376,0.06884833715457228
0.48998267273121077,0.7239854318418314,0.06884640121514596
0.4900368204461772,0.7239854318418314,0.06884448494510553
0.4900368204461772,0.7240721470690253,0.06884274827114822
0.4903075590210093,0.7240721470690253,0.06883546389870832
0.4903075590210093,0.7241588622962192,0.06883508335998378
0.4904700021659086,0.7241588622962192,0.06883358685570817
0.4904700021659086,0.7242455775234131,0.06883324561678306
0.490524149880875,0.7242455775234131,0.06883272826161213
0.490524149880875,0.7244190079778009,0.06883128451078901
0.49057829759584143,0.7244190079778009,0.06883065910709774
0.49057829759584143,0.7245057232049948,0.06882924124896972
0.49090318388564,0.7245057232049948,0.06882549910295621
0.49090318388564,0.7246791536593826,0.06882374961456805
0.49095733160060645,0.7246791536593826,0.06881819061715144
0.49095733160060645,0.7249392993409642,0.06881656079432918
0.4911197747455057,0.7249392993409642,0.06881425947097752
0.4911197747455057,0.7250260145681582,0.06881403796538521
0.49149880875027074,0.7250260145681582,0.0688055898063229
0.49149880875027074,0.725112729795352,0.06880514814423644
0.4916071041802036,0.725112729795352,0.06880454990947737
0.4916071041802036,0.725199445022546,0.0688043844483408
0.49166125189517,0.725199445022546,0.06880326024053818
0.49166125189517,0.7254595907041277,0.06880180091393884
0.49171539961013644,0.7254595907041277,0.06880175754822937
0.49171539961013644,0.7255463059313215,0.0688010385693727
0.4918236950400693,0.7255463059313215,0.06879903149858402
0.4918236950400693,0.7256330211585155,0.06879640594187597
0.4919319904700022,0.7256330211585155,0.06879288535659289
0.4919319904700022,0.7257197363857093,0.06879263222774146
0.4919861381849686,0.7257197363857093,0.06879096698916176
0.4919861381849686,0.7258064516129032,0.06879038837402773
0.49204028589993504,0.7258064516129032,0.06878969409121094
0.49204028589993504,0.7258931668400971,0.06878938906281618
0.4921485813298679,0.7258931668400971,0.0687864355812513
0.4921485813298679,0.725979882067291,0.06878530121758875
0.4922027290448343,0.725979882067291,0.06878154170733697
0.4922027290448343,0.7260665972944849,0.06877836582220676
0.49225687675980073,0.7260665972944849,0.06877821686008567
0.49225687675980073,0.7261533125216788,0.06877768673088402
0.4923651721897336,0.7261533125216788,0.06877711883648607
0.4923651721897336,0.7263267429760666,0.06877413917481534
0.4924193199047,0.7263267429760666,0.06877399492594205
0.4924193199047,0.7264134582032605,0.06877319214061206
0.4926900584795322,0.7264134582032605,0.06876658674820946
0.4926900584795322,0.7266736038848421,0.06876188788924464
0.492798353909465,0.7266736038848421,0.0687551050636035
0.492798353909465,0.7267603191120361,0.06875432091682221
0.49323153562919647,0.7267603191120361,0.06874434156577691
0.49323153562919647,0.7268470343392299,0.06873994786105553
0.4932856833441629,0.7268470343392299,0.06873906752827441
0.4932856833441629,0.7269337495664239,0.0687385248808643
0.4933398310591293,0.7269337495664239,0.06873792214031438
0.4933398310591293,0.7272806104751994,0.0687348209117773
0.493556421918995,0.7272806104751994,0.06873257276217415
0.493556421918995,0.727627471383975,0.068728102523127
0.49366471734892786,0.727627471383975,0.06872302129592667
0.49366471734892786,0.7278009018383628,0.0687201528320196
0.49382716049382713,0.7278009018383628,0.06871864950048523
0.49382716049382713,0.7280610475199445,0.06871742571124018
0.4938813082087936,0.7280610475199445,0.06871731529747893
0.4938813082087936,0.7281477627471384,0.06871718520206915
0.49393545592376004,0.7281477627471384,0.06871639825838094
0.49393545592376004,0.7283211932015262,0.06871398989750888
0.4940437513536929,0.7283211932015262,0.06871193265340914
0.4940437513536929,0.728494623655914,0.06871064948655103
0.49420619449859216,0.728494623655914,0.06870902526054845
0.49420619449859216,0.7285813388831078,0.06870776277155821
0.4943686376434914,0.7285813388831078,0.06870596732315803
0.4943686376434914,0.7287547693374956,0.06870578090460477
0.4943686376434914,0.7288414845646896,0.06870431889772499
0.49474767164825645,0.7288414845646896,0.06869975680562534
0.49474767164825645,0.7289281997918835,0.06869889122104045
0.4948018193632229,0.7289281997918835,0.06869795762473951
0.4948018193632229,0.7290149150190773,0.06869684130634335
0.49496426250812214,0.7290149150190773,0.06869114670123011
0.49496426250812214,0.7294484911550468,0.06868734894179518
0.49501841022308857,0.7294484911550468,0.06868664301521088
0.49501841022308857,0.7297953520638224,0.06868304673153736
0.495072557938055,0.7297953520638224,0.06868298571254261
0.495072557938055,0.7298820672910163,0.06868259213530403
0.4951267056530214,0.7298820672910163,0.06868073527287111
0.4951267056530214,0.7299687825182102,0.06868012764731524
0.4952350010829543,0.7299687825182102,0.06867927863934953
0.4952350010829543,0.7300554977454041,0.06867886245834964
0.49534329651288717,0.7300554977454041,0.06867678489680507
0.49534329651288717,0.7303156434269857,0.06867360748231954
0.49545159194282,0.7303156434269857,0.06867056209911371
0.49545159194282,0.7304023586541797,0.06866975925014196
0.49550573965778644,0.7304023586541797,0.06866748307587334
0.49550573965778644,0.7306625043357614,0.06866322519741463
0.4956681828026857,0.7306625043357614,0.06866048946495695
0.4956681828026857,0.730922650017343,0.0686590323103562
0.49572233051765213,0.730922650017343,0.0686584830373802
0.49572233051765213,0.731009365244537,0.06865847720160412
0.49583062594758504,0.731009365244537,0.06865767028064762
0.49583062594758504,0.7310960804717308,0.0686539870014975
0.49631795538228285,0.7310960804717308,0.0686435704479591
0.49631795538228285,0.7311827956989247,0.06864209819428657
0.4963721030972493,0.7311827956989247,0.06863999855895919
0.4963721030972493,0.7312695109261186,0.06863858664846911
0.4964262508122157,0.7312695109261186,0.06863815296953435
0.4964262508122157,0.7314429413805064,0.06863639405890254
0.4965345462421486,0.7314429413805064,0.0686340351802186
0.4965345462421486,0.7315296566077003,0.0686334598616214
0.4967511371020143,0.7315296566077003,0.06863081067252153
0.4967511371020143,0.7319632327436698,0.06862322890000527
0.4968052848169807,0.7319632327436698,0.06862307292119163
0.4968052848169807,0.7320499479708636,0.06862121489022854
0.49685943253194714,0.7320499479708636,0.0686211811631876
0.49685943253194714,0.7322233784252514,0.0686198855060729
0.4970218756768464,0.7322233784252514,0.0686140043995489
0.4970218756768464,0.7323100936524454,0.0686128213046
0.49707602339181284,0.7323100936524454,0.06861227260923752
0.49707602339181284,0.7323968088796393,0.06861218654629586
0.49718431882174574,0.7323968088796393,0.06860976283728348
0.49718431882174574,0.7324835241068332,0.068609324438621
0.49723846653671216,0.7324835241068332,0.06860927947453321
0.49723846653671216,0.7325702393340271,0.06860896484507006
0.4972926142516786,0.7325702393340271,0.06860886134784638
0.4972926142516786,0.7326569545612209,0.06860643618138274
0.497346761966645,0.7326569545612209,0.06860495163508218
0.497346761966645,0.7328303850156087,0.06860433536603194
0.49740090968161144,0.7328303850156087,0.06860385477233888
0.49740090968161144,0.7329171002428027,0.06860274390933352
0.49745505739657786,0.7329171002428027,0.06860057038024703
0.49745505739657786,0.7330905306971904,0.06859800870820809
0.49767164825644356,0.7330905306971904,0.06859482037344211
0.49767164825644356,0.7331772459243843,0.06859465883479454
0.49799653454624215,0.7331772459243843,0.06858308898138654
0.49799653454624215,0.7332639611515782,0.06858162367943499
0.4980506822612086,0.7332639611515782,0.06858069469704753
0.4980506822612086,0.733437391605966,0.06857146523064306
0.498104829976175,0.733437391605966,0.06856993475549555
0.498104829976175,0.7336108220603538,0.0685687920964182
0.49821312540610785,0.7336108220603538,0.06856472358846388
0.49821312540610785,0.7339576829691293,0.06855934984310608
0.4983214208360407,0.7339576829691293,0.06855847826685046
0.4983214208360407,0.7342178286507111,0.06855775985800072
0.4983755685510071,0.7342178286507111,0.0685553830121921
0.4983755685510071,0.7344779743322928,0.06855387907581556
0.49859215941087287,0.7344779743322928,0.06855169154198815
0.49859215941087287,0.7346514047866806,0.06854759290105084
0.49875460255577214,0.7346514047866806,0.06854140381935747
0.49875460255577214,0.7347381200138744,0.06854051987929455
0.498862897985705,0.7347381200138744,0.0685386565266346
0.498862897985705,0.7348248352410683,0.06853787543687262
0.49913363656053716,0.7348248352410683,0.0685306154250549
0.49913363656053716,0.7349982656954561,0.06852907723027779
0.49929607970543644,0.7349982656954561,0.0685251502100086
0.49929607970543644,0.7350849809226501,0.06852312603947985
0.4994585228503357,0.7350849809226501,0.06851856466022133
0.4994585228503357,0.7352584113770378,0.06851561930541505
0.49951267056530213,0.7352584113770378,0.06851279083663564
0.49951267056530213,0.7357787027402012,0.06850905820385544
0.49956681828026855,0.7357787027402012,0.068508780672766
0.49956681828026855,0.7360388484217829,0.06850705843625637
0.499620965995235,0.7360388484217829,0.06850672099879573
0.499620965995235,0.7361255636489767,0.06850471338174802
0.4997292614251679,0.7361255636489767,0.06850294297905135
0.4997292614251679,0.7362989941033645,0.06850191842406961
0.49983755685510073,0.7362989941033645,0.0684984378780713
0.49983755685510073,0.7364724245577523,0.06849723813952258
0.4999458522850336,0.7364724245577523,0.06849570253842896
0.4999458522850336,0.7366458550121401,0.06849343905474359
0.5001082954299328,0.7366458550121401,0.06849167767246311
0.5001082954299328,0.736732570239334,0.06848992255908404
0.5001624431448993,0.736732570239334,0.0684882604951278
0.5001624431448993,0.7369927159209158,0.06848261291958102
0.5002165908598657,0.7369927159209158,0.06848199474493732
0.5002165908598657,0.7370794311481096,0.0684819439342994
0.500379034004765,0.7370794311481096,0.0684800511142043
0.5004873294346979,0.7370794311481096,0.06847988066801425
0.5006497725795972,0.7370794311481096,0.06847585134350487
0.5006497725795972,0.7372528616024974,0.06847471177050957
0.5007039202945636,0.7372528616024974,0.0684742897831363
0.5007039202945636,0.7373395768296913,0.06847388802753218
0.5008663634394629,0.7373395768296913,0.06846900152320323
0.5008663634394629,0.7374262920568851,0.06846766209982769
0.5010288065843621,0.7374262920568851,0.06846548197934887
0.5010288065843621,0.7375130072840791,0.0684651333299151
0.5010829542993286,0.7375130072840791,0.06846354784132647
0.5010829542993286,0.7376864377384669,0.06846049237386498
0.501137102014295,0.7376864377384669,0.06845866565392122
0.501137102014295,0.7379465834200486,0.06845049648231294
0.5012995451591943,0.7379465834200486,0.06844571902830965
0.5012995451591943,0.7380332986472424,0.06844513732247237
0.5013536928741608,0.7380332986472424,0.06844406190542629
0.5013536928741608,0.7382067291016302,0.0684426525622579
0.5014619883040936,0.7382067291016302,0.06844042483606283
0.5014619883040936,0.738380159556018,0.06843913520885869
0.5016244314489928,0.738380159556018,0.0684354830354339
0.5016244314489928,0.7384668747832119,0.06843499592756985
0.5018410223088585,0.7384668747832119,0.06843003490971711
0.5018410223088585,0.7385535900104059,0.0684294085124888
0.5021659085986572,0.7385535900104059,0.0684208748707591
0.5021659085986572,0.7386403052375997,0.06841832327760189
0.5022200563136235,0.7386403052375997,0.06841714794059106
0.5022200563136235,0.7387270204647937,0.0684159782573408
0.50227420402859,0.7387270204647937,0.06841581260823792
0.50227420402859,0.7388137356919875,0.06841563835145337
0.5023283517435564,0.7388137356919875,0.06841558593633201
0.5023283517435564,0.7389004509191814,0.06841553705510028
0.5025990903183886,0.7389004509191814,0.06841068347893664
0.5025990903183886,0.739160596600763,0.0684087967378233
0.502653238033355,0.739160596600763,0.0684076504024298
0.502653238033355,0.739247311827957,0.06840745836491235
0.5027073857483214,0.739247311827957,0.0684040837081894
0.5027073857483214,0.7394207422823448,0.06840347658329748
0.5027615334632879,0.7394207422823448,0.0684026114442331
0.5027615334632879,0.7395074575095387,0.06840242583090372
0.5028698288932207,0.7395074575095387,0.0683997701220378
0.5028698288932207,0.7395941727367326,0.06839735230114963
0.5030864197530864,0.7395941727367326,0.06838919592923176
0.5030864197530864,0.7396808879639265,0.06838895138517209
0.5032488628979858,0.7396808879639265,0.06838708562549045
0.5032488628979858,0.7397676031911203,0.0683855622104379
0.5033030106129521,0.7397676031911203,0.06838535829372616
0.5033030106129521,0.7398543184183143,0.06838090914619199
0.5035196014728178,0.7398543184183143,0.06837549312023516
0.5035196014728178,0.7400277488727021,0.06837192749648091
0.5036820446177172,0.7400277488727021,0.06836496259275648
0.5036820446177172,0.7401144640998959,0.06836379681264582
0.5038444877626164,0.7401144640998959,0.06835970166476035
0.5038444877626164,0.7402011793270898,0.06835900383433491
0.5038986354775828,0.7402011793270898,0.06835852664468622
0.5038986354775828,0.7402878945542838,0.06835847544423146
0.5040069309075157,0.7402878945542838,0.06835540136501339
0.5040069309075157,0.7404613250086716,0.06835433238825561
0.5040610786224822,0.7404613250086716,0.06835245063931339
0.5040610786224822,0.7405480402358654,0.06835200551774867
0.5042235217673814,0.7405480402358654,0.06834867971968772
0.5042235217673814,0.7407214706902532,0.06834423681362978
0.5046025557721464,0.7407214706902532,0.0683338407402545
0.5046025557721464,0.7408081859174471,0.06833343317308316
0.5046567034871129,0.7408081859174471,0.06833271923561135
0.5046567034871129,0.740894901144641,0.06833250290204385
0.5048191466320121,0.740894901144641,0.06833116854664256
0.5048191466320121,0.7410683315990287,0.06833007823504289
0.5052523283517436,0.7410683315990287,0.06832235887102334
0.5052523283517436,0.7414151925078044,0.06831465382677804
0.5053606237816765,0.7414151925078044,0.06831434102402678
0.5053606237816765,0.7415019077349982,0.06831384604507917
0.5054147714966428,0.7415019077349982,0.06831360337653525
0.5054147714966428,0.741675338189386,0.06831130119534845
0.5054689192116093,0.741675338189386,0.06830721665855433
0.5054689192116093,0.74176205341658,0.06830656272564894
0.5055772146415421,0.74176205341658,0.06830600469299464
0.5055772146415421,0.7418487686437738,0.06830407236612945
0.5057396577864414,0.7418487686437738,0.06830211345304926
0.5057396577864414,0.7419354838709677,0.06830176117662856
0.5057938055014078,0.7419354838709677,0.06829973377455098
0.5057938055014078,0.7421089143253555,0.06829567661593239
0.5058479532163743,0.7421089143253555,0.06829389059509894
0.5058479532163743,0.7423690600069373,0.0682930625296605
0.5059562486463072,0.7423690600069373,0.0682886056022678
0.5059562486463072,0.742542490461325,0.06828594387617315
0.5062269872211392,0.742542490461325,0.06827935525219297
0.5062269872211392,0.7426292056885189,0.06827935298828702
0.5062811349361057,0.7426292056885189,0.0682772104190219
0.5062811349361057,0.7428893513701006,0.06827461579075922
0.5064977257959714,0.7428893513701006,0.06826713290195063
0.5064977257959714,0.7429760665972945,0.06826671375603932
0.5066060212259043,0.7429760665972945,0.06826322189208955
0.5066060212259043,0.7431494970516823,0.0682625024913377
0.5066601689408707,0.7431494970516823,0.06825993051367285
0.5066601689408707,0.7433229275060701,0.06825800448176023
0.50682261208577,0.7433229275060701,0.06825266812275665
0.50682261208577,0.7434096427332639,0.06825255880406988
0.5068767598007364,0.7434096427332639,0.06825248680587115
0.5068767598007364,0.7434963579604579,0.06825137280252003
0.5069309075157028,0.7434963579604579,0.06825087828065368
0.5069309075157028,0.7435830731876517,0.06824971960145754
0.5069850552306693,0.7435830731876517,0.06824946242254781
0.5069850552306693,0.7437565036420395,0.06824849642747766
0.5070933506606021,0.7437565036420395,0.06824732297021585
0.5070933506606021,0.7439299340964274,0.06824684763120525
0.5071474983755686,0.7439299340964274,0.06824548560097043
0.5071474983755686,0.7440166493236212,0.06824486904003568
0.5075265323803335,0.7440166493236212,0.06823697452496869
0.5075265323803335,0.7441033645508152,0.06823601319645767
0.5076348278102664,0.7441033645508152,0.06823457378000675
0.5076348278102664,0.744190079778009,0.06823450934500852
0.5076889755252328,0.744190079778009,0.06823319405037642
0.5076889755252328,0.7442767950052029,0.06822989735187734
0.5077431232401992,0.7442767950052029,0.06822979619943204
0.5077431232401992,0.7443635102323968,0.0682284630879526
0.5078514186701322,0.7443635102323968,0.06822618440445227
0.5078514186701322,0.7447970863683663,0.06821900788401081
0.5079055663850985,0.7447970863683663,0.06821761734038523
0.5079055663850985,0.7449705168227541,0.06821695918424786
0.507959714100065,0.7449705168227541,0.06821558564695729
0.507959714100065,0.745057232049948,0.06821252623916463
0.5080680095299979,0.745057232049948,0.06821009418999924
0.5080680095299979,0.7453173777315296,0.06820366601730021
0.5081221572449642,0.7453173777315296,0.06820338028665995
0.5081221572449642,0.7454040929587236,0.0682014444727772
0.5081763049599307,0.7454040929587236,0.06820106138482562
0.5081763049599307,0.7454908081859174,0.06820057084766251
0.5082304526748971,0.7454908081859174,0.06819975596471473
0.5082304526748971,0.7455775234131113,0.068197533788241
0.5082846003898636,0.7455775234131113,0.06819688072866037
0.5082846003898636,0.7456642386403053,0.06819647498917725
0.5083387481048299,0.7456642386403053,0.06819382096019955
0.5083387481048299,0.7459243843218869,0.06818831572639317
0.5083928958197964,0.7459243843218869,0.06818825890390956
0.5083928958197964,0.7460978147762747,0.06818691994496806
0.5084470435347629,0.7460978147762747,0.06818558021617638
0.5084470435347629,0.7463579604578564,0.06818491956723616
0.508717782109595,0.7463579604578564,0.06818222885310044
0.508717782109595,0.7468782518210197,0.06817833267831586
0.5087719298245614,0.7468782518210197,0.06817311505408452
0.5087719298245614,0.7469649670482137,0.06817278658629045
0.5092592592592593,0.7469649670482137,0.06816635712010499
0.5092592592592593,0.7471383975026015,0.06816313311377109
0.5094217024041585,0.7471383975026015,0.068160526502963
0.5094217024041585,0.747485258411377,0.06815779850970238
0.5095841455490578,0.747485258411377,0.06815524392779082
0.5095841455490578,0.747571973638571,0.06815504774443237
0.5096382932640242,0.747571973638571,0.0681544916059651
0.5096382932640242,0.7476586888657648,0.06815419553083935
0.50985488412389,0.7476586888657648,0.06815156229250041
0.50985488412389,0.7477454040929588,0.06814906459117309
0.5099090318388564,0.7477454040929588,0.06814752498145005
0.5099090318388564,0.7478321193201526,0.06814748458132369
0.5102880658436214,0.7478321193201526,0.06814215029581883
0.5102880658436214,0.7479188345473465,0.06813935577391605
0.5104505089885207,0.7479188345473465,0.06813553140488882
0.5104505089885207,0.7480055497745404,0.0681345903358288
0.5105046567034871,0.7480055497745404,0.06813438947830108
0.5105046567034871,0.7481789802289281,0.06813111349454481
0.51061295213342,0.7481789802289281,0.06812974603024236
0.51061295213342,0.7482656954561221,0.06812555564957257
0.5107212475633528,0.7482656954561221,0.06812519125183458
0.5107212475633528,0.748352410683316,0.06812483716737461
0.5109378384232185,0.748352410683316,0.06811366994826118
0.5109378384232185,0.7484391259105099,0.06811356220603493
0.5110461338531515,0.7484391259105099,0.06811037598240688
0.5110461338531515,0.7485258411377038,0.06811015138229637
0.5111544292830843,0.7485258411377038,0.06810975993497026
0.5111544292830843,0.7486125563648977,0.06810944333179769
0.5115334632878492,0.7486125563648977,0.06809314146241707
0.5115334632878492,0.7487859868192854,0.06809183743993641
0.5116417587177821,0.7487859868192854,0.06809107285043314
0.5116417587177821,0.7489594172736732,0.06808875607333742
0.511750054147715,0.7489594172736732,0.06808869320013922
0.511750054147715,0.7491328477280611,0.06808558525991315
0.5120749404375136,0.7491328477280611,0.068079572583849
0.5120749404375136,0.7493062781824489,0.06807700315771892
0.5121832358674464,0.7493062781824489,0.06807536724717878
0.5121832358674464,0.7493929934096427,0.06807500813952405
0.5123998267273121,0.7493929934096427,0.06807108218880398
0.5123998267273121,0.7495664238640305,0.06807084408921038
0.5124539744422786,0.7495664238640305,0.06806979258695489
0.5124539744422786,0.7498265695456122,0.06806738455314054
0.512508122157245,0.7498265695456122,0.06806494129846996
0.512508122157245,0.749913284772806,0.06806455189496807
0.5126705653021443,0.749913284772806,0.06805789042161381
0.5126705653021443,0.75,0.06805551930875975
0.5127788607320771,0.75,0.06805090916090895
0.5127788607320771,0.750086715227194,0.068050905943694
0.5130495993069093,0.750086715227194,0.06804907880803501
0.5130495993069093,0.7501734304543878,0.06804845596339915
0.5131037470218757,0.7501734304543878,0.06804519763342554
0.5131037470218757,0.7502601456815817,0.06804171990529628
0.5131578947368421,0.7502601456815817,0.06804139666404407
0.5131578947368421,0.7504335761359695,0.06803962800815566
0.513266190166775,0.7504335761359695,0.06803890815741842
0.513266190166775,0.7506937218175511,0.06803771466231212
0.5134286333116742,0.7506937218175511,0.06803217663045191
0.5134286333116742,0.7508671522719389,0.06802924948039424
0.5135369287416071,0.7508671522719389,0.06802420567476397
0.5135369287416071,0.7509538674991328,0.06802243319148449
0.5135910764565735,0.7509538674991328,0.06802226407283873
0.5135910764565735,0.7511272979535206,0.06802078342975104
0.5138076673164392,0.7511272979535206,0.06801450654164909
0.5138076673164392,0.7513874436351023,0.06801168226387033
0.5138618150314057,0.7513874436351023,0.06801144342684351
0.5138618150314057,0.7517343045438779,0.06800979301430843
0.5144574398960364,0.7517343045438779,0.0680016715299685
0.5144574398960364,0.7518210197710719,0.06800129141879818
0.5145115876110028,0.7518210197710719,0.06799960679505035
0.5145115876110028,0.7526014568158168,0.06799444832047818
0.5146198830409356,0.7526014568158168,0.06799262758612845
0.5146198830409356,0.7529483177245925,0.06798381196789482
0.5146740307559021,0.7529483177245925,0.06798287630098976
0.5146740307559021,0.7530350329517863,0.06797995577299254
0.5148906216157678,0.7530350329517863,0.06797428999585486
0.5148906216157678,0.7532084634061741,0.06797377999124254
0.5149447693307343,0.7532084634061741,0.06797352620667829
0.5149447693307343,0.753295178633368,0.0679711279746753
0.5152155079055664,0.753295178633368,0.06796371532889811
0.5152155079055664,0.7533818938605619,0.06796347761369725
0.5152696556205328,0.7533818938605619,0.06796318768081222
0.5152696556205328,0.7535553243149498,0.06796255753337932
0.5153779510504657,0.7535553243149498,0.06795881650404412
0.5153779510504657,0.7537287547693375,0.06795422810856167
0.5155945419103314,0.7537287547693375,0.06794810472946189
0.5155945419103314,0.7539021852237253,0.06794505727667799
0.5157569850552307,0.7539021852237253,0.06794301502967759
0.5157569850552307,0.7539889004509192,0.06794225886076388
0.5159735759150964,0.7539889004509192,0.06794186953633075
0.5159735759150964,0.7540756156781131,0.06794115861177197
0.5161360190599956,0.7540756156781131,0.06793915897202596
0.5161360190599956,0.7541623309053069,0.06793864564954699
0.5164067576348278,0.7541623309053069,0.06792604534619073
0.5164067576348278,0.7542490461325009,0.06792568564769885
0.5164609053497943,0.7542490461325009,0.06792484179654323
0.5164609053497943,0.7545959070412764,0.0679236557057219
0.51667749620966,0.7545959070412764,0.06791983359366105
0.51667749620966,0.7546826222684704,0.06791860131908956
0.5169482347844921,0.7546826222684704,0.06791053344008446
0.5169482347844921,0.7547693374956642,0.0679097535286517
0.5170023824994585,0.7547693374956642,0.0679088129705605
0.5170023824994585,0.7548560527228582,0.06790856373105325
0.517056530214425,0.7548560527228582,0.06790852760729726
0.517056530214425,0.754942767950052,0.06790824765009429
0.5172189733593242,0.754942767950052,0.06790612397240059
0.5172189733593242,0.7551161984044398,0.0679031374068646
0.5172731210742907,0.7551161984044398,0.06789948354857867
0.5172731210742907,0.7552896288588276,0.06789864913339883
0.5174355642191899,0.7552896288588276,0.06789585159714506
0.5174355642191899,0.7555497745404093,0.06788761184825454
0.5175438596491229,0.7555497745404093,0.06788574857680807
0.5175438596491229,0.7557232049947971,0.0678849204701415
0.5175980073640892,0.7557232049947971,0.06788474742792605
0.5175980073640892,0.755809920221991,0.0678830768894867
0.5177063027940221,0.755809920221991,0.06788137299672803
0.5177063027940221,0.7558966354491848,0.06788027851672696
0.5177604505089886,0.7558966354491848,0.06788015875128117
0.5177604505089886,0.7560700659035726,0.06787624458564867
0.5179770413688543,0.7560700659035726,0.06786756769117352
0.5179770413688543,0.7561567811307666,0.06786626973558563
0.5181394845137535,0.7561567811307666,0.06786360045914575
0.5181394845137535,0.7562434963579605,0.0678618281241663
0.518572666233485,0.7562434963579605,0.06785234854325628
0.518572666233485,0.7566770724939299,0.06784505492700776
0.5187892570933507,0.7566770724939299,0.06784101091018213
0.5187892570933507,0.7569372181755116,0.067837908334202
0.5188975525232835,0.7569372181755116,0.06783671860435514
0.5188975525232835,0.7571106486298994,0.06783351065419785
0.5190058479532164,0.7571106486298994,0.06782891345000364
0.5190058479532164,0.7571973638570934,0.06782867328647546
0.5190599956681828,0.7571973638570934,0.06782811108627618
0.5190599956681828,0.7575442247658689,0.06782552762439731
0.5193307342430149,0.7575442247658689,0.06782293350880209
0.5193307342430149,0.7576309399930627,0.06782229749895907
0.5194390296729477,0.7576309399930627,0.06782080978081195
0.5194390296729477,0.7577176552202567,0.06782052768807056
0.5196014728178471,0.7577176552202567,0.06781789560881335
0.5196014728178471,0.7578910856746445,0.0678169979408354
0.5198722113926793,0.7578910856746445,0.06780743807985834
0.5198722113926793,0.7580645161290323,0.06780639598757987
0.5199805068226121,0.7580645161290323,0.06780561022066212
0.5199805068226121,0.7581512313562262,0.06780300207541523
0.5201970976824778,0.7581512313562262,0.06779469491540269
0.5201970976824778,0.75823794658342,0.06779216114343511
0.5203595408273771,0.75823794658342,0.06778796939090159
0.5203595408273771,0.7584113770378078,0.06778386147200077
0.5205761316872428,0.7584113770378078,0.06777916595929412
0.5205761316872428,0.7585848074921956,0.0677781155574082
0.5206302794022092,0.7585848074921956,0.067776847441813
0.5206302794022092,0.7587582379465834,0.06777618906872518
0.5207927225471085,0.7587582379465834,0.06777583729258652
0.5207927225471085,0.7588449531737773,0.06777456258094561
0.5210093134069742,0.7588449531737773,0.06776798186642674
0.5210093134069742,0.7589316684009713,0.06776795955353321
0.5210634611219407,0.7589316684009713,0.06776789213764256
0.5210634611219407,0.7590183836281651,0.06776648279701636
0.5211717565518735,0.7590183836281651,0.06776392845390578
0.5211717565518735,0.759105098855359,0.06776350628404426
0.5212800519818064,0.759105098855359,0.06776202923957997
0.5212800519818064,0.7591918140825529,0.06776144642238857
0.5213341996967727,0.7591918140825529,0.06776117793649039
0.5213341996967727,0.7593652445369407,0.06775727181395119
0.5213883474117392,0.7593652445369407,0.06775682561197138
0.5213883474117392,0.7594519597641346,0.06775652292790468
0.5214966428416721,0.7594519597641346,0.06775090058955291
0.5214966428416721,0.7598855359001041,0.06774473368946454
0.5215507905566386,0.7598855359001041,0.06774440692435602
0.5215507905566386,0.7599722511272979,0.06774037178213166
0.5217132337015378,0.7599722511272979,0.06773196853715602
0.5217132337015378,0.7600589663544919,0.06773057320316989
0.5218756768464371,0.7600589663544919,0.06772871938556202
0.5218756768464371,0.7601456815816857,0.06772657246921487
0.5219298245614035,0.7601456815816857,0.06772360967532975
0.5219298245614035,0.7602323968088797,0.06772107677508687
0.5220381199913363,0.7602323968088797,0.06772065968524865
0.5220381199913363,0.7603191120360735,0.06772027276626891
0.5220922677063028,0.7603191120360735,0.06771792420320022
0.5220922677063028,0.7604058272632674,0.06771699637184758
0.5222005631362356,0.7604058272632674,0.06771380942225336
0.5222005631362356,0.760752688172043,0.06770707433714085
0.5222547108512021,0.760752688172043,0.06770577018673163
0.5222547108512021,0.760839403399237,0.06770523118064542
0.522363006281135,0.760839403399237,0.06770193109608891
0.522363006281135,0.7609261186264308,0.06770102884116413
0.5224713017110678,0.7609261186264308,0.06770034982176121
0.5224713017110678,0.7611862643080125,0.06769547217204486
0.5225254494260342,0.7611862643080125,0.06769509334940182
0.5225254494260342,0.7612729795352063,0.06769451054062459
0.5229044834307992,0.7612729795352063,0.06768864374484629
0.5229044834307992,0.7614464099895941,0.06768690105224628
0.5229586311457657,0.7614464099895941,0.06768590986312017
0.5229586311457657,0.7617932708983698,0.06768102969015555
0.5231210742906649,0.7617932708983698,0.06767827527570969
0.5231210742906649,0.7619667013527576,0.06767800012120717
0.5231752220056314,0.7619667013527576,0.0676775155513365
0.5231752220056314,0.7622268470343392,0.06767405502847845
0.5232293697205977,0.7622268470343392,0.06767373511657282
0.5232293697205977,0.7623135622615331,0.06767052615252722
0.5232835174355642,0.7623135622615331,0.06766761963660106
0.5232835174355642,0.7624869927159209,0.06766683292957931
0.5235001082954299,0.7624869927159209,0.06765644432345885
0.5235001082954299,0.7625737079431149,0.06765572543716414
0.5236084037253628,0.7625737079431149,0.06765434747352672
0.5236084037253628,0.7626604231703087,0.06765385617526176
0.5237166991552956,0.7626604231703087,0.06765347414502632
0.5237166991552956,0.7628338536246965,0.06765142095752763
0.5238791423001949,0.7628338536246965,0.0676479513514685
0.5238791423001949,0.7630072840790842,0.06764659646685867
0.5239332900151613,0.7630072840790842,0.06764625309399896
0.5239332900151613,0.7630939993062782,0.06764515950378991
0.5240415854450943,0.7630939993062782,0.0676432813910901
0.5240415854450943,0.763267429760666,0.06764296487202603
0.5240957331600606,0.763267429760666,0.06764258264759149
0.5240957331600606,0.7634408602150538,0.06763665538449248
0.5241498808750271,0.7634408602150538,0.06763662422549022
0.5241498808750271,0.7635275754422477,0.06763584570504877
0.5243123240199263,0.7635275754422477,0.06762832833120536
0.5243123240199263,0.7636142906694415,0.0676278038512923
0.524528914879792,0.7636142906694415,0.06762515368121647
0.524528914879792,0.7637010058966355,0.06762512078909255
0.5247455057396578,0.7637010058966355,0.06762382988143467
0.5247455057396578,0.7637877211238293,0.06762290501259671
0.5248538011695907,0.7637877211238293,0.06762219788965962
0.5248538011695907,0.764134582032605,0.0676186539264958
0.5249620965995235,0.764134582032605,0.0676160353298958
0.5249620965995235,0.7643947277141866,0.06761465087885932
0.5250703920294564,0.7643947277141866,0.06761388166393645
0.5250703920294564,0.7645681581685744,0.06761184297414946
0.5252328351743556,0.7645681581685744,0.0676094859091001
0.5252328351743556,0.7646548733957683,0.06760899504263129
0.5253411306042886,0.7646548733957683,0.06760520993559593
0.5253411306042886,0.7649150190773499,0.06760001352614009
0.5256118691791206,0.7649150190773499,0.067591645810126
0.5256118691791206,0.7650884495317378,0.06758801763658284
0.5256660168940871,0.7650884495317378,0.06758637335113393
0.5256660168940871,0.7653485952133194,0.06758290229472386
0.5257743123240199,0.7653485952133194,0.06757700841315284
0.5257743123240199,0.7655220256677072,0.0675761077748378
0.5260450508988521,0.7655220256677072,0.06756720736286947
0.5260450508988521,0.765695456122095,0.06756541337041977
0.5262074940437513,0.765695456122095,0.06756340747454659
0.5262074940437513,0.7658688865764828,0.06756162418548683
0.5263699371886507,0.7658688865764828,0.06755957388193012
0.5263699371886507,0.7659556018036767,0.0675582797711578
0.5264782326185835,0.7659556018036767,0.06755506168332004
0.5264782326185835,0.7660423170308707,0.06755404852632907
0.5266406757634828,0.7660423170308707,0.06755067495408063
0.5266406757634828,0.7661290322580645,0.06754699725498381
0.5268572666233485,0.7661290322580645,0.0675434901261256
0.5268572666233485,0.7663024627124523,0.0675415236528607
0.5269114143383149,0.7663024627124523,0.06753938997540598
0.5269114143383149,0.7663891779396462,0.06753931757616183
0.5270738574832142,0.7663891779396462,0.06753671451451582
0.5270738574832142,0.766562608394034,0.06753349803118947
0.5272904483430799,0.766562608394034,0.06753068691574149
0.5272904483430799,0.7667360388484218,0.06753014257036694
0.5273987437730128,0.7667360388484218,0.06752699905493964
0.5273987437730128,0.7668227540756157,0.06752607004179212
0.5275611869179121,0.7668227540756157,0.06752469850824894
0.5275611869179121,0.7669094693028096,0.06752379281543663
0.5276153346328785,0.7669094693028096,0.06752208349907951
0.5276153346328785,0.7669961845300035,0.06752181833520043
0.5276694823478449,0.7669961845300035,0.06752036957080043
0.5276694823478449,0.7670828997571973,0.0675198434346369
0.5277236300628113,0.7670828997571973,0.06751975153482381
0.5277236300628113,0.7672563302115851,0.06751828114666858
0.5278860732077106,0.7672563302115851,0.06751374997220694
0.5278860732077106,0.7675164758931668,0.06751201255197281
0.5279402209226771,0.7675164758931668,0.06751098782344389
0.5279402209226771,0.7676031911203607,0.06750905561186049
0.52804851635261,0.7676031911203607,0.06750697698553121
0.52804851635261,0.7676899063475546,0.06750482389049384
0.5281026640675763,0.7676899063475546,0.06750396535139624
0.5281026640675763,0.7677766215747486,0.06750363736970377
0.5281568117825428,0.7677766215747486,0.06750333672140552
0.5281568117825428,0.7678633368019424,0.06750319348570488
0.5282109594975092,0.7678633368019424,0.06750228143774861
0.5282109594975092,0.7679500520291364,0.06750214348823791
0.5284275503573749,0.7679500520291364,0.06750091763815202
0.5284275503573749,0.7680367672563302,0.06749847909272821
0.5285899935022742,0.7680367672563302,0.06749337159135504
0.5285899935022742,0.7681234824835241,0.0674931430546184
0.5286441412172407,0.7681234824835241,0.0674923316022158
0.5286441412172407,0.768210197710718,0.0674890461361819
0.528698288932207,0.768210197710718,0.0674871373156225
0.528698288932207,0.7684703433922997,0.06748616359932025
0.5287524366471735,0.7684703433922997,0.06748017061852107
0.5287524366471735,0.7685570586194936,0.06747830757085338
0.5288065843621399,0.7685570586194936,0.06747458736424705
0.5288065843621399,0.7686437738466875,0.06747434342903746
0.5288607320771064,0.7686437738466875,0.06747324358228735
0.5288607320771064,0.7687304890738814,0.06747277486670944
0.5289148797920727,0.7687304890738814,0.06747044330586283
0.5289148797920727,0.7688172043010753,0.06746908217400494
0.5291856183669049,0.7688172043010753,0.0674638717731395
0.5291856183669049,0.7689039195282692,0.0674622614242828
0.5292397660818714,0.7689039195282692,0.06746198032169692
0.5292397660818714,0.769077349982657,0.06746137675924113
0.5292939137968378,0.769077349982657,0.06746038172920898
0.5292939137968378,0.7694242108914325,0.0674562195979258
0.5294022092267706,0.7694242108914325,0.06745303272549452
0.5294022092267706,0.7695109261186265,0.06744851398662344
0.5295105046567035,0.7695109261186265,0.06744527292608637
0.5295105046567035,0.7696843565730143,0.06744443211328766
0.529835390946502,0.7696843565730143,0.06744047904259709
0.529835390946502,0.7697710718002081,0.06744043841073077
0.529943686376435,0.7697710718002081,0.06743941613469939
0.529943686376435,0.7699445022545959,0.06743339600710851
0.530214424951267,0.7699445022545959,0.06742590322204078
0.530214424951267,0.7701179327089837,0.06742359871726666
0.5302685726662335,0.7701179327089837,0.06742342496835474
0.5302685726662335,0.7702913631633714,0.0674210061963827
0.5303227203811999,0.7702913631633714,0.06742089925669159
0.5303227203811999,0.7704647936177593,0.0674172733485674
0.5304310158111327,0.7704647936177593,0.0674146209134685
0.5304310158111327,0.7706382240721471,0.0674125342571128
0.5306476066709985,0.7706382240721471,0.06740621344305797
0.5306476066709985,0.7707249392993409,0.06740314909489897
0.5311349361056963,0.7707249392993409,0.06739046687977335
0.5311349361056963,0.7710718002081165,0.06738695527717709
0.5313515269655621,0.7710718002081165,0.06738160097758672
0.5313515269655621,0.7711585154353104,0.06738070533755369
0.5314598223954949,0.7711585154353104,0.06737486681831584
0.5314598223954949,0.7712452306625044,0.06737465791356834
0.5315139701104613,0.7712452306625044,0.06737426825733328
0.5315139701104613,0.7713319458896982,0.0673738746953767
0.5316222655403942,0.7713319458896982,0.06737150631048583
0.5316222655403942,0.771505376344086,0.06737081178852833
0.5318930041152263,0.771505376344086,0.06736552619666547
0.5318930041152263,0.77159209157128,0.06736474418412142
0.5319471518301928,0.77159209157128,0.06736408233912017
0.5319471518301928,0.7717655220256677,0.06736179739837644
0.5321637426900585,0.7717655220256677,0.06735842350250576
0.5321637426900585,0.7719389524800555,0.06735555345289512
0.5322178904050249,0.7719389524800555,0.06735523888745809
0.5322178904050249,0.7722858133888311,0.06735298139026558
0.5323261858349577,0.7722858133888311,0.06735244415958208
0.5323261858349577,0.772372528616025,0.06735228239913815
0.5323803335499242,0.772372528616025,0.06735131469195776
0.5323803335499242,0.7724592438432188,0.06735107118978001
0.5324344812648906,0.7724592438432188,0.06734917534450191
0.5324344812648906,0.7725459590704128,0.06734905015831116
0.5328676629846221,0.7725459590704128,0.06733669540080434
0.5328676629846221,0.7726326742976066,0.06733625848805658
0.5329218106995884,0.7726326742976066,0.06733568206072471
0.5329218106995884,0.7727193895248006,0.06733529705533292
0.5329759584145549,0.7727193895248006,0.06733367302602211
0.5329759584145549,0.7728928199791884,0.06733330710446106
0.5330842538444878,0.7728928199791884,0.0673322530850533
0.5330842538444878,0.7729795352063823,0.0673300319640402
0.5332466969893871,0.7729795352063823,0.0673288480616665
0.5332466969893871,0.7732396808879639,0.06732717488318851
0.5333008447043535,0.7732396808879639,0.06732552158711536
0.5333008447043535,0.7734998265695456,0.06732442744232148
0.5334632878492528,0.7734998265695456,0.06732282069680595
0.5334632878492528,0.7736732570239334,0.0673210558148778
0.5335174355642192,0.7736732570239334,0.06732088343607168
0.5335174355642192,0.7738466874783212,0.06731649874227097
0.5335715832791856,0.7738466874783212,0.0673160617632409
0.5335715832791856,0.7741068331599029,0.06731333164727205
0.5337340264240849,0.7741068331599029,0.06730994416321368
0.5337340264240849,0.7741935483870968,0.06730934824127743
0.5338964695689842,0.7741935483870968,0.06730588394413406
0.5338964695689842,0.7742802636142907,0.0673055302222656
0.5339506172839507,0.7742802636142907,0.0673042893135456
0.5339506172839507,0.7743669788414845,0.06730369036901274
0.5341130604288499,0.7743669788414845,0.06730144614031808
0.5341130604288499,0.7744536940686785,0.06729814275862678
0.5341672081438164,0.7744536940686785,0.0672979223534258
0.5341672081438164,0.7745404092958723,0.06729784138742967
0.5343296512887156,0.7745404092958723,0.06729715712589757
0.5343296512887156,0.7746271245230663,0.06729706407933267
0.5345462421485814,0.7746271245230663,0.06729441011072224
0.5345462421485814,0.7750607006590358,0.06728991713440213
0.5346003898635477,0.7750607006590358,0.0672895827045712
0.5346003898635477,0.7751474158862296,0.06728811593485218
0.5346545375785142,0.7751474158862296,0.06728763176150498
0.5346545375785142,0.7753208463406174,0.06728383708121277
0.5351418670132121,0.7753208463406174,0.0672669973208162
0.5351418670132121,0.7754075615678113,0.06726505768593904
0.5351960147281785,0.7754075615678113,0.06726493169888115
0.5351960147281785,0.7754942767950052,0.06726381498335643
0.5352501624431449,0.7754942767950052,0.06726293825035712
0.5352501624431449,0.7755809920221991,0.06726275444715113
0.5353584578730778,0.7755809920221991,0.06726024664395824
0.5353584578730778,0.775667707249393,0.067252917206722
0.5354667533030106,0.775667707249393,0.06725262741934945
0.5354667533030106,0.7757544224765869,0.0672518846885799
0.535520901017977,0.7757544224765869,0.06724821545862136
0.535520901017977,0.7758411377037808,0.06724763982986781
0.5357374918778428,0.7758411377037808,0.06724500547346968
0.5357374918778428,0.7759278529309747,0.06724444311791178
0.5357916395928092,0.7759278529309747,0.06724074073537167
0.5357916395928092,0.7761012833853624,0.06723968237262734
0.5358457873077757,0.7761012833853624,0.06723863934493535
0.5358457873077757,0.7765348595213319,0.06723349195308304
0.535899935022742,0.7765348595213319,0.06723344681851762
0.535899935022742,0.7766215747485259,0.06723317550571384
0.5360623781676414,0.7766215747485259,0.0672282120742258
0.5360623781676414,0.7767082899757197,0.06722789025311471
0.5362248213125406,0.7767082899757197,0.06722449321527635
0.5362248213125406,0.7768817204301075,0.06722309361187429
0.536278969027507,0.7768817204301075,0.06722255003596911
0.536278969027507,0.7769684356573014,0.06721904289711667
0.5363872644574399,0.7769684356573014,0.06721727282561929
0.5363872644574399,0.7770551508844953,0.06721564744398534
0.5364414121724064,0.7770551508844953,0.06721563791104823
0.5364414121724064,0.7772285813388831,0.06721410048602583
0.5366038553173056,0.7772285813388831,0.06721117901174334
0.5366038553173056,0.777402011793271,0.06720818600801115
0.5367121507472384,0.777402011793271,0.06720775606841345
0.5367121507472384,0.7774887270204648,0.06720768139412048
0.5367662984622049,0.7774887270204648,0.06720750594866987
0.5367662984622049,0.7777488727020465,0.06720265295438232
0.5369287416071041,0.7777488727020465,0.06719668626953901
0.5369287416071041,0.7778355879292403,0.06719579376243257
0.5369828893220706,0.7778355879292403,0.06719471822537759
0.5369828893220706,0.7780090183836281,0.06719323604654459
0.5371453324669699,0.7780090183836281,0.067186097744659
0.5371453324669699,0.7782691640652099,0.06718156808357367
0.5371994801819363,0.7782691640652099,0.0671815083733045
0.5371994801819363,0.7783558792924038,0.06718113147733495
0.5373077756118692,0.7783558792924038,0.06717699471312599
0.5373077756118692,0.7784425945195976,0.06717531092784434
0.537416071041802,0.7784425945195976,0.06717078833368051
0.537416071041802,0.7787894554283732,0.06716542039656792
0.5374702187567685,0.7787894554283732,0.06716502069336316
0.5374702187567685,0.778962885882761,0.06716241995260286
0.5378492527615335,0.778962885882761,0.06714762882175784
0.5378492527615335,0.7790496011099549,0.06714708764280752
0.5379034004764999,0.7790496011099549,0.0671454805345364
0.5379034004764999,0.7791363163371487,0.06714477459476687
0.5382282867662984,0.7791363163371487,0.0671311692039589
0.5382282867662984,0.7793097467915366,0.06712525828923965
0.5384448776261642,0.7793097467915366,0.0671211951101851
0.5384448776261642,0.7793964620187305,0.06712086176478649
0.5385531730560971,0.7793964620187305,0.06711950975951164
0.5385531730560971,0.7796566077003122,0.06711504603514107
0.5386614684860299,0.7796566077003122,0.06711334527008006
0.5386614684860299,0.779743322927506,0.06711166371775334
0.5388239116309291,0.779743322927506,0.06710782476634591
0.5388239116309291,0.7798300381547,0.06710768454255533
0.538932207060862,0.7798300381547,0.06710665018253503
0.538932207060862,0.7799167533818938,0.06710600301598046
0.5392029456356942,0.7799167533818938,0.0671029272075645
0.5392029456356942,0.7800034686090878,0.06710184884836323
0.5393653887805935,0.7800034686090878,0.06709671280268048
0.5393653887805935,0.7800901838362817,0.0670940173253618
0.5394736842105263,0.7800901838362817,0.06709295461765019
0.5394736842105263,0.7804370447450573,0.06708764682723545
0.5395278319254927,0.7804370447450573,0.06708720349453579
0.5395278319254927,0.7805237599722511,0.06708678122492118
0.5395819796404592,0.7805237599722511,0.06708441796055364
0.5395819796404592,0.780610475199445,0.06708370541444486
0.5396361273554257,0.780610475199445,0.06708267930876133
0.5396361273554257,0.7808706208810267,0.06707384307348319
0.5397985705003249,0.7808706208810267,0.0670720728787848
0.5397985705003249,0.7809573361082206,0.06707105156547644
0.5399068659302577,0.7809573361082206,0.06706765489937272
0.5399068659302577,0.7810440513354145,0.067065769054105
0.5399610136452242,0.7810440513354145,0.06706377308920097
0.5399610136452242,0.7811307665626084,0.06706363817356209
0.5400151613601906,0.7811307665626084,0.06706362693058243
0.5400151613601906,0.7813041970169962,0.06706171926467341
0.5401234567901234,0.7813041970169962,0.06706046214974437
0.5401234567901234,0.7813909122441901,0.06705495820890262
0.5401776045050899,0.7813909122441901,0.06705492983155792
0.5401776045050899,0.7814776274713839,0.06705472236130672
0.5402317522200563,0.7814776274713839,0.0670534682504429
0.5402317522200563,0.7815643426985779,0.06705335566353043
0.5403400476499892,0.7815643426985779,0.06705143332360608
0.5403400476499892,0.7816510579257717,0.06705074274515721
0.5404483430799221,0.7816510579257717,0.06704883613252077
0.5404483430799221,0.7817377731529657,0.0670454017473121
0.5406107862248213,0.7817377731529657,0.06704193424399651
0.5406107862248213,0.7819979188345474,0.06703782504742928
0.5407190816547541,0.7819979188345474,0.06703682399082833
0.5407190816547541,0.7821713492889352,0.06703308041603329
0.5407732293697206,0.7821713492889352,0.06703280743156337
0.5407732293697206,0.782344779743323,0.0670306297136834
0.540827377084687,0.782344779743323,0.06702993950080716
0.540827377084687,0.7824314949705168,0.0670293514630027
0.5409356725146199,0.7824314949705168,0.06702591613519804
0.5409356725146199,0.7826049254249046,0.06702545561236217
0.5409898202295863,0.7826049254249046,0.06702545504258395
0.5409898202295863,0.7826916406520985,0.06702345361647777
0.5410439679445528,0.7826916406520985,0.06702307426210008
0.5410439679445528,0.7827783558792925,0.06702156271021353
0.5411522633744856,0.7827783558792925,0.06702133215194328
0.5411522633744856,0.7828650711064863,0.06702124022568379
0.5413688542343513,0.7828650711064863,0.06701609196875391
0.5413688542343513,0.7829517863336802,0.0670158859217942
0.5416937405241499,0.7829517863336802,0.06701233905274862
0.5416937405241499,0.7830385015608741,0.0670113353398083
0.5419103313840156,0.7830385015608741,0.0670081613467155
0.5419103313840156,0.783125216788068,0.06700734880234549
0.5421810699588477,0.783125216788068,0.06699801382378445
0.5421810699588477,0.7832119320152618,0.06699605891343352
0.5423435131037471,0.7832119320152618,0.06699285463238192
0.5423435131037471,0.7833853624696496,0.06699042638958619
0.5423976608187134,0.7833853624696496,0.06698828127216738
0.5423976608187134,0.7834720776968436,0.06698826610136743
0.5424518085336799,0.7834720776968436,0.06698824755326926
0.5424518085336799,0.7835587929240374,0.06698538042686741
0.5425059562486463,0.7835587929240374,0.06698534671387013
0.5425059562486463,0.7836455081512314,0.06698493067446787
0.5426683993935456,0.7836455081512314,0.06698197687259211
0.5426683993935456,0.7837322233784253,0.06698042526860348
0.542722547108512,0.7837322233784253,0.06698038033088505
0.542722547108512,0.7838189386056191,0.0669796162144145
0.5428308425384448,0.7838189386056191,0.06697729153605603
0.5428308425384448,0.7840790842872009,0.0669733108836299
0.5428849902534113,0.7840790842872009,0.06697300618054292
0.5428849902534113,0.7843392299687825,0.06697005319931981
0.5429391379683778,0.7843392299687825,0.06696751505481657
0.5429391379683778,0.7845126604231704,0.06696512481706818
0.543101581113277,0.7845126604231704,0.06696116382418693
0.543101581113277,0.7845993756503642,0.06695811452103428
0.5432098765432098,0.7845993756503642,0.06695756524153884
0.5432098765432098,0.7846860908775581,0.06695687895418057
0.5432640242581763,0.7846860908775581,0.06695676510184989
0.5432640242581763,0.784772806104752,0.06695629813670578
0.5433181719731427,0.784772806104752,0.06695593566811597
0.5433181719731427,0.7848595213319459,0.0669547690457375
0.5433723196881092,0.7848595213319459,0.06695420814111341
0.5433723196881092,0.7849462365591398,0.06695098477957107
0.5439137968377734,0.7849462365591398,0.06693655882703076
0.5439137968377734,0.7850329517863337,0.06693451206082979
0.5440762399826727,0.7850329517863337,0.06693081710851567
0.5440762399826727,0.7851196670135275,0.06692609980266906
0.5441845354126056,0.7851196670135275,0.06692402198117064
0.5441845354126056,0.7852063822407215,0.06692177792480414
0.5442386831275721,0.7852063822407215,0.06692108848569744
0.5442386831275721,0.7852930974679153,0.06691974580199256
0.5442928308425384,0.7852930974679153,0.06691814329705381
0.5442928308425384,0.7854665279223032,0.06691634167325544
0.5443469785575049,0.7854665279223032,0.06691536863954539
0.5443469785575049,0.785553243149497,0.06691417372195474
0.5444011262724713,0.785553243149497,0.06691403556140929
0.5444011262724713,0.7858133888310788,0.06690770030436655
0.5444552739874378,0.7858133888310788,0.06690503156918903
0.5444552739874378,0.7859868192854665,0.06690363288905044
0.5445094217024041,0.7859868192854665,0.06690325626013549
0.5445094217024041,0.7860735345126604,0.06689654224760333
0.5445635694173706,0.7860735345126604,0.06689640733181701
0.5445635694173706,0.7861602497398543,0.06689631722040401
0.544617717132337,0.7861602497398543,0.06689597224070343
0.544617717132337,0.7862469649670483,0.06689530879553973
0.5447801602772363,0.7862469649670483,0.06689385194791053
0.5447801602772363,0.786420395421436,0.06688963519357105
0.5448884557071692,0.786420395421436,0.06688932854596574
0.5448884557071692,0.7865938258758238,0.06688901336917863
0.544996751137102,0.7865938258758238,0.06688843542179468
0.544996751137102,0.7866805411030177,0.06688785638430605
0.5452133419969677,0.7866805411030177,0.06688572589183428
0.5452133419969677,0.7868539715574054,0.06688217344595881
0.5455382282867663,0.7868539715574054,0.0668732297315342
0.5455382282867663,0.7871141172389872,0.06687177741858186
0.5455923760017327,0.7871141172389872,0.06687163525240924
0.5455923760017327,0.7872008324661811,0.06687125598617216
0.5457006714316656,0.7872008324661811,0.06686911736488543
0.5457006714316656,0.787287547693375,0.06686794832121512
0.545754819146632,0.787287547693375,0.06686785807810391
0.545754819146632,0.7875476933749567,0.06686543308933279
0.5461338531513971,0.7875476933749567,0.06685824464775636
0.5461338531513971,0.7876344086021505,0.06685751202017975
0.5463504440112628,0.7876344086021505,0.06685246381984067
0.5463504440112628,0.7878078390565383,0.06685095296880195
0.5466211825860948,0.7878078390565383,0.06684166837017069
0.5466211825860948,0.7878945542837322,0.06684035060930027
0.5467294780160277,0.7878945542837322,0.06683828091787425
0.5467294780160277,0.78806798473812,0.06683695412124946
0.5467836257309941,0.78806798473812,0.0668352736619684
0.5467836257309941,0.7883281304197017,0.06683357812507151
0.5468377734459606,0.7883281304197017,0.06683345256054118
0.5468377734459606,0.7884148456468956,0.06683306165440639
0.5469460688758935,0.7884148456468956,0.06683234974120755
0.5469460688758935,0.7885015608740895,0.06683145412209712
0.5470002165908598,0.7885015608740895,0.0668314164090622
0.5470002165908598,0.7887617065556711,0.06682559946018807
0.547270955165692,0.7887617065556711,0.06681833061044617
0.547270955165692,0.7888484217828651,0.06681813487673294
0.5473251028806584,0.7888484217828651,0.06681756118682847
0.5473251028806584,0.788935137010059,0.06681702550481683
0.5473792505956249,0.788935137010059,0.0668159057030544
0.5473792505956249,0.7892819979188346,0.06681326680274235
0.5474875460255577,0.7892819979188346,0.06681166216224965
0.5474875460255577,0.7893687131460284,0.0668114875673802
0.5475958414554906,0.7893687131460284,0.06680643896532401
0.5475958414554906,0.7896288588276101,0.06680186402381572
0.5478124323153563,0.7896288588276101,0.06679904049617047
0.5478124323153563,0.789715574054804,0.06679827518875503
0.5478665800303227,0.789715574054804,0.0667979259360516
0.5478665800303227,0.7898022892819979,0.06679752699183661
0.548029023175222,0.7898022892819979,0.0667929141944259
0.548029023175222,0.7898890045091919,0.06678930731403687
0.5484622048949535,0.7898890045091919,0.06677993900290913
0.5484622048949535,0.7899757197363857,0.06677992868764404
0.5485705003248863,0.7899757197363857,0.0667768738802994
0.5485705003248863,0.7900624349635796,0.0667765801252409
0.5486246480398527,0.7900624349635796,0.06677626492493483
0.5486246480398527,0.7901491501907735,0.06677546759761577
0.5487329434697856,0.7901491501907735,0.0667739169920738
0.5487329434697856,0.7902358654179674,0.06677359360674262
0.5488412388997185,0.7902358654179674,0.06677038629194798
0.5488412388997185,0.7903225806451613,0.06676872070394912
0.5488953866146848,0.7903225806451613,0.0667676817970011
0.5488953866146848,0.7906694415539369,0.06676227055297423
0.5491119774745505,0.7906694415539369,0.06675830516456527
0.5491119774745505,0.7907561567811308,0.06675810304038854
0.5492744206194499,0.7907561567811308,0.06675548979588175
0.5492744206194499,0.7908428720083247,0.06675481880958434
0.5493827160493827,0.7908428720083247,0.06675257176739668
0.5493827160493827,0.7911030176899063,0.06674786344465322
0.5494910114793156,0.7911030176899063,0.06674752302291398
0.5494910114793156,0.7911897329171003,0.06674692634098944
0.549545159194282,0.7911897329171003,0.0667462456309309
0.549545159194282,0.7912764481442941,0.06674542157785779
0.5495993069092484,0.7912764481442941,0.06674534677922916
0.5495993069092484,0.7914498785986819,0.06674382874517804
0.5497076023391813,0.7914498785986819,0.06674259024469609
0.5497076023391813,0.7916233090530698,0.06674057135338796
0.5497617500541477,0.7916233090530698,0.06674052711678335
0.5497617500541477,0.7917100242802636,0.06674042392240298
0.549924193199047,0.7917100242802636,0.06673797006654425
0.549924193199047,0.7917967395074575,0.0667379527939469
0.5499783409140134,0.7917967395074575,0.06673734238363971
0.5499783409140134,0.7918834547346514,0.06673655479098328
0.5501407840589128,0.7918834547346514,0.06673069062754133
0.5501407840589128,0.7920568851890392,0.06672805172818963
0.5501949317738791,0.7920568851890392,0.06672673501606097
0.5501949317738791,0.7921436004162331,0.0667259599213692
0.5502490794888456,0.7921436004162331,0.0667257822683518
0.5502490794888456,0.7922303156434269,0.06672534673454766
0.5503573749187785,0.7922303156434269,0.06672335214223235
0.5503573749187785,0.7923170308706209,0.06672322625803173
0.5505739657786441,0.7923170308706209,0.06671901319747331
0.5505739657786441,0.7924037460978148,0.06671855263633009
0.5507905566385098,0.7924037460978148,0.06671362057122199
0.5507905566385098,0.7924904613250087,0.06671212821711192
0.5509529997834092,0.7924904613250087,0.06671183638575595
0.5509529997834092,0.7926638917793964,0.06670986467787365
0.5512778860732077,0.7926638917793964,0.06670581449948854
0.5512778860732077,0.7927506070065904,0.06670558810324967
0.5513861815031406,0.7927506070065904,0.06670463785986014
0.5513861815031406,0.7928373222337842,0.0667043789878119
0.551440329218107,0.7928373222337842,0.0667038392184085
0.551440329218107,0.793097467915366,0.06669991240680684
0.5515486246480399,0.793097467915366,0.06669832757012562
0.5515486246480399,0.7932708983697537,0.06669785845168974
0.5520359540827378,0.7932708983697537,0.06668651128751701
0.5520359540827378,0.7933576135969477,0.06668604610199425
0.5522525449426035,0.7933576135969477,0.06668017575345986
0.5522525449426035,0.7935310440513355,0.0666793213041259
0.5524149880875027,0.7935310440513355,0.06667345862278684
0.5524149880875027,0.7937911897329171,0.0666719900061159
0.5524691358024691,0.7937911897329171,0.06667093562094428
0.5524691358024691,0.7942247658688866,0.06666238342482367
0.5528481698072342,0.7942247658688866,0.06665639179067773
0.5528481698072342,0.7943981963232744,0.06665439161364772
0.5529023175222005,0.7943981963232744,0.06665423416946292
0.5529023175222005,0.7944849115504683,0.0666532333273886
0.5531730560970327,0.7944849115504683,0.06664907765556305
0.5531730560970327,0.7945716267776621,0.06664890793828282
0.5532272038119991,0.7945716267776621,0.06664241335466481
0.5532272038119991,0.7946583420048561,0.06664219115669612
0.5533896469568984,0.7946583420048561,0.06663992632151494
0.5533896469568984,0.7948317724592439,0.06663922354408824
0.5534437946718649,0.7948317724592439,0.06663867815932845
0.5534437946718649,0.7950919181408256,0.06663267100621684
0.5536062378167641,0.7950919181408256,0.06662739348144497
0.5536062378167641,0.7953520638224072,0.06662219676384429
0.553714533246697,0.7953520638224072,0.06662100698217932
0.553714533246697,0.7956989247311828,0.06661579619068014
0.5538228286766298,0.7956989247311828,0.0666148857198432
0.5538228286766298,0.7958723551855705,0.06661261616866909
0.5538769763915963,0.7958723551855705,0.06661138800179645
0.5538769763915963,0.7959590704127645,0.06661027468033076
0.5542560103963613,0.7959590704127645,0.06660446986911328
0.5542560103963613,0.79630593132154,0.0665996088348173
0.5543101581113277,0.79630593132154,0.06659885184046743
0.5543101581113277,0.7965660770031218,0.06659444556278538
0.5543643058262941,0.7965660770031218,0.06659344202105832
0.5543643058262941,0.7966527922303156,0.06659286692154187
0.5544184535412605,0.7966527922303156,0.06659260831348224
0.5544184535412605,0.7967395074575095,0.06659208010909223
0.5545267489711934,0.7967395074575095,0.06659038043538978
0.5545267489711934,0.7969129379118973,0.0665900940206956
0.5545808966861598,0.7969129379118973,0.06658967198621668
0.5545808966861598,0.7969996531390913,0.06658919162751475
0.5546891921160927,0.7969996531390913,0.06658869787841204
0.5546891921160927,0.7970863683662851,0.0665885834529385
0.5550140784058912,0.7970863683662851,0.0665799589069227
0.5550140784058912,0.797173083593479,0.06657968256968894
0.5550682261208577,0.797173083593479,0.0665793309452627
0.5550682261208577,0.7972597988206729,0.06657790892136539
0.5551765215507906,0.7972597988206729,0.06657661055582742
0.5551765215507906,0.7973465140478668,0.06657618853710612
0.5552848169807234,0.7973465140478668,0.0665713710440381
0.5552848169807234,0.7974332292750607,0.06656891192674719
0.5554472601256227,0.7974332292750607,0.06656750652724153
0.5554472601256227,0.7975199445022546,0.06656648960101097
0.5555014078405891,0.7975199445022546,0.06656574722589803
0.5555014078405891,0.7976933749566424,0.06656372297266833
0.5558262941303876,0.7976933749566424,0.06655619915970457
0.5558262941303876,0.7977800901838363,0.06655581139169886
0.555988737275287,0.7977800901838363,0.06655195643319178
0.555988737275287,0.7979535206382241,0.06655012036590358
0.5560428849902534,0.7979535206382241,0.06654989608130535
0.5560428849902534,0.798040235865418,0.0665478475957435
0.5561511804201863,0.798040235865418,0.06654665133777482
0.5561511804201863,0.7981269510926119,0.06654634688378014
0.5562053281351527,0.7981269510926119,0.06654401397811904
0.5562053281351527,0.7983003815469997,0.06653804347049386
0.5562594758501191,0.7983003815469997,0.06653567450395959
0.5562594758501191,0.7983870967741935,0.06653563540784635
0.5563136235650855,0.7983870967741935,0.06653498274302905
0.5563136235650855,0.7984738120013875,0.06653403391898638
0.5564219189950184,0.7984738120013875,0.06653118901098809
0.5564219189950184,0.7985605272285813,0.06652956284415645
0.5565302144249513,0.7985605272285813,0.06652586067927246
0.5565302144249513,0.7986472424557752,0.06652471669174376
0.5565843621399177,0.7986472424557752,0.0665246672498423
0.5565843621399177,0.7987339576829692,0.06652446427450487
0.5566926575698505,0.7987339576829692,0.06652313580628566
0.5566926575698505,0.798820672910163,0.06652241158206751
0.5568009529997834,0.798820672910163,0.06651940367589493
0.5568009529997834,0.7989941033645508,0.06651759309341898
0.5569092484297162,0.7989941033645508,0.06651549748016561
0.5569092484297162,0.7990808185917447,0.06651507416112534
0.5569633961446827,0.7990808185917447,0.0665143430941395
0.5569633961446827,0.7993409642733263,0.06650866376810027
0.5570716915746156,0.7993409642733263,0.06650698580714809
0.5570716915746156,0.7994276795005203,0.06650630743335317
0.5571258392895819,0.7994276795005203,0.06650543183574587
0.5571258392895819,0.7995143947277142,0.06650464447885573
0.5572882824344813,0.7995143947277142,0.06650259198555286
0.5572882824344813,0.7998612556364898,0.06650106995646632
0.5573965778644141,0.7998612556364898,0.06649691281741332
0.5573965778644141,0.8000346860908776,0.06649607449712702
0.557504873294347,0.8000346860908776,0.06649417873030705
0.557504873294347,0.8001214013180714,0.06649236877799969
0.5575590210093134,0.8001214013180714,0.06649070550632263
0.5575590210093134,0.8002948317724592,0.06648923994111589
0.5576131687242798,0.8002948317724592,0.06648809566517722
0.5576131687242798,0.8004682622268471,0.0664856823972173
0.5576673164392463,0.8004682622268471,0.06648538582747454
0.5576673164392463,0.8005549774540409,0.06648481517468019
0.5577214641542126,0.8005549774540409,0.06648378390820397
0.5577214641542126,0.8006416926812349,0.06648343425840086
0.5578297595841456,0.8006416926812349,0.06648216897320047
0.5578297595841456,0.8009018383628165,0.06647670659849991
0.5581004981589777,0.8009018383628165,0.06647076971771915
0.5581004981589777,0.8009885535900104,0.06647076707474575
0.5582087935889105,0.8009885535900104,0.0664687962063395
0.5582087935889105,0.8010752688172043,0.06646261059513892
0.558262941303877,0.8010752688172043,0.06646209262600489
0.558262941303877,0.8011619840443982,0.06646045586875404
0.5583170890188434,0.8011619840443982,0.06645747651627198
0.5583170890188434,0.8012486992715921,0.06645678747681494
0.5585336798787092,0.8012486992715921,0.06645303999978402
0.5585336798787092,0.8014221297259799,0.0664502351811127
0.5585878275936755,0.8014221297259799,0.06644922134811226
0.5585878275936755,0.8015088449531738,0.06644842421635322
0.558641975308642,0.8015088449531738,0.06644833738098277
0.558641975308642,0.8015955601803677,0.06644784482622895
0.5586961230236084,0.8015955601803677,0.06644774304381801
0.5586961230236084,0.8016822754075615,0.06644731494554734
0.5588044184535412,0.8016822754075615,0.0664459754267972
0.5588044184535412,0.8017689906347555,0.06644536508255627
0.5590210093134069,0.8017689906347555,0.06643817045676892
0.5590210093134069,0.8018557058619493,0.06643805047348073
0.5592376001732727,0.8018557058619493,0.06643417833690934
0.5592376001732727,0.802115851543531,0.06643066821742627
0.5592917478882391,0.802115851543531,0.06642811496249235
0.5592917478882391,0.8024627124523066,0.0664232911952618
0.559400043318172,0.8024627124523066,0.06642068795470135
0.559400043318172,0.8025494276795005,0.06642011252288604
0.5595624864630713,0.8025494276795005,0.06641450525295878
0.5595624864630713,0.8026361429066944,0.06641344345912992
0.559779077322937,0.8026361429066944,0.06640816628681256
0.559779077322937,0.8027228581338883,0.06640488189491722
0.5598332250379034,0.8027228581338883,0.06640348605017143
0.5598332250379034,0.8030697190426639,0.06639660572257067
0.5599415204678363,0.8030697190426639,0.06639594224958811
0.5599415204678363,0.8031564342698578,0.06639392334306948
0.5601039636127355,0.8031564342698578,0.0663924780521401
0.5601039636127355,0.8032431494970517,0.066391815930404
0.560158111327702,0.8032431494970517,0.06638444272515143
0.560158111327702,0.8033298647242456,0.06638307742234373
0.5602122590426684,0.8033298647242456,0.06638271724561218
0.5602122590426684,0.8034165799514394,0.0663820422894923
0.5604288499025342,0.8034165799514394,0.06637979864952914
0.5604288499025342,0.8035900104058272,0.0663779827215707
0.5606454407623999,0.8035900104058272,0.06637228708316312
0.5606454407623999,0.8036767256330212,0.06637199302587637
0.5606995884773662,0.8036767256330212,0.06637083058540583
0.5606995884773662,0.8041103017689907,0.06636202313149675
0.5608620316222656,0.8041103017689907,0.06635645566278758
0.5608620316222656,0.8042837322233785,0.06635543894647444
0.5610786224821313,0.8042837322233785,0.06635220531994945
0.5610786224821313,0.804630593132154,0.0663481201674303
0.5611869179120641,0.804630593132154,0.06634657518029297
0.5611869179120641,0.8047173083593478,0.06634618691802285
0.5614035087719298,0.8047173083593478,0.06634399566781246
0.5614035087719298,0.8048040235865418,0.06634202396500921
0.5615118042018626,0.8048040235865418,0.06633905332138657
0.5615118042018626,0.8048907388137357,0.066338624436169
0.5615659519168291,0.8048907388137357,0.06633764027528644
0.5615659519168291,0.8049774540409296,0.06633628324744212
0.5617283950617284,0.8049774540409296,0.06633279589674568
0.5617283950617284,0.8051508844953174,0.0663309746548002
0.5619449859215941,0.8051508844953174,0.06632843270487232
0.5619449859215941,0.8053243149497051,0.06632452396524924
0.562053281351527,0.8053243149497051,0.0663243886302114
0.562053281351527,0.8060180367672564,0.06631314949761791
0.5621074290664934,0.8060180367672564,0.06631144108318154
0.5621074290664934,0.8061047519944502,0.06631135773062224
0.5621615767814598,0.8061047519944502,0.0663105596044602
0.5621615767814598,0.8065383281304197,0.06630252827356031
0.5623781676413255,0.8065383281304197,0.06629446258742666
0.5623781676413255,0.8066250433576136,0.06629181834346043
0.5624864630712584,0.8066250433576136,0.06629110976916941
0.5624864630712584,0.8067117585848075,0.06629028956396676
0.5625406107862249,0.8067117585848075,0.06628936859213153
0.5625406107862249,0.8067984738120014,0.06628859541898535
0.5627030539311241,0.8067984738120014,0.0662854167475877
0.5627030539311241,0.8068851890391953,0.06628518195387079
0.5627572016460906,0.8068851890391953,0.06628515525122958
0.5627572016460906,0.8069719042663892,0.06628457086937867
0.5629196447909898,0.8069719042663892,0.06628332128954484
0.5629196447909898,0.807058619493583,0.0662829566025489
0.563190383365822,0.807058619493583,0.06628140241606051
0.563190383365822,0.807145334720777,0.06628111833882477
0.5634069742256876,0.807145334720777,0.06627757565287817
0.5634069742256876,0.8072320499479708,0.06627690012114829
0.5636777128005198,0.8072320499479708,0.06627081693465131
0.5636777128005198,0.8074054804023586,0.06626793314230572
0.5637860082304527,0.8074054804023586,0.06626532867682022
0.5637860082304527,0.8077523413111343,0.06626130939622765
0.5638401559454191,0.8077523413111343,0.0662597548952808
0.5638401559454191,0.807925771765522,0.06625875933450542
0.5647606670998484,0.807925771765522,0.06623249806575116
0.5647606670998484,0.8080124869927159,0.06622970915705517
0.5648148148148148,0.8080124869927159,0.06622648623635619
0.5648148148148148,0.8080992022199098,0.0662252997434809
0.5648689625297812,0.8080992022199098,0.0662251895425452
0.5648689625297812,0.8082726326742976,0.06622355681116465
0.5649231102447476,0.8082726326742976,0.06622033877630673
0.5649231102447476,0.8083593479014916,0.0662185998680227
0.5650855533896469,0.8083593479014916,0.06621530911876206
0.5650855533896469,0.8084460631286854,0.06621452056276578
0.5652479965345463,0.8084460631286854,0.06621306363578316
0.5652479965345463,0.8086194935830732,0.0662091096055133
0.5654104396794455,0.8086194935830732,0.06620431946995531
0.5654104396794455,0.808792924037461,0.06620307599288333
0.565464587394412,0.808792924037461,0.06619576280100059
0.565464587394412,0.8088796392646549,0.06619558308434792
0.5655187351093783,0.8088796392646549,0.06619536202870657
0.5655187351093783,0.8089663544918487,0.0661922981560592
0.5657894736842105,0.8089663544918487,0.06618487070732337
0.5657894736842105,0.8090530697190427,0.0661848206179847
0.565843621399177,0.8090530697190427,0.0661846713394234
0.565843621399177,0.8094866458550122,0.06618213668075446
0.5658977691141434,0.8094866458550122,0.06618180690996711
0.5658977691141434,0.809573361082206,0.0661813222736447
0.5660602122590427,0.809573361082206,0.06617883355182519
0.5660602122590427,0.8096600763094,0.06617824072221778
0.5661685076889755,0.8096600763094,0.06617769028981257
0.5661685076889755,0.8099202219909816,0.06617602652978993
0.5662226554039419,0.8099202219909816,0.06617544555214527
0.5662226554039419,0.8100936524453695,0.06617267523206105
0.5663850985488412,0.8100936524453695,0.06616917914780318
0.5663850985488412,0.8102670828997572,0.06616716461018002
0.5664392462638077,0.8102670828997572,0.0661671083383717
0.5664392462638077,0.8110475199445023,0.06615373294966465
0.5664933939787741,0.8110475199445023,0.06615313640487885
0.5664933939787741,0.8112209503988901,0.06615148071985066
0.5665475416937406,0.8112209503988901,0.06614885998005082
0.5665475416937406,0.8113076656260839,0.06614705713392444
0.5666558371236734,0.8113076656260839,0.06614117448794032
0.5666558371236734,0.8113943808532779,0.06614054600567632
0.5667641325536062,0.8113943808532779,0.06613828386419418
0.5667641325536062,0.8114810960804717,0.06613725580317809
0.5668182802685726,0.8114810960804717,0.06613488433543746
0.5668182802685726,0.8115678113076656,0.0661343098973095
0.5668724279835391,0.8115678113076656,0.06613129667161011
0.5668724279835391,0.8117412417620534,0.06612961524223082
0.5670348711284384,0.8117412417620534,0.0661254196144736
0.5670348711284384,0.8118279569892473,0.06612513078542803
0.5673056097032705,0.8118279569892473,0.06611389120368849
0.5673056097032705,0.8119146722164412,0.06611225863161674
0.567359757418237,0.8119146722164412,0.06611182827315543
0.567359757418237,0.8120013874436351,0.06611139643841013
0.5674139051332033,0.8120013874436351,0.06611069949469339
0.5674139051332033,0.812088102670829,0.06611034254808934
0.5674680528481698,0.812088102670829,0.06610698031015039
0.5674680528481698,0.8121748178980229,0.06610675315332837
0.5675222005631362,0.8121748178980229,0.06610639582891498
0.5675222005631362,0.8123482483524107,0.06610564655112361
0.5676846437080355,0.8123482483524107,0.06610487071645865
0.5676846437080355,0.8125216788067985,0.06610212945754701
0.5677929391379684,0.8125216788067985,0.06610169775255548
0.5677929391379684,0.8126083940339923,0.06609890919027195
0.568009529997834,0.8126083940339923,0.06609253730987086
0.568009529997834,0.8126951092611863,0.0660879792276221
0.5680636777128005,0.8126951092611863,0.0660870874861883
0.5680636777128005,0.812868539715574,0.06608365879948819
0.5681719731427334,0.812868539715574,0.0660775386241077
0.5681719731427334,0.812955254942768,0.06607688322653571
0.5682261208576999,0.812955254942768,0.06607492010879179
0.5682261208576999,0.8131286853971558,0.06607203719820642
0.5682802685726662,0.8131286853971558,0.06606902124925607
0.5682802685726662,0.8133888310787374,0.06606126218382236
0.5683344162876327,0.8133888310787374,0.06606092488425586
0.5683344162876327,0.8134755463059313,0.0660601561434353
0.5684968594325319,0.8134755463059313,0.06605247904246059
0.5684968594325319,0.8135622615331252,0.06605137319204801
0.5686051548624648,0.8135622615331252,0.06605059691215076
0.5686051548624648,0.8136489767603191,0.06604985030956989
0.5690383365821963,0.8136489767603191,0.06603857356146237
0.5690383365821963,0.813735691987513,0.06603815454080686
0.5690924842971626,0.813735691987513,0.06603591214611404
0.5690924842971626,0.8138224072147069,0.06603352506397142
0.5691466320121291,0.8138224072147069,0.06603346538786714
0.5691466320121291,0.8145161290322581,0.06602414789688571
0.5694715183019277,0.8145161290322581,0.06602000087453752
0.5694715183019277,0.8146895594866459,0.06601968596634467
0.5697422568767598,0.8146895594866459,0.06601517738928098
0.5697422568767598,0.8147762747138397,0.06601421069453162
0.5697964045917262,0.8147762747138397,0.06601286615543644
0.5697964045917262,0.8150364203954215,0.06601083367620686
0.5698505523066927,0.8150364203954215,0.06600988470027236
0.5698505523066927,0.8152098508498092,0.06600875867364686
0.5701754385964912,0.8152098508498092,0.06600672784758754
0.5701754385964912,0.8152965660770031,0.06600651970375915
0.5703378817413906,0.8152965660770031,0.06600044207572342
0.5703378817413906,0.815383281304197,0.06599403497769596
0.5703920294563569,0.815383281304197,0.06599294072002437
0.5703920294563569,0.815469996531391,0.06598995892591009
0.5705544726012562,0.815469996531391,0.06598470804662582
0.5705544726012562,0.8156434269857787,0.06597811413300758
0.5706627680311891,0.8156434269857787,0.06597789871563098
0.5706627680311891,0.8157301422129726,0.06597441355310463
0.5707169157461555,0.8157301422129726,0.06597434893008436
0.5707169157461555,0.8158168574401665,0.06597336218713856
0.5707710634611219,0.8158168574401665,0.06596990101663014
0.5707710634611219,0.8160770031217481,0.06596666454309963
0.5708252111760884,0.8160770031217481,0.06596655755147807
0.5708252111760884,0.8161637183489421,0.06596479815597855
0.5709335066060213,0.8161637183489421,0.06596332283996942
0.5709335066060213,0.8162504335761359,0.06596313376062524
0.5709876543209876,0.8162504335761359,0.06596221158742188
0.5709876543209876,0.8164238640305238,0.06595622750768815
0.5710959497509205,0.8164238640305238,0.06595298238761238
0.5710959497509205,0.8165105792577176,0.06595235471975958
0.571150097465887,0.8165105792577176,0.06595189888788
0.571150097465887,0.8165972944849116,0.0659493008769978
0.5712583928958198,0.8165972944849116,0.0659475804216565
0.5712583928958198,0.8166840097121054,0.06594717847432396
0.5713666883257527,0.8166840097121054,0.06593906066178756
0.5713666883257527,0.8168574401664932,0.0659334375968359
0.5714749837556855,0.8168574401664932,0.06593216272364044
0.5714749837556855,0.817030870620881,0.06593072373688957
0.571529131470652,0.817030870620881,0.06593010077415529
0.571529131470652,0.8172910163024627,0.06592750186902951
0.5717457223305177,0.8172910163024627,0.06592166290503787
0.5717457223305177,0.8173777315296566,0.06592005349955832
0.5720706086203162,0.8173777315296566,0.06591481224600959
0.5720706086203162,0.8174644467568505,0.06591464153677062
0.5721789040502491,0.8174644467568505,0.06591200279940446
0.5721789040502491,0.8176378772112383,0.06590982731745143
0.5722871994801819,0.8176378772112383,0.06590965780818503
0.5722871994801819,0.8177245924384322,0.06590860384949204
0.5723413471951484,0.8177245924384322,0.0659083515069101
0.5723413471951484,0.8180714533472078,0.06590393642563952
0.5725579380550141,0.8180714533472078,0.06590163030609397
0.5725579380550141,0.8183315990287895,0.06589769833516179
0.5726662334849469,0.8183315990287895,0.06589571033938824
0.5726662334849469,0.8184183142559833,0.06589377523465534
0.5727745289148798,0.8184183142559833,0.06589234145950074
0.5727745289148798,0.818678459937565,0.0658878642727907
0.5728286766298463,0.818678459937565,0.06588587779548405
0.5728286766298463,0.8187651751647589,0.0658855665295226
0.5729369720597791,0.8187651751647589,0.0658800762215539
0.5729369720597791,0.8189386056191468,0.06587630551383739
0.5729911197747455,0.8189386056191468,0.06587625100691641
0.5729911197747455,0.8191120360735346,0.06587212718856317
0.5730994152046783,0.8191120360735346,0.06587056224449461
0.5730994152046783,0.8191987513007284,0.06586718281483006
0.5732077106346112,0.8191987513007284,0.06586400091329025
0.5732077106346112,0.8193721817551162,0.06586084565870731
0.5732618583495777,0.8193721817551162,0.0658598785476856
0.5732618583495777,0.8194588969823101,0.065859743387221
0.5734784492094434,0.8194588969823101,0.06585421886402587
0.5734784492094434,0.819545612209504,0.06585340837497355
0.5735867446393762,0.819545612209504,0.06584923182608637
0.5735867446393762,0.8196323274366979,0.06584400634916943
0.5736408923543427,0.8196323274366979,0.06584351442175551
0.5736408923543427,0.8198057578910857,0.06584200848056065
0.573695040069309,0.8198057578910857,0.06584024467913685
0.573695040069309,0.8200659035726674,0.06583762185750919
0.5737491877842755,0.8200659035726674,0.06583510115263191
0.5737491877842755,0.8201526187998612,0.06583408610767716
0.5738033354992419,0.8201526187998612,0.065833445573521
0.5738033354992419,0.8206729101630247,0.06582538473925337
0.5738574832142084,0.8206729101630247,0.06582403201286047
0.5738574832142084,0.8207596253902185,0.06582164479358865
0.5739116309291747,0.8207596253902185,0.06582125958034313
0.5739116309291747,0.8211064862989941,0.06581997529447414
0.5740199263591076,0.8211064862989941,0.06581223593534924
0.5740199263591076,0.821193201526188,0.06581192697854554
0.5741823695040069,0.821193201526188,0.06581074397761699
0.5741823695040069,0.8212799167533819,0.06581067589411993
0.5742365172189734,0.8212799167533819,0.06580925855962927
0.5742365172189734,0.8214533472077696,0.06580821272912751
0.5742906649339398,0.8214533472077696,0.06580819018446626
0.5742906649339398,0.8215400624349636,0.06580393834218046
0.5744531080788391,0.8215400624349636,0.06580134599777976
0.5744531080788391,0.8218002081165453,0.06579836135820971
0.5745614035087719,0.8218002081165453,0.06579721510389169
0.5745614035087719,0.8218869233437391,0.06579597372937829
0.5746155512237383,0.8218869233437391,0.06579473242958267
0.5746155512237383,0.8221470690253209,0.06579196075978988
0.5747238466536713,0.8221470690253209,0.06579173726696874
0.5747238466536713,0.8223204994797086,0.06579034602379963
0.5747779943686376,0.8223204994797086,0.06578961830182006
0.5747779943686376,0.8224072147069025,0.06578708479212736
0.5748862897985705,0.8224072147069025,0.06578078495483886
0.5748862897985705,0.8224939299340964,0.06577797196968449
0.574940437513537,0.8224939299340964,0.06577727581295623
0.574940437513537,0.8227540756156781,0.06577348341064626
0.5749945852285033,0.8227540756156781,0.06577256828236266
0.5749945852285033,0.8230142212972598,0.06576976878799257
0.5750487329434698,0.8230142212972598,0.06576966177788002
0.5750487329434698,0.8231009365244537,0.06576895916733427
0.575211176088369,0.8231009365244537,0.06576533846874777
0.575211176088369,0.8232743669788415,0.06576145827488089
0.5752653238033355,0.8232743669788415,0.06576138439562085
0.5752653238033355,0.8233610822060354,0.06576109768913274
0.5753194715183019,0.8233610822060354,0.06576092103022857
0.5753194715183019,0.8234477974332293,0.06576043671549625
0.5753736192332684,0.8234477974332293,0.06575939135540199
0.5753736192332684,0.823621227887617,0.06575580500512301
0.5754819146632012,0.823621227887617,0.06575358443917101
0.5754819146632012,0.823707943114811,0.06575225891340786
0.5757526532380334,0.823707943114811,0.0657498806966037
0.5757526532380334,0.8237946583420048,0.0657473318082078
0.5759150963829326,0.8237946583420048,0.06574175918185565
0.5759150963829326,0.8238813735691988,0.0657368810826533
0.5759692440978991,0.8238813735691988,0.06573476327260375
0.5759692440978991,0.8239680887963926,0.06573468678776107
0.5760233918128655,0.8239680887963926,0.0657308248678945
0.5760233918128655,0.8242282344779743,0.06572882171712191
0.5761316872427984,0.8242282344779743,0.06572785748490562
0.5761316872427984,0.8244883801595561,0.06572451275954139
0.5761858349577648,0.8244883801595561,0.06572235281576133
0.5761858349577648,0.8246618106139438,0.06571870476439617
0.5764565735325969,0.8246618106139438,0.06571579238374148
0.5764565735325969,0.8247485258411377,0.06571570165897533
0.5765648689625298,0.8247485258411377,0.06571464589635378
0.5765648689625298,0.8248352410683316,0.06571182991965108
0.576835607537362,0.8248352410683316,0.065709064153469
0.576835607537362,0.8249219562955254,0.06570805743530306
0.5769439029672948,0.8249219562955254,0.06570707549695376
0.5769439029672948,0.8250086715227194,0.06570438101894394
0.5773770846870262,0.8250086715227194,0.0656961892897463
0.5773770846870262,0.8251821019771072,0.06569566940338412
0.5775936755468919,0.8251821019771072,0.06569105202637959
0.5775936755468919,0.8254422476586889,0.06568933941619659
0.5778102664067576,0.8254422476586889,0.06568192297919673
0.5778102664067576,0.8255289628858827,0.06568140574696169
0.5778644141217241,0.8255289628858827,0.06568031330115631
0.5778644141217241,0.8256156781130767,0.0656801633212225
0.5779185618366904,0.8256156781130767,0.06567954926597541
0.5779185618366904,0.8257891085674645,0.0656764737937936
0.5780268572666234,0.8257891085674645,0.06567511328764097
0.5780268572666234,0.826222684703434,0.06566134836934667
0.5780810049815898,0.826222684703434,0.06566026449550377
0.5780810049815898,0.8263961151578217,0.06565705713354442
0.5781893004115226,0.8263961151578217,0.0656555677798143
0.5781893004115226,0.8264828303850156,0.06565403945612336
0.5784058912713883,0.8264828303850156,0.06564998123283883
0.5784058912713883,0.8265695456122095,0.0656484485197919
0.5785141867013212,0.8265695456122095,0.06564176329126936
0.5785141867013212,0.8266562608394034,0.06563821616144927
0.5786224821312541,0.8266562608394034,0.06563578262765213
0.5786224821312541,0.8268296912937911,0.06563549046592287
0.578730777561187,0.8268296912937911,0.06563366151283478
0.578730777561187,0.8269164065209851,0.06563292560230694
0.5787849252761533,0.8269164065209851,0.06563222768884769
0.5787849252761533,0.827003121748179,0.06563182509300258
0.5788390729911198,0.827003121748179,0.06563137629368909
0.5788390729911198,0.8270898369753729,0.0656270021738119
0.579380550140784,0.8270898369753729,0.06561221280689922
0.579380550140784,0.8274366978841484,0.06561057647685176
0.5795971410006497,0.8274366978841484,0.0656057907348282
0.5795971410006497,0.8275234131113424,0.06560441771460157
0.5796512887156162,0.8275234131113424,0.06560053230635154
0.5796512887156162,0.8276101283385362,0.06559997286060049
0.5797595841455491,0.8276101283385362,0.06559643358840006
0.5797595841455491,0.8276968435657301,0.06559628425359953
0.5798137318605154,0.8276968435657301,0.06559598493533203
0.5798137318605154,0.8278702740201179,0.06559425051008128
0.5800844704353476,0.8278702740201179,0.06558514178087926
0.5800844704353476,0.8281304197016996,0.06558203526231732
0.5801927658652805,0.8281304197016996,0.06557887360482662
0.5801927658652805,0.8283038501560874,0.06557861881047522
0.5803010612952133,0.8283038501560874,0.06557569884224668
0.5803010612952133,0.8284772806104752,0.06557365004837945
0.5804635044401126,0.8284772806104752,0.06557053760040166
0.5804635044401126,0.828563995837669,0.06556929483242424
0.580625947585012,0.828563995837669,0.06556544007380216
0.580625947585012,0.828650711064863,0.06556482292001231
0.5807342430149448,0.828650711064863,0.06555672560524584
0.5807342430149448,0.8287374262920569,0.06555646978645502
0.5807883907299112,0.8287374262920569,0.0655550584589184
0.5807883907299112,0.8288241415192508,0.06555423276068661
0.580896686159844,0.8288241415192508,0.06555325488661978
0.580896686159844,0.8289108567464447,0.0655529707106568
0.5809508338748105,0.8289108567464447,0.06555294003838119
0.5809508338748105,0.8289975719736385,0.06555257717125396
0.5810049815897769,0.8289975719736385,0.06555183994931846
0.5810049815897769,0.8291710024280263,0.06554956169747483
0.581275720164609,0.8291710024280263,0.06554614290935978
0.581275720164609,0.8297780090183836,0.06553464540536491
0.5813840155945419,0.8297780090183836,0.06553206196355954
0.5813840155945419,0.8299514394727714,0.06553082005721111
0.5814381633095084,0.8299514394727714,0.06552986800079474
0.5814381633095084,0.8301248699271592,0.06552561174736038
0.5814923110244747,0.8301248699271592,0.06551737457603757
0.5814923110244747,0.8303850156087409,0.06551452511046363
0.5815464587394412,0.8303850156087409,0.06551394480548045
0.5815464587394412,0.8306451612903226,0.06551071581690726
0.5816547541693741,0.8306451612903226,0.06550923511943507
0.5816547541693741,0.8307318765175165,0.06550801691965646
0.5818171973142733,0.8307318765175165,0.06550525196749302
0.5818171973142733,0.8308185917447104,0.06550293300016174
0.5819796404591726,0.8308185917447104,0.06550156767137816
0.5819796404591726,0.831165452653486,0.06549537374585301
0.5820337881741391,0.831165452653486,0.06549374140196806
0.5820337881741391,0.8312521678806798,0.06549354730448598
0.582412822178904,0.8312521678806798,0.06548806056672118
0.582412822178904,0.8313388831078737,0.0654863266787924
0.582521117608837,0.8313388831078737,0.06548415244878947
0.582521117608837,0.8315123135622615,0.06548204441159289
0.5826835607537362,0.8315123135622615,0.06548066074422887
0.5826835607537362,0.8318591744710371,0.0654747713768753
0.5828460038986355,0.8318591744710371,0.06547085085266424
0.5828460038986355,0.831945889698231,0.0654697452441213
0.5829542993285683,0.831945889698231,0.06546742219498314
0.5829542993285683,0.8320326049254249,0.0654666052385795
0.5830084470435347,0.8320326049254249,0.06546592658443817
0.5830084470435347,0.8321193201526188,0.06546591779037292
0.5830625947585012,0.8321193201526188,0.06546449695952572
0.5830625947585012,0.8322060353798127,0.06546422286841036
0.583170890188434,0.8322060353798127,0.06546245978620613
0.583170890188434,0.8322927506070066,0.0654604306106843
0.5832791856183669,0.8322927506070066,0.0654520582843543
0.5832791856183669,0.8323794658342005,0.06545164803612291
0.5833333333333334,0.8323794658342005,0.06545030010913022
0.5833333333333334,0.8324661810613944,0.06544949384705445
0.5834416287632662,0.8324661810613944,0.06544580464800287
0.5834416287632662,0.8325528962885883,0.06544539453586573
0.5834957764782326,0.8325528962885883,0.065443592183412
0.5834957764782326,0.8326396115157821,0.06544322331273222
0.5836040719081654,0.8326396115157821,0.06544160739564098
0.5836040719081654,0.8328130419701699,0.06544011028851693
0.5838206627680312,0.8328130419701699,0.06543683818111479
0.5838206627680312,0.8328997571973639,0.06543583762409888
0.5839289581979641,0.8328997571973639,0.06543411339622862
0.5839289581979641,0.8331599028789456,0.0654331271881261
0.5840372536278969,0.8331599028789456,0.06543086344419047
0.5840372536278969,0.8334200485605272,0.06542888038958017
0.5840914013428633,0.8334200485605272,0.06542762004832081
0.5840914013428633,0.8335067637877211,0.06542566358788382
0.5841455490578298,0.8335067637877211,0.06542373222894171
0.5841455490578298,0.8336801942421089,0.06542134817590273
0.584416287632662,0.8336801942421089,0.06541849578120718
0.584416287632662,0.8337669094693028,0.06541815400144624
0.5844704353476283,0.8337669094693028,0.06541664185783413
0.5844704353476283,0.8339403399236907,0.06541510338498568
0.584687026207494,0.8339403399236907,0.06540924690375727
0.584687026207494,0.8342872008324662,0.06540460289985073
0.5847411739224605,0.8342872008324662,0.06540458115767422
0.5847411739224605,0.83437391605966,0.06539671892687315
0.5848494693523933,0.83437391605966,0.06539539907096947
0.5848494693523933,0.8346340617412418,0.06539207264816937
0.5849036170673597,0.8346340617412418,0.06539204665913756
0.5849036170673597,0.8347207769684356,0.065391428571562
0.5852285033571584,0.8347207769684356,0.06538866447612302
0.5852285033571584,0.8348074921956296,0.06538830195506518
0.5853909465020576,0.8348074921956296,0.0653875030047879
0.5853909465020576,0.8348942074228235,0.0653870792994149
0.5854450942170241,0.8348942074228235,0.06538608756695652
0.5854450942170241,0.8355012140131807,0.06537472777304876
0.5854992419319904,0.8355012140131807,0.06537455828604388
0.5854992419319904,0.8356746444675685,0.06537212197074904
0.5857158327918562,0.8356746444675685,0.0653625894930594
0.5857158327918562,0.8357613596947624,0.06536130755409642
0.5858241282217891,0.8357613596947624,0.06536032459149976
0.5858241282217891,0.8358480749219563,0.06535989538338893
0.5859865713666883,0.8358480749219563,0.06535902479819455
0.5859865713666883,0.8359347901491502,0.06535701173128028
0.5860407190816548,0.8359347901491502,0.06535047878850198
0.5860407190816548,0.8360215053763441,0.06534606418039357
0.5863114576564868,0.8360215053763441,0.06534088305289987
0.5863114576564868,0.836108220603538,0.0653407391694123
0.5864739008013862,0.836108220603538,0.06533980769938785
0.5864739008013862,0.8362816510579257,0.06533919898987861
0.5864739008013862,0.8363683662851197,0.06533906807782608
0.586582196231319,0.8363683662851197,0.06533353964304522
0.586582196231319,0.8365417967395075,0.06532610035481667
0.5867987870911847,0.8365417967395075,0.06532174225041798
0.5869070825211176,0.8365417967395075,0.06532115998620824
0.5869070825211176,0.8367152271938952,0.06532073269106742
0.586961230236084,0.8367152271938952,0.06531976565244002
0.586961230236084,0.836975372875477,0.06531726373068536
0.5870695256660169,0.836975372875477,0.06531638428687847
0.5870695256660169,0.8370620881026708,0.06531615160898618
0.5871778210959497,0.8370620881026708,0.06531524600553262
0.5871778210959497,0.8371488033298647,0.0653115031403999
0.5872319688109162,0.8371488033298647,0.06531117419188393
0.5872319688109162,0.8372355185570586,0.06530897393428337
0.5872861165258826,0.8372355185570586,0.06530783243729599
0.5872861165258826,0.8373222337842525,0.06530712363344371
0.5875027073857483,0.8373222337842525,0.06530165268269217
0.5875027073857483,0.8374089490114464,0.06529952253381976
0.5876110028156811,0.8374089490114464,0.06529534547647398
0.5876110028156811,0.8375823794658342,0.06529331405134875
0.5878817413905133,0.8375823794658342,0.06528893948410586
0.5878817413905133,0.837755809920222,0.06528451063201124
0.588098332250379,0.837755809920222,0.0652824989525167
0.588098332250379,0.8379292403746098,0.06527968613153767
0.5882607753952783,0.8379292403746098,0.06527689110246793
0.5882607753952783,0.8381026708289976,0.0652766709680328
0.5883149231102448,0.8381026708289976,0.0652744306001265
0.5883149231102448,0.8382761012833854,0.06526887523893676
0.588477366255144,0.8382761012833854,0.06526746625276214
0.588477366255144,0.8384495317377731,0.06526366156636842
0.5885315139701105,0.8384495317377731,0.06526349919904129
0.5885315139701105,0.8386229621921609,0.06526088609671565
0.5885856616850769,0.8386229621921609,0.06526064456077374
0.5885856616850769,0.8387096774193549,0.06526012422170768
0.5886939571150097,0.8387096774193549,0.0652596719352152
0.5886939571150097,0.8388831078737427,0.06525642328170567
0.5887481048299762,0.8388831078737427,0.06525630021789786
0.5887481048299762,0.8389698231009365,0.06525514407392197
0.588856400259909,0.8389698231009365,0.06525356811495109
0.588856400259909,0.8390565383281304,0.0652534495697763
0.5889105479748754,0.8390565383281304,0.06525213943562935
0.5889105479748754,0.8393166840097122,0.06525084720415064
0.5890188434048084,0.8393166840097122,0.06524690863356875
0.5890188434048084,0.839403399236906,0.06524499212117041
0.5890729911197747,0.839403399236906,0.06524483820916616
0.5890729911197747,0.8399236906000693,0.06524244372471211
0.5891271388347412,0.8399236906000693,0.06524126158317811
0.5891271388347412,0.8400104058272633,0.0652397770806934
0.5891812865497076,0.8400104058272633,0.0652390925991726
0.5891812865497076,0.8400971210544571,0.06523742455450421
0.5893437296946069,0.8400971210544571,0.06523283051175577
0.5893437296946069,0.8403572667360388,0.06523210018347436
0.5895061728395061,0.8403572667360388,0.06523074337776014
0.5895061728395061,0.8404439819632328,0.06523050758630466
0.5898310591293048,0.8404439819632328,0.06521529594918163
0.5898310591293048,0.8405306971904266,0.0652140858051462
0.5899393545592376,0.8405306971904266,0.06521227356348391
0.5899393545592376,0.8407041276448144,0.06521085540299754
0.589993502274204,0.8407041276448144,0.06521077291064614
0.589993502274204,0.8408775580992022,0.06520901942978541
0.5902642408490362,0.8408775580992022,0.06520651764111451
0.5902642408490362,0.8409642733263961,0.065205838828718
0.5904808317089019,0.8409642733263961,0.06520179206541821
0.5904808317089019,0.8413978494623656,0.06518673243423145
0.5908057179987004,0.8413978494623656,0.06517529136610034
0.5908057179987004,0.8414845646895595,0.06517507421994106
0.5909140134286334,0.8414845646895595,0.06517251626113785
0.5909140134286334,0.8417447103711412,0.065169358042386
0.5909681611435997,0.8417447103711412,0.06516767593736117
0.5909681611435997,0.841831425598335,0.06516669311153911
0.5910764565735326,0.841831425598335,0.06516562855925834
0.5910764565735326,0.8420915712799167,0.06516176966368659
0.5912388997184319,0.8420915712799167,0.06515416543057162
0.5912388997184319,0.8421782865071107,0.06515405824672738
0.5912930474333983,0.8421782865071107,0.06515137222408551
0.5912930474333983,0.8422650017343045,0.06514867460714147
0.5914013428633311,0.8422650017343045,0.06514595750682495
0.5914013428633311,0.8423517169614985,0.06514553483501562
0.591509638293264,0.8423517169614985,0.0651449903162129
0.591509638293264,0.8424384321886923,0.06514450181141251
0.5916720814381633,0.8424384321886923,0.06514307403790331
0.5916720814381633,0.8425251474158862,0.065142700162655
0.5917262291531298,0.8425251474158862,0.0651424359303927
0.5917262291531298,0.8426118626430801,0.06514184124225864
0.5919428200129955,0.8426118626430801,0.06513920553968222
0.5919428200129955,0.842785293097468,0.06513497542717284
0.5919969677279618,0.842785293097468,0.06513454711749045
0.5919969677279618,0.8428720083246618,0.06513259481031675
0.5920511154429283,0.8428720083246618,0.06513073350839949
0.5920511154429283,0.8429587235518557,0.06512540006776701
0.5921594108728612,0.8429587235518557,0.06512295828914216
0.5921594108728612,0.8430454387790496,0.06512264320388561
0.5922135585878276,0.8430454387790496,0.06511992707948111
0.5922135585878276,0.8431321540062435,0.06511979628072351
0.5923218540177605,0.8431321540062435,0.06511603965135415
0.5923218540177605,0.8432188692334374,0.06511431668997258
0.5924842971626597,0.8432188692334374,0.0651116983600315
0.5924842971626597,0.8433055844606313,0.0651096968900331
0.5925925925925926,0.8433055844606313,0.0651071202289013
0.5925925925925926,0.8433922996878251,0.06510578193779448
0.5927550357374919,0.8433922996878251,0.06510505204091
0.5927550357374919,0.8435657301422129,0.06510126935954541
0.5929716265973576,0.8435657301422129,0.06509859849027144
0.5929716265973576,0.8436524453694069,0.0650940835315561
0.5930257743123241,0.8436524453694069,0.06509319266902769
0.5930257743123241,0.8438258758237946,0.0650920106963373
0.5931882174572233,0.8438258758237946,0.06508837457919014
0.5931882174572233,0.8439125910509886,0.06508801696345667
0.5932965128871561,0.8439125910509886,0.06508369958603688
0.5932965128871561,0.8439993062781824,0.06508354852979448
0.5933506606021226,0.8439993062781824,0.06508282405270194
0.5933506606021226,0.8440860215053764,0.06508227640347686
0.593404808317089,0.8440860215053764,0.06508172750551999
0.593404808317089,0.844346167186958,0.06507905575716255
0.5934589560320555,0.844346167186958,0.06507883594738861
0.5934589560320555,0.8445195976413458,0.0650775995208619
0.5935672514619883,0.8445195976413458,0.06507683703855638
0.5935672514619883,0.8446063128685397,0.0650763518957278
0.5936213991769548,0.8446063128685397,0.06507373547498285
0.5936213991769548,0.8449531737773153,0.06506910807821198
0.5938379900368205,0.8449531737773153,0.06506712126968117
0.5938379900368205,0.845213319458897,0.06506155026627414
0.5940004331817197,0.845213319458897,0.06505408721235773
0.5940004331817197,0.8456468955948665,0.065049027140472
0.594541910331384,0.8456468955948665,0.06503871613818712
0.594541910331384,0.8458203260492543,0.06503813068100928
0.5946502057613169,0.8458203260492543,0.06503627032443915
0.5946502057613169,0.8459070412764481,0.06503560937657316
0.5948667966211826,0.8459070412764481,0.06503220102452412
0.5948667966211826,0.8459937565036421,0.06502771556394205
0.5950292397660819,0.8459937565036421,0.06502156525388325
0.5950292397660819,0.8460804717308359,0.06502009752409466
0.5954624214858133,0.8460804717308359,0.06501115475857322
0.5954624214858133,0.8462539021852237,0.06500923201822673
0.5955165692007798,0.8462539021852237,0.06500898376112607
0.5955165692007798,0.8463406174124176,0.06500664506333753
0.5955707169157461,0.8463406174124176,0.06500506599795264
0.5955707169157461,0.8464273326396116,0.06499854171111452
0.5956248646307126,0.8464273326396116,0.06499843662280402
0.5956248646307126,0.8465140478668054,0.0649964722981069
0.595679012345679,0.8465140478668054,0.0649934172142903
0.595679012345679,0.846860908775581,0.06499105362556135
0.596058046350444,0.846860908775581,0.06498457855425399
0.596058046350444,0.8471210544571627,0.06498319979576794
0.5961121940654105,0.8471210544571627,0.06497583163640974
0.5961121940654105,0.8472944849115505,0.06497338311212464
0.5962204894953433,0.8472944849115505,0.06497256898504156
0.5962204894953433,0.8473812001387444,0.06497216422189744
0.5962746372103097,0.8473812001387444,0.06496844067802554
0.5962746372103097,0.8475546305931322,0.06496753996662563
0.5963829326402426,0.8475546305931322,0.06496368366053851
0.5963829326402426,0.8478147762747138,0.06496065810934115
0.5965453757851419,0.8478147762747138,0.0649593291027224
0.5965453757851419,0.8479882067291016,0.06495869845730828
0.5965995235001083,0.8479882067291016,0.0649558651941462
0.5965995235001083,0.8480749219562955,0.06495503259924096
0.5968702620749404,0.8480749219562955,0.06494581243703657
0.5968702620749404,0.8481616371834895,0.0649456245148401
0.5969785575048733,0.8481616371834895,0.06493944560126419
0.5969785575048733,0.8483350676378772,0.06493653187036186
0.5970327052198398,0.8483350676378772,0.0649351970273484
0.5970327052198398,0.8484217828650711,0.06493351608015474
0.5970868529348061,0.8484217828650711,0.06493217142207985
0.5970868529348061,0.848508498092265,0.06493079948760005
0.5971410006497726,0.848508498092265,0.06492699061239549
0.5971410006497726,0.8486819285466528,0.06492431187571612
0.5973575915096383,0.8486819285466528,0.06491760739407781
0.5973575915096383,0.8487686437738466,0.06491676300433502
0.5976283300844705,0.8487686437738466,0.06490899655700666
0.5976283300844705,0.8490287894554284,0.06490659481603633
0.5977907732293697,0.8490287894554284,0.06490418534568976
0.5977907732293697,0.8492022199098161,0.06489983499781293
0.5978449209443362,0.8492022199098161,0.06489972490372864
0.5978449209443362,0.8492889351370101,0.0648980155089931
0.5978990686593025,0.8492889351370101,0.06489663261706435
0.5978990686593025,0.8495490808185917,0.06489252805555368
0.5980615118042019,0.8495490808185917,0.06488795477009468
0.5980615118042019,0.8496357960457857,0.06488763790896335
0.5982239549491012,0.8496357960457857,0.06488464861079435
0.5982239549491012,0.8497225112729795,0.064884448315909
0.598332250379034,0.8497225112729795,0.06488136703418901
0.598332250379034,0.8498092265001734,0.064880822193367
0.5985488412388997,0.8498092265001734,0.06487736190220539
0.5985488412388997,0.8499826569545612,0.06487619363706054
0.5986029889538661,0.8499826569545612,0.06487405243506372
0.5986029889538661,0.850156087408949,0.06487309414763809
0.5986571366688326,0.850156087408949,0.06487281321417426
0.5986571366688326,0.8502428026361429,0.06487191049875363
0.5988737275286983,0.8502428026361429,0.06486690059939848
0.5988737275286983,0.8503295178633368,0.06486584619651992
0.5989278752436648,0.8503295178633368,0.06486579345728516
0.5989278752436648,0.8504162330905307,0.06486570382631274
0.599090318388564,0.8504162330905307,0.06486310314289168
0.599090318388564,0.8506763787721123,0.06486278538670165
0.5991444661035304,0.8506763787721123,0.06486158795184616
0.5991444661035304,0.8507630939993063,0.0648606047867819
0.5995235001082955,0.8507630939993063,0.06485286173375804
0.5995235001082955,0.851023239680888,0.06484843718915201
0.5996317955382283,0.851023239680888,0.06484799299261668
0.5996317955382283,0.8511966701352758,0.06484529936428896
0.599848386398094,0.8511966701352758,0.06484150843201886
0.599848386398094,0.8514568158168574,0.06483890444219842
0.5999025341130604,0.8514568158168574,0.06483818599653857
0.5999025341130604,0.8517169614984391,0.06483520111020558
0.6000108295429933,0.8517169614984391,0.06483335936101198
0.6000108295429933,0.8518036767256331,0.06483269667460112
0.6000649772579597,0.8518036767256331,0.06483262919941368
0.6000649772579597,0.8518903919528269,0.06483251674064316
0.6004440112627247,0.8518903919528269,0.06482927705831654
0.6004440112627247,0.8519771071800208,0.06482893967948566
0.600606454407624,0.8519771071800208,0.06482562609282105
0.600606454407624,0.8522372528616025,0.06482052315221742
0.6006606021225904,0.8522372528616025,0.06481992281215243
0.6006606021225904,0.8523239680887964,0.06481958416356437
0.6007147498375569,0.8523239680887964,0.06481709545533176
0.6007147498375569,0.8524973985431842,0.06481561671688385
0.6007688975525233,0.8524973985431842,0.06481556878424954
0.6007688975525233,0.8525841137703781,0.0648154829756642
0.6008771929824561,0.8525841137703781,0.06481539219754762
0.6008771929824561,0.8528442594519597,0.06481103879838224
0.600985488412389,0.8528442594519597,0.06480775961516638
0.600985488412389,0.8529309746791537,0.06480771382834383
0.6012562269872211,0.8529309746791537,0.06480527307869544
0.6012562269872211,0.8531911203607353,0.06480286081578845
0.6014728178470868,0.8531911203607353,0.06479779165786059
0.6014728178470868,0.8532778355879292,0.06479647741156214
0.6015269655620533,0.8532778355879292,0.0647945917781334
0.6015269655620533,0.8533645508151232,0.06479213837383258
0.6015811132770197,0.8533645508151232,0.0647918010419215
0.6015811132770197,0.853451266042317,0.06479177855307894
0.6016894087069525,0.853451266042317,0.06479165976221402
0.6016894087069525,0.8536246964967048,0.06479137271097946
0.602122590426684,0.8536246964967048,0.06478563587729358
0.602122590426684,0.8537114117238987,0.06478469000772358
0.6023933290015161,0.8537114117238987,0.06478148757633995
0.6023933290015161,0.8539715574054804,0.06477865342344424
0.6025557721464154,0.8539715574054804,0.06477569565649488
0.6025557721464154,0.8540582726326743,0.0647756625848912
0.6026640675763483,0.8540582726326743,0.06477306084229206
0.6026640675763483,0.8541449878598681,0.06477276340348626
0.6027723630062811,0.8541449878598681,0.06477107456412523
0.6027723630062811,0.8542317030870621,0.06477081791711736
0.602880658436214,0.8542317030870621,0.06476898943094178
0.602880658436214,0.854318418314256,0.06476702725182437
0.6029348061511804,0.854318418314256,0.0647639718113171
0.6029348061511804,0.8544918487686438,0.06476143232545417
0.6030972492960797,0.8544918487686438,0.06475545929241866
0.6030972492960797,0.8545785639958376,0.06475439639401404
0.6033138401559455,0.8545785639958376,0.0647471463705993
0.6033138401559455,0.855098855359001,0.06473541376397862
0.6033679878709118,0.855098855359001,0.06473357839773275
0.6033679878709118,0.8551855705861949,0.06473260090911204
0.6035304310158112,0.8551855705861949,0.06472995490560174
0.6035304310158112,0.8552722858133889,0.06472901985279322
0.603638726445744,0.8552722858133889,0.06472660334030933
0.603638726445744,0.8553590010405827,0.06472638978496548
0.6037470218756769,0.8553590010405827,0.06472393243486585
0.6037470218756769,0.8555324314949705,0.06472086837919311
0.6038011695906432,0.8555324314949705,0.0647171534246509
0.6038011695906432,0.8556191467221644,0.0647166346285788
0.6039094650205762,0.8556191467221644,0.06471436257596497
0.6039094650205762,0.8557925771765522,0.06471038978837185
0.6039636127355426,0.8557925771765522,0.06470942017136494
0.6039636127355426,0.85596600763094,0.06470824792782404
0.6040719081654754,0.85596600763094,0.06470519264362573
0.6040719081654754,0.8561394380853278,0.0647036184396117
0.6041260558804419,0.8561394380853278,0.06470141751496183
0.6041260558804419,0.8563995837669095,0.06469715190973102
0.6043426467403076,0.8563995837669095,0.06469454800715235
0.6043426467403076,0.8566597294484911,0.06469215866179145
0.6045592376001733,0.8566597294484911,0.06468426360919044
0.6045592376001733,0.8567464446756851,0.06468085648114741
0.6046675330301061,0.8567464446756851,0.06467993461382959
0.6046675330301061,0.8568331599028789,0.06467649161457101
0.6048841238899718,0.8568331599028789,0.06467323910261147
0.6048841238899718,0.8574401664932362,0.06465963209657932
0.6049382716049383,0.8574401664932362,0.06465852247018056
0.6049382716049383,0.8575268817204301,0.0646569474267491
0.6049924193199047,0.8575268817204301,0.06465583112325768
0.6049924193199047,0.857613596947624,0.06465447785006107
0.6050465670348711,0.857613596947624,0.06465190005692745
0.6050465670348711,0.8578737426292057,0.06464865618834525
0.6051007147498375,0.8578737426292057,0.06464792653219464
0.6051007147498375,0.8580471730835935,0.06464522180558263
0.605154862464804,0.8580471730835935,0.06464406428557723
0.605154862464804,0.8581338883107874,0.06464314255432035
0.6053173056097033,0.8581338883107874,0.06463970899923055
0.6053173056097033,0.8582206035379812,0.0646391687951351
0.6054256010396362,0.8582206035379812,0.06463850390031922
0.6054256010396362,0.858480749219563,0.06463215170363834
0.6055880441845354,0.858480749219563,0.06462889024623797
0.6055880441845354,0.8585674644467568,0.06462772755413959
0.6056421918995019,0.8585674644467568,0.06462730466280431
0.6056421918995019,0.8586541796739507,0.06462027533805159
0.6056963396144682,0.8586541796739507,0.06461915737134016
0.6056963396144682,0.8587408949011447,0.06461738730869881
0.6059670781893004,0.8587408949011447,0.0646125056653275
0.6059670781893004,0.8589143253555325,0.06460995329316188
0.6060212259042669,0.8589143253555325,0.06460886170824498
0.6060212259042669,0.8590010405827263,0.06460795644131156
0.6060753736192332,0.8590010405827263,0.06460611700663632
0.6060753736192332,0.8590877558099203,0.06460288632448363
0.6065627030539311,0.8590877558099203,0.06459238437572834
0.6065627030539311,0.8591744710371141,0.0645919166961626
0.606670998483864,0.8591744710371141,0.0645902005531247
0.606670998483864,0.8593479014915019,0.06458718545488895
0.6069958847736625,0.8593479014915019,0.06457936963246702
0.6069958847736625,0.8594346167186958,0.06457934111094454
0.6073207710634612,0.8594346167186958,0.06457496380432248
0.6073207710634612,0.8596080471730836,0.06457323613217514
0.607808100498159,0.8596080471730836,0.06455713688367481
0.607808100498159,0.8596947624002775,0.06455658596752523
0.6080788390729911,0.8596947624002775,0.06454886903217583
0.6080788390729911,0.8597814776274714,0.0645478494272349
0.6081329867879576,0.8597814776274714,0.06454682981416093
0.6081329867879576,0.8598681928546653,0.06454240514561738
0.6081871345029239,0.8598681928546653,0.06454142520727224
0.6081871345029239,0.8599549080818591,0.06454133762135772
0.6082954299328568,0.8599549080818591,0.06454048438866211
0.6082954299328568,0.8600416233090531,0.06454037390037315
0.6083495776478233,0.8600416233090531,0.06454024006430115
0.6083495776478233,0.8601283385362469,0.0645374166162136
0.6085120207927226,0.8601283385362469,0.06453178107106616
0.6085120207927226,0.8604751994450226,0.06452997254090764
0.608566168507689,0.8604751994450226,0.06452652768813816
0.608566168507689,0.8605619146722164,0.06452641741762832
0.6086203162226554,0.8605619146722164,0.06452538891671944
0.6086203162226554,0.8608220603537982,0.06452207233661178
0.6088369070825211,0.8608220603537982,0.06451960362808351
0.6088369070825211,0.8611689212625737,0.06451532848630626
0.6088910547974875,0.8611689212625737,0.06451377317336249
0.6088910547974875,0.8615157821713493,0.06451044607704581
0.6092159410872862,0.8615157821713493,0.06450459218216409
0.6092159410872862,0.8616024973985432,0.06450458738678488
0.6093783842321854,0.8616024973985432,0.06449952274725179
0.6093783842321854,0.861689212625737,0.06449611890997509
0.6095408273770847,0.861689212625737,0.06449330540342291
0.6095408273770847,0.861775927852931,0.06449133561469833
0.6095949750920511,0.861775927852931,0.06449127044917269
0.6095949750920511,0.8618626430801248,0.06449022810108129
0.6096491228070176,0.8618626430801248,0.06448743408470259
0.6096491228070176,0.8620360735345126,0.06448627678490904
0.6098115659519169,0.8620360735345126,0.06448468870329704
0.6098115659519169,0.8621227887617066,0.06448425283279047
0.6099740090968161,0.8621227887617066,0.0644783068670256
0.6099740090968161,0.8622095039889005,0.06447654512147971
0.6102447476716483,0.8622095039889005,0.06447139141468394
0.6102447476716483,0.8622962192160943,0.06447087018123177
0.6104071908165476,0.8622962192160943,0.06446427797415688
0.6104071908165476,0.8625563648976761,0.06446294832293598
0.610461338531514,0.8625563648976761,0.06446252909755201
0.610461338531514,0.8627297953520638,0.06446135927972141
0.6106779293913797,0.8627297953520638,0.06445665610645923
0.6106779293913797,0.8628165105792577,0.06445554545029752
0.6107862248213125,0.8628165105792577,0.06445333611000015
0.6107862248213125,0.8631633714880333,0.06444754685569198
0.6108945202512454,0.8631633714880333,0.06444344938270641
0.6108945202512454,0.8632500867152272,0.06444279775469108
0.6111111111111112,0.8632500867152272,0.06443596026850873
0.6111111111111112,0.8635102323968089,0.0644308384718475
0.6113277019709769,0.8635102323968089,0.06442888357221843
0.6113277019709769,0.8635969476240027,0.06442799925110765
0.6113818496859432,0.8635969476240027,0.06442772297493193
0.6113818496859432,0.8638570933055845,0.06442423928829122
0.6117067359757419,0.8638570933055845,0.06441363037176284
0.6117067359757419,0.8639438085327783,0.06441352923164767
0.6120316222655404,0.8639438085327783,0.06440461485470061
0.6120316222655404,0.8640305237599722,0.06440458594209586
0.6123023608403725,0.8640305237599722,0.06440117411315938
0.6123023608403725,0.86420395421436,0.0643981580727524
0.6124648039852718,0.86420395421436,0.06439745453533763
0.6124648039852718,0.8643773846687478,0.06439554608243347
0.6125189517002383,0.8643773846687478,0.06439549602639949
0.6125189517002383,0.8646375303503295,0.06438926472589279
0.6126813948451375,0.8646375303503295,0.06438730476494547
0.6126813948451375,0.8647242455775234,0.06438442302510117
0.612735542560104,0.8647242455775234,0.06438438472847974
0.612735542560104,0.8648976760319113,0.06438013739060144
0.6127896902750704,0.8648976760319113,0.0643778417213603
0.6127896902750704,0.8652445369406868,0.06437104289174478
0.6130604288499025,0.8652445369406868,0.06436515528001663
0.6130604288499025,0.8654179673950746,0.06436174949332707
0.613114576564869,0.8654179673950746,0.0643603024739754
0.613114576564869,0.8655046826222684,0.06435846240255105
0.6132770197097682,0.8655046826222684,0.06435131410318773
0.6132770197097682,0.8655913978494624,0.06435061911338136
0.6133311674247347,0.8655913978494624,0.06434902828690414
0.6133311674247347,0.8656781130766562,0.06434851056063007
0.6133853151397011,0.8656781130766562,0.06434576645005441
0.6133853151397011,0.8657648283038502,0.06434507908814657
0.6134936105696339,0.8657648283038502,0.06434125606526142
0.6134936105696339,0.8658515435310441,0.06434111162029676
0.6136019059995668,0.8658515435310441,0.06433993532426019
0.6136019059995668,0.8660249739854319,0.06433922788260338
0.6138726445743989,0.8660249739854319,0.0643340659426368
0.6138726445743989,0.8662851196670135,0.0643306777153696
0.6139267922893654,0.8662851196670135,0.06433027542355152
0.6139267922893654,0.8663718348942074,0.06432919350949962
0.6139809400043318,0.8663718348942074,0.06432795737096497
0.6139809400043318,0.8665452653485952,0.06432588554364727
0.6141433831492311,0.8665452653485952,0.06432477437490203
0.6141433831492311,0.8668054110301769,0.0643238387098477
0.6143058262941304,0.8668054110301769,0.06431481285583218
0.6143058262941304,0.8669788414845647,0.06431315680692151
0.6144141217240633,0.8669788414845647,0.06431207411169026
0.6144141217240633,0.8670655567117586,0.06430915082492006
0.6145224171539961,0.8670655567117586,0.06430271388361009
0.6145224171539961,0.8673257023933403,0.06429910155151575
0.614630712583929,0.8673257023933403,0.06429756120458174
0.614630712583929,0.8674991328477281,0.064295324997373
0.6146848602988954,0.8674991328477281,0.06429494780622136
0.6146848602988954,0.867585848074922,0.06428990353659025
0.6147931557288282,0.867585848074922,0.06428674912539223
0.6147931557288282,0.8676725633021158,0.06428360564648239
0.6149555988737275,0.8676725633021158,0.06428281392586488
0.6149555988737275,0.8678459937565036,0.0642803618599661
0.615009746588694,0.8678459937565036,0.06427977659752826
0.615009746588694,0.8679327089836976,0.06427891363664462
0.6151180420186269,0.8679327089836976,0.06427762248464708
0.6151180420186269,0.8680194242108914,0.06427452420806512
0.6152804851635261,0.8680194242108914,0.06427101995251494
0.6152804851635261,0.8681928546652792,0.064267223035672
0.6156053714533247,0.8681928546652792,0.0642608482314202
0.6156053714533247,0.8685397155740548,0.06425608215099188
0.6158761100281568,0.8685397155740548,0.06425056212479063
0.6158761100281568,0.8686264308012487,0.06424975909559416
0.6160927008880225,0.8686264308012487,0.06424608812698374
0.6160927008880225,0.8687131460284426,0.06424469554897949
0.616146848602989,0.8687131460284426,0.06424430145227289
0.616146848602989,0.8687998612556365,0.06424415531910799
0.6162009963179553,0.8687998612556365,0.06424384645080194
0.6162009963179553,0.8689732917100242,0.06424219315144608
0.6162551440329218,0.8689732917100242,0.0642413720384154
0.6162551440329218,0.8690600069372182,0.06424081942131266
0.6163634394628547,0.8690600069372182,0.06423784787349662
0.6163634394628547,0.869146722164412,0.06423487763727609
0.6165800303227204,0.869146722164412,0.06423155510655221
0.6165800303227204,0.8693201526187999,0.06423036945425342
0.6168507688975525,0.8693201526187999,0.06422262710186599
0.6168507688975525,0.8694935830731877,0.06422050621508624
0.6169590643274854,0.8694935830731877,0.06421379925908566
0.6169590643274854,0.8695802983003815,0.06421339289376404
0.6170132120424519,0.8695802983003815,0.06421094244503167
0.6170132120424519,0.8696670135275755,0.06421083989716347
0.6170673597574182,0.8696670135275755,0.06421053177734093
0.6170673597574182,0.8697537287547693,0.06421005665576796
0.6171756551873511,0.8697537287547693,0.06420675256588848
0.6171756551873511,0.8698404439819633,0.06420590993788733
0.6172298029023175,0.8698404439819633,0.06420528959841043
0.6172298029023175,0.870013874436351,0.06420370066291858
0.6173380983322504,0.870013874436351,0.06420221100975532
0.6173380983322504,0.8705341657995144,0.06419727268539632
0.6174463937621832,0.8705341657995144,0.06419698337306246
0.6174463937621832,0.8707075962539021,0.06419397191131493
0.6175005414771496,0.8707075962539021,0.06419313144921301
0.6175005414771496,0.8708810267082899,0.0641881946190348
0.6175546891921161,0.8708810267082899,0.06418750979326693
0.6175546891921161,0.8710544571626778,0.06418668271313477
0.6176088369070826,0.8710544571626778,0.06418377986862933
0.6176088369070826,0.8711411723898717,0.0641827088096305
0.6177171323370154,0.8711411723898717,0.06418188737033481
0.6177171323370154,0.8712278876170656,0.06418183878211559
0.6180961663417803,0.8712278876170656,0.06417608055866064
0.6180961663417803,0.8714013180714534,0.06417492886247422
0.6181503140567468,0.8714013180714534,0.06417448814845095
0.6181503140567468,0.8715747485258412,0.06417376029632016
0.6183669049166125,0.8715747485258412,0.0641720017743157
0.6183669049166125,0.8718348942074228,0.06416955325198992
0.6184752003465454,0.8718348942074228,0.06416541385922558
0.6184752003465454,0.8719216094346167,0.06416397969435939
0.6185293480615118,0.8719216094346167,0.06416262855579435
0.6185293480615118,0.8720950398890045,0.06416080586820905
0.618691791206411,0.8720950398890045,0.06415555772388815
0.618691791206411,0.8721817551161984,0.06415488970129468
0.6188000866363439,0.8721817551161984,0.0641525055390757
0.6188000866363439,0.8722684703433923,0.06415146191840604
0.6190166774962097,0.8722684703433923,0.06414567080146036
0.6190166774962097,0.872528616024974,0.06413429041867436
0.6192332683560754,0.872528616024974,0.06412679482887862
0.6192332683560754,0.8727020464793618,0.0641263358641515
0.6193415637860082,0.8727020464793618,0.06412561133196637
0.6193415637860082,0.8727887617065556,0.06412493051349255
0.6195040069309076,0.8727887617065556,0.06412396530718767
0.6195040069309076,0.8731356226153313,0.06411596926066876
0.6195581546458739,0.8731356226153313,0.0641152875303701
0.6195581546458739,0.8733090530697191,0.06411095216939211
0.6196123023608404,0.8733090530697191,0.06410797197835705
0.6196123023608404,0.8733957682969129,0.06410491814641084
0.6199913363656053,0.8733957682969129,0.0641013364058527
0.6199913363656053,0.8734824835241068,0.06410042417171358
0.6201537795105047,0.8734824835241068,0.06409886806379128
0.6201537795105047,0.8735691987513007,0.06409880850918825
0.6202079272254711,0.8735691987513007,0.06409474595134701
0.6202079272254711,0.8736559139784946,0.06409420399369403
0.620316222655404,0.8736559139784946,0.0640905799775715
0.620316222655404,0.8737426292056886,0.06408823147707987
0.6203703703703703,0.8737426292056886,0.06408769471150544
0.6203703703703703,0.8738293444328824,0.06408676592114859
0.6204245180853368,0.8738293444328824,0.06408631193769554
0.6204245180853368,0.8739160596600763,0.06408629607164262
0.6206411089452025,0.8739160596600763,0.06408275744651837
0.6206411089452025,0.8740027748872702,0.06408214574323234
0.6209118475200347,0.8740027748872702,0.06407514294178762
0.6209118475200347,0.8740894901144641,0.06407360770942838
0.6209659952350011,0.8740894901144641,0.0640731360478124
0.6209659952350011,0.874176205341658,0.06407275251086042
0.6210201429499675,0.874176205341658,0.06406944987634788
0.6210201429499675,0.8744363510232397,0.06406772780501813
0.6211284383799004,0.8744363510232397,0.06406675813472518
0.6211284383799004,0.8746097814776275,0.06406565668185116
0.6212367338098332,0.8746097814776275,0.06406334389555468
0.6212367338098332,0.8746964967048214,0.06406099528274756
0.6212908815247996,0.8746964967048214,0.0640580859046489
0.6212908815247996,0.8747832119320152,0.06405676946946981
0.621832358674464,0.8747832119320152,0.06403664785090335
0.621832358674464,0.875043357613597,0.0640332923003919
0.6218865063894303,0.875043357613597,0.06403305490685951
0.6218865063894303,0.8753035032951786,0.06403205363136188
0.6219406541043968,0.8753035032951786,0.06403091795156413
0.6219406541043968,0.8754769337495665,0.06403026406112211
0.6221030972492961,0.8754769337495665,0.06402546938373144
0.6221030972492961,0.8756503642039543,0.06402339007589242
0.6221572449642625,0.8756503642039543,0.06402091260804021
0.6221572449642625,0.8757370794311481,0.06402067930736721
0.622211392679229,0.8757370794311481,0.06401864195989515
0.622211392679229,0.8760839403399237,0.064012440487488
0.6223738358241282,0.8760839403399237,0.0640065916697119
0.6223738358241282,0.8761706555671176,0.06400590602428458
0.6229694606887589,0.8761706555671176,0.0639906862390851
0.6229694606887589,0.8766042317030871,0.06398351014358439
0.6230236084037254,0.8766042317030871,0.06398288985563672
0.6230236084037254,0.8767776621574749,0.06398177185276954
0.6230777561186918,0.8767776621574749,0.06398147836962265
0.6230777561186918,0.8771245230662504,0.063972030711545
0.6232943469785575,0.8771245230662504,0.06396798842430629
0.6232943469785575,0.8772979535206382,0.0639655542946862
0.6233484946935239,0.8772979535206382,0.06396412160343923
0.6233484946935239,0.8773846687478322,0.06396219290326188
0.6234026424084904,0.8773846687478322,0.06396192505927933
0.6234026424084904,0.8776448144294138,0.06396052116823703
0.6234567901234568,0.8776448144294138,0.0639603347014337
0.6234567901234568,0.8782518210197711,0.06395623258412364
0.6235109378384233,0.8782518210197711,0.06395622836177361
0.6235109378384233,0.878338536246965,0.06395605238090929
0.6235650855533896,0.878338536246965,0.06395580140307744
0.6235650855533896,0.8785119667013528,0.06395258915554147
0.6236192332683561,0.8785119667013528,0.06395248976602885
0.6236192332683561,0.8785986819285466,0.06395243375161108
0.6239441195581547,0.8785986819285466,0.0639431127144674
0.6239441195581547,0.8787721123829344,0.06394045021172712
0.623998267273121,0.8787721123829344,0.0639404037854232
0.623998267273121,0.8788588276101283,0.06393795811270175
0.6241607104180203,0.8788588276101283,0.06393638938508928
0.6241607104180203,0.8789455428373222,0.06393518641935736
0.624377301277886,0.8789455428373222,0.06393092581823501
0.624377301277886,0.8790322580645161,0.06393077118828727
0.6247021875676847,0.8790322580645161,0.06392664243987856
0.6247021875676847,0.8791189732917101,0.06392344021550667
0.6247563352826511,0.8791189732917101,0.06392343550064128
0.6247563352826511,0.8792924037460979,0.06391976587411174
0.6248104829976175,0.8792924037460979,0.063919083753323
0.6248104829976175,0.8793791189732917,0.06391904652730673
0.6248646307125839,0.8793791189732917,0.06391885144197818
0.6248646307125839,0.8794658342004856,0.06391828448629067
0.6249187784275504,0.8794658342004856,0.0639182706270276
0.6249187784275504,0.8795525494276795,0.06391752832726039
0.6251353692874161,0.8795525494276795,0.06391431394283509
0.6251353692874161,0.8796392646548734,0.06391232597497898
0.6251895170023825,0.8796392646548734,0.06391195497380919
0.6251895170023825,0.8798126951092612,0.06390616637740432
0.6252978124323153,0.8798126951092612,0.06390376802543263
0.6252978124323153,0.8798994103364551,0.06390349130690809
0.6254061078622483,0.8798994103364551,0.06389848228154338
0.6254061078622483,0.8805064169268123,0.063894388548134
0.6254602555772146,0.8805064169268123,0.06389318546301537
0.6254602555772146,0.8805931321540063,0.06389306346203427
0.625622698722114,0.8805931321540063,0.06389147757601421
0.625622698722114,0.880766562608394,0.0638879155495442
0.6256768464370803,0.880766562608394,0.06388708472851024
0.6256768464370803,0.880853277835588,0.06388656534454196
0.6257851418670132,0.880853277835588,0.06388299356469762
0.6257851418670132,0.8812868539715574,0.06387649377158788
0.6259475850119125,0.8812868539715574,0.0638739309572327
0.6259475850119125,0.8814602844259452,0.06387218779197323
0.6262183235867447,0.8814602844259452,0.06386236265251677
0.6262183235867447,0.8815469996531391,0.0638610525074339
0.626272471301711,0.8815469996531391,0.06386097732614826
0.626272471301711,0.8818071453347208,0.06385946720859903
0.6263266190166775,0.8818071453347208,0.0638588713340924
0.6263266190166775,0.8818938605619147,0.06385880916739706
0.6266515053064761,0.8818938605619147,0.06384858368742496
0.6266515053064761,0.8819805757891086,0.06384819456446755
0.6267056530214425,0.8819805757891086,0.06384771893502794
0.6267056530214425,0.8823274366978842,0.06384475448554072
0.6268139484513754,0.8823274366978842,0.06384241929400103
0.6268139484513754,0.882414151925078,0.06384121589541492
0.6268680961663418,0.882414151925078,0.06383880737163716
0.6268680961663418,0.8825008671522719,0.06383552657272884
0.6273012778860733,0.8825008671522719,0.06382700026191857
0.6273012778860733,0.8825875823794659,0.06382664796616289
0.6276261641758718,0.8825875823794659,0.06382469478156239
0.6276261641758718,0.8827610128338537,0.06381992494284572
0.627788607320771,0.8827610128338537,0.06381698730172869
0.627788607320771,0.8828477280610475,0.06381456525581153
0.6278969027507039,0.8828477280610475,0.06381147280111854
0.6278969027507039,0.8829344432882414,0.06380967364412204
0.628167641325536,0.8829344432882414,0.0638009827024999
0.628167641325536,0.8833680194242108,0.06379665382665034
0.6282759367554689,0.8833680194242108,0.06379489735737809
0.6282759367554689,0.8835414498785987,0.0637938888678844
0.6283842321854017,0.8835414498785987,0.06379056508665815
0.6283842321854017,0.8838883107873743,0.06378672547052777
0.6284925276153346,0.8838883107873743,0.06378603583668507
0.6284925276153346,0.8840617412417621,0.06378048904463496
0.6288174139051332,0.8840617412417621,0.06377108031473111
0.6288174139051332,0.8841484564689559,0.06376861477511575
0.6290340047649989,0.8841484564689559,0.06376218788960442
0.6290340047649989,0.8842351716961498,0.06376027832782172
0.6290881524799653,0.8842351716961498,0.06375741223414888
0.6290881524799653,0.8843218869233438,0.06375701483337726
0.6291964479098981,0.8843218869233438,0.06374455459052597
0.6291964479098981,0.8844086021505376,0.06374098376310378
0.6292505956248646,0.8844086021505376,0.06374052549882436
0.6292505956248646,0.8844953173777316,0.06373941688485374
0.6293047433398311,0.8844953173777316,0.06373932241828739
0.6293047433398311,0.8845820326049254,0.06373349216609392
0.629413038769764,0.8845820326049254,0.06372746433453513
0.629413038769764,0.8851023239680887,0.06368575638520513
0.6294671864847303,0.8851023239680887,0.06368138857478711
0.6294671864847303,0.8851890391952827,0.063680431767968
0.6298462204894953,0.8851890391952827,0.05879002873026923
0.6298462204894953,0.8852757544224766,0.0587446168103794
0.6300086636343947,0.8852757544224766,0.05821807110412344
0.6300086636343947,0.8853624696496705,0.05735663656617446
0.6302252544942604,0.8853624696496705,0.05686917095885982
0.6302252544942604,0.8854491848768644,0.0568584836456911
0.6303335499241932,0.8854491848768644,0.056462238739712706
0.6303335499241932,0.8856226153312522,0.056041793106933
0.6304418453541261,0.8856226153312522,0.05478679452637711
0.6304418453541261,0.8860561914672217,0.054432126927693864
0.6307667316439246,0.8860561914672217,0.053682028399563764
0.6307667316439246,0.8861429066944155,0.05361690992174048
0.6308208793588911,0.8861429066944155,0.053597711950408716
0.6308208793588911,0.8862296219216095,0.05357480908798437
0.6309291747888239,0.8862296219216095,0.052642584154544786
0.6309291747888239,0.8863163371488033,0.05250922759812757
0.6309833225037903,0.8863163371488033,0.05243748250918043
0.6309833225037903,0.8864897676031911,0.05181289293778987
0.6310374702187568,0.8864897676031911,0.05166609161925348
0.6310374702187568,0.8866631980575789,0.05138574847092234
0.6314706519384882,0.8866631980575789,0.05007966690546614
0.6314706519384882,0.8867499132847728,0.050062418367541967
0.6315247996534546,0.8867499132847728,0.049975632615020776
0.6315247996534546,0.8868366285119667,0.049945998531635255
0.631578947368421,0.8868366285119667,0.04993182783215386
0.631578947368421,0.8871834894207423,0.049350831311842897
0.6317955382282867,0.8871834894207423,0.04893474896501357
0.6317955382282867,0.8872702046479362,0.04889875442434194
0.6319038336582197,0.8872702046479362,0.048762263414475066
0.6319038336582197,0.8873569198751301,0.048589440968419745
0.631957981373186,0.8873569198751301,0.04858127999488848
0.631957981373186,0.8874436351023239,0.04857941296756427
0.6320662768031189,0.8874436351023239,0.048521794411545444
0.6320662768031189,0.8875303503295179,0.048451543163365834
0.6323911630929174,0.8875303503295179,0.04818081560931728
0.6323911630929174,0.8876170655567117,0.048163855397752336
0.6324453108078839,0.8876170655567117,0.0481459213366939
0.6324453108078839,0.8877037807839057,0.04802384370879176
0.6325536062378168,0.8877037807839057,0.04802233924458499
0.6325536062378168,0.8878772112382934,0.048016045561674825
0.6326077539527832,0.8878772112382934,0.04800902633706772
0.6326077539527832,0.8880506416926812,0.04799389678098154
0.6326619016677496,0.8880506416926812,0.04799340342345737
0.6326619016677496,0.8881373569198752,0.04798984626444633
0.6327160493827161,0.8881373569198752,0.04798912500220173
0.6327160493827161,0.888224072147069,0.04798313274760513
0.6328784925276153,0.888224072147069,0.04796996080799232
0.6328784925276153,0.8883975026014568,0.047961969560290085
0.6329326402425818,0.8883975026014568,0.04794096518746571
0.6329326402425818,0.8884842178286507,0.047923658753034254
0.6336907082521117,0.8884842178286507,0.047509526096321836
0.6336907082521117,0.8886576482830385,0.04749143321459301
0.6337990036820447,0.8886576482830385,0.04746462963331585
0.6337990036820447,0.8889177939646202,0.047400513252606274
0.633853151397011,0.8889177939646202,0.047387360498030134
0.633853151397011,0.8890045091918141,0.047363814150234135
0.6339614468269439,0.8890045091918141,0.04733287297853736
0.6339614468269439,0.889091224419008,0.0473290450738206
0.6341238899718432,0.889091224419008,0.0472508740646331
0.6341238899718432,0.8891779396462018,0.04723541898524883
0.6341780376868096,0.8891779396462018,0.04723284517410861
0.6341780376868096,0.8892646548733958,0.04721225888285649
0.6342321854017761,0.8892646548733958,0.04719763455345302
0.6342321854017761,0.8897849462365591,0.04710371898299301
0.6342863331167424,0.8897849462365591,0.04709358863962351
0.6342863331167424,0.8898716614637531,0.047087410911677424
0.6346112194065411,0.8898716614637531,0.046985455409015636
0.6346112194065411,0.8900450919181409,0.0469582845690297
0.6347736625514403,0.8900450919181409,0.04691468789993267
0.6347736625514403,0.8902185223725286,0.046899277027711656
0.6348278102664068,0.8902185223725286,0.046876306349076885
0.6348278102664068,0.8903919528269164,0.04684909095321374
0.6349361056963396,0.8903919528269164,0.04684044464767553
0.6349361056963396,0.8906520985084981,0.046806916841422436
0.6350444011262725,0.8906520985084981,0.046797848193517816
0.6350444011262725,0.8910856746444675,0.046764738959423874
0.635098548841239,0.8910856746444675,0.04675205331322638
0.635098548841239,0.8911723898716615,0.04674944947854873
0.6352068442711718,0.8911723898716615,0.04671248111531498
0.6352068442711718,0.8913458203260493,0.046704843691354164
0.6353151397011046,0.8913458203260493,0.04668491048540965
0.6353151397011046,0.8914325355532432,0.04668442467896036
0.6354775828460039,0.8914325355532432,0.04663886714177143
0.6354775828460039,0.891519250780437,0.046635150003806886
0.6355317305609703,0.891519250780437,0.04662694629960826
0.6355317305609703,0.891605966007631,0.046623853124985154
0.6355858782759367,0.891605966007631,0.04662175177121239
0.6355858782759367,0.8916926812348248,0.04660210243394933
0.6356941737058696,0.8916926812348248,0.04658359644473184
0.6356941737058696,0.8919528269164065,0.04653942049241963
0.635748321420836,0.8919528269164065,0.046527906968565624
0.635748321420836,0.8920395421436004,0.04652718600980038
0.6359107645657354,0.8920395421436004,0.04650296783788385
0.6359107645657354,0.8921262573707943,0.046498831786355915
0.6360732077106346,0.8921262573707943,0.046476459409522136
0.6360732077106346,0.8922129725979882,0.04647172840690936
0.6361273554256011,0.8922129725979882,0.046469337209595424
0.6361273554256011,0.8922996878251821,0.046463904476446743
0.6362356508555339,0.8922996878251821,0.04643808396094948
0.6362356508555339,0.892386403052376,0.04640338038536204
0.6364522417153996,0.892386403052376,0.0463536668012878
0.6364522417153996,0.8928199791883454,0.04631679046115075
0.6366688325752653,0.8928199791883454,0.04625659128248036
0.6366688325752653,0.8930801248699272,0.04619680076684404
0.6367771280051981,0.8930801248699272,0.04613087988698791
0.6367771280051981,0.8931668400971211,0.04612245455034622
0.6368312757201646,0.8931668400971211,0.04612079145949452
0.6368312757201646,0.8932535553243149,0.046113654486465955
0.6369395711500975,0.8932535553243149,0.0460726354550198
0.6369395711500975,0.8933402705515089,0.04605467993852305
0.6369937188650638,0.8933402705515089,0.04605420559239268
0.6369937188650638,0.8934269857787027,0.04605282194466562
0.6372103097249296,0.8934269857787027,0.046037166538503066
0.6372103097249296,0.8935137010058967,0.04601774626524155
0.6375893437296946,0.8935137010058967,0.045936089799786445
0.6375893437296946,0.8937738466874783,0.04591359496702713
0.637643491444661,0.8937738466874783,0.04590738097821043
0.637643491444661,0.894120707596254,0.045892513162407916
0.6379142300194932,0.894120707596254,0.045785154243469045
0.6379142300194932,0.8942074228234478,0.04578357494195459
0.6380225254494261,0.8942074228234478,0.04578153632512813
0.6380225254494261,0.8942941380506417,0.04577621179839217
0.6381308208793589,0.8942941380506417,0.04577050022379134
0.6381308208793589,0.8944675685050295,0.045752058752402264
0.6381849685943253,0.8944675685050295,0.04570256241821366
0.6381849685943253,0.8946409989594173,0.04568364919141474
0.6382391163092918,0.8946409989594173,0.04567621363444371
0.6382391163092918,0.8947277141866111,0.045673284351347626
0.6383474117392246,0.8947277141866111,0.04559993106950164
0.6383474117392246,0.8948144294138051,0.04554532857351565
0.6385098548841239,0.8948144294138051,0.04550665773353832
0.6385098548841239,0.894901144640999,0.045506042157744425
0.6385640025990903,0.894901144640999,0.045505496012287566
0.6385640025990903,0.8949878598681928,0.045493883253455686
0.638780593458956,0.8949878598681928,0.04547046301096011
0.638780593458956,0.8950745750953868,0.045469125949916006
0.6389430366038553,0.8950745750953868,0.04540723300057434
0.6389430366038553,0.8951612903225806,0.04539162224542534
0.6389971843188218,0.8951612903225806,0.04539102052327945
0.6389971843188218,0.8952480055497746,0.04538005313472657
0.6393220706086203,0.8952480055497746,0.045268408901080165
0.6393220706086203,0.8955081512313562,0.045231132525567624
0.6394303660385532,0.8955081512313562,0.045148785300246325
0.6394303660385532,0.8955948664585501,0.045134879036614145
0.6395928091834524,0.8955948664585501,0.04508412032109896
0.6395928091834524,0.895681581685744,0.04507592726504403
0.6398635477582846,0.895681581685744,0.045010224646086144
0.6398635477582846,0.8957682969129379,0.04489869115852227
0.6399176954732511,0.8957682969129379,0.04488817672844722
0.6399176954732511,0.8958550121401319,0.04488549893428215
0.6400259909031839,0.8958550121401319,0.044854248594942775
0.6400259909031839,0.8960284425945196,0.04479155787961184
0.6400801386181503,0.8960284425945196,0.044764562453863704
0.6400801386181503,0.8961151578217135,0.04476217785894929
0.6402425817630496,0.8961151578217135,0.04471370841718178
0.6402425817630496,0.8962018730489074,0.0447048035711308
0.6404050249079489,0.8962018730489074,0.044671276327473
0.6404050249079489,0.8962885882761013,0.0446590667659503
0.6404591726229153,0.8962885882761013,0.04463957391190029
0.6404591726229153,0.8966354491848768,0.044424826924266164
0.6405133203378818,0.8966354491848768,0.044404845870178566
0.6405133203378818,0.8968955948664585,0.04436055608881667
0.6406216157678146,0.8968955948664585,0.04433006089930325
0.6406216157678146,0.8969823100936525,0.04429051856214092
0.640675763482781,0.8969823100936525,0.044221971378127
0.640675763482781,0.897329171002428,0.04414486992038602
0.6407299111977475,0.897329171002428,0.04410500204566137
0.6407299111977475,0.8974158862296219,0.04404378142788279
0.6407840589127138,0.8974158862296219,0.044006023226260405
0.6407840589127138,0.8975026014568158,0.04399161893220327
0.641054797487546,0.8975026014568158,0.04378351166906025
0.641054797487546,0.8975893166840098,0.04377485697812722
0.6413796837773446,0.8975893166840098,0.043525744653363396
0.6413796837773446,0.8976760319112036,0.043508888902333065
0.6417045700671432,0.8976760319112036,0.043446323847731394
0.6417045700671432,0.8977627471383975,0.04343753527387967
0.6419753086419753,0.8977627471383975,0.043359790185804103
0.6419753086419753,0.8978494623655914,0.04334304753719903
0.642191899501841,0.8978494623655914,0.042847690515958825
0.642191899501841,0.8979361775927853,0.042792907668597974
0.6422460472168074,0.8979361775927853,0.042500843466436594
0.6422460472168074,0.8980228928199792,0.042164732335860905
0.6423543426467403,0.8980228928199792,0.041782916413387355
0.6423543426467403,0.8983697537287547,0.04084416384093836
0.6424084903617068,0.8983697537287547,0.04083846986745593
0.6424084903617068,0.8984564689559487,0.040815350356855906
0.6424626380766731,0.8984564689559487,0.04073149286604327
0.6424626380766731,0.8985431841831426,0.04068554973031352
0.642570933506606,0.8985431841831426,0.0405112784860267
0.642570933506606,0.8986298994103364,0.040509814100151836
0.6426250812215725,0.8986298994103364,0.040353155888190495
0.6426250812215725,0.8988900450919182,0.04012725597722733
0.6428958197964046,0.8988900450919182,0.039472449897905076
0.6428958197964046,0.898976760319112,0.03914488628094309
0.6431124106562703,0.898976760319112,0.038513145508243085
0.6431124106562703,0.8991501907734998,0.038495195885546396
0.6431665583712367,0.8991501907734998,0.03837402871393564
0.6431665583712367,0.8993236212278877,0.038362910261993344
0.6437621832358674,0.8993236212278877,0.03823896016836453
0.6437621832358674,0.8994970516822755,0.03821291930995413
0.6442495126705653,0.8994970516822755,0.03791182780814811
0.6442495126705653,0.8996704821366632,0.037566031697986724
0.644466103530431,0.8996704821366632,0.036772601124451076
0.644466103530431,0.8999306278182448,0.03654428431114931
0.6446285466753303,0.8999306278182448,0.035945275282961486
0.6446285466753303,0.9000173430454388,0.035891479735616294
0.6447368421052632,0.9000173430454388,0.035881257853501713
0.6447368421052632,0.9001040582726326,0.035699053333947794
0.6455490578297596,0.9001040582726326,0.03530215069931353
0.6455490578297596,0.9001907734998266,0.035274980938771516
0.6456573532596924,0.9001907734998266,0.035122091598087116
0.6456573532596924,0.9003642039542143,0.0347166516130189
0.6457656486896253,0.9003642039542143,0.03450866406970829
0.6457656486896253,0.9004509191814083,0.03443141612724407
0.6458739441195581,0.9004509191814083,0.03369842465452996
0.6458739441195581,0.9005376344086021,0.03343582764422745
0.6459280918345246,0.9005376344086021,0.033348013363412504
0.6459280918345246,0.9006243496357961,0.03301501308274152
0.6460363872644574,0.9006243496357961,0.032893185289558924
0.6460363872644574,0.9007110648629899,0.032861628811094945
0.6462529781243231,0.9007110648629899,0.032673128042230715
0.6462529781243231,0.901491501907735,0.03191045652296484
0.6464695689841888,0.901491501907735,0.03060160729153477
0.6464695689841888,0.9016649323621228,0.03041701603676006
0.6465237166991553,0.9016649323621228,0.030414288987069882
0.6465237166991553,0.9017516475893167,0.030408485247886585
0.6465778644141217,0.9017516475893167,0.03040327231732909
0.6465778644141217,0.9019250780437045,0.030395218504473298
0.6466320121290882,0.9019250780437045,0.030394833856778047
0.6466320121290882,0.9020117932708984,0.030348480139916034
0.6469027507039203,0.9020117932708984,0.0301905941090177
0.6469027507039203,0.9021852237252862,0.030168705518314826
0.6472276369937189,0.9021852237252862,0.03003518843711339
0.6472276369937189,0.90227193895248,0.029860697163738265
0.6472817847086852,0.90227193895248,0.029691411251052874
0.6472817847086852,0.902358654179674,0.029685298930522797
0.6473359324236517,0.902358654179674,0.029683739152078892
0.6473359324236517,0.9025320846340618,0.029481158280455444
0.647877409573316,0.9025320846340618,0.02897847922466734
0.647877409573316,0.9026187998612556,0.028970325877650638
0.6479857050032488,0.9026187998612556,0.0288882659513445
0.6479857050032488,0.9027055150884495,0.028845733917094885
0.6483105912930475,0.9027055150884495,0.028734493146881562
0.6483105912930475,0.9028789455428373,0.028725512130493625
0.6483647390080138,0.9028789455428373,0.028698024387809717
0.6483647390080138,0.9029656607700313,0.028686696631869707
0.6484188867229803,0.9029656607700313,0.028677372425395864
0.6484188867229803,0.9033125216788068,0.028539896984570656
0.6485271821529132,0.9033125216788068,0.028288753395352834
0.6485271821529132,0.9033992369060007,0.028046235907828343
0.6485813298678795,0.9033992369060007,0.027942157246657273
0.6485813298678795,0.9034859521331946,0.027908269069561592
0.6487437730127789,0.9034859521331946,0.02781493988121625
0.6487437730127789,0.9035726673603884,0.02778265166301852
0.6492852501624431,0.9035726673603884,0.02708142990534068
0.6492852501624431,0.9037460978147763,0.026914056843649198
0.6494476933073424,0.9037460978147763,0.026756631601351666
0.6494476933073424,0.9038328130419702,0.026660418143791026
0.6495018410223089,0.9038328130419702,0.026658720506460315
0.6495018410223089,0.9039195282691641,0.026625720796602276
0.6495559887372753,0.9039195282691641,0.026607337334536324
0.6495559887372753,0.9040062434963579,0.02641183701023217
0.6496101364522417,0.9040062434963579,0.02630709988474872
0.6496101364522417,0.9040929587235519,0.026273350866904382
0.6496642841672081,0.9040929587235519,0.025897148908440276
0.6496642841672081,0.9042663891779397,0.0255003537505942
0.6497184318821746,0.9042663891779397,0.025353374738609824
0.6497184318821746,0.9043531044051335,0.025315239013758012
0.649772579597141,0.9043531044051335,0.025234716032492055
0.649772579597141,0.9045265348595213,0.025161263161683267
0.6498267273121074,0.9045265348595213,0.025154112736289286
0.6498267273121074,0.9053069719042663,0.025095322430636335
0.6498808750270738,0.9053069719042663,0.025048911699318416
0.6498808750270738,0.905653832813042,0.024842616149453378
0.6500974658869396,0.905653832813042,0.024815598427227026
0.6500974658869396,0.9057405480402358,0.024731919570193717
0.6503140567468053,0.9057405480402358,0.0247288133394018
0.6503140567468053,0.9058272632674298,0.024727720652883867
0.6505847953216374,0.9058272632674298,0.024725756322120263
0.6505847953216374,0.9061741241762054,0.024721936721786686
0.6506930907515703,0.9061741241762054,0.024711613013107425
0.6506930907515703,0.9064342698577871,0.024679400620767455
0.6507472384665367,0.9064342698577871,0.024667274780571735
0.6507472384665367,0.9066077003121749,0.024531626674217155
0.6510179770413689,0.9066077003121749,0.024439688851985664
0.6510179770413689,0.9067811307665626,0.024402684410421538
0.6511804201862681,0.9067811307665626,0.024323983034424568
0.6511804201862681,0.9068678459937565,0.02411250326432987
0.6512345679012346,0.9068678459937565,0.024070266091334974
0.6512345679012346,0.907214706902532,0.023635944397347175
0.6514511587611003,0.907214706902532,0.023467038840987442
0.6514511587611003,0.907301422129726,0.023466935936131694
0.6518843404808317,0.907301422129726,0.023382653733888314
0.6518843404808317,0.9073881373569199,0.02337599475285701
0.6519384881957981,0.9073881373569199,0.023338393695317067
0.6519384881957981,0.9074748525841138,0.023171095665497105
0.6519926359107646,0.9074748525841138,0.023150350170995065
0.6519926359107646,0.9075615678113077,0.02308016095842441
0.652046783625731,0.9075615678113077,0.02299117978628934
0.652046783625731,0.9076482830385015,0.02293566187725779
0.6521009313406975,0.9076482830385015,0.022930843110553906
0.6521009313406975,0.9077349982656955,0.022880261098810223
0.6521550790556638,0.9077349982656955,0.022859343321699255
0.6521550790556638,0.9078217134928893,0.02283473807237224
0.6522092267706303,0.9078217134928893,0.022821882044081365
0.6522092267706303,0.9079084287200833,0.022659621906067046
0.6523175222005632,0.9079084287200833,0.021869342551245563
0.6523175222005632,0.9085154353104405,0.02101493473729696
0.652425817630496,0.9085154353104405,0.020783557425703675
0.652425817630496,0.9086888657648283,0.020653338475260935
0.6524799653454624,0.9086888657648283,0.020604169622355867
0.6524799653454624,0.9087755809920222,0.020565189348141527
0.6527507039202946,0.9087755809920222,0.020099582576338565
0.6527507039202946,0.9089490114464099,0.019661150267314714
0.6529131470651939,0.9089490114464099,0.019491002344503155
0.6529131470651939,0.9090357266736039,0.01946831158936188
0.6531838856400259,0.9090357266736039,0.018853516808841925
0.6531838856400259,0.9091224419007978,0.018779153410917487
0.6536170673597574,0.9091224419007978,0.01827257675789401
0.6536170673597574,0.9093825875823794,0.018115638753292446
0.6537253627896903,0.9093825875823794,0.01791329202334177
0.6537253627896903,0.9094693028095734,0.017823978117475797
0.6538336582196231,0.9094693028095734,0.01774548580789298
0.6538336582196231,0.909816163718349,0.017564085391444134
0.6539961013645225,0.909816163718349,0.0174822956955418
0.6539961013645225,0.9099895941727367,0.01744405978311997
0.6540502490794888,0.9099895941727367,0.017443034084143466
0.6540502490794888,0.9103364550815123,0.017315015812009532
0.6541585445094217,0.9103364550815123,0.017280238613255644
0.6541585445094217,0.9104231703087062,0.017262488920388036
0.654320987654321,0.9104231703087062,0.017257296245885317
0.654320987654321,0.9108567464446757,0.017200454616141586
0.6543751353692874,0.9108567464446757,0.01718946610085778
0.6543751353692874,0.9109434616718696,0.017159502704364005
0.6545375785141867,0.9109434616718696,0.017053303808262588
0.6545375785141867,0.9110301768990635,0.017033949012561028
0.6545917262291532,0.9110301768990635,0.016996296232434455
0.6545917262291532,0.9112036073534513,0.016976951160932757
0.6546458739441195,0.9112036073534513,0.01660272185656983
0.6546458739441195,0.9112903225806451,0.01658305111761879
0.654700021659086,0.9112903225806451,0.016582113419804506
0.654700021659086,0.9113770378078391,0.016568758422792457
0.6554039419536496,0.9113770378078391,0.01523255350490213
0.6554039419536496,0.9114637530350329,0.015223388466413329
0.6559995668182803,0.9114637530350329,0.014344056214214002
0.6559995668182803,0.9118106139438086,0.014056002133776557
0.6560537145332467,0.9118106139438086,0.014024637192611822
0.6560537145332467,0.9118973291710024,0.013925838914910171
0.6561078622482132,0.9118973291710024,0.013874157102315599
0.6561078622482132,0.9119840443981964,0.013696687465559937
0.6563244531080789,0.9119840443981964,0.013299959742530981
0.6563244531080789,0.9120707596253902,0.013244853989920452
0.6564327485380117,0.9120707596253902,0.013186970378786883
0.6564327485380117,0.9121574748525841,0.013157680953931689
0.6564868962529781,0.9121574748525841,0.013064899408114755
0.6564868962529781,0.9124176205341658,0.012934015159030615
0.656595191682911,0.9124176205341658,0.012584890306508417
0.656595191682911,0.9125910509885536,0.012520702299314151
0.6566493393978774,0.9125910509885536,0.01249083960086153
0.6566493393978774,0.9127644814429414,0.012482521787127637
0.6567034871128439,0.9127644814429414,0.012425035942082135
0.6567034871128439,0.9128511966701353,0.012399542512795209
0.6568117825427767,0.9128511966701353,0.012192597514875975
0.6568117825427767,0.9129379118973292,0.0121451807411396
0.6569200779727096,0.9129379118973292,0.011975010121609314
0.6569200779727096,0.913024627124523,0.011889074610156675
0.6569742256876759,0.913024627124523,0.011873735504213029
0.6569742256876759,0.9134582032604925,0.011669141692293356
0.6572449642625081,0.9134582032604925,0.010837118990905975
0.6572449642625081,0.9135449184876865,0.010513016833626015
0.6574615551223738,0.9135449184876865,0.00933423326306701
0.6574615551223738,0.9136316337148803,0.009329117331904557
0.6575157028373403,0.9136316337148803,0.009319604161530437
0.6575157028373403,0.9137183489420743,0.008822476323137235
0.6575698505523067,0.9137183489420743,0.008583245643977888
0.6575698505523067,0.9138050641692681,0.008256212001233304
0.6576239982672731,0.9138050641692681,0.008200735166472128
0.6576239982672731,0.913891779396462,0.008200378074245007
0.6576781459822395,0.913891779396462,0.007882200689005525
0.6576781459822395,0.9140652098508498,0.006519618243263359
0.6577864414121724,0.9140652098508498,0.005368709299252761
0.6577864414121724,0.9142386403052376,0.003050194286948693
0.6578405891271388,0.9142386403052376,0.0019509871265669942
0.6578405891271388,0.9143253555324315,0.0008505792190772188
0.6578947368421053,0.9143253555324315,0.0004376278437478731
0.6578947368421053,0.9144120707596254,2.8156905206494498e-05
0.6581654754169374,0.9144120707596254,-0.005713019500975608
0.6581654754169374,0.9144987859868193,-0.00636475201178513
0.658490361706736,0.9144987859868193,-0.00884236848946457
0.658490361706736,0.9147589316684009,-0.010130488645518965
0.6585445094217024,0.9147589316684009,-0.011100822879218819
0.6585445094217024,0.9149323621227887,-0.011399367685573536
0.6587069525666017,0.9149323621227887,-0.01669674347057798
0.6587069525666017,0.9151057925771765,-0.018173079974513257
0.6587611002815681,0.9151057925771765,-0.018605647999260955
0.6587611002815681,0.9154526534859522,-0.02235955341340143
0.6589235434264674,0.9154526534859522,-0.02252899993419971
0.6589235434264674,0.91562608394034,-0.02571880596505366
0.6591401342863331,0.91562608394034,-0.029237154067407845
0.6591401342863331,0.9157995143947277,-0.03080394495777089
0.659248429716266,0.9157995143947277,-0.03213220984772952
0.659248429716266,0.9158862296219216,-0.03256917051172509
0.6594108728611653,0.9158862296219216,-0.03536303138498734
0.6594108728611653,0.9160596600763093,-0.04104941061950501
0.6595733160060645,0.9160596600763093,-0.04445604273938317
0.6595733160060645,0.9161463753035033,-0.04732866969867272
0.659627463721031,0.9161463753035033,-0.04775945534571974
0.659627463721031,0.9163198057578911,-0.04893388462265341
0.6596816114359974,0.9163198057578911,-0.049898490249043775
0.6596816114359974,0.916406520985085,-0.05026551802742671
0.6597357591509638,0.916406520985085,-0.050340603431653336
0.6597357591509638,0.9164932362122789,-0.050668866440605614
0.6597899068659303,0.9164932362122789,-0.0513609205734869
0.6597899068659303,0.9165799514394728,-0.051628840610300014
0.6601147931557289,0.9165799514394728,-0.05428733193279853
0.6601147931557289,0.9168400971210544,-0.055212074698644836
0.6601689408706952,0.9168400971210544,-0.05528044739249746
0.6601689408706952,0.9169268123482484,-0.0554117044584512
0.6602772363006281,0.9169268123482484,-0.05553647358992883
0.6602772363006281,0.9170135275754423,-0.05621193904301719
0.6604938271604939,0.9170135275754423,-0.06160767593977773
0.6604938271604939,0.9171002428026361,-0.06196313411979054
0.6605479748754602,0.9171002428026361,-0.06203116295281713
0.6605479748754602,0.9171869580298301,-0.06485291973641066
0.6606021225904267,0.9171869580298301,-0.0685469811610454
0.6606021225904267,0.9172736732570239,-0.06862659195621124
0.6606562703053931,0.9172736732570239,-0.07050085445816925
0.6606562703053931,0.9175338189386056,-0.07178265306330883
0.6609270088802253,0.9175338189386056,-0.07606632754785597
0.6609270088802253,0.9176205341657995,-0.07770147625754048
0.6612518951700238,0.9176205341657995,-0.07911422920125316
0.6612518951700238,0.9177939646201873,-0.07939155665532488
0.6613060428849903,0.9177939646201873,-0.07939504270379177
0.6613060428849903,0.9178806798473812,-0.07970488116487112
0.6613601905999567,0.9178806798473812,-0.08061118591321442
0.6613601905999567,0.9179673950745751,-0.0812440436636323
0.6614143383149231,0.9179673950745751,-0.08305894228334215
0.6614143383149231,0.9181408255289629,-0.0867387179537103
0.6616850768897552,0.9181408255289629,-0.08996406079740463
0.6616850768897552,0.9182275407561568,-0.09118721255494561
0.661901667749621,0.9182275407561568,-0.09120085564295405
0.661901667749621,0.9183142559833507,-0.09121746738548703
0.6619558154645874,0.9183142559833507,-0.09150448482360507
0.6619558154645874,0.9185744016649323,-0.09326880016440015
0.6622265540394195,0.9185744016649323,-0.09625814103089242
0.6622265540394195,0.9186611168921263,-0.09642045858138798
0.6623348494693524,0.9186611168921263,-0.09653790279751723
0.6623348494693524,0.9187478321193202,-0.09686914103491823
0.6624972926142517,0.9187478321193202,-0.09727516392274077
0.6624972926142517,0.918834547346514,-0.0973915309417161
0.6626055880441846,0.918834547346514,-0.09783850429998714
0.6626055880441846,0.9190079778009018,-0.09805849008744233
0.6627138834741174,0.9190079778009018,-0.09860752579207027
0.6627138834741174,0.9190946930280958,-0.09920453919725741
0.6627680311890838,0.9190946930280958,-0.09920509900069713
0.6627680311890838,0.9191814082552896,-0.09942221758340081
0.663038769763916,0.9191814082552896,-0.0999927848524011
0.663038769763916,0.9193548387096774,-0.1002179615462871
0.6632012129088153,0.9193548387096774,-0.10071549957946652
0.6632012129088153,0.9194415539368713,-0.10110195055725485
0.663417803768681,0.9194415539368713,-0.10185701938203534
0.663417803768681,0.9195282691640652,-0.10197420914445349
0.6634719514836473,0.9195282691640652,-0.10203056693236362
0.6634719514836473,0.9196149843912591,-0.10251022094523271
0.6636885423435132,0.9196149843912591,-0.10280308296734147
0.6636885423435132,0.919701699618453,-0.10287419072811593
0.663796837773446,0.919701699618453,-0.10290712159008025
0.663796837773446,0.9197884148456469,-0.10293152817225976
0.6638509854884124,0.9197884148456469,-0.10297702068434916
0.6638509854884124,0.9198751300728408,-0.10298367895264265
0.6642300194931774,0.9198751300728408,-0.10307995666400388
0.6642300194931774,0.9199618453000347,-0.10310080934248339
0.6642841672081438,0.9199618453000347,-0.10310650067755073
0.6642841672081438,0.9200485605272286,-0.10310672544711658
0.6645007580680096,0.9200485605272286,-0.10314269281872873
0.6645007580680096,0.9201352757544224,-0.10315901617839901
0.6648256443578081,0.9201352757544224,-0.10324173986085045
0.6648256443578081,0.9203954214360042,-0.1032521810433718
0.6649880875027074,0.9203954214360042,-0.10331967976839657
0.6649880875027074,0.920482136663198,-0.10331969673213698
0.6650963829326403,0.920482136663198,-0.10333718634900407
0.6650963829326403,0.920568851890392,-0.10334015500366173
0.6652588260775395,0.920568851890392,-0.10334993460029057
0.6652588260775395,0.9206555671175859,-0.10335211444099685
0.665312973792506,0.9206555671175859,-0.10337286533705475
0.665312973792506,0.9208289975719737,-0.10339320062146101
0.6656378600823045,0.9208289975719737,-0.10341727216980395
0.6656378600823045,0.9209157127991675,-0.10342122472143506
0.6657461555122374,0.9209157127991675,-0.1034265428542091
0.6657461555122374,0.9210891432535553,-0.10342737407751262
0.6658003032272038,0.9210891432535553,-0.1034274588962179
0.6658003032272038,0.9211758584807492,-0.10343520284394286
0.6659627463721031,0.9211758584807492,-0.10347423217083546
0.6659627463721031,0.9212625737079431,-0.10348323567632273
0.6660710418020359,0.9212625737079431,-0.10348873616931281
0.6660710418020359,0.921436004162331,-0.10350410531857618
0.6661793372319688,0.921436004162331,-0.10350681527618727
0.6661793372319688,0.9215227193895248,-0.10351559401210791
0.6662876326619017,0.9215227193895248,-0.10351726069965378
0.6662876326619017,0.9216094346167187,-0.10352508946608391
0.6663417803768681,0.9216094346167187,-0.1035258910028411
0.6663417803768681,0.9216961498439126,-0.10352645504722696
0.6664500758068009,0.9216961498439126,-0.10353522530127851
0.6664500758068009,0.9218695802983004,-0.1035552594792995
0.6665583712367338,0.9218695802983004,-0.10356843182411907
0.6665583712367338,0.9220430107526881,-0.10356999672921857
0.6667749620965995,0.9220430107526881,-0.10358087048714532
0.6667749620965995,0.9221297259798821,-0.10360205395861416
0.6669374052414988,0.9221297259798821,-0.10361556981919068
0.6669374052414988,0.9223031564342699,-0.1036442300594746
0.6670457006714317,0.9223031564342699,-0.10364558715874678
0.6670457006714317,0.9223898716614638,-0.1036488908472924
0.6670998483863981,0.9223898716614638,-0.10365238961885764
0.6670998483863981,0.9224765868886576,-0.10365303424101197
0.6671539961013645,0.9224765868886576,-0.10365401813798586
0.6671539961013645,0.9225633021158516,-0.10366243215348342
0.667208143816331,0.9225633021158516,-0.10366655434252575
0.667208143816331,0.9227367325702394,-0.10367152047768208
0.6673705869612302,0.9227367325702394,-0.1036840651640934
0.6673705869612302,0.9229101630246271,-0.10368933240564998
0.6674247346761967,0.9229101630246271,-0.10369328071635014
0.6674247346761967,0.922996878251821,-0.10369498133137683
0.6675330301061295,0.922996878251821,-0.10371199596352382
0.6675330301061295,0.9230835934790149,-0.10371272964531891
0.6677496209659952,0.9230835934790149,-0.1037269707058252
0.6677496209659952,0.9232570239334027,-0.10373940512792507
0.6678037686809617,0.9232570239334027,-0.10373981225770618
0.6678037686809617,0.9235171696149844,-0.10375099136297844
0.6679120641108945,0.9235171696149844,-0.10375338325044975
0.6679120641108945,0.9236038848421783,-0.10375580058353101
0.6679662118258609,0.9236038848421783,-0.10375801011078595
0.6679662118258609,0.9236906000693722,-0.1037627896447923
0.6680203595408274,0.9236906000693722,-0.10376459628320239
0.6680203595408274,0.923777315296566,-0.10376608485146827
0.6682369504006931,0.923777315296566,-0.10377088559015119
0.6682369504006931,0.92386403052376,-0.10377344711503117
0.6684535412605588,0.92386403052376,-0.10378835824330829
0.6684535412605588,0.9239507457509538,-0.103790538084018
0.6685618366904916,0.9239507457509538,-0.10379775615578318
0.6685618366904916,0.9241241762053417,-0.10380607262977432
0.6692657569850552,0.9241241762053417,-0.10383765911538906
0.6692657569850552,0.9242976066597295,-0.10383943182631766
0.6694282001299545,0.9242976066597295,-0.10384275671954074
0.6694282001299545,0.9243843218869233,-0.10384807485232356
0.6695364955598874,0.9243843218869233,-0.10385014018778188
0.6695364955598874,0.9244710371141173,-0.10385344811726543
0.6695906432748538,0.9244710371141173,-0.10385557282581698
0.6695906432748538,0.9245577523413111,-0.10385569581293891
0.6696989387047867,0.9245577523413111,-0.10386835076367545
0.6696989387047867,0.9247311827956989,-0.10387242630243482
0.6697530864197531,0.9247311827956989,-0.103875929314937
0.6697530864197531,0.9248178980228928,-0.10387667571954079
0.6698072341347195,0.9248178980228928,-0.10387684111601386
0.6698072341347195,0.9249046132500867,-0.10387699378968412
0.6698613818496859,0.9249046132500867,-0.1038788725239917
0.6698613818496859,0.9249913284772806,-0.10388500915727367
0.6699155295646524,0.9249913284772806,-0.10388520424029585
0.6699155295646524,0.9252514741588623,-0.10389941561426491
0.6701321204245181,0.9252514741588623,-0.10390946663077133
0.6701321204245181,0.9253381893860562,-0.1039102512037891
0.6703487112843838,0.9253381893860562,-0.1039275881470289
0.6703487112843838,0.9255116198404439,-0.10392972557838637
0.6705111544292831,0.9255116198404439,-0.10393818200324428
0.6705111544292831,0.9258584807492196,-0.10394755871104872
0.6707277452891488,0.9258584807492196,-0.10395629503763565
0.6707277452891488,0.9259451959764134,-0.1039568463592146
0.6707818930041153,0.9259451959764134,-0.10396189307214426
0.6707818930041153,0.9260319112036074,-0.10396448004263953
0.6708901884340481,0.9260319112036074,-0.10396879307377321
0.6708901884340481,0.9262053416579952,-0.10398163886660178
0.6709443361490145,0.9262053416579952,-0.103983148639547
0.6709443361490145,0.926292056885189,-0.10398394169443631
0.670998483863981,0.926292056885189,-0.10398615122169202
0.670998483863981,0.926378772112383,-0.10398660500176166
0.6711067792939138,0.926378772112383,-0.10398792393262063
0.6711067792939138,0.9268990634755463,-0.10400737286161327
0.6711609270088802,0.9268990634755463,-0.10400763155866338
0.6711609270088802,0.9273326396115158,-0.10401513801403267
0.671269222438813,0.9273326396115158,-0.10401979456092131
0.671269222438813,0.9274193548387096,-0.10402629167370364
0.6715941087286117,0.9274193548387096,-0.10403495166345694
0.6715941087286117,0.9275927852930975,-0.10404196192940202
0.6718106995884774,0.9275927852930975,-0.10404773808319595
0.6718106995884774,0.9278529309746791,-0.10405963814747049
0.6718648473034438,0.9278529309746791,-0.10406649149881114
0.6718648473034438,0.9279396462018731,-0.10406803095830325
0.6721897335932424,0.9279396462018731,-0.10407538049906989
0.6721897335932424,0.9282865071106486,-0.10409914245920676
0.6722438813082088,0.9282865071106486,-0.10410179304372907
0.6722438813082088,0.9284599375650364,-0.10410321375703263
0.6724604721680745,0.9284599375650364,-0.10411321812325952
0.6724604721680745,0.9286333680194242,-0.10411433773016349
0.6726229153129738,0.9286333680194242,-0.10412250577143062
0.6726229153129738,0.928806798473812,-0.10413092402787866
0.6726770630279402,0.928806798473812,-0.10414709895487723
0.6726770630279402,0.9288935137010059,-0.10414736613379699
0.6727312107429066,0.9288935137010059,-0.10415490227571705
0.6727312107429066,0.9289802289281998,-0.10416160719432815
0.6728395061728395,0.9289802289281998,-0.10416807037963421
0.6728395061728395,0.9293270898369753,-0.10417615360219862
0.6730560970327052,0.9293270898369753,-0.10418357947980234
0.6730560970327052,0.9299340964273326,-0.10419909282090783
0.673164392462638,0.9299340964273326,-0.10420080615874489
0.673164392462638,0.9300208116545265,-0.10420134899845562
0.6732185401776045,0.9300208116545265,-0.10420355852571322
0.6732185401776045,0.9301942421089143,-0.10421393609424584
0.6732726878925709,0.9301942421089143,-0.10421506418301901
0.6732726878925709,0.9302809573361083,-0.10422409737507893
0.6733809833225038,0.9302809573361083,-0.10426510297791719
0.6733809833225038,0.9303676725633021,-0.1042771133065204
0.6734351310374702,0.9303676725633021,-0.10427835590054496
0.6734351310374702,0.9306278182448838,-0.10430081589357915
0.6735434264674031,0.9306278182448838,-0.1043033010816306
0.6735434264674031,0.9307145334720777,-0.10430798307413752
0.6736517218973359,0.9307145334720777,-0.10432205449726811
0.6736517218973359,0.9309746791536594,-0.10436486673853346
0.6737600173272688,0.9309746791536594,-0.10437030785845075
0.6737600173272688,0.9310613943808532,-0.1043813300491459
0.6738141650422352,0.9310613943808532,-0.1044102617093709
0.6738141650422352,0.9312348248352411,-0.10441882415762632
0.6739224604721681,0.9312348248352411,-0.1044394435847798
0.6739224604721681,0.931321540062435,-0.10449657322344891
0.6740849036170674,0.931321540062435,-0.10526800358653671
0.6740849036170674,0.9314082552896289,-0.10548597069512827
0.6741390513320338,0.9314082552896289,-0.1054873150716053
0.6741390513320338,0.9314949705168227,-0.10561900035243948
0.6742473467619666,0.9314949705168227,-0.1061356353277208
0.6742473467619666,0.9315816857440167,-0.10615144553441752
0.6743014944769331,0.9315816857440167,-0.10615266692377595
0.6743014944769331,0.9316684009712105,-0.10648396030563384
0.6743556421918995,0.9316684009712105,-0.10653616197798094
0.6743556421918995,0.9317551161984045,-0.10656299932705543
0.674409789906866,0.9317551161984045,-0.10667753355556103
0.674409789906866,0.9318418314255983,-0.10681591103291016
0.6745180853367988,0.9318418314255983,-0.10761467847220146
0.6745180853367988,0.9319285466527922,-0.10822202705795464
0.6748971193415638,0.9319285466527922,-0.11957062482650382
0.6748971193415638,0.93210197710718,-0.12381335887638484
0.675059562486463,0.93210197710718,-0.1265693570009339
0.675059562486463,0.932188692334374,-0.12703660628847774
0.6752761533463287,0.932188692334374,-0.1286933870434372
0.6752761533463287,0.9322754075615678,-0.1288484059526825
0.6757093350660602,0.9322754075615678,-0.12912488100919267
0.6757093350660602,0.9323621227887617,-0.1291483248997503
0.6759800736408924,0.9323621227887617,-0.1292917236464503
0.6759800736408924,0.9325355532431495,-0.12932216508034228
0.676575698505523,0.9325355532431495,-0.12954721031443567
0.676575698505523,0.9326222684703434,-0.12955436477236665
0.6770088802252545,0.9326222684703434,-0.13453416729512746
0.6770088802252545,0.9327089836975373,-0.13459557736815853
0.6771171756551874,0.9327089836975373,-0.13467633799852374
0.6771171756551874,0.9327956989247311,-0.13533902569738998
0.6774962096599524,0.9327956989247311,-0.14445426613183343
0.6774962096599524,0.9328824141519251,-0.14509203640840773
0.6775503573749188,0.9328824141519251,-0.1457150386180842
0.6775503573749188,0.932969129379119,-0.14646444848037354
0.6776045050898852,0.932969129379119,-0.14812132580652365
0.6776045050898852,0.9332292750607006,-0.1496991663863571
0.6778210959497509,0.9332292750607006,-0.15086148488819878
0.6778210959497509,0.9334027055150884,-0.152232196453073
0.6781459822395495,0.9334027055150884,-0.15369113373326032
0.6781459822395495,0.9334894207422824,-0.15558111694366977
0.678200129954516,0.9334894207422824,-0.15579196368607512
0.678200129954516,0.9336628511966701,-0.1558364374191556
0.6783625730994152,0.9336628511966701,-0.15659085311453474
0.6783625730994152,0.9337495664238641,-0.15816824025686133
0.678579163959281,0.9337495664238641,-0.15916940888833414
0.678579163959281,0.9338362816510579,-0.15943632037165217
0.6787957548191467,0.9338362816510579,-0.16171735427863249
0.6787957548191467,0.9343565730142213,-0.16257174287185377
0.678849902534113,0.9343565730142213,-0.16366994101545268
0.678849902534113,0.934530003468609,-0.16383962117962242
0.6789040502490795,0.934530003468609,-0.1642676612329878
0.6789040502490795,0.934616718695803,-0.16456023376790058
0.6790123456790124,0.934616718695803,-0.1659829029746
0.6790123456790124,0.9347901491501908,-0.16621171354033465
0.6790664933939787,0.9347901491501908,-0.166244674481353
0.6790664933939787,0.9348768643773847,-0.16643207472603277
0.6794455273987438,0.9348768643773847,-0.1689574555344419
0.6794455273987438,0.9349635796045785,-0.16902726385926198
0.6797162659735759,0.9349635796045785,-0.171302285427737
0.6797162659735759,0.9352237252861603,-0.1714951824380792
0.6798787091184753,0.9352237252861603,-0.17257077157020356
0.6798787091184753,0.935397155740548,-0.17294915343882206
0.6799870045484081,0.935397155740548,-0.17315958863904418
0.6799870045484081,0.9354838709677419,-0.17368029642336053
0.6802035954082738,0.9354838709677419,-0.1777032963111304
0.6802035954082738,0.9355705861949358,-0.18001576153198323
0.6805826294130388,0.9355705861949358,-0.18437628808200918
0.6805826294130388,0.9356573014221298,-0.18573447469561705
0.6806367771280052,0.9356573014221298,-0.18657154249406988
0.6806367771280052,0.9358307318765176,-0.18773082861391538
0.6806909248429717,0.9358307318765176,-0.18932719700150963
0.6806909248429717,0.9360041623309053,-0.19149820075721008
0.680745072557938,0.9360041623309053,-0.1925019364772424
0.680745072557938,0.9360908775580992,-0.193901780250675
0.6807992202729045,0.9360908775580992,-0.19481271186140686
0.6807992202729045,0.936264308012487,-0.19660636335667808
0.6809616634178037,0.936264308012487,-0.19855506956274555
0.6809616634178037,0.9364377384668748,-0.2022605318310688
0.6810158111327702,0.9364377384668748,-0.20365739802342636
0.6810158111327702,0.9366111689212626,-0.20513875099774032
0.6810699588477366,0.9366111689212626,-0.20628279257856919
0.6810699588477366,0.9367845993756504,-0.20730097186980062
0.6812865497076024,0.9367845993756504,-0.21810707469447094
0.6812865497076024,0.9368713146028442,-0.22033518941905944
0.6814489928525016,0.9368713146028442,-0.22276189937477492
0.6814489928525016,0.9369580298300382,-0.22279634848174806
0.6818821745722331,0.9369580298300382,-0.22935375698713129
0.6818821745722331,0.937131460284426,-0.2296130781481321
0.681990470002166,0.937131460284426,-0.2304932077397081
0.681990470002166,0.9373048907388137,-0.23119055260617222
0.6820446177171323,0.9373048907388137,-0.23126632849299872
0.6820446177171323,0.9373916059660077,-0.2319184068305224
0.6820987654320988,0.9373916059660077,-0.23248728621262632
0.6820987654320988,0.9374783211932015,-0.23281565621862083
0.6823153562919645,0.9374783211932015,-0.23510985725370553
0.6823153562919645,0.9375650364203955,-0.2351523354686536
0.6825860948667967,0.9375650364203955,-0.23690823180675752
0.6825860948667967,0.9376517516475893,-0.23729384475630794
0.6827485380116959,0.9376517516475893,-0.2384946610276097
0.6827485380116959,0.9378251821019771,-0.23954552429393677
0.6858891054797488,0.9378251821019771,-0.24147174739107907
0.6858891054797488,0.937911897329171,-0.2414743029245106
0.6859432531947152,0.937911897329171,-0.24148376384202314
0.6859432531947152,0.9381720430107527,-0.24159320553809943
0.686051548624648,0.9381720430107527,-0.2416670368879577
0.686051548624648,0.9383454734651405,-0.24171670644499393
0.6861598440545809,0.9383454734651405,-0.24174350440029674
0.6861598440545809,0.9384321886923344,-0.24180127876531726
0.6863222871994802,0.9384321886923344,-0.24194937392904553
0.6863222871994802,0.9385189039195283,-0.2420372194594203
0.6863764349144467,0.9385189039195283,-0.24204803655908252
0.6863764349144467,0.9388657648283039,-0.24221776860447802
0.686430582629413,0.9388657648283039,-0.24230070035169332
0.686430582629413,0.9392993409642734,-0.24254808814129541
0.6866471734892787,0.9392993409642734,-0.2426719802348432
0.6866471734892787,0.9393860561914672,-0.24270355369803825
0.6869179120641109,0.9393860561914672,-0.24303835476875607
0.6869179120641109,0.9394727714186611,-0.24308054182186295
0.6869720597790773,0.9394727714186611,-0.24311315950455464
0.6869720597790773,0.939559486645855,-0.24328067292431538
0.6870262074940438,0.939559486645855,-0.24334788959236514
0.6870262074940438,0.9396462018730489,-0.2433642830032801
0.6877301277886073,0.9396462018730489,-0.24389613012591843
0.6877301277886073,0.9398196323274367,-0.24412145081334385
0.6877842755035738,0.9398196323274367,-0.24413022945647805
0.6877842755035738,0.9399930627818245,-0.24422601941234717
0.6878925709335066,0.9399930627818245,-0.24436518181738182
0.6878925709335066,0.9401664932362123,-0.24453554631294588
0.6882716049382716,0.9401664932362123,-0.2452117537521437
0.6882716049382716,0.9402532084634062,-0.24524860748812755
0.6885423435131037,0.9402532084634062,-0.24567560720501908
0.6885423435131037,0.9403399236906,-0.24567570574685632
0.6888130820879359,0.9403399236906,-0.24578114251919475
0.6888130820879359,0.940426638917794,-0.24592110466795797
0.6891379683777344,0.940426638917794,-0.24712318168393438
0.6891379683777344,0.9405133541449878,-0.24712980794748557
0.6893004115226338,0.9405133541449878,-0.2473012370076662
0.6893004115226338,0.9406000693721818,-0.24746859946916994
0.6900043318171973,0.9406000693721818,-0.24850912368632866
0.6900043318171973,0.9406867845993756,-0.24852920783279592
0.6901126272471302,0.9406867845993756,-0.24864712481182122
0.6901126272471302,0.9407734998265695,-0.2486796429085945
0.690220922677063,0.9407734998265695,-0.24875552661175876
0.690220922677063,0.9411203607353451,-0.24906638586815305
0.6902750703920295,0.9411203607353451,-0.2491528891182671
0.6902750703920295,0.941207075962539,-0.24916150568118406
0.6903292181069959,0.941207075962539,-0.2491909659630402
0.6903292181069959,0.9412937911897329,-0.24924310070923955
0.6906541043967944,0.9412937911897329,-0.25004746760045743
0.6906541043967944,0.9413805064169268,-0.25011889744177646
0.6907082521117609,0.9413805064169268,-0.2501904026312119
0.6907082521117609,0.9414672216441207,-0.2503277918625086
0.6908165475416937,0.9414672216441207,-0.2504337345460504
0.6908165475416937,0.9415539368713146,-0.2507656985614028
0.6909789906865931,0.9415539368713146,-0.25104931696898986
0.6909789906865931,0.9418140825528963,-0.2511133292374606
0.6912497292614251,0.9418140825528963,-0.25204989237853054
0.6912497292614251,0.9419007977800902,-0.25206941313422154
0.6913038769763916,0.9419007977800902,-0.252086716233829
0.6913038769763916,0.942074228234478,-0.2524826065820714
0.691358024691358,0.942074228234478,-0.252547224493661
0.691358024691358,0.9421609434616719,-0.2531519091013737
0.6914121724063245,0.9421609434616719,-0.2535213115011095
0.6914121724063245,0.9422476586888657,-0.2536673833599738
0.6914663201212908,0.9422476586888657,-0.25377428266363905
0.6914663201212908,0.9426812348248352,-0.25462346377920236
0.6915204678362573,0.9426812348248352,-0.2547567947143489
0.6915204678362573,0.9427679500520292,-0.25569256923549616
0.6916287632661902,0.9427679500520292,-0.255766604777864
0.6916287632661902,0.942854665279223,-0.256937190376532
0.6917912064110895,0.942854665279223,-0.25752453853860385
0.6917912064110895,0.942941380506417,-0.25761021392732214
0.6918995018410223,0.942941380506417,-0.25789024560168944
0.6918995018410223,0.9430280957336108,-0.2588081635595177
0.6919536495559887,0.9430280957336108,-0.25888484416144825
0.6919536495559887,0.9431148109608047,-0.2602014015561834
0.6922243881308209,0.9431148109608047,-0.26149253909580755
0.6922243881308209,0.9433749566423864,-0.2621070846050961
0.692495126705653,0.9433749566423864,-0.2634202979741011
0.692495126705653,0.9434616718695803,-0.2637272543015184
0.6929824561403509,0.9434616718695803,-0.2653171579767171
0.6929824561403509,0.9435483870967742,-0.26534527330572694
0.6930366038553173,0.9435483870967742,-0.26553115608744765
0.6930366038553173,0.9436351023239681,-0.26558846947362963
0.6935780810049816,0.9436351023239681,-0.2698177725364201
0.6935780810049816,0.943721817551162,-0.27008157532159055
0.6937405241498809,0.943721817551162,-0.2705544473778633
0.6937405241498809,0.9438085327783559,-0.27091028151169066
0.6939029672947802,0.9438085327783559,-0.2713932820131894
0.6939029672947802,0.9438952480055498,-0.27141219816125123
0.6941195581546459,0.9438952480055498,-0.2724026234856977
0.6941195581546459,0.9439819632327436,-0.27268390534354886
0.6941737058696124,0.9439819632327436,-0.2730338175691445
0.6941737058696124,0.9440686784599376,-0.2732051569153979
0.6945527398743773,0.9440686784599376,-0.27526645034761626
0.6945527398743773,0.9441553936871314,-0.2764126285685769
0.6946068875893437,0.9441553936871314,-0.27661909046273553
0.6946068875893437,0.9444155393687131,-0.27824096429795103
0.694769330734243,0.9444155393687131,-0.2786832062799151
0.694769330734243,0.9445022545959071,-0.28075743395198477
0.6950400693090751,0.9445022545959071,-0.28164784620910394
0.6950400693090751,0.9445889698231009,-0.28168403427326455
0.6953108078839073,0.9445889698231009,-0.28184546831167384
0.6953108078839073,0.9446756850502949,-0.28187826956849055
0.6955815464587395,0.9446756850502949,-0.28214673949101493
0.6955815464587395,0.9447624002774887,-0.2821542681254681
0.6956356941737059,0.9447624002774887,-0.28228791108245616
0.6956356941737059,0.9449358307318765,-0.28234142873907625
0.6956898418886723,0.9449358307318765,-0.28234970604184967
0.6956898418886723,0.9450225459590704,-0.28236136527549444
0.6957439896036387,0.9450225459590704,-0.2824157320778407
0.6957439896036387,0.9451092611862643,-0.2824162588616764
0.6958522850335715,0.9451092611862643,-0.28246669070991964
0.6958522850335715,0.9451959764134582,-0.2824669146612953
0.6963937621832359,0.9451959764134582,-0.2828488830698935
0.6963937621832359,0.9452826916406522,-0.28287313352285254
0.6964479098982023,0.9452826916406522,-0.28289403921003614
0.6964479098982023,0.9455428373222338,-0.2829982953254529
0.6965020576131687,0.9455428373222338,-0.283011436563031
0.6965020576131687,0.9456295525494277,-0.2830364796759864
0.6967186484730344,0.9456295525494277,-0.28334235069789365
0.6967186484730344,0.9458029830038155,-0.28345638351216645
0.6967727961880009,0.9458029830038155,-0.2836383167054171
0.6967727961880009,0.9458896982310093,-0.28364268858819247
0.6968269439029673,0.9458896982310093,-0.2837044900987004
0.6968269439029673,0.9459764134582033,-0.28373354289765845
0.6968810916179338,0.9459764134582033,-0.28387923717290936
0.6968810916179338,0.9460631286853971,-0.28389887106038786
0.6970976824777995,0.9460631286853971,-0.2853804319158855
0.6970976824777995,0.946149843912591,-0.2856964139414609
0.6972601256226987,0.946149843912591,-0.2870432748580633
0.6972601256226987,0.946236559139785,-0.28706957922273874
0.6975850119124973,0.946236559139785,-0.28828240154534984
0.6975850119124973,0.9464099895941728,-0.28870036945192284
0.6976391596274637,0.9464099895941728,-0.28925237138336574
0.6976391596274637,0.9465834200485606,-0.2915421379595889
0.6977474550573965,0.9465834200485606,-0.29421455242314526
0.6977474550573965,0.9466701352757544,-0.2944875968600949
0.698938704786658,0.9466701352757544,-0.29520242585517803
0.698938704786658,0.9468435657301422,-0.2952287672165244
0.6991011479315573,0.9468435657301422,-0.2953599504159264
0.6991011479315573,0.9469302809573361,-0.2954100342505526
0.6993718865063895,0.9469302809573361,-0.2956184928250312
0.6993718865063895,0.9471037114117239,-0.2956768264219028
0.6995343296512887,0.9471037114117239,-0.29582844466668984
0.6995343296512887,0.9473638570933056,-0.29602223284766455
0.6995884773662552,0.9473638570933056,-0.29603641102643735
0.6995884773662552,0.9474505723204995,-0.29607778886047115
0.6996426250812215,0.9474505723204995,-0.2960836667766165
0.6996426250812215,0.9476240027748872,-0.2962566564736551
0.6998592159410872,0.9476240027748872,-0.29730614054903565
0.6998592159410872,0.947797433229275,-0.29751573222838096
0.6999133636560537,0.947797433229275,-0.29766378127996634
0.6999133636560537,0.9480575789108567,-0.29995590864207516
0.6999675113710201,0.9480575789108567,-0.3007033055275519
0.6999675113710201,0.9481442941380507,-0.30098215533011013
0.700075806800953,0.9481442941380507,-0.30146250651802037
0.700075806800953,0.9482310093652445,-0.30148045275715313
0.7001299545159194,0.9482310093652445,-0.30228608496362713
0.7001299545159194,0.9483177245924385,-0.30246703469059294
0.7007797270955166,0.9483177245924385,-0.3047245119533695
0.7007797270955166,0.9484911550468262,-0.30497292710720086
0.7009421702404158,0.9484911550468262,-0.3056163528784322
0.7009421702404158,0.9485778702740201,-0.3062984902569979
0.7013212042451809,0.9485778702740201,-0.30820877132510865
0.7013212042451809,0.948664585501214,-0.3082715801814227
0.7018085336798787,0.948664585501214,-0.3121506849087233
0.7018085336798787,0.9487513007284079,-0.3122568279472609
0.7019168291098116,0.9487513007284079,-0.31334334016425053
0.7019168291098116,0.9489247311827957,-0.3141944925385259
0.7020251245397444,0.9489247311827957,-0.3146151045159516
0.7020251245397444,0.9491848768643774,-0.3150715873835142
0.7020792722547109,0.9491848768643774,-0.3154727922884429
0.7020792722547109,0.9492715920915713,-0.3155716164233808
0.7041910331384016,0.9492715920915713,-0.31645111973760426
0.7041910331384016,0.9493583073187651,-0.3164555591223273
0.7054905782975959,0.9493583073187651,-0.31657960653801503
0.7055988737275287,0.9493583073187651,-0.3165802825238863
0.7058154645873944,0.9493583073187651,-0.3165885774125245
0.7058154645873944,0.9494450225459591,-0.31660127861436277
0.7076023391812866,0.9494450225459591,-0.3167841915897995
0.7076023391812866,0.9495317377731529,-0.31678663383795386
0.7084687026207495,0.9495317377731529,-0.3168708191582576
0.7084687026207495,0.9496184530003469,-0.31688028380598715
0.7090101797704137,0.9496184530003469,-0.3169441604809397
0.7090101797704137,0.9497051682275408,-0.3169475789905826
0.7094433614901451,0.9497051682275408,-0.3169785944437888
0.7094433614901451,0.9497918834547346,-0.31698165935437633
0.7101472817847087,0.9497918834547346,-0.3170467944876935
0.7101472817847087,0.9498785986819286,-0.3170470001034024
0.7102555772146415,0.9498785986819286,-0.3170523731210834
0.7102555772146415,0.9499653139091224,-0.31705943479557835
0.7117717132337016,0.9499653139091224,-0.31721668766087036
0.7117717132337016,0.9500520291363164,-0.3172183386088882
0.711825860948668,0.9500520291363164,-0.31722164269754555
0.711825860948668,0.9501387443635102,-0.31723292801708664
0.7119883040935673,0.9501387443635102,-0.31725920343022124
0.7119883040935673,0.9502254595907041,-0.31725945241851256
0.7120965995235001,0.9502254595907041,-0.31726405739217095
0.7120965995235001,0.9503988900450919,-0.31727116377524583
0.7121507472384665,0.9503988900450919,-0.3172792331907545
0.7121507472384665,0.9504856052722858,-0.3172807771075907
0.7123131903833658,0.9504856052722858,-0.31730044026000764
0.7123131903833658,0.9505723204994797,-0.317301329259761
0.7125297812432315,0.9505723204994797,-0.31733843586480787
0.7125297812432315,0.9508324661810614,-0.31736004425936953
0.7134502923976608,0.9508324661810614,-0.3174563125957121
0.7134502923976608,0.9510058966354492,-0.31746362078862783
0.7135585878275936,0.9510058966354492,-0.31748009727657917
0.7135585878275936,0.9515261879986125,-0.3175280730734193
0.713721030972493,0.9515261879986125,-0.3175438099670648
0.713721030972493,0.9516129032258065,-0.31754520866076036
0.7137751786874594,0.9516129032258065,-0.3175599978248084
0.7137751786874594,0.951959764134582,-0.31757690440971337
0.7142625081221572,0.951959764134582,-0.3176290022695098
0.7142625081221572,0.9520464793617759,-0.31762918818976854
0.7144249512670565,0.9520464793617759,-0.31764096711956363
0.7144249512670565,0.9522199098161637,-0.31768505903366123
0.714479098982023,0.9522199098161637,-0.31768933893328394
0.714479098982023,0.9523066250433576,-0.31769764303718534
0.7145332466969894,0.9523066250433576,-0.3177003980501502
0.7145332466969894,0.9524800554977454,-0.3177157778385166
0.7145873944119558,0.9524800554977454,-0.31772961638813085
0.7145873944119558,0.9526534859521332,-0.3177452738275119
0.7147498375568551,0.9526534859521332,-0.3177651161945156
0.7147498375568551,0.952826916406521,-0.31778121713051516
0.7148581329867879,0.952826916406521,-0.31778955814340976
0.7148581329867879,0.9529136316337149,-0.31779475546472086
0.7149664284167209,0.9529136316337149,-0.317802687587003
0.7149664284167209,0.9531737773152965,-0.31783307683755097
0.7150747238466537,0.9531737773152965,-0.317844280482882
0.7150747238466537,0.9532604925424905,-0.3178513912882985
0.7151288715616201,0.9532604925424905,-0.31785324295617484
0.7151288715616201,0.9533472077696844,-0.3178567320254759
0.7151830192765866,0.9533472077696844,-0.31786109761842624
0.7151830192765866,0.9534339229968782,-0.31786793373414807
0.7155620532813515,0.9534339229968782,-0.31791909845291516
0.7155620532813515,0.9535206382240722,-0.3179229030939214
0.715616200996318,0.9535206382240722,-0.3179235888280411
0.715616200996318,0.9537807839056538,-0.31794790564990744
0.7156703487112844,0.9537807839056538,-0.31795574618817674
0.7156703487112844,0.9540409295872355,-0.31799763101097617
0.7157786441412173,0.9540409295872355,-0.3180837077998648
0.7157786441412173,0.9541276448144295,-0.3181193723060966
0.7158327918561836,0.9541276448144295,-0.31812096389058037
0.7158327918561836,0.9542143600416233,-0.3181212066733014
0.7159410872861165,0.9542143600416233,-0.31819728086428095
0.7159410872861165,0.954474505723205,-0.31822571062435817
0.715995235001083,0.954474505723205,-0.31823674607075086
0.715995235001083,0.9547346514047866,-0.3182779699868325
0.7160493827160493,0.9547346514047866,-0.31828291692874106
0.7160493827160493,0.9548213666319806,-0.3182853955108384
0.7161035304310158,0.9548213666319806,-0.3183458015974935
0.7161035304310158,0.9549947970863684,-0.31835301492164286
0.7163201212908815,0.9549947970863684,-0.3184112993146077
0.7163201212908815,0.9551682275407561,-0.31842561225074667
0.7164825644357808,0.9551682275407561,-0.31850716910563975
0.7164825644357808,0.9554283732223379,-0.31864516576837393
0.7166450075806801,0.9554283732223379,-0.3187317580010031
0.7166450075806801,0.9555150884495317,-0.31874941952736363
0.7166991552956465,0.9555150884495317,-0.31878299106499225
0.7166991552956465,0.9557752341311134,-0.31891483334838283
0.7168074507255794,0.9557752341311134,-0.3189932982869312
0.7168074507255794,0.9560353798126952,-0.3191609117747795
0.7171864847303444,0.9560353798126952,-0.319686887244685
0.7171864847303444,0.956122095039889,-0.31978125726074785
0.7172947801602773,0.956122095039889,-0.3199799604034432
0.7172947801602773,0.9562088102670829,-0.3201226460319975
0.7175655187351094,0.9562088102670829,-0.320505498875615
0.7175655187351094,0.9562955254942768,-0.3205240252150438
0.7176738141650423,0.9562955254942768,-0.320751679627245
0.7176738141650423,0.9563822407214707,-0.3207537016436885
0.7177279618800086,0.9563822407214707,-0.32085116260116625
0.7177279618800086,0.9565556711758585,-0.3209030834809072
0.7179445527398743,0.9565556711758585,-0.32149836537974136
0.7179445527398743,0.9566423864030523,-0.32153025688429454
0.7179987004548408,0.9566423864030523,-0.321684470899761
0.7179987004548408,0.9567291016302463,-0.3217004524140103
0.7180528481698072,0.9567291016302463,-0.3219036868875958
0.7180528481698072,0.9568158168574402,-0.3225286433189131
0.7182152913147065,0.9568158168574402,-0.3227842470931786
0.7182152913147065,0.956902532084634,-0.3232386018120737
0.7184318821745722,0.956902532084634,-0.3247250161296871
0.7184318821745722,0.956989247311828,-0.3248336956588516
0.7186484730344379,0.956989247311828,-0.32571427601899067
0.7186484730344379,0.9570759625390218,-0.32631977767850834
0.7188650638943037,0.9570759625390218,-0.3270546262267147
0.7188650638943037,0.9571626777662158,-0.3271179299432188
0.7193523933290015,0.9571626777662158,-0.3349536477101065
0.7193523933290015,0.9572493929934096,-0.3351315957680201
0.7195689841888673,0.9572493929934096,-0.3365589196417125
0.7195689841888673,0.9573361082206036,-0.3375598390653958
0.7202729044834308,0.9573361082206036,-0.34013742676471126
0.7202729044834308,0.9574228234477974,-0.3401805240795504
0.7203811999133637,0.9574228234477974,-0.34125507553761847
0.7203811999133637,0.9575962539021852,-0.3413536037188292
0.7204353476283301,0.9575962539021852,-0.3415304728715634
0.7204353476283301,0.9576829691293791,-0.341536907416238
0.7207602339181286,0.9576829691293791,-0.34378283906969515
0.7207602339181286,0.9577696843565731,-0.34390554403762974
0.7208685293480616,0.9577696843565731,-0.34410503325746133
0.7208685293480616,0.9581165452653486,-0.34543320309027253
0.7214100064977258,0.9581165452653486,-0.3505109769062867
0.7214100064977258,0.9582032604925425,-0.35074687890645895
0.7224388130820879,0.9582032604925425,-0.35217224849334916
0.7224388130820879,0.9582899757197364,-0.35225717225163744
0.7225471085120208,0.9582899757197364,-0.35229155815552393
0.7225471085120208,0.9583766909469302,-0.35233978766622287
0.7226012562269872,0.9583766909469302,-0.35238930126796597
0.7226012562269872,0.9584634061741242,-0.3524239990007658
0.7226554039419536,0.9584634061741242,-0.3524433829320246
0.7226554039419536,0.9585501214013181,-0.3524989124775104
0.7227095516569201,0.9585501214013181,-0.3525091508045419
0.7227095516569201,0.958636836628512,-0.35251632711720693
0.7230344379467186,0.958636836628512,-0.35279110045990714
0.7230344379467186,0.9587235518557059,-0.35279469813626174
0.7230885856616851,0.9587235518557059,-0.352868648608087
0.7230885856616851,0.9588102670828997,-0.3529286612213236
0.7234134719514836,0.9588102670828997,-0.35320804266504635
0.7234134719514836,0.9588969823100937,-0.353258313967759
0.7237383582412822,0.9588969823100937,-0.3534553313963633
0.7237383582412822,0.9590704127644815,-0.35359943782878234
0.7242798353909465,0.9590704127644815,-0.35378553909020805
0.7242798353909465,0.9591571279916753,-0.3537902954910306
0.7248754602555773,0.9591571279916753,-0.3541867894266224
0.7248754602555773,0.9592438432188692,-0.3542873500878929
0.7249296079705436,0.9592438432188692,-0.3543610060654674
0.7249296079705436,0.9593305584460631,-0.3543712301537816
0.7251461988304093,0.9593305584460631,-0.35443272861898323
0.7251461988304093,0.959503988900451,-0.35449677302174387
0.7252544942603422,0.959503988900451,-0.35451439022254605
0.7252544942603422,0.9595907041276448,-0.3545384867925583
0.7253086419753086,0.9595907041276448,-0.3545757525682139
0.7253086419753086,0.9597641345820326,-0.35467867285343835
0.7254169374052415,0.9597641345820326,-0.3547752756974074
0.7254169374052415,0.9598508498092265,-0.3547949313181131
0.7255252328351743,0.9598508498092265,-0.35518002010922706
0.7255252328351743,0.9600242802636143,-0.3552113832776198
0.7255793805501408,0.9600242802636143,-0.35522791991683894
0.7255793805501408,0.960284425945196,-0.3554099109168505
0.7256335282651072,0.960284425945196,-0.3554406146063387
0.7256335282651072,0.9603711411723899,-0.35606747115196113
0.7259042668399394,0.9603711411723899,-0.3570365457232458
0.7259042668399394,0.9604578563995838,-0.3581574891078507
0.7262833008447044,0.9604578563995838,-0.36190839513439715
0.7262833008447044,0.9608047173083594,-0.36274496756441765
0.7263374485596708,0.9608047173083594,-0.36352927786369743
0.7263374485596708,0.9608914325355532,-0.36405880604764623
0.7263915962746372,0.9608914325355532,-0.3641819250833556
0.7263915962746372,0.961064862989941,-0.36444238916955674
0.7264457439896036,0.961064862989941,-0.3646454982089653
0.7264457439896036,0.9612382934443289,-0.36497433066410134
0.7267164825644358,0.9612382934443289,-0.3658100897018055
0.7267164825644358,0.9613250086715227,-0.3663108915834003
0.7267706302794023,0.9613250086715227,-0.3666027662457971
0.7267706302794023,0.9614117238987167,-0.36682207219567403
0.7268789257093351,0.9614117238987167,-0.3668929318502538
0.7268789257093351,0.9614984391259105,-0.36691704034078104
0.7269330734243015,0.9614984391259105,-0.3669532056111486
0.7269330734243015,0.9616718695802983,-0.3673949700437999
0.727366255144033,0.9616718695802983,-0.3686992005943068
0.727366255144033,0.9617585848074922,-0.36871553693652
0.727636993718865,0.9617585848074922,-0.3691215307165034
0.727636993718865,0.961845300034686,-0.3692669697428183
0.7277452891487979,0.961845300034686,-0.3694513140782291
0.7277452891487979,0.96193201526188,-0.3695092170358089
0.72801602772363,0.96193201526188,-0.36995316251697224
0.72801602772363,0.9620187304890739,-0.36997646992699734
0.7287740957331601,0.9620187304890739,-0.37113552547415934
0.7287740957331601,0.9621054457162678,-0.3714219199460413
0.728882391163093,0.9621054457162678,-0.3715155374780989
0.728882391163093,0.9621921609434617,-0.37152986568344554
0.7290448343079922,0.9621921609434617,-0.3720873010014309
0.7290448343079922,0.9623655913978495,-0.37221206900776677
0.7290989820229586,0.9623655913978495,-0.3723465898877944
0.7290989820229586,0.9625390218522373,-0.37239687545495154
0.72953216374269,0.9625390218522373,-0.3732017675308181
0.72953216374269,0.9626257370794311,-0.37332766160083447
0.7298570500324886,0.9626257370794311,-0.37385521433911956
0.7298570500324886,0.962712452306625,-0.37385903019203853
0.729911197747455,0.962712452306625,-0.37388848937274005
0.729911197747455,0.9627991675338189,-0.37392715970822027
0.7300736408923544,0.9627991675338189,-0.37420072329937376
0.7300736408923544,0.9628858827610128,-0.37435738849014094
0.7301277886073207,0.9628858827610128,-0.3744396103235674
0.7301277886073207,0.9629725979882068,-0.37446392043948934
0.7306692657569851,0.9629725979882068,-0.37507266226745223
0.7306692657569851,0.9630593132154006,-0.37507526897710125
0.7312648906216158,0.9630593132154006,-0.37592523334576206
0.7312648906216158,0.9631460284425946,-0.3759723479574441
0.73180636777128,0.9631460284425946,-0.37672903984314593
0.73180636777128,0.9632327436697884,-0.3767442602259547
0.7318605154862465,0.9632327436697884,-0.3767884197893933
0.7318605154862465,0.9633194588969823,-0.3768338492167919
0.7322936972059779,0.9633194588969823,-0.3774452342254255
0.7322936972059779,0.9634061741241762,-0.37753384794917605
0.7328351743556422,0.9634061741241762,-0.37837334763346114
0.7328351743556422,0.9634928893513701,-0.3784095671405358
0.7328893220706086,0.9634928893513701,-0.37857792367888216
0.7328893220706086,0.963579604578564,-0.37858272045048674
0.732943469785575,0.963579604578564,-0.3785830874682929
0.732943469785575,0.9636663198057579,-0.3786824460818527
0.7331600606454408,0.9636663198057579,-0.37905707337750444
0.7331600606454408,0.9637530350329517,-0.3791061622491651
0.7342430149447693,0.9637530350329517,-0.3805172889790955
0.7342430149447693,0.9638397502601457,-0.3806049564779041
0.7348386398094,0.9638397502601457,-0.38114249925611393
0.7348386398094,0.9639264654873396,-0.38117790892240094
0.7350010829542993,0.9639264654873396,-0.3812934342338518
0.7350010829542993,0.9640131807145335,-0.3813021473766795
0.7352718215291315,0.9640131807145335,-0.3814480020257022
0.7352718215291315,0.9640998959417274,-0.381511031776504
0.7356508555338964,0.9640998959417274,-0.38188325684590735
0.7356508555338964,0.9641866111689212,-0.3819547137862848
0.7358132986787957,0.9641866111689212,-0.38203950088296174
0.7358132986787957,0.9642733263961152,-0.38208328968312294
0.7359215941087286,0.9642733263961152,-0.3828029394948415
0.7359215941087286,0.964360041623309,-0.3829364674440429
0.7367879575481915,0.964360041623309,-0.38414804541321196
0.7367879575481915,0.964446756850503,-0.3842257108357498
0.7370586961230237,0.964446756850503,-0.3846713799413472
0.7370586961230237,0.9645334720776968,-0.3847084168116232
0.7380333549924193,0.9645334720776968,-0.3860822078297745
0.7380333549924193,0.9646201873048907,-0.3861807029892241
0.7387372752869829,0.9646201873048907,-0.38682457962699884
0.7387372752869829,0.9647936177592785,-0.38692727712412606
0.7388997184318822,0.9647936177592785,-0.3870387943124855
0.7388997184318822,0.9648803329864725,-0.38716562238259095
0.739008013861815,0.9648803329864725,-0.38730623886391563
0.739008013861815,0.9649670482136663,-0.38738659566146344
0.7390621615767815,0.9649670482136663,-0.38738684354507597
0.7390621615767815,0.9650537634408602,-0.3875712928204568
0.7391704570067144,0.9650537634408602,-0.38785192422186315
0.7391704570067144,0.9651404786680541,-0.3879298573381729
0.7396036387264457,0.9651404786680541,-0.3882380440280572
0.7396036387264457,0.965227193895248,-0.3882579420155254
0.7402534113060428,0.965227193895248,-0.3891319671992068
0.7402534113060428,0.9653139091224419,-0.38925071906035397
0.7404158544509422,0.9653139091224419,-0.3894186333164484
0.7404158544509422,0.9654006243496358,-0.3896088361792455
0.7404700021659086,0.9654006243496358,-0.3898940574782112
0.7404700021659086,0.9654873395768296,-0.3904522036341968
0.7411197747455057,0.9654873395768296,-0.3912823188321068
0.7411197747455057,0.9655740548040236,-0.3919073611520611
0.7421485813298678,0.9655740548040236,-0.3943869883082161
0.7421485813298678,0.9656607700312175,-0.3946506918274603
0.7422027290448343,0.9656607700312175,-0.39553720847188995
0.7422027290448343,0.9657474852584114,-0.3966527408147115
0.7424734676196665,0.9657474852584114,-0.3994921834202107
0.7424734676196665,0.9658342004856053,-0.3995387251264932
0.7425276153346329,0.9658342004856053,-0.3999207123752499
0.7425276153346329,0.9659209157127991,-0.4000189130616509
0.7425817630495993,0.9659209157127991,-0.4003644661540901
0.7425817630495993,0.9660943461671869,-0.4006706907599786
0.7427442061944985,0.9660943461671869,-0.4009888522154034
0.7427442061944985,0.9661810613943809,-0.401064755765768
0.742798353909465,0.9661810613943809,-0.40117627705438513
0.742798353909465,0.9662677766215747,-0.40119682137983576
0.7429607970543644,0.9662677766215747,-0.40142366863541795
0.7429607970543644,0.9665279223031564,-0.40150944471188693
0.74317738791423,0.9665279223031564,-0.4017745686474658
0.74317738791423,0.9666146375303504,-0.4017933352469136
0.7433939787740957,0.9666146375303504,-0.4019043271972453
0.7433939787740957,0.9667013527575442,-0.40193458441974966
0.7436105696339614,0.9667013527575442,-0.40213458594319856
0.7436105696339614,0.9670482136663198,-0.40229264103410695
0.7436647173489279,0.9670482136663198,-0.40232420366230176
0.7436647173489279,0.9672216441207075,-0.4023555381605623
0.7439896036387265,0.9672216441207075,-0.40253384191805236
0.7439896036387265,0.9673083593479015,-0.40259429858782586
0.7440437513536928,0.9673083593479015,-0.40261093535813725
0.7440437513536928,0.9674817898022893,-0.4026296569009206
0.7440978990686593,0.9674817898022893,-0.40267494405844534
0.7440978990686593,0.9675685050294832,-0.40276154865442865
0.7442061944985922,0.9675685050294832,-0.40284012252270246
0.7442061944985922,0.967655220256677,-0.40286002022327455
0.7444227853584579,0.967655220256677,-0.40294284759480553
0.7444227853584579,0.967741935483871,-0.4029843864088893
0.7448559670781894,0.967741935483871,-0.4032241020950062
0.7448559670781894,0.9678286507110648,-0.4032436452093972
0.7449101147931557,0.9678286507110648,-0.4032838390496271
0.7449101147931557,0.9679153659382588,-0.4033289580424843
0.7450184102230886,0.9679153659382588,-0.4033617906838673
0.7450184102230886,0.9680887963926466,-0.4034108288153985
0.7452350010829543,0.9680887963926466,-0.40349565838426366
0.7452350010829543,0.9681755116198404,-0.40354484116971506
0.74545159194282,0.9681755116198404,-0.40362848058727846
0.74545159194282,0.9683489420742283,-0.4037685339172729
0.7455598873727529,0.9683489420742283,-0.40380421344725365
0.7455598873727529,0.9684356573014221,-0.4038058717867527
0.7459389213775178,0.9684356573014221,-0.4040943401967449
0.7459389213775178,0.9685223725286161,-0.404095158169776
0.74620965995235,0.9685223725286161,-0.4043061182273286
0.74620965995235,0.9686090877558099,-0.40442196695081906
0.7463721030972493,0.9686090877558099,-0.40450874192124936
0.7463721030972493,0.9686958029830038,-0.40452417401214097
0.7464803985271822,0.9686958029830038,-0.40460633774522975
0.7464803985271822,0.9687825182101977,-0.40461958991354513
0.7467511371020142,0.9687825182101977,-0.4047854069998071
0.7467511371020142,0.9688692334373916,-0.4048112103489527
0.7470760233918129,0.9688692334373916,-0.40491678590751173
0.7470760233918129,0.9689559486645855,-0.4049285502873529
0.7472926142516786,0.9689559486645855,-0.4050719226643826
0.7472926142516786,0.9690426638917794,-0.40507570008405897
0.7474009096816114,0.9690426638917794,-0.40509696048266947
0.7474009096816114,0.9692160943461672,-0.4051234774873413
0.7475633528265108,0.9692160943461672,-0.40524197280266455
0.7475633528265108,0.9693028095733611,-0.4052821696778565
0.7477799436863765,0.9693028095733611,-0.40533310318266497
0.7477799436863765,0.969389524800555,-0.40534387537538635
0.7478882391163093,0.969389524800555,-0.4053609708326655
0.7478882391163093,0.9695629552549427,-0.40537965051602537
0.7482131254061078,0.9695629552549427,-0.40550672081472067
0.7482131254061078,0.9696496704821367,-0.405511189700032
0.7482672731210743,0.9696496704821367,-0.4055369026800146
0.7482672731210743,0.9697363857093305,-0.40554506540657925
0.7484297162659735,0.9697363857093305,-0.40558054414687844
0.7484297162659735,0.9699965313909122,-0.40561208914634145
0.7485380116959064,0.9699965313909122,-0.4056790204748792
0.7485380116959064,0.9700832466181062,-0.4057260162640463
0.7486463071258392,0.9700832466181062,-0.40575954222485805
0.7486463071258392,0.9701699618453,-0.4057684021514751
0.7489170457006714,0.9701699618453,-0.4059277241897787
0.7489170457006714,0.970256677072494,-0.4059300605541582
0.74924193199047,0.970256677072494,-0.40611710196631917
0.74924193199047,0.9703433922996878,-0.4061686488701994
0.7492960797054364,0.9703433922996878,-0.40617069316234095
0.7492960797054364,0.9704301075268817,-0.4062151314116404
0.7493502274204028,0.9704301075268817,-0.4062606822211005
0.7493502274204028,0.9705168227540756,-0.4062792045915335
0.7494043751353693,0.9705168227540756,-0.40629962393687097
0.7494043751353693,0.9706035379812695,-0.40631398708482463
0.7498917045700672,0.9706035379812695,-0.4065089663353653
0.7498917045700672,0.9706902532084634,-0.406531306580943
0.7499458522850335,0.9706902532084634,-0.4065318456791415
0.7499458522850335,0.9707769684356573,-0.40656159428436406
0.75,0.9707769684356573,-0.4065663383516042
0.75,0.9708636836628513,-0.4065828289458046
0.7501624431448993,0.9708636836628513,-0.4066418852302313
0.7501624431448993,0.9709503988900451,-0.4066504490084845
0.7503248862897985,0.9709503988900451,-0.4066756746522399
0.7503248862897985,0.971037114117239,-0.4067314569455078
0.7504331817197314,0.971037114117239,-0.40674326198968463
0.7504331817197314,0.9711238293444329,-0.4067643005600314
0.7509205111544293,0.9711238293444329,-0.4069135567953907
0.7509205111544293,0.9712105445716268,-0.406943790067211
0.7510288065843621,0.9712105445716268,-0.4069757573634986
0.7510288065843621,0.9712972597988206,-0.4070128196118496
0.7512453974442278,0.9712972597988206,-0.4070391842034115
0.7512453974442278,0.9714706902532084,-0.40705350025047066
0.7520034654537578,0.9714706902532084,-0.40738537427785276
0.7520034654537578,0.9715574054804024,-0.4074391228258984
0.7521659085986572,0.9715574054804024,-0.4075008539393456
0.7521659085986572,0.9716441207075962,-0.40750536196109616
0.7525449426034221,0.9716441207075962,-0.4076215140264718
0.7525449426034221,0.9718175511619841,-0.4076493350898331
0.7525990903183886,0.9718175511619841,-0.40765407345594346
0.7525990903183886,0.9719042663891779,-0.4076629285577435
0.75303227203812,0.9719042663891779,-0.40775789778167865
0.75303227203812,0.9719909816163719,-0.40776338084901437
0.7531405674680528,0.9719909816163719,-0.4077767963237013
0.7531405674680528,0.9720776968435657,-0.40777809909337853
0.7533030106129521,0.9720776968435657,-0.4077983345825868
0.7533030106129521,0.9721644120707597,-0.40780044050541714
0.7534654537578515,0.9721644120707597,-0.4078745305907944
0.7534654537578515,0.9722511272979535,-0.4078884494151253
0.7536278969027507,0.9722511272979535,-0.4079473359296279
0.7536278969027507,0.9725112729795352,-0.4080194021695584
0.7536820446177172,0.9725112729795352,-0.40802719551888916
0.7536820446177172,0.972597988206729,-0.408044008733736
0.7538444877626164,0.972597988206729,-0.40809770001383344
0.7538444877626164,0.972684703433923,-0.40810035356936564
0.7542235217673814,0.972684703433923,-0.4083191624587907
0.7542235217673814,0.9727714186611169,-0.4083387803856617
0.7550898852068443,0.9727714186611169,-0.40868193196750763
0.7550898852068443,0.9728581338883108,-0.4087209658395132
0.7552523283517436,0.9728581338883108,-0.4087674237788374
0.7552523283517436,0.9729448491155047,-0.40877450665702225
0.75530647606671,0.9729448491155047,-0.4087978104844487
0.75530647606671,0.9730315643426986,-0.40880787467411434
0.7559021009313407,0.9730315643426986,-0.4090731517240271
0.7559021009313407,0.9731182795698925,-0.40908367505784365
0.7559562486463072,0.9731182795698925,-0.40909261800502755
0.7559562486463072,0.9732917100242803,-0.4091232731352314
0.7560103963612735,0.9732917100242803,-0.4091259049272546
0.7560103963612735,0.9733784252514741,-0.4091783818785352
0.7564977257959714,0.9733784252514741,-0.409330636782865
0.7564977257959714,0.973551855705862,-0.4093520930123404
0.7573099415204678,0.973551855705862,-0.4096456711653657
0.7573099415204678,0.9737252861602498,-0.40965321563266616
0.7573640892354343,0.9737252861602498,-0.40966316760522264
0.7573640892354343,0.9738120013874436,-0.40968275907933277
0.7579055663850985,0.9738120013874436,-0.40981617771541407
0.7579055663850985,0.9738987166146376,-0.40983103803283666
0.7580138618150314,0.9738987166146376,-0.40984850226261055
0.7580138618150314,0.9740721470690253,-0.40985797052486345
0.7580680095299979,0.9740721470690253,-0.4098739517278988
0.7580680095299979,0.9741588622962192,-0.40988367017727806
0.7583387481048299,0.9741588622962192,-0.40997393964866385
0.7583387481048299,0.9742455775234131,-0.4099956025992883
0.7585553389646957,0.9742455775234131,-0.4100660825603761
0.7585553389646957,0.9744190079778009,-0.4101202442887339
0.7586636343946286,0.9744190079778009,-0.41013349234090984
0.7586636343946286,0.9745057232049948,-0.4101364109584044
0.7589343729694606,0.9745057232049948,-0.41020649063089015
0.7589343729694606,0.9745924384321887,-0.41024846511368657
0.7589885206844271,0.9745924384321887,-0.41025028755466336
0.7589885206844271,0.9746791536593826,-0.41031876651407057
0.7597465886939572,0.9746791536593826,-0.41053434754957546
0.7597465886939572,0.9748525841137704,-0.41055449065235033
0.7599090318388564,0.9748525841137704,-0.4106072485547964
0.7599090318388564,0.9749392993409642,-0.41060789027527317
0.7601256226987221,0.9749392993409642,-0.4106526754853252
0.7601256226987221,0.9750260145681582,-0.41067953292719056
0.7602880658436214,0.9750260145681582,-0.41071855464702683
0.7602880658436214,0.975112729795352,-0.410719243032406
0.7605046567034871,0.975112729795352,-0.41078014348254127
0.7605046567034871,0.975199445022546,-0.4107884000374486
0.76061295213342,0.975199445022546,-0.41082873853104734
0.76061295213342,0.9752861602497399,-0.41083455638316096
0.7607753952783193,0.9752861602497399,-0.4108633948831481
0.7607753952783193,0.9754595907041277,-0.4108841327402241
0.760991986138185,0.9754595907041277,-0.4109873769824814
0.760991986138185,0.9755463059313215,-0.41099055965424286
0.76137102014295,0.9755463059313215,-0.41113890015844373
0.76137102014295,0.9756330211585155,-0.4111452846242824
0.7615334632878492,0.9756330211585155,-0.4112177695497509
0.7615334632878492,0.9757197363857093,-0.41124846638883245
0.761750054147715,0.9757197363857093,-0.41130850038654504
0.761750054147715,0.9758064516129032,-0.411311294354401
0.7622373835824128,0.9758064516129032,-0.4114664338370539
0.7622373835824128,0.9758931668400971,-0.4114758906892692
0.7622915312973793,0.9758931668400971,-0.4114883793634873
0.7622915312973793,0.975979882067291,-0.4114957244585053
0.7623456790123457,0.975979882067291,-0.41152016279844367
0.7623456790123457,0.9760665972944849,-0.41152196335363106
0.762508122157245,0.9760665972944849,-0.41156223712694445
0.762508122157245,0.9761533125216788,-0.4115675907800464
0.7626164175871778,0.9761533125216788,-0.41158880210386933
0.7626164175871778,0.9762400277488728,-0.4116101753763372
0.7627788607320771,0.9762400277488728,-0.41165634810293156
0.7627788607320771,0.9763267429760666,-0.41166214447867516
0.7629954515919428,0.9763267429760666,-0.4117400847343006
0.7629954515919428,0.9764134582032605,-0.41174512383592105
0.7631037470218757,0.9764134582032605,-0.41175989055046375
0.7631037470218757,0.9765868886576483,-0.41176212702673215
0.7632120424518085,0.9765868886576483,-0.4118090808167127
0.7632120424518085,0.9766736038848421,-0.41182176975193746
0.76364522417154,0.9766736038848421,-0.41200344380048354
0.76364522417154,0.9767603191120361,-0.4120223815461445
0.7636993718865064,0.9767603191120361,-0.4120233848779588
0.7636993718865064,0.9768470343392299,-0.4120354847788387
0.7640784058912714,0.9768470343392299,-0.41210219148893684
0.7640784058912714,0.9769337495664239,-0.41211849376869053
0.7645657353259693,0.9769337495664239,-0.41226167750670845
0.7645657353259693,0.9770204647936177,-0.4122626758246805
0.7646198830409356,0.9770204647936177,-0.41226822634367205
0.7646198830409356,0.9771071800208116,-0.4122738302177446
0.7652155079055664,0.9771071800208116,-0.41250938368489026
0.7652155079055664,0.9771938952480056,-0.4125280052372093
0.7653238033354992,0.9771938952480056,-0.4125719614612588
0.7653238033354992,0.9773673257023934,-0.4126045241837179
0.7654320987654321,0.9773673257023934,-0.4126337102582502
0.7654320987654321,0.9774540409295872,-0.4126383102596302
0.7655945419103314,0.9774540409295872,-0.41270786863235637
0.7655945419103314,0.9775407561567812,-0.41270918697118936
0.7656486896252979,0.9775407561567812,-0.4127113547944325
0.7656486896252979,0.977627471383975,-0.4127356765560592
0.7658111327701971,0.977627471383975,-0.41275272877340025
0.7658111327701971,0.9778009018383628,-0.41281507954123703
0.7658652804851636,0.9778009018383628,-0.412839343827974
0.7658652804851636,0.9778876170655567,-0.41286631701354043
0.766298462204895,0.9778876170655567,-0.4129936065314436
0.766298462204895,0.9779743322927507,-0.41300493511955455
0.7664609053497943,0.9779743322927507,-0.41306387544294293
0.7664609053497943,0.9780610475199445,-0.41308666440936176
0.7665150530647606,0.9780610475199445,-0.4131230031830128
0.7665150530647606,0.9782344779743323,-0.413146824374271
0.7667316439246263,0.9782344779743323,-0.41320436547318157
0.7667316439246263,0.9783211932015262,-0.41321000884431974
0.7668940870695257,0.9783211932015262,-0.4132340246855885
0.7668940870695257,0.97840790842872,-0.41325433770800307
0.7669482347844921,0.97840790842872,-0.4132771835582422
0.7669482347844921,0.978494623655914,-0.41328111795040406
0.7670023824994585,0.978494623655914,-0.41328559844902885
0.7670023824994585,0.9785813388831078,-0.41330221436905873
0.7675438596491229,0.9785813388831078,-0.4134672051980432
0.7675438596491229,0.9786680541103018,-0.41347647286306993
0.7675980073640892,0.9786680541103018,-0.4134803373329485
0.7675980073640892,0.9787547693374956,-0.4134828577787057
0.7676521550790557,0.9787547693374956,-0.4134833507910329
0.7676521550790557,0.9788414845646896,-0.4134861882688902
0.7677604505089886,0.9788414845646896,-0.4135277293874741
0.7677604505089886,0.9789281997918835,-0.41353561458004034
0.7681394845137535,0.9789281997918835,-0.41360286970049337
0.7681394845137535,0.9791016302462713,-0.41362791896696044
0.7684102230885856,0.9791016302462713,-0.4137516116901671
0.7684102230885856,0.9791883454734651,-0.4138408445968766
0.768572666233485,0.9791883454734651,-0.4138821619206678
0.768572666233485,0.9792750607006591,-0.41388233066289487
0.7687351093783842,0.9792750607006591,-0.4139340411130807
0.7687351093783842,0.9793617759278529,-0.4139364053063059
0.7687892570933507,0.9793617759278529,-0.4139729615930889
0.7687892570933507,0.9794484911550468,-0.41397982894299695
0.7688434048083171,0.9794484911550468,-0.4139864368465435
0.7688434048083171,0.9795352063822407,-0.4139909430582939
0.7688975525232835,0.9795352063822407,-0.4139940750312356
0.7688975525232835,0.9796219216094346,-0.4140148221228472
0.7691141433831492,0.9796219216094346,-0.4140782717748081
0.7691141433831492,0.9797086368366286,-0.414078601596334
0.7693307342430149,0.9797086368366286,-0.41413660355725884
0.7693307342430149,0.9798820672910163,-0.4141666807036046
0.7696556205328136,0.9798820672910163,-0.414216286879818
0.7696556205328136,0.9800554977454041,-0.4142676476974784
0.7697097682477799,0.9800554977454041,-0.4142734030203345
0.7697097682477799,0.980142212972598,-0.41427736155541733
0.770088802252545,0.980142212972598,-0.4143953570291374
0.770088802252545,0.9802289281997919,-0.41442952974195685
0.7701429499675114,0.9802289281997919,-0.4144538197175202
0.7701429499675114,0.9803156434269857,-0.4144539339476085
0.7702512453974443,0.9803156434269857,-0.4144627353094605
0.7702512453974443,0.9805757891085675,-0.41458196277218334
0.7707927225471085,0.9805757891085675,-0.41479945257385115
0.7707927225471085,0.9806625043357614,-0.4148059059302313
0.770846870262075,0.9806625043357614,-0.4148210382463326
0.770846870262075,0.9807492195629552,-0.4148239230026493
0.7709010179770414,0.9807492195629552,-0.41483710762634657
0.7709010179770414,0.9808359347901492,-0.41485738833713176
0.7711717565518735,0.9808359347901492,-0.41488073475427995
0.7711717565518735,0.981009365244537,-0.41492720495632235
0.7712800519818064,0.981009365244537,-0.4149319283592638
0.7712800519818064,0.9811827956989247,-0.414939425154418
0.7714966428416721,0.9811827956989247,-0.41503935421406973
0.7714966428416721,0.9812695109261186,-0.41504043163542165
0.7716590859865714,0.9812695109261186,-0.41517019642331027
0.7716590859865714,0.9813562261533125,-0.4151772992655886
0.7718215291314706,0.9813562261533125,-0.41526214186596694
0.7718215291314706,0.9815296566077003,-0.41528529525778407
0.7718756768464371,0.9815296566077003,-0.4153007917625872
0.7718756768464371,0.9816163718348943,-0.4153147980730742
0.7723088585661685,0.9816163718348943,-0.41537713295750417
0.7723088585661685,0.9817030870620881,-0.41538786638839914
0.7729586311457657,0.9817030870620881,-0.4156148255766314
0.7729586311457657,0.981789802289282,-0.4156341018875653
0.7733376651505306,0.981789802289282,-0.4157578054407031
0.7733376651505306,0.9818765175164759,-0.41576187272601234
0.7735542560103964,0.9818765175164759,-0.41580776068254005
0.7735542560103964,0.9819632327436698,-0.4158451436250887
0.7737708468702621,0.9819632327436698,-0.4158890391954199
0.7737708468702621,0.9821366631980576,-0.41590173668155755
0.7738249945852285,0.9821366631980576,-0.4159043234172141
0.7738249945852285,0.9822233784252514,-0.4159045695906653
0.7741498808750271,0.9822233784252514,-0.41604612768189647
0.7741498808750271,0.9823100936524454,-0.4160554553139452
0.7742040285899935,0.9823100936524454,-0.41610860944974143
0.7742040285899935,0.9823968088796393,-0.4161200896828396
0.7752328351743556,0.9823968088796393,-0.41656161757782945
0.7752328351743556,0.9824835241068332,-0.4165789961915433
0.7753952783192549,0.9824835241068332,-0.4166213294682763
0.7753952783192549,0.9825702393340271,-0.4166311271966833
0.7755035737491878,0.9825702393340271,-0.41670073372145805
0.7755035737491878,0.9826569545612209,-0.41670268041980724
0.7757743123240199,0.9826569545612209,-0.416760526146479
0.7757743123240199,0.9827436697884149,-0.41678755402876394
0.7759909031838856,0.9827436697884149,-0.41685188260266054
0.7759909031838856,0.9828303850156087,-0.41685237186911855
0.7763157894736842,0.9828303850156087,-0.4169389679665309
0.7763157894736842,0.9829171002428027,-0.41694257087565484
0.7764782326185835,0.9829171002428027,-0.41697745712139905
0.7764782326185835,0.9830038154699965,-0.41698003826015934
0.7765323803335499,0.9830038154699965,-0.4169866967510955
0.7765323803335499,0.9830905306971904,-0.4170017509993959
0.7766406757634828,0.9830905306971904,-0.4170261577320497
0.7766406757634828,0.9831772459243843,-0.4170281833533824
0.776803118908382,0.9831772459243843,-0.4171246288730048
0.776803118908382,0.9832639611515782,-0.417143824994387
0.7771821529131471,0.9832639611515782,-0.41729224712276064
0.7771821529131471,0.9833506763787722,-0.4173107116742902
0.7774528914879792,0.9833506763787722,-0.41734706795317517
0.7774528914879792,0.983437391605966,-0.4173594663217392
0.7775611869179121,0.983437391605966,-0.4173888148046398
0.7775611869179121,0.9835241068331599,-0.41741311139195075
0.7776153346328785,0.9835241068331599,-0.41742118284302204
0.7776153346328785,0.9838709677419355,-0.4174598503736264
0.7777777777777778,0.9838709677419355,-0.41753384236240904
0.7777777777777778,0.9839576829691293,-0.4175361886499253
0.7778319254927442,0.9839576829691293,-0.4175382180614428
0.7778319254927442,0.9840443981963233,-0.4175575986206452
0.7778860732077106,0.9840443981963233,-0.41757176553508096
0.7778860732077106,0.9841311134235172,-0.4175989335092553
0.77804851635261,0.9841311134235172,-0.41765909395258477
0.77804851635261,0.9842178286507111,-0.4176769360990504
0.778319254927442,0.9842178286507111,-0.41773259080457364
0.778319254927442,0.984304543877905,-0.4177899327125289
0.7784816980723414,0.984304543877905,-0.41787962499915426
0.7784816980723414,0.9843912591050988,-0.41788066470384305
0.7785358457873077,0.9843912591050988,-0.41788965740245104
0.7785358457873077,0.9844779743322928,-0.4179037648817691
0.7793480615118042,0.9844779743322928,-0.41810138211898557
0.7793480615118042,0.9846514047866806,-0.4181229693364778
0.7796188000866363,0.9846514047866806,-0.41823177882044166
0.7796188000866363,0.9849115504682622,-0.4182553892222351
0.7797812432315356,0.9849115504682622,-0.41827763270223434
0.7797812432315356,0.9849982656954561,-0.4182881569151648
0.7804310158111327,0.9849982656954561,-0.41850462682446693
0.7804310158111327,0.9850849809226501,-0.4185877900316021
0.7804851635260992,0.9850849809226501,-0.4185959493627959
0.7804851635260992,0.9851716961498439,-0.4186196395101622
0.7807559021009314,0.9851716961498439,-0.41879691791163237
0.7807559021009314,0.9852584113770378,-0.4188373763394237
0.7813515269655621,0.9852584113770378,-0.41914797907037243
0.7813515269655621,0.9853451266042317,-0.41917237982884575
0.7815139701104613,0.9853451266042317,-0.4192148893449998
0.7815139701104613,0.9854318418314256,-0.4192176799128919
0.78183885640026,0.9854318418314256,-0.41927453497252015
0.78183885640026,0.9855185570586195,-0.4192793593175796
0.7820554472601257,0.9855185570586195,-0.41931631292304766
0.7820554472601257,0.9856052722858134,-0.4193201861626587
0.782109594975092,0.9856052722858134,-0.41935989784133326
0.782109594975092,0.9856919875130072,-0.4193608766885308
0.7830842538444878,0.9856919875130072,-0.4196869041970461
0.7830842538444878,0.9857787027402012,-0.4197012812825062
0.7831384015594542,0.9857787027402012,-0.41974877504734404
0.7831384015594542,0.985865417967395,-0.41975693321093316
0.7832466969893871,0.985865417967395,-0.4197659160918296
0.7832466969893871,0.985952133194589,-0.41976877838595067
0.7833008447043535,0.985952133194589,-0.4197957756594614
0.7833008447043535,0.9860388484217829,-0.4198363437195917
0.7835174355642192,0.9860388484217829,-0.41986680675916305
0.7835174355642192,0.9862122788761707,-0.41989588578477427
0.7836798787091185,0.9862122788761707,-0.4199649699816798
0.7836798787091185,0.9862989941033645,-0.4199720858274904
0.7837340264240849,0.9862989941033645,-0.42000949669698623
0.7837340264240849,0.9863857093305585,-0.42003074896242015
0.7837881741390513,0.9863857093305585,-0.4200863621344563
0.7837881741390513,0.9865591397849462,-0.4200985765337943
0.7840589127138835,0.9865591397849462,-0.42017590724858395
0.7840589127138835,0.9866458550121401,-0.4202261439283074
0.7843296512887156,0.9866458550121401,-0.4203120265115971
0.7843296512887156,0.986732570239334,-0.4203352929492942
0.784383799003682,0.986732570239334,-0.4203465470701377
0.784383799003682,0.986819285466528,-0.4203619727601046
0.7844920944336149,0.986819285466528,-0.4203993675416661
0.7844920944336149,0.9869060006937218,-0.4204017457415789
0.7848169807234134,0.9869060006937218,-0.42053632269041125
0.7848169807234134,0.9870794311481096,-0.4205410161361384
0.7849252761533463,0.9870794311481096,-0.42058259542889126
0.7849252761533463,0.9871661463753035,-0.4206175637635294
0.785520901017977,0.9871661463753035,-0.420768513882215
0.785520901017977,0.9872528616024974,-0.4207696129448845
0.7857916395928092,0.9872528616024974,-0.4208459644202586
0.7857916395928092,0.9874262920568851,-0.42086510271925953
0.7864414121724064,0.9874262920568851,-0.42100741328732866
0.7864414121724064,0.9875130072840791,-0.4210175982677146
0.7864955598873727,0.9875130072840791,-0.4210307134000834
0.7864955598873727,0.9876864377384669,-0.4210561836195274
0.7868745938921378,0.9876864377384669,-0.42115432360940236
0.7868745938921378,0.9877731529656608,-0.4211716283960489
0.7871453324669699,0.9877731529656608,-0.42120689405044937
0.7871453324669699,0.9878598681928547,-0.4212288864606541
0.787416071041802,0.9878598681928547,-0.42132766010350936
0.787416071041802,0.9879465834200486,-0.42134790302257236
0.7875243664717348,0.9879465834200486,-0.4213609328173091
0.7875243664717348,0.9880332986472424,-0.42138608769090274
0.7875785141867013,0.9880332986472424,-0.4213922452358922
0.7875785141867013,0.9882934443288242,-0.4214663653278749
0.7876868096166342,0.9882934443288242,-0.4214977096826508
0.7876868096166342,0.9884668747832119,-0.4215183788616958
0.7877409573316007,0.9884668747832119,-0.42152575910799656
0.7877409573316007,0.9886403052375997,-0.42158238287501665
0.7878492527615335,0.9886403052375997,-0.4215949881627285
0.7878492527615335,0.9887270204647937,-0.42162617169130784
0.7880658436213992,0.9887270204647937,-0.4216645564237413
0.7880658436213992,0.9889004509191814,-0.42166818280892165
0.788174139051332,0.9889004509191814,-0.4216931625115487
0.788174139051332,0.9890738813735692,-0.42171881071202305
0.7884448776261642,0.9890738813735692,-0.4218228875778988
0.7884448776261642,0.989247311827957,-0.4218258627115012
0.7886614684860299,0.989247311827957,-0.42186614473152656
0.7886614684860299,0.9893340270551508,-0.42187170123024437
0.7888239116309291,0.9893340270551508,-0.4219201551866016
0.7888239116309291,0.9894207422823448,-0.42192059375963525
0.7889863547758285,0.9894207422823448,-0.4219854226806236
0.7889863547758285,0.9895074575095387,-0.42201789515141147
0.7892029456356942,0.9895074575095387,-0.422091200096069
0.7892029456356942,0.9896808879639265,-0.42215194850013454
0.7892570933506606,0.9896808879639265,-0.42215290564309943
0.7892570933506606,0.9897676031911203,-0.4221593485013126
0.7896361273554257,0.9897676031911203,-0.42227940811913073
0.7896361273554257,0.9898543184183143,-0.42229750533213867
0.7897444227853585,0.9898543184183143,-0.4223265200962651
0.7897444227853585,0.9899410336455081,-0.4223344408253675
0.7902317522200563,0.9899410336455081,-0.42240671861983187
0.7902317522200563,0.9900277488727021,-0.42240794503474327
0.7904483430799221,0.9900277488727021,-0.4224727825363907
0.7904483430799221,0.9901144640998959,-0.42248562312503707
0.7906649339397878,0.9901144640998959,-0.4225697107591175
0.7906649339397878,0.9903746097814776,-0.42259546971387957
0.7924518085336799,0.9903746097814776,-0.4231149852173485
0.7924518085336799,0.9904613250086716,-0.4231571534566529
0.7929391379683778,0.9904613250086716,-0.4233515757202328
0.7929391379683778,0.9906347554630593,-0.4233949846340314
0.7932098765432098,0.9906347554630593,-0.4234888241081773
0.7932098765432098,0.9907214706902532,-0.42349502676789336
0.7935889105479749,0.9907214706902532,-0.42368875953313573
0.7935889105479749,0.9908081859174471,-0.4236975369240958
0.7942928308425384,0.9908081859174471,-0.4239705641524533
0.7942928308425384,0.990894901144641,-0.4239718391335458
0.7944011262724713,0.990894901144641,-0.4239865318881459
0.7944011262724713,0.9909816163718349,-0.4240245358047047
0.7949426034221356,0.9909816163718349,-0.42417124856100114
0.7949426034221356,0.9910683315990287,-0.4241938740063666
0.795375785141867,0.9910683315990287,-0.42434275480561906
0.795375785141867,0.9911550468262227,-0.42434824409491995
0.7954299328568334,0.9911550468262227,-0.42438899566650007
0.7954299328568334,0.9912417620534166,-0.42441545393748353
0.7960797054364306,0.9912417620534166,-0.4246311527999375
0.7960797054364306,0.9913284772806105,-0.4246359086568096
0.7964587394411956,0.9913284772806105,-0.42475727207552255
0.7964587394411956,0.9914151925078044,-0.42476428630016744
0.7966753303010613,0.9914151925078044,-0.4247956564043264
0.7966753303010613,0.99176205341658,-0.4248506592193894
0.7969460688758935,0.99176205341658,-0.4249587838817723
0.7969460688758935,0.9918487686437738,-0.4249686128720766
0.7970002165908598,0.9918487686437738,-0.424999694499724
0.7970002165908598,0.9920221990981616,-0.4250313922137123
0.7972168074507255,0.9920221990981616,-0.42505879843066613
0.7972168074507255,0.9921089143253555,-0.42507298329696813
0.7975416937405242,0.9921089143253555,-0.42519911972885555
0.7975416937405242,0.9923690600069373,-0.4252212170172302
0.7979748754602556,0.9923690600069373,-0.42537372275018365
0.7979748754602556,0.9924557752341311,-0.4253739902053059
0.7980831708901884,0.9924557752341311,-0.4254245936454077
0.7980831708901884,0.992542490461325,-0.42545760540530647
0.7981373186051549,0.992542490461325,-0.42547259221721107
0.7981373186051549,0.9926292056885189,-0.4254739872011372
0.7987329434697856,0.9926292056885189,-0.4256223804511105
0.7987329434697856,0.9927159209157128,-0.42564466522680083
0.7988412388997185,0.9927159209157128,-0.4256547143268456
0.7988412388997185,0.9928026361429066,-0.4257100912190725
0.7988953866146848,0.9928026361429066,-0.4257327957965424
0.7988953866146848,0.9928893513701006,-0.4257431344628641
0.7989495343296513,0.9928893513701006,-0.42575185393196774
0.7989495343296513,0.9929760665972945,-0.425789314117293
0.7994910114793156,0.9929760665972945,-0.42606478640256745
0.7994910114793156,0.9931494970516823,-0.42609320138081
0.799924193199047,0.9931494970516823,-0.4262351814699514
0.799924193199047,0.9932362122788762,-0.426238037793984
0.7999783409140134,0.9932362122788762,-0.4263285241859633
0.7999783409140134,0.9933229275060701,-0.42636331506876995
0.8001407840589128,0.9933229275060701,-0.4263923178044115
0.8001407840589128,0.9934096427332639,-0.4264329410929199
0.8004656703487113,0.9934096427332639,-0.4265874575962633
0.8004656703487113,0.9935830731876517,-0.42662634620507894
0.8006281134936105,0.9935830731876517,-0.42675034443638
0.8006281134936105,0.9937565036420395,-0.42677638744587715
0.8007364089235435,0.9937565036420395,-0.4269402649981919
0.8007364089235435,0.9938432188692334,-0.4269413915353219
0.8008988520684427,0.9938432188692334,-0.4270286478520406
0.8008988520684427,0.9939299340964274,-0.42709078063626954
0.8013861815031406,0.9939299340964274,-0.4273872307183492
0.8013861815031406,0.9940166493236212,-0.42739417843199207
0.8016027723630063,0.9940166493236212,-0.4274823852931195
0.8016027723630063,0.9941033645508152,-0.42755479602354257
0.8024149880875027,0.9941033645508152,-0.4279347276552469
0.8024149880875027,0.994190079778009,-0.4279572186182929
0.802577431232402,0.994190079778009,-0.4282306342721626
0.802577431232402,0.9942767950052029,-0.42829205973543955
0.8027398743773013,0.9942767950052029,-0.428377304058108
0.8027398743773013,0.9943635102323968,-0.4283924858669254
0.8030106129521334,0.9943635102323968,-0.4285094252062495
0.8030106129521334,0.9945369406867846,-0.4285441418943587
0.8034437946718649,0.9945369406867846,-0.4289352334430678
0.8034437946718649,0.9946236559139785,-0.42895119353742434
0.8035520901017977,0.9946236559139785,-0.4290374982525022
0.8035520901017977,0.9947103711411724,-0.4292793584425631
0.8036603855317306,0.9947103711411724,-0.4293163714538563
0.8036603855317306,0.9947970863683663,-0.42933798970817943
0.8041477149664285,0.9947970863683663,-0.4299198436040789
0.8041477149664285,0.9949705168227541,-0.43007672400167424
0.8046891921160927,0.9949705168227541,-0.4306729124381203
0.8046891921160927,0.995057232049948,-0.43073980523137084
0.8050682261208577,0.995057232049948,-0.4309761673763118
0.8050682261208577,0.9951439472771418,-0.43109079897093755
0.8053931124106563,0.9951439472771418,-0.4324317264637409
0.8053931124106563,0.9954040929587236,-0.4331891673620289
0.8055014078405891,0.9954040929587236,-0.4336282520209935
0.8055014078405891,0.9954908081859174,-0.4339871797889509
0.8066385098548842,0.9954908081859174,-0.45346565991606586
0.8066385098548842,0.9956642386403053,-0.45474906288586786
0.8066926575698505,0.9956642386403053,-0.45838869748712
0.8066926575698505,0.9957509538674991,-0.4654808991974279
0.8072882824344813,0.9957509538674991,-0.48224796429841194
0.8072882824344813,0.9958376690946931,-0.485595642905808
0.8076131687242798,0.9958376690946931,-0.5068740410054227
0.8076131687242798,0.9959243843218869,-0.5083682436196029
0.8077756118691791,0.9959243843218869,-0.5125048461693553
0.8077756118691791,0.9960110995490808,-0.51331620803391
0.8092917478882391,0.9960110995490808,-0.5323194404648306
0.809400043318172,0.9960110995490808,-0.5323486062552814
0.8100498158977691,0.9960110995490808,-0.5327819265705507
0.8100498158977691,0.9960978147762747,-0.5328249808326446
0.810158111327702,0.9960978147762747,-0.5328749793305603
0.810158111327702,0.9964446756850502,-0.5332777450082145
0.8102664067576348,0.9964446756850502,-0.5337186003479264
0.8102664067576348,0.9965313909122442,-0.5337971738476719
0.8106454407623999,0.9965313909122442,-0.5424691065748857
0.8106454407623999,0.996704821366632,-0.5490434250936531
0.8109161793372319,0.996704821366632,-0.556871536524379
0.8109161793372319,0.9967915365938259,-0.5573915241962608
0.8118908382066277,0.9967915365938259,-0.5736320708469342
0.8118908382066277,0.9968782518210197,-0.5740218533387145
0.8119991336365605,0.9968782518210197,-0.5790827412981328
0.8119991336365605,0.9969649670482137,-0.5792561468039481
0.812053281351527,0.9969649670482137,-0.5804554004648186
0.812053281351527,0.9970516822754075,-0.5804602436843529
0.8121615767814598,0.9970516822754075,-0.5806721300096174
0.8121615767814598,0.9971383975026015,-0.5807883067940232
0.8126489062161577,0.9971383975026015,-0.5936752658798377
0.8126489062161577,0.9972251127297953,-0.5937343876585233
0.8130279402209227,0.9972251127297953,-0.5973024323481997
0.8130279402209227,0.9973985431841832,-0.5977161693541129
0.813190383365822,0.9973985431841832,-0.6014157104782523
0.813190383365822,0.997485258411377,-0.6017031762953937
0.813569417370587,0.997485258411377,-0.6061102669958749
0.813569417370587,0.997571973638571,-0.6062148538557
0.8138401559454191,0.997571973638571,-0.6072237040685446
0.8138401559454191,0.9976586888657648,-0.607236224415103
0.8140567468052848,0.9976586888657648,-0.6082117929087383
0.8140567468052848,0.9977454040929588,-0.608716600342948
0.8143816330950834,0.9977454040929588,-0.6132383115361628
0.8143816330950834,0.9978321193201526,-0.6133795952083496
0.8147606670998484,0.9978321193201526,-0.6198111895787459
0.8147606670998484,0.9979188345473465,-0.6198635008582867
0.8148148148148148,0.9979188345473465,-0.6209600171945189
0.8148148148148148,0.9980055497745404,-0.6225256718153165
0.8155728828243448,0.9980055497745404,-0.6339947478424746
0.8155728828243448,0.9980922650017343,-0.6350174245979785
0.8157353259692441,0.9980922650017343,-0.6391551392140131
0.8157353259692441,0.9981789802289281,-0.6392360584122718
0.8157894736842105,0.9981789802289281,-0.6412975193624675
0.8157894736842105,0.9982656954561221,-0.6413400042201249
0.8160602122590427,0.9982656954561221,-0.6449490403006188
0.8160602122590427,0.998352410683316,-0.6465607016150519
0.8162226554039419,0.998352410683316,-0.6503107098424499
0.8162226554039419,0.9986125563648977,-0.653128801017238
0.8167641325536062,0.9986125563648977,-0.6627805779639808
0.8167641325536062,0.9986992715920916,-0.6633269278889591
0.817359757418237,0.9986992715920916,-0.6698598134862122
0.817359757418237,0.9987859868192854,-0.6734897693037845
0.8175222005631362,0.9987859868192854,-0.6766175158985206
0.8175222005631362,0.9988727020464794,-0.6777978045250115
0.8185510071474984,0.9988727020464794,-0.7016246813905243
0.8185510071474984,0.9991328477280611,-0.706381071173384
0.8188217457223305,0.9991328477280611,-0.7080612969312887
0.8188217457223305,0.9992195629552549,-0.7093261776058326
0.8190383365821963,0.9992195629552549,-0.7143814852748309
0.8190383365821963,0.9993062781824489,-0.7145938081419134
0.8207710634611219,0.9993062781824489,-0.7557473280341398
0.8207710634611219,0.9993929934096427,-0.7580371727785802
0.8220164609053497,0.9993929934096427,-0.7795300984925995
0.8220164609053497,0.9994797086368367,-0.7800236255371775
0.8227203811999133,0.9994797086368367,-0.7913180189976134
0.8227203811999133,0.9995664238640305,-0.7917268510464288
0.8233701537795105,0.9995664238640305,-0.802688287595515
0.8233701537795105,0.9996531390912244,-0.8027281922936989
0.823424301494477,0.9996531390912244,-0.8034609031104691
0.823424301494477,0.9997398543184183,-0.8043718927925263
0.8267814598223955,0.9997398543184183,-0.8568072540860696
0.8267814598223955,0.9998265695456122,-0.8570740719745154
0.8321962313190383,0.9998265695456122,-0.9356272263440442
0.8321962313190383,0.999913284772806,-0.935716769306401
0.8382066276803118,0.999913284772806,-1.006903880519482
0.8382066276803118,1.0,-1.0087489115727997
0.9316655837123673,1.0,-1.3226377891150647
0.9317738791423001,1.0,-1.3226402510342838
0.9510504656703487,1.0,-1.3790317483563914
0.9511587611002815,1.0,-1.3791788422314815
0.9763374485596708,1.0,-1.5226955571930714
0.9764998917045701,1.0,-1.5230949658556936
1.0,1.0,-10.961198985418664
