source_id,schema_cols,total_rows,dropped_ambiguous_or_missing_label,valid_label_rows,normal_rows,attack_rows,sampled_rows
D:\SEM - IV\23ELC212 - Machine Learning\end sem project\datasets\20200425_UOWM_IEC104_Dataset_m_sp_na_1_DoS.7z::20200425_UOWM_IEC104_Dataset_m_sp_na_1_DoS/20200425_UOWM_IEC104_Dataset_m_sp_na_1_DoS_iecserver1/20200425_UOWM_IEC104_Dataset_m_sp_na_1_DoS_iecserver1.pcap_Flow.csv,84,18615,0,18615,4058,14557,3000
D:\SEM - IV\23ELC212 - Machine Learning\end sem project\datasets\20200425_UOWM_IEC104_Dataset_m_sp_na_1_DoS.7z::20200425_UOWM_IEC104_Dataset_m_sp_na_1_DoS/20200425_UOWM_IEC104_Dataset_m_sp_na_1_DoS_iecserver1/20200425_UOWM_IEC104_Dataset_m_sp_na_1_DoS_iecserver1_iec104_only.pcap_Flow.csv,84,91,0,91,0,91,91
D:\SEM - IV\23ELC212 - Machine Learning\end sem project\datasets\20200425_UOWM_IEC104_Dataset_m_sp_na_1_DoS.7z::20200425_UOWM_IEC104_Dataset_m_sp_na_1_DoS/20200425_UOWM_IEC104_Dataset_m_sp_na_1_DoS_iecserver2/20200425_UOWM_IEC104_Dataset_m_sp_na_1_DoS_iecserver2.pcap_Flow.csv,84,18689,0,18689,4134,14555,3000
D:\SEM - IV\23ELC212 - Machine Learning\end sem project\datasets\20200425_UOWM_IEC104_Dataset_m_sp_na_1_DoS.7z::20200425_UOWM_IEC104_Dataset_m_sp_na_1_DoS/20200425_UOWM_IEC104_Dataset_m_sp_na_1_DoS_iecserver2/20200425_UOWM_IEC104_Dataset_m_sp_na_1_DoS_iecserver2_iec104_only.pcap_Flow.csv,84,91,0,91,0,91,91
D:\SEM - IV\23ELC212 - Machine Learning\end sem project\datasets\20200425_UOWM_IEC104_Dataset_m_sp_na_1_DoS.7z::20200425_UOWM_IEC104_Dataset_m_sp_na_1_DoS/20200425_UOWM_IEC104_Dataset_m_sp_na_1_DoS_iecserver3/20200425_UOWM_IEC104_Dataset_m_sp_na_1_DoS_iecserver3.pcap_Flow.csv,84,18860,0,18860,4247,14613,3000
D:\SEM - IV\23ELC212 - Machine Learning\end sem project\datasets\20200425_UOWM_IEC104_Dataset_m_sp_na_1_DoS.7z::20200425_UOWM_IEC104_Dataset_m_sp_na_1_DoS/20200425_UOWM_IEC104_Dataset_m_sp_na_1_DoS_iecserver3/20200425_UOWM_IEC104_Dataset_m_sp_na_1_DoS_iecserver3_iec104_only.pcap_Flow.csv,84,91,0,91,0,91,91
D:\SEM - IV\23ELC212 - Machine Learning\end sem project\datasets\20200425_UOWM_IEC104_Dataset_m_sp_na_1_DoS.7z::20200425_UOWM_IEC104_Dataset_m_sp_na_1_DoS/20200425_UOWM_IEC104_Dataset_m_sp_na_1_DoS_iecserver4/20200425_UOWM_IEC104_Dataset_m_sp_na_1_DoS_iecserver4.pcap_Flow.csv,84,18683,0,18683,4125,14558,3000
D:\SEM - IV\23ELC212 - Machine Learning\end sem project\datasets\20200425_UOWM_IEC104_Dataset_m_sp_na_1_DoS.7z::20200425_UOWM_IEC104_Dataset_m_sp_na_1_DoS/20200425_UOWM_IEC104_Dataset_m_sp_na_1_DoS_iecserver4/20200425_UOWM_IEC104_Dataset_m_sp_na_1_DoS_iecserver4_iec104_only.pcap_Flow.csv,84,91,0,91,0,91,91
D:\SEM - IV\23ELC212 - Machine Learning\end sem project\datasets\20200425_UOWM_IEC104_Dataset_m_sp_na_1_DoS.7z::20200425_UOWM_IEC104_Dataset_m_sp_na_1_DoS/20200425_UOWM_IEC104_Dataset_m_sp_na_1_DoS_iecserver5/20200425_UOWM_IEC104_Dataset_m_sp_na_1_DoS_iecserver5.pcap_Flow.csv,84,19324,0,19324,4456,14868,3000
D:\SEM - IV\23ELC212 - Machine Learning\end sem project\datasets\20200425_UOWM_IEC104_Dataset_m_sp_na_1_DoS.7z::20200425_UOWM_IEC104_Dataset_m_sp_na_1_DoS/20200425_UOWM_IEC104_Dataset_m_sp_na_1_DoS_iecserver5/20200425_UOWM_IEC104_Dataset_m_sp_na_1_DoS_iecserver5_iec104_only.pcap_Flow.csv,84,91,0,91,0,91,91
D:\SEM - IV\23ELC212 - Machine Learning\end sem project\datasets\20200425_UOWM_IEC104_Dataset_m_sp_na_1_DoS.7z::20200425_UOWM_IEC104_Dataset_m_sp_na_1_DoS/20200425_UOWM_IEC104_Dataset_m_sp_na_1_DoS_iecserver6/20200425_UOWM_IEC104_Dataset_m_sp_na_1_DoS_iecserver6.pcap_Flow.csv,84,18892,0,18892,4412,14480,3000
D:\SEM - IV\23ELC212 - Machine Learning\end sem project\datasets\20200425_UOWM_IEC104_Dataset_m_sp_na_1_DoS.7z::20200425_UOWM_IEC104_Dataset_m_sp_na_1_DoS/20200425_UOWM_IEC104_Dataset_m_sp_na_1_DoS_iecserver6/20200425_UOWM_IEC104_Dataset_m_sp_na_1_DoS_iecserver6_iec104_only.pcap_Flow.csv,84,91,0,91,0,91,91
D:\SEM - IV\23ELC212 - Machine Learning\end sem project\datasets\20200425_UOWM_IEC104_Dataset_m_sp_na_1_DoS.7z::20200425_UOWM_IEC104_Dataset_m_sp_na_1_DoS/20200425_UOWM_IEC104_Dataset_m_sp_na_1_DoS_iecserver7/20200425_UOWM_IEC104_Dataset_m_sp_na_1_DoS_iecserver7.pcap_Flow.csv,84,18765,0,18765,4286,14479,3000
D:\SEM - IV\23ELC212 - Machine Learning\end sem project\datasets\20200425_UOWM_IEC104_Dataset_m_sp_na_1_DoS.7z::20200425_UOWM_IEC104_Dataset_m_sp_na_1_DoS/20200425_UOWM_IEC104_Dataset_m_sp_na_1_DoS_iecserver7/20200425_UOWM_IEC104_Dataset_m_sp_na_1_DoS_iecserver7_iec104_only.pcap_Flow.csv,84,91,0,91,0,91,91
D:\SEM - IV\23ELC212 - Machine Learning\end sem project\datasets\20200425_UOWM_IEC104_Dataset_m_sp_na_1_DoS.7z::20200425_UOWM_IEC104_Dataset_m_sp_na_1_DoS/20200425_UOWM_IEC104_Dataset_m_sp_na_1_DoS_qtester/20200425_UOWM_IEC104_Dataset_m_sp_na_1_DoS_qtester.pcap_Flow.csv,84,19160,0,19160,5851,13309,3000
D:\SEM - IV\23ELC212 - Machine Learning\end sem project\datasets\20200425_UOWM_IEC104_Dataset_m_sp_na_1_DoS.7z::20200425_UOWM_IEC104_Dataset_m_sp_na_1_DoS/20200425_UOWM_IEC104_Dataset_m_sp_na_1_DoS_qtester/20200425_UOWM_IEC104_Dataset_m_sp_na_1_DoS_qtester_iec104_only.pcap_Flow.csv,84,637,0,637,0,637,637
D:\SEM - IV\23ELC212 - Machine Learning\end sem project\datasets\20200425_UOWM_IEC104_Dataset_m_sp_na_1_DoS\20200425_UOWM_IEC104_Dataset_m_sp_na_1_DoS\20200425_UOWM_IEC104_Dataset_m_sp_na_1_DoS_iecserver1\20200425_UOWM_IEC104_Dataset_m_sp_na_1_DoS_iecserver1.pcap_Flow.csv,84,18615,0,18615,4058,14557,3000
D:\SEM - IV\23ELC212 - Machine Learning\end sem project\datasets\20200425_UOWM_IEC104_Dataset_m_sp_na_1_DoS\20200425_UOWM_IEC104_Dataset_m_sp_na_1_DoS\20200425_UOWM_IEC104_Dataset_m_sp_na_1_DoS_iecserver1\20200425_UOWM_IEC104_Dataset_m_sp_na_1_DoS_iecserver1_iec104_only.pcap_Flow.csv,84,91,0,91,0,91,91
D:\SEM - IV\23ELC212 - Machine Learning\end sem project\datasets\20200425_UOWM_IEC104_Dataset_m_sp_na_1_DoS\20200425_UOWM_IEC104_Dataset_m_sp_na_1_DoS\20200425_UOWM_IEC104_Dataset_m_sp_na_1_DoS_iecserver2\20200425_UOWM_IEC104_Dataset_m_sp_na_1_DoS_iecserver2.pcap_Flow.csv,84,18689,0,18689,4134,14555,3000
D:\SEM - IV\23ELC212 - Machine Learning\end sem project\datasets\20200425_UOWM_IEC104_Dataset_m_sp_na_1_DoS\20200425_UOWM_IEC104_Dataset_m_sp_na_1_DoS\20200425_UOWM_IEC104_Dataset_m_sp_na_1_DoS_iecserver2\20200425_UOWM_IEC104_Dataset_m_sp_na_1_DoS_iecserver2_iec104_only.pcap_Flow.csv,84,91,0,91,0,91,91
D:\SEM - IV\23ELC212 - Machine Learning\end sem project\datasets\20200425_UOWM_IEC104_Dataset_m_sp_na_1_DoS\20200425_UOWM_IEC104_Dataset_m_sp_na_1_DoS\20200425_UOWM_IEC104_Dataset_m_sp_na_1_DoS_iecserver3\20200425_UOWM_IEC104_Dataset_m_sp_na_1_DoS_iecserver3.pcap_Flow.csv,84,18860,0,18860,4247,14613,3000
D:\SEM - IV\23ELC212 - Machine Learning\end sem project\datasets\20200425_UOWM_IEC104_Dataset_m_sp_na_1_DoS\20200425_UOWM_IEC104_Dataset_m_sp_na_1_DoS\20200425_UOWM_IEC104_Dataset_m_sp_na_1_DoS_iecserver3\20200425_UOWM_IEC104_Dataset_m_sp_na_1_DoS_iecserver3_iec104_only.pcap_Flow.csv,84,91,0,91,0,91,91
D:\SEM - IV\23ELC212 - Machine Learning\end sem project\datasets\20200425_UOWM_IEC104_Dataset_m_sp_na_1_DoS\20200425_UOWM_IEC104_Dataset_m_sp_na_1_DoS\20200425_UOWM_IEC104_Dataset_m_sp_na_1_DoS_iecserver4\20200425_UOWM_IEC104_Dataset_m_sp_na_1_DoS_iecserver4.pcap_Flow.csv,84,18683,0,18683,4125,14558,3000
D:\SEM - IV\23ELC212 - Machine Learning\end sem project\datasets\20200425_UOWM_IEC104_Dataset_m_sp_na_1_DoS\20200425_UOWM_IEC104_Dataset_m_sp_na_1_DoS\20200425_UOWM_IEC104_Dataset_m_sp_na_1_DoS_iecserver4\20200425_UOWM_IEC104_Dataset_m_sp_na_1_DoS_iecserver4_iec104_only.pcap_Flow.csv,84,91,0,91,0,91,91
D:\SEM - IV\23ELC212 - Machine Learning\end sem project\datasets\20200425_UOWM_IEC104_Dataset_m_sp_na_1_DoS\20200425_UOWM_IEC104_Dataset_m_sp_na_1_DoS\20200425_UOWM_IEC104_Dataset_m_sp_na_1_DoS_iecserver5\20200425_UOWM_IEC104_Dataset_m_sp_na_1_DoS_iecserver5.pcap_Flow.csv,84,19324,0,19324,4456,14868,3000
D:\SEM - IV\23ELC212 - Machine Learning\end sem project\datasets\20200425_UOWM_IEC104_Dataset_m_sp_na_1_DoS\20200425_UOWM_IEC104_Dataset_m_sp_na_1_DoS\20200425_UOWM_IEC104_Dataset_m_sp_na_1_DoS_iecserver5\20200425_UOWM_IEC104_Dataset_m_sp_na_1_DoS_iecserver5_iec104_only.pcap_Flow.csv,84,91,0,91,0,91,91
D:\SEM - IV\23ELC212 - Machine Learning\end sem project\datasets\20200425_UOWM_IEC104_Dataset_m_sp_na_1_DoS\20200425_UOWM_IEC104_Dataset_m_sp_na_1_DoS\20200425_UOWM_IEC104_Dataset_m_sp_na_1_DoS_iecserver6\20200425_UOWM_IEC104_Dataset_m_sp_na_1_DoS_iecserver6.pcap_Flow.csv,84,18892,0,18892,4412,14480,3000
D:\SEM - IV\23ELC212 - Machine Learning\end sem project\datasets\20200425_UOWM_IEC104_Dataset_m_sp_na_1_DoS\20200425_UOWM_IEC104_Dataset_m_sp_na_1_DoS\20200425_UOWM_IEC104_Dataset_m_sp_na_1_DoS_iecserver6\20200425_UOWM_IEC104_Dataset_m_sp_na_1_DoS_iecserver6_iec104_only.pcap_Flow.csv,84,91,0,91,0,91,91
D:\SEM - IV\23ELC212 - Machine Learning\end sem project\datasets\20200425_UOWM_IEC104_Dataset_m_sp_na_1_DoS\20200425_UOWM_IEC104_Dataset_m_sp_na_1_DoS\20200425_UOWM_IEC104_Dataset_m_sp_na_1_DoS_iecserver7\20200425_UOWM_IEC104_Dataset_m_sp_na_1_DoS_iecserver7.pcap_Flow.csv,84,18765,0,18765,4286,14479,3000
D:\SEM - IV\23ELC212 - Machine Learning\end sem project\datasets\20200425_UOWM_IEC104_Dataset_m_sp_na_1_DoS\20200425_UOWM_IEC104_Dataset_m_sp_na_1_DoS\20200425_UOWM_IEC104_Dataset_m_sp_na_1_DoS_iecserver7\20200425_UOWM_IEC104_Dataset_m_sp_na_1_DoS_iecserver7_iec104_only.pcap_Flow.csv,84,91,0,91,0,91,91
D:\SEM - IV\23ELC212 - Machine Learning\end sem project\datasets\20200425_UOWM_IEC104_Dataset_m_sp_na_1_DoS\20200425_UOWM_IEC104_Dataset_m_sp_na_1_DoS\20200425_UOWM_IEC104_Dataset_m_sp_na_1_DoS_qtester\20200425_UOWM_IEC104_Dataset_m_sp_na_1_DoS_qtester.pcap_Flow.csv,84,19160,0,19160,5851,13309,3000
D:\SEM - IV\23ELC212 - Machine Learning\end sem project\datasets\20200425_UOWM_IEC104_Dataset_m_sp_na_1_DoS\20200425_UOWM_IEC104_Dataset_m_sp_na_1_DoS\20200425_UOWM_IEC104_Dataset_m_sp_na_1_DoS_qtester\20200425_UOWM_IEC104_Dataset_m_sp_na_1_DoS_qtester_iec104_only.pcap_Flow.csv,84,637,0,637,0,637,637
D:\SEM - IV\23ELC212 - Machine Learning\end sem project\datasets\20200426_UOWM_IEC104_Dataset_c_ci_na_1.7z::20200426_UOWM_IEC104_Dataset_c_ci_na_1/20200426_UOWM_IEC104_Dataset_c_ci_na_1_attacker1/20200426_UOWM_IEC104_Dataset_c_ci_na_1_attacker1.pcap_Flow.csv,84,17232,0,17232,2005,15227,3000
D:\SEM - IV\23ELC212 - Machine Learning\end sem project\datasets\20200426_UOWM_IEC104_Dataset_c_ci_na_1.7z::20200426_UOWM_IEC104_Dataset_c_ci_na_1/20200426_UOWM_IEC104_Dataset_c_ci_na_1_attacker1/20200426_UOWM_IEC104_Dataset_c_ci_na_1_attacker1_iec104_only.pcap_Flow.csv,84,234,0,234,0,234,234
D:\SEM - IV\23ELC212 - Machine Learning\end sem project\datasets\20200426_UOWM_IEC104_Dataset_c_ci_na_1.7z::20200426_UOWM_IEC104_Dataset_c_ci_na_1/20200426_UOWM_IEC104_Dataset_c_ci_na_1_attacker2/20200426_UOWM_IEC104_Dataset_c_ci_na_1_attacker2.pcap_Flow.csv,84,17156,0,17156,2001,15155,3000
D:\SEM - IV\23ELC212 - Machine Learning\end sem project\datasets\20200426_UOWM_IEC104_Dataset_c_ci_na_1.7z::20200426_UOWM_IEC104_Dataset_c_ci_na_1/20200426_UOWM_IEC104_Dataset_c_ci_na_1_attacker2/20200426_UOWM_IEC104_Dataset_c_ci_na_1_attacker2_iec104_only.pcap_Flow.csv,84,134,0,134,0,134,134
D:\SEM - IV\23ELC212 - Machine Learning\end sem project\datasets\20200426_UOWM_IEC104_Dataset_c_ci_na_1.7z::20200426_UOWM_IEC104_Dataset_c_ci_na_1/20200426_UOWM_IEC104_Dataset_c_ci_na_1_attacker3/20200426_UOWM_IEC104_Dataset_c_ci_na_1_attacker3.pcap_Flow.csv,84,17321,0,17321,2003,15318,3000
D:\SEM - IV\23ELC212 - Machine Learning\end sem project\datasets\20200426_UOWM_IEC104_Dataset_c_ci_na_1.7z::20200426_UOWM_IEC104_Dataset_c_ci_na_1/20200426_UOWM_IEC104_Dataset_c_ci_na_1_attacker3/20200426_UOWM_IEC104_Dataset_c_ci_na_1_attacker3_iec104_only.pcap_Flow.csv,84,201,0,201,0,201,201
D:\SEM - IV\23ELC212 - Machine Learning\end sem project\datasets\20200426_UOWM_IEC104_Dataset_c_ci_na_1.7z::20200426_UOWM_IEC104_Dataset_c_ci_na_1/20200426_UOWM_IEC104_Dataset_c_ci_na_1_iecserver1/20200426_UOWM_IEC104_Dataset_c_ci_na_1_iecserver1.pcap_Flow.csv,84,23444,0,23444,23272,172,3000
D:\SEM - IV\23ELC212 - Machine Learning\end sem project\datasets\20200426_UOWM_IEC104_Dataset_c_ci_na_1.7z::20200426_UOWM_IEC104_Dataset_c_ci_na_1/20200426_UOWM_IEC104_Dataset_c_ci_na_1_iecserver1/20200426_UOWM_IEC104_Dataset_c_ci_na_1_iecserver1_iec104_only.pcap_Flow.csv,84,221,0,221,104,117,221
D:\SEM - IV\23ELC212 - Machine Learning\end sem project\datasets\20200426_UOWM_IEC104_Dataset_c_ci_na_1.7z::20200426_UOWM_IEC104_Dataset_c_ci_na_1/20200426_UOWM_IEC104_Dataset_c_ci_na_1_iecserver2/20200426_UOWM_IEC104_Dataset_c_ci_na_1_iecserver2.pcap_Flow.csv,84,23551,0,23551,23381,170,3000
D:\SEM - IV\23ELC212 - Machine Learning\end sem project\datasets\20200426_UOWM_IEC104_Dataset_c_ci_na_1.7z::20200426_UOWM_IEC104_Dataset_c_ci_na_1/20200426_UOWM_IEC104_Dataset_c_ci_na_1_iecserver2/20200426_UOWM_IEC104_Dataset_c_ci_na_1_iecserver2_iec104_only.pcap_Flow.csv,84,221,0,221,104,117,221
D:\SEM - IV\23ELC212 - Machine Learning\end sem project\datasets\20200426_UOWM_IEC104_Dataset_c_ci_na_1.7z::20200426_UOWM_IEC104_Dataset_c_ci_na_1/20200426_UOWM_IEC104_Dataset_c_ci_na_1_iecserver3/20200426_UOWM_IEC104_Dataset_c_ci_na_1_iecserver3.pcap_Flow.csv,84,23238,0,23238,23105,133,3000
D:\SEM - IV\23ELC212 - Machine Learning\end sem project\datasets\20200426_UOWM_IEC104_Dataset_c_ci_na_1.7z::20200426_UOWM_IEC104_Dataset_c_ci_na_1/20200426_UOWM_IEC104_Dataset_c_ci_na_1_iecserver3/20200426_UOWM_IEC104_Dataset_c_ci_na_1_iecserver3_iec104_only.pcap_Flow.csv,84,171,0,171,104,67,171
D:\SEM - IV\23ELC212 - Machine Learning\end sem project\datasets\20200426_UOWM_IEC104_Dataset_c_ci_na_1.7z::20200426_UOWM_IEC104_Dataset_c_ci_na_1/20200426_UOWM_IEC104_Dataset_c_ci_na_1_iecserver4/20200426_UOWM_IEC104_Dataset_c_ci_na_1_iecserver4.pcap_Flow.csv,84,23436,0,23436,23302,134,3000
D:\SEM - IV\23ELC212 - Machine Learning\end sem project\datasets\20200426_UOWM_IEC104_Dataset_c_ci_na_1.7z::20200426_UOWM_IEC104_Dataset_c_ci_na_1/20200426_UOWM_IEC104_Dataset_c_ci_na_1_iecserver4/20200426_UOWM_IEC104_Dataset_c_ci_na_1_iecserver4_iec104_only.pcap_Flow.csv,84,172,0,172,104,68,172
D:\SEM - IV\23ELC212 - Machine Learning\end sem project\datasets\20200426_UOWM_IEC104_Dataset_c_ci_na_1.7z::20200426_UOWM_IEC104_Dataset_c_ci_na_1/20200426_UOWM_IEC104_Dataset_c_ci_na_1_iecserver5/20200426_UOWM_IEC104_Dataset_c_ci_na_1_iecserver5.pcap_Flow.csv,84,23658,0,23658,23524,134,3000
D:\SEM - IV\23ELC212 - Machine Learning\end sem project\datasets\20200426_UOWM_IEC104_Dataset_c_ci_na_1.7z::20200426_UOWM_IEC104_Dataset_c_ci_na_1/20200426_UOWM_IEC104_Dataset_c_ci_na_1_iecserver5/20200426_UOWM_IEC104_Dataset_c_ci_na_1_iecserver5_iec104_only.pcap_Flow.csv,84,170,0,170,103,67,170
D:\SEM - IV\23ELC212 - Machine Learning\end sem project\datasets\20200426_UOWM_IEC104_Dataset_c_ci_na_1.7z::20200426_UOWM_IEC104_Dataset_c_ci_na_1/20200426_UOWM_IEC104_Dataset_c_ci_na_1_iecserver6/20200426_UOWM_IEC104_Dataset_c_ci_na_1_iecserver6.pcap_Flow.csv,84,23158,0,23158,23024,134,3000
D:\SEM - IV\23ELC212 - Machine Learning\end sem project\datasets\20200426_UOWM_IEC104_Dataset_c_ci_na_1.7z::20200426_UOWM_IEC104_Dataset_c_ci_na_1/20200426_UOWM_IEC104_Dataset_c_ci_na_1_iecserver6/20200426_UOWM_IEC104_Dataset_c_ci_na_1_iecserver6_iec104_only.pcap_Flow.csv,84,170,0,170,103,67,170
D:\SEM - IV\23ELC212 - Machine Learning\end sem project\datasets\20200426_UOWM_IEC104_Dataset_c_ci_na_1.7z::20200426_UOWM_IEC104_Dataset_c_ci_na_1/20200426_UOWM_IEC104_Dataset_c_ci_na_1_iecserver7/20200426_UOWM_IEC104_Dataset_c_ci_na_1_iecserver7.pcap_Flow.csv,84,23529,0,23529,23395,134,3000
D:\SEM - IV\23ELC212 - Machine Learning\end sem project\datasets\20200426_UOWM_IEC104_Dataset_c_ci_na_1.7z::20200426_UOWM_IEC104_Dataset_c_ci_na_1/20200426_UOWM_IEC104_Dataset_c_ci_na_1_iecserver7/20200426_UOWM_IEC104_Dataset_c_ci_na_1_iecserver7_iec104_only.pcap_Flow.csv,84,170,0,170,103,67,170
D:\SEM - IV\23ELC212 - Machine Learning\end sem project\datasets\20200426_UOWM_IEC104_Dataset_c_ci_na_1.7z::20200426_UOWM_IEC104_Dataset_c_ci_na_1/20200426_UOWM_IEC104_Dataset_c_ci_na_1_qtester/20200426_UOWM_IEC104_Dataset_c_ci_na_1_qtester.pcap_Flow.csv,84,23562,0,23562,23562,0,3000
D:\SEM - IV\23ELC212 - Machine Learning\end sem project\datasets\20200426_UOWM_IEC104_Dataset_c_ci_na_1.7z::20200426_UOWM_IEC104_Dataset_c_ci_na_1/20200426_UOWM_IEC104_Dataset_c_ci_na_1_qtester/20200426_UOWM_IEC104_Dataset_c_ci_na_1_qtester_iec104_only.pcap_Flow.csv,84,725,0,725,725,0,725
D:\SEM - IV\23ELC212 - Machine Learning\end sem project\datasets\20200426_UOWM_IEC104_Dataset_c_ci_na_1\20200426_UOWM_IEC104_Dataset_c_ci_na_1\20200426_UOWM_IEC104_Dataset_c_ci_na_1_attacker1\20200426_UOWM_IEC104_Dataset_c_ci_na_1_attacker1.pcap_Flow.csv,84,17232,0,17232,2005,15227,3000
D:\SEM - IV\23ELC212 - Machine Learning\end sem project\datasets\20200426_UOWM_IEC104_Dataset_c_ci_na_1\20200426_UOWM_IEC104_Dataset_c_ci_na_1\20200426_UOWM_IEC104_Dataset_c_ci_na_1_attacker1\20200426_UOWM_IEC104_Dataset_c_ci_na_1_attacker1_iec104_only.pcap_Flow.csv,84,234,0,234,0,234,234
D:\SEM - IV\23ELC212 - Machine Learning\end sem project\datasets\20200426_UOWM_IEC104_Dataset_c_ci_na_1\20200426_UOWM_IEC104_Dataset_c_ci_na_1\20200426_UOWM_IEC104_Dataset_c_ci_na_1_attacker2\20200426_UOWM_IEC104_Dataset_c_ci_na_1_attacker2.pcap_Flow.csv,84,17156,0,17156,2001,15155,3000
D:\SEM - IV\23ELC212 - Machine Learning\end sem project\datasets\20200426_UOWM_IEC104_Dataset_c_ci_na_1\20200426_UOWM_IEC104_Dataset_c_ci_na_1\20200426_UOWM_IEC104_Dataset_c_ci_na_1_attacker2\20200426_UOWM_IEC104_Dataset_c_ci_na_1_attacker2_iec104_only.pcap_Flow.csv,84,134,0,134,0,134,134
D:\SEM - IV\23ELC212 - Machine Learning\end sem project\datasets\20200426_UOWM_IEC104_Dataset_c_ci_na_1\20200426_UOWM_IEC104_Dataset_c_ci_na_1\20200426_UOWM_IEC104_Dataset_c_ci_na_1_attacker3\20200426_UOWM_IEC104_Dataset_c_ci_na_1_attacker3.pcap_Flow.csv,84,17321,0,17321,2003,15318,3000
D:\SEM - IV\23ELC212 - Machine Learning\end sem project\datasets\20200426_UOWM_IEC104_Dataset_c_ci_na_1\20200426_UOWM_IEC104_Dataset_c_ci_na_1\20200426_UOWM_IEC104_Dataset_c_ci_na_1_attacker3\20200426_UOWM_IEC104_Dataset_c_ci_na_1_attacker3_iec104_only.pcap_Flow.csv,84,201,0,201,0,201,201
D:\SEM - IV\23ELC212 - Machine Learning\end sem project\datasets\20200426_UOWM_IEC104_Dataset_c_ci_na_1\20200426_UOWM_IEC104_Dataset_c_ci_na_1\20200426_UOWM_IEC104_Dataset_c_ci_na_1_iecserver1\20200426_UOWM_IEC104_Dataset_c_ci_na_1_iecserver1.pcap_Flow.csv,84,23444,0,23444,23272,172,3000
D:\SEM - IV\23ELC212 - Machine Learning\end sem project\datasets\20200426_UOWM_IEC104_Dataset_c_ci_na_1\20200426_UOWM_IEC104_Dataset_c_ci_na_1\20200426_UOWM_IEC104_Dataset_c_ci_na_1_iecserver1\20200426_UOWM_IEC104_Dataset_c_ci_na_1_iecserver1_iec104_only.pcap_Flow.csv,84,221,0,221,104,117,221
D:\SEM - IV\23ELC212 - Machine Learning\end sem project\datasets\20200426_UOWM_IEC104_Dataset_c_ci_na_1\20200426_UOWM_IEC104_Dataset_c_ci_na_1\20200426_UOWM_IEC104_Dataset_c_ci_na_1_iecserver2\20200426_UOWM_IEC104_Dataset_c_ci_na_1_iecserver2.pcap_Flow.csv,84,23551,0,23551,23381,170,3000
D:\SEM - IV\23ELC212 - Machine Learning\end sem project\datasets\20200426_UOWM_IEC104_Dataset_c_ci_na_1\20200426_UOWM_IEC104_Dataset_c_ci_na_1\20200426_UOWM_IEC104_Dataset_c_ci_na_1_iecserver2\20200426_UOWM_IEC104_Dataset_c_ci_na_1_iecserver2_iec104_only.pcap_Flow.csv,84,221,0,221,104,117,221
D:\SEM - IV\23ELC212 - Machine Learning\end sem project\datasets\20200426_UOWM_IEC104_Dataset_c_ci_na_1\20200426_UOWM_IEC104_Dataset_c_ci_na_1\20200426_UOWM_IEC104_Dataset_c_ci_na_1_iecserver3\20200426_UOWM_IEC104_Dataset_c_ci_na_1_iecserver3.pcap_Flow.csv,84,23238,0,23238,23105,133,3000
D:\SEM - IV\23ELC212 - Machine Learning\end sem project\datasets\20200426_UOWM_IEC104_Dataset_c_ci_na_1\20200426_UOWM_IEC104_Dataset_c_ci_na_1\20200426_UOWM_IEC104_Dataset_c_ci_na_1_iecserver3\20200426_UOWM_IEC104_Dataset_c_ci_na_1_iecserver3_iec104_only.pcap_Flow.csv,84,171,0,171,104,67,171
D:\SEM - IV\23ELC212 - Machine Learning\end sem project\datasets\20200426_UOWM_IEC104_Dataset_c_ci_na_1\20200426_UOWM_IEC104_Dataset_c_ci_na_1\20200426_UOWM_IEC104_Dataset_c_ci_na_1_iecserver4\20200426_UOWM_IEC104_Dataset_c_ci_na_1_iecserver4.pcap_Flow.csv,84,23436,0,23436,23302,134,3000
D:\SEM - IV\23ELC212 - Machine Learning\end sem project\datasets\20200426_UOWM_IEC104_Dataset_c_ci_na_1\20200426_UOWM_IEC104_Dataset_c_ci_na_1\20200426_UOWM_IEC104_Dataset_c_ci_na_1_iecserver4\20200426_UOWM_IEC104_Dataset_c_ci_na_1_iecserver4_iec104_only.pcap_Flow.csv,84,172,0,172,104,68,172
D:\SEM - IV\23ELC212 - Machine Learning\end sem project\datasets\20200426_UOWM_IEC104_Dataset_c_ci_na_1\20200426_UOWM_IEC104_Dataset_c_ci_na_1\20200426_UOWM_IEC104_Dataset_c_ci_na_1_iecserver5\20200426_UOWM_IEC104_Dataset_c_ci_na_1_iecserver5.pcap_Flow.csv,84,23658,0,23658,23524,134,3000
D:\SEM - IV\23ELC212 - Machine Learning\end sem project\datasets\20200426_UOWM_IEC104_Dataset_c_ci_na_1\20200426_UOWM_IEC104_Dataset_c_ci_na_1\20200426_UOWM_IEC104_Dataset_c_ci_na_1_iecserver5\20200426_UOWM_IEC104_Dataset_c_ci_na_1_iecserver5_iec104_only.pcap_Flow.csv,84,170,0,170,103,67,170
D:\SEM - IV\23ELC212 - Machine Learning\end sem project\datasets\20200426_UOWM_IEC104_Dataset_c_ci_na_1\20200426_UOWM_IEC104_Dataset_c_ci_na_1\20200426_UOWM_IEC104_Dataset_c_ci_na_1_iecserver6\20200426_UOWM_IEC104_Dataset_c_ci_na_1_iecserver6.pcap_Flow.csv,84,23158,0,23158,23024,134,3000
D:\SEM - IV\23ELC212 - Machine Learning\end sem project\datasets\20200426_UOWM_IEC104_Dataset_c_ci_na_1\20200426_UOWM_IEC104_Dataset_c_ci_na_1\20200426_UOWM_IEC104_Dataset_c_ci_na_1_iecserver6\20200426_UOWM_IEC104_Dataset_c_ci_na_1_iecserver6_iec104_only.pcap_Flow.csv,84,170,0,170,103,67,170
D:\SEM - IV\23ELC212 - Machine Learning\end sem project\datasets\20200426_UOWM_IEC104_Dataset_c_ci_na_1\20200426_UOWM_IEC104_Dataset_c_ci_na_1\20200426_UOWM_IEC104_Dataset_c_ci_na_1_iecserver7\20200426_UOWM_IEC104_Dataset_c_ci_na_1_iecserver7.pcap_Flow.csv,84,23529,0,23529,23395,134,3000
D:\SEM - IV\23ELC212 - Machine Learning\end sem project\datasets\20200426_UOWM_IEC104_Dataset_c_ci_na_1\20200426_UOWM_IEC104_Dataset_c_ci_na_1\20200426_UOWM_IEC104_Dataset_c_ci_na_1_iecserver7\20200426_UOWM_IEC104_Dataset_c_ci_na_1_iecserver7_iec104_only.pcap_Flow.csv,84,170,0,170,103,67,170
D:\SEM - IV\23ELC212 - Machine Learning\end sem project\datasets\20200426_UOWM_IEC104_Dataset_c_ci_na_1\20200426_UOWM_IEC104_Dataset_c_ci_na_1\20200426_UOWM_IEC104_Dataset_c_ci_na_1_qtester\20200426_UOWM_IEC104_Dataset_c_ci_na_1_qtester.pcap_Flow.csv,84,23562,0,23562,23562,0,3000
D:\SEM - IV\23ELC212 - Machine Learning\end sem project\datasets\20200426_UOWM_IEC104_Dataset_c_ci_na_1\20200426_UOWM_IEC104_Dataset_c_ci_na_1\20200426_UOWM_IEC104_Dataset_c_ci_na_1_qtester\20200426_UOWM_IEC104_Dataset_c_ci_na_1_qtester_iec104_only.pcap_Flow.csv,84,725,0,725,725,0,725
D:\SEM - IV\23ELC212 - Machine Learning\end sem project\datasets\20200426_UOWM_IEC104_Dataset_c_ci_na_1_DoS.7z::20200426_UOWM_IEC104_Dataset_c_ci_na_1_DoS/20200426_UOWM_IEC104_Dataset_c_ci_na_1_DoS_attacker1/20200426_UOWM_IEC104_Dataset_c_ci_na_1_DoS_attacker1.pcap_Flow.csv,84,18538,0,18538,2269,16269,3000
D:\SEM - IV\23ELC212 - Machine Learning\end sem project\datasets\20200426_UOWM_IEC104_Dataset_c_ci_na_1_DoS.7z::20200426_UOWM_IEC104_Dataset_c_ci_na_1_DoS/20200426_UOWM_IEC104_Dataset_c_ci_na_1_DoS_attacker1/20200426_UOWM_IEC104_Dataset_c_ci_na_1_DoS_attacker1_iec104_only.pcap_Flow.csv,84,265,0,265,0,265,265
D:\SEM - IV\23ELC212 - Machine Learning\end sem project\datasets\20200426_UOWM_IEC104_Dataset_c_ci_na_1_DoS.7z::20200426_UOWM_IEC104_Dataset_c_ci_na_1_DoS/20200426_UOWM_IEC104_Dataset_c_ci_na_1_DoS_attacker2/20200426_UOWM_IEC104_Dataset_c_ci_na_1_DoS_attacker2.pcap_Flow.csv,84,18566,0,18566,2273,16293,3000
D:\SEM - IV\23ELC212 - Machine Learning\end sem project\datasets\20200426_UOWM_IEC104_Dataset_c_ci_na_1_DoS.7z::20200426_UOWM_IEC104_Dataset_c_ci_na_1_DoS/20200426_UOWM_IEC104_Dataset_c_ci_na_1_DoS_attacker2/20200426_UOWM_IEC104_Dataset_c_ci_na_1_DoS_attacker2_iec104_only.pcap_Flow.csv,84,279,0,279,0,279,279
D:\SEM - IV\23ELC212 - Machine Learning\end sem project\datasets\20200426_UOWM_IEC104_Dataset_c_ci_na_1_DoS.7z::20200426_UOWM_IEC104_Dataset_c_ci_na_1_DoS/20200426_UOWM_IEC104_Dataset_c_ci_na_1_DoS_attacker3/20200426_UOWM_IEC104_Dataset_c_ci_na_1_DoS_attacker3.pcap_Flow.csv,84,18864,0,18864,2273,16591,3000
D:\SEM - IV\23ELC212 - Machine Learning\end sem project\datasets\20200426_UOWM_IEC104_Dataset_c_ci_na_1_DoS.7z::20200426_UOWM_IEC104_Dataset_c_ci_na_1_DoS/20200426_UOWM_IEC104_Dataset_c_ci_na_1_DoS_attacker3/20200426_UOWM_IEC104_Dataset_c_ci_na_1_DoS_attacker3_iec104_only.pcap_Flow.csv,84,448,0,448,0,448,448
D:\SEM - IV\23ELC212 - Machine Learning\end sem project\datasets\20200426_UOWM_IEC104_Dataset_c_ci_na_1_DoS.7z::20200426_UOWM_IEC104_Dataset_c_ci_na_1_DoS/20200426_UOWM_IEC104_Dataset_c_ci_na_1_DoS_iecserver1/20200426_UOWM_IEC104_Dataset_c_ci_na_1_DoS_iecserver1.pcap_Flow.csv,84,24856,0,24856,24610,246,3000
D:\SEM - IV\23ELC212 - Machine Learning\end sem project\datasets\20200426_UOWM_IEC104_Dataset_c_ci_na_1_DoS.7z::20200426_UOWM_IEC104_Dataset_c_ci_na_1_DoS/20200426_UOWM_IEC104_Dataset_c_ci_na_1_DoS_iecserver1/20200426_UOWM_IEC104_Dataset_c_ci_na_1_DoS_iecserver1_iec104_only.pcap_Flow.csv,84,232,0,232,108,124,232
D:\SEM - IV\23ELC212 - Machine Learning\end sem project\datasets\20200426_UOWM_IEC104_Dataset_c_ci_na_1_DoS.7z::20200426_UOWM_IEC104_Dataset_c_ci_na_1_DoS/20200426_UOWM_IEC104_Dataset_c_ci_na_1_DoS_iecserver2/20200426_UOWM_IEC104_Dataset_c_ci_na_1_DoS_iecserver2.pcap_Flow.csv,84,25572,0,25572,25309,263,3000
D:\SEM - IV\23ELC212 - Machine Learning\end sem project\datasets\20200426_UOWM_IEC104_Dataset_c_ci_na_1_DoS.7z::20200426_UOWM_IEC104_Dataset_c_ci_na_1_DoS/20200426_UOWM_IEC104_Dataset_c_ci_na_1_DoS_iecserver2/20200426_UOWM_IEC104_Dataset_c_ci_na_1_DoS_iecserver2_iec104_only.pcap_Flow.csv,84,249,0,249,108,141,249
D:\SEM - IV\23ELC212 - Machine Learning\end sem project\datasets\20200426_UOWM_IEC104_Dataset_c_ci_na_1_DoS.7z::20200426_UOWM_IEC104_Dataset_c_ci_na_1_DoS/20200426_UOWM_IEC104_Dataset_c_ci_na_1_DoS_iecserver3/20200426_UOWM_IEC104_Dataset_c_ci_na_1_DoS_iecserver3.pcap_Flow.csv,84,24310,0,24310,24045,265,3000
D:\SEM - IV\23ELC212 - Machine Learning\end sem project\datasets\20200426_UOWM_IEC104_Dataset_c_ci_na_1_DoS.7z::20200426_UOWM_IEC104_Dataset_c_ci_na_1_DoS/20200426_UOWM_IEC104_Dataset_c_ci_na_1_DoS_iecserver3/20200426_UOWM_IEC104_Dataset_c_ci_na_1_DoS_iecserver3_iec104_only.pcap_Flow.csv,84,253,0,253,108,145,253
D:\SEM - IV\23ELC212 - Machine Learning\end sem project\datasets\20200426_UOWM_IEC104_Dataset_c_ci_na_1_DoS.7z::20200426_UOWM_IEC104_Dataset_c_ci_na_1_DoS/20200426_UOWM_IEC104_Dataset_c_ci_na_1_DoS_iecserver4/20200426_UOWM_IEC104_Dataset_c_ci_na_1_DoS_iecserver4.pcap_Flow.csv,84,24623,0,24623,24369,254,3000
D:\SEM - IV\23ELC212 - Machine Learning\end sem project\datasets\20200426_UOWM_IEC104_Dataset_c_ci_na_1_DoS.7z::20200426_UOWM_IEC104_Dataset_c_ci_na_1_DoS/20200426_UOWM_IEC104_Dataset_c_ci_na_1_DoS_iecserver4/20200426_UOWM_IEC104_Dataset_c_ci_na_1_DoS_iecserver4_iec104_only.pcap_Flow.csv,84,242,0,242,108,134,242
D:\SEM - IV\23ELC212 - Machine Learning\end sem project\datasets\20200426_UOWM_IEC104_Dataset_c_ci_na_1_DoS.7z::20200426_UOWM_IEC104_Dataset_c_ci_na_1_DoS/20200426_UOWM_IEC104_Dataset_c_ci_na_1_DoS_iecserver5/20200426_UOWM_IEC104_Dataset_c_ci_na_1_DoS_iecserver5.pcap_Flow.csv,84,24849,0,24849,24557,292,3000
D:\SEM - IV\23ELC212 - Machine Learning\end sem project\datasets\20200426_UOWM_IEC104_Dataset_c_ci_na_1_DoS.7z::20200426_UOWM_IEC104_Dataset_c_ci_na_1_DoS/20200426_UOWM_IEC104_Dataset_c_ci_na_1_DoS_iecserver5/20200426_UOWM_IEC104_Dataset_c_ci_na_1_DoS_iecserver5_iec104_only.pcap_Flow.csv,84,280,0,280,107,173,280
D:\SEM - IV\23ELC212 - Machine Learning\end sem project\datasets\20200426_UOWM_IEC104_Dataset_c_ci_na_1_DoS.7z::20200426_UOWM_IEC104_Dataset_c_ci_na_1_DoS/20200426_UOWM_IEC104_Dataset_c_ci_na_1_DoS_iecserver6/20200426_UOWM_IEC104_Dataset_c_ci_na_1_DoS_iecserver6.pcap_Flow.csv,84,24689,0,24689,24430,259,3000
D:\SEM - IV\23ELC212 - Machine Learning\end sem project\datasets\20200426_UOWM_IEC104_Dataset_c_ci_na_1_DoS.7z::20200426_UOWM_IEC104_Dataset_c_ci_na_1_DoS/20200426_UOWM_IEC104_Dataset_c_ci_na_1_DoS_iecserver6/20200426_UOWM_IEC104_Dataset_c_ci_na_1_DoS_iecserver6_iec104_only.pcap_Flow.csv,84,244,0,244,108,136,244
D:\SEM - IV\23ELC212 - Machine Learning\end sem project\datasets\20200426_UOWM_IEC104_Dataset_c_ci_na_1_DoS.7z::20200426_UOWM_IEC104_Dataset_c_ci_na_1_DoS/20200426_UOWM_IEC104_Dataset_c_ci_na_1_DoS_iecserver7/20200426_UOWM_IEC104_Dataset_c_ci_na_1_DoS_iecserver7.pcap_Flow.csv,84,24662,0,24662,24401,261,3000
D:\SEM - IV\23ELC212 - Machine Learning\end sem project\datasets\20200426_UOWM_IEC104_Dataset_c_ci_na_1_DoS.7z::20200426_UOWM_IEC104_Dataset_c_ci_na_1_DoS/20200426_UOWM_IEC104_Dataset_c_ci_na_1_DoS_iecserver7/20200426_UOWM_IEC104_Dataset_c_ci_na_1_DoS_iecserver7_iec104_only.pcap_Flow.csv,84,246,0,246,107,139,246
D:\SEM - IV\23ELC212 - Machine Learning\end sem project\datasets\20200426_UOWM_IEC104_Dataset_c_ci_na_1_DoS.7z::20200426_UOWM_IEC104_Dataset_c_ci_na_1_DoS/20200426_UOWM_IEC104_Dataset_c_ci_na_1_DoS_qtester/20200426_UOWM_IEC104_Dataset_c_ci_na_1_DoS_qtester.pcap_Flow.csv,84,25139,0,25139,25139,0,3000
D:\SEM - IV\23ELC212 - Machine Learning\end sem project\datasets\20200426_UOWM_IEC104_Dataset_c_ci_na_1_DoS.7z::20200426_UOWM_IEC104_Dataset_c_ci_na_1_DoS/20200426_UOWM_IEC104_Dataset_c_ci_na_1_DoS_qtester/20200426_UOWM_IEC104_Dataset_c_ci_na_1_DoS_qtester_iec104_only.pcap_Flow.csv,84,754,0,754,754,0,754
D:\SEM - IV\23ELC212 - Machine Learning\end sem project\datasets\20200427_UOWM_IEC104_Dataset_c_se_na_1.7z::20200427_UOWM_IEC104_Dataset_c_se_na_1/20200427_UOWM_IEC104_Dataset_c_se_na_1_attacker1/20200427_UOWM_IEC104_Dataset_c_se_na_1_attacker1.pcap_Flow.csv,84,19824,0,19824,2421,17403,3000
D:\SEM - IV\23ELC212 - Machine Learning\end sem project\datasets\20200427_UOWM_IEC104_Dataset_c_se_na_1.7z::20200427_UOWM_IEC104_Dataset_c_se_na_1/20200427_UOWM_IEC104_Dataset_c_se_na_1_attacker1/20200427_UOWM_IEC104_Dataset_c_se_na_1_attacker1_iec104_only.pcap_Flow.csv,84,260,0,260,0,260,260
D:\SEM - IV\23ELC212 - Machine Learning\end sem project\datasets\20200427_UOWM_IEC104_Dataset_c_se_na_1.7z::20200427_UOWM_IEC104_Dataset_c_se_na_1/20200427_UOWM_IEC104_Dataset_c_se_na_1_attacker2/20200427_UOWM_IEC104_Dataset_c_se_na_1_attacker2.pcap_Flow.csv,84,19901,0,19901,2451,17450,3000
D:\SEM - IV\23ELC212 - Machine Learning\end sem project\datasets\20200427_UOWM_IEC104_Dataset_c_se_na_1.7z::20200427_UOWM_IEC104_Dataset_c_se_na_1/20200427_UOWM_IEC104_Dataset_c_se_na_1_attacker2/20200427_UOWM_IEC104_Dataset_c_se_na_1_attacker2_iec104_only.pcap_Flow.csv,84,250,0,250,0,250,250
D:\SEM - IV\23ELC212 - Machine Learning\end sem project\datasets\20200427_UOWM_IEC104_Dataset_c_se_na_1.7z::20200427_UOWM_IEC104_Dataset_c_se_na_1/20200427_UOWM_IEC104_Dataset_c_se_na_1_attacker3/20200427_UOWM_IEC104_Dataset_c_se_na_1_attacker3.pcap_Flow.csv,84,20015,0,20015,2419,17596,3000
D:\SEM - IV\23ELC212 - Machine Learning\end sem project\datasets\20200427_UOWM_IEC104_Dataset_c_se_na_1.7z::20200427_UOWM_IEC104_Dataset_c_se_na_1/20200427_UOWM_IEC104_Dataset_c_se_na_1_attacker3/20200427_UOWM_IEC104_Dataset_c_se_na_1_attacker3_iec104_only.pcap_Flow.csv,84,354,0,354,0,354,354
D:\SEM - IV\23ELC212 - Machine Learning\end sem project\datasets\20200427_UOWM_IEC104_Dataset_c_se_na_1.7z::20200427_UOWM_IEC104_Dataset_c_se_na_1/20200427_UOWM_IEC104_Dataset_c_se_na_1_iecserver1/20200427_UOWM_IEC104_Dataset_c_se_na_1_iecserver1.pcap_Flow.csv,84,27832,0,27832,27581,251,3000
D:\SEM - IV\23ELC212 - Machine Learning\end sem project\datasets\20200427_UOWM_IEC104_Dataset_c_se_na_1.7z::20200427_UOWM_IEC104_Dataset_c_se_na_1/20200427_UOWM_IEC104_Dataset_c_se_na_1_iecserver1/20200427_UOWM_IEC104_Dataset_c_se_na_1_iecserver1_iec104_only.pcap_Flow.csv,84,249,0,249,116,133,249
D:\SEM - IV\23ELC212 - Machine Learning\end sem project\datasets\20200427_UOWM_IEC104_Dataset_c_se_na_1.7z::20200427_UOWM_IEC104_Dataset_c_se_na_1/20200427_UOWM_IEC104_Dataset_c_se_na_1_iecserver2/20200427_UOWM_IEC104_Dataset_c_se_na_1_iecserver2.pcap_Flow.csv,84,26832,0,26832,26587,245,3000
D:\SEM - IV\23ELC212 - Machine Learning\end sem project\datasets\20200427_UOWM_IEC104_Dataset_c_se_na_1.7z::20200427_UOWM_IEC104_Dataset_c_se_na_1/20200427_UOWM_IEC104_Dataset_c_se_na_1_iecserver2/20200427_UOWM_IEC104_Dataset_c_se_na_1_iecserver2_iec104_only.pcap_Flow.csv,84,243,0,243,116,127,243
D:\SEM - IV\23ELC212 - Machine Learning\end sem project\datasets\20200427_UOWM_IEC104_Dataset_c_se_na_1.7z::20200427_UOWM_IEC104_Dataset_c_se_na_1/20200427_UOWM_IEC104_Dataset_c_se_na_1_iecserver3/20200427_UOWM_IEC104_Dataset_c_se_na_1_iecserver3.pcap_Flow.csv,84,27186,0,27186,26943,243,3000
D:\SEM - IV\23ELC212 - Machine Learning\end sem project\datasets\20200427_UOWM_IEC104_Dataset_c_se_na_1.7z::20200427_UOWM_IEC104_Dataset_c_se_na_1/20200427_UOWM_IEC104_Dataset_c_se_na_1_iecserver3/20200427_UOWM_IEC104_Dataset_c_se_na_1_iecserver3_iec104_only.pcap_Flow.csv,84,242,0,242,117,125,242
D:\SEM - IV\23ELC212 - Machine Learning\end sem project\datasets\20200427_UOWM_IEC104_Dataset_c_se_na_1.7z::20200427_UOWM_IEC104_Dataset_c_se_na_1/20200427_UOWM_IEC104_Dataset_c_se_na_1_iecserver4/20200427_UOWM_IEC104_Dataset_c_se_na_1_iecserver4.pcap_Flow.csv,84,27408,0,27408,27165,243,3000
D:\SEM - IV\23ELC212 - Machine Learning\end sem project\datasets\20200427_UOWM_IEC104_Dataset_c_se_na_1.7z::20200427_UOWM_IEC104_Dataset_c_se_na_1/20200427_UOWM_IEC104_Dataset_c_se_na_1_iecserver4/20200427_UOWM_IEC104_Dataset_c_se_na_1_iecserver4_iec104_only.pcap_Flow.csv,84,241,0,241,116,125,241
D:\SEM - IV\23ELC212 - Machine Learning\end sem project\datasets\20200427_UOWM_IEC104_Dataset_c_se_na_1.7z::20200427_UOWM_IEC104_Dataset_c_se_na_1/20200427_UOWM_IEC104_Dataset_c_se_na_1_iecserver5/20200427_UOWM_IEC104_Dataset_c_se_na_1_iecserver5.pcap_Flow.csv,84,27080,0,27080,26848,232,3000
D:\SEM - IV\23ELC212 - Machine Learning\end sem project\datasets\20200427_UOWM_IEC104_Dataset_c_se_na_1.7z::20200427_UOWM_IEC104_Dataset_c_se_na_1/20200427_UOWM_IEC104_Dataset_c_se_na_1_iecserver5/20200427_UOWM_IEC104_Dataset_c_se_na_1_iecserver5_iec104_only.pcap_Flow.csv,84,238,0,238,117,121,238
D:\SEM - IV\23ELC212 - Machine Learning\end sem project\datasets\20200427_UOWM_IEC104_Dataset_c_se_na_1.7z::20200427_UOWM_IEC104_Dataset_c_se_na_1/20200427_UOWM_IEC104_Dataset_c_se_na_1_iecserver6/20200427_UOWM_IEC104_Dataset_c_se_na_1_iecserver6.pcap_Flow.csv,84,26362,0,26362,26130,232,3000
D:\SEM - IV\23ELC212 - Machine Learning\end sem project\datasets\20200427_UOWM_IEC104_Dataset_c_se_na_1.7z::20200427_UOWM_IEC104_Dataset_c_se_na_1/20200427_UOWM_IEC104_Dataset_c_se_na_1_iecserver6/20200427_UOWM_IEC104_Dataset_c_se_na_1_iecserver6_iec104_only.pcap_Flow.csv,84,238,0,238,117,121,238
D:\SEM - IV\23ELC212 - Machine Learning\end sem project\datasets\20200427_UOWM_IEC104_Dataset_c_se_na_1.7z::20200427_UOWM_IEC104_Dataset_c_se_na_1/20200427_UOWM_IEC104_Dataset_c_se_na_1_iecserver7/20200427_UOWM_IEC104_Dataset_c_se_na_1_iecserver7.pcap_Flow.csv,84,27114,0,27114,26890,224,3000
D:\SEM - IV\23ELC212 - Machine Learning\end sem project\datasets\20200427_UOWM_IEC104_Dataset_c_se_na_1.7z::20200427_UOWM_IEC104_Dataset_c_se_na_1/20200427_UOWM_IEC104_Dataset_c_se_na_1_iecserver7/20200427_UOWM_IEC104_Dataset_c_se_na_1_iecserver7_iec104_only.pcap_Flow.csv,84,229,0,229,117,112,229
D:\SEM - IV\23ELC212 - Machine Learning\end sem project\datasets\20200427_UOWM_IEC104_Dataset_c_se_na_1.7z::20200427_UOWM_IEC104_Dataset_c_se_na_1/20200427_UOWM_IEC104_Dataset_c_se_na_1_qtester/20200427_UOWM_IEC104_Dataset_c_se_na_1_qtester.pcap_Flow.csv,84,26708,0,26708,26708,0,3000
D:\SEM - IV\23ELC212 - Machine Learning\end sem project\datasets\20200427_UOWM_IEC104_Dataset_c_se_na_1.7z::20200427_UOWM_IEC104_Dataset_c_se_na_1/20200427_UOWM_IEC104_Dataset_c_se_na_1_qtester/20200427_UOWM_IEC104_Dataset_c_se_na_1_qtester_iec104_only.pcap_Flow.csv,84,816,0,816,816,0,816
D:\SEM - IV\23ELC212 - Machine Learning\end sem project\datasets\20200428_UOWM_IEC104_Dataset_c_sc_na_1.7z::20200428_UOWM_IEC104_Dataset_c_sc_na_1/20200428_UOWM_IEC104_Dataset_c_sc_na_1_attacker1/20200428_UOWM_IEC104_Dataset_c_sc_na_1_attacker1.pcap_Flow.csv,84,20713,0,20713,2540,18173,3000
D:\SEM - IV\23ELC212 - Machine Learning\end sem project\datasets\20200428_UOWM_IEC104_Dataset_c_sc_na_1.7z::20200428_UOWM_IEC104_Dataset_c_sc_na_1/20200428_UOWM_IEC104_Dataset_c_sc_na_1_attacker1/20200428_UOWM_IEC104_Dataset_c_sc_na_1_attacker1_iec104_only.pcap_Flow.csv,84,208,0,208,0,208,208
D:\SEM - IV\23ELC212 - Machine Learning\end sem project\datasets\20200428_UOWM_IEC104_Dataset_c_sc_na_1.7z::20200428_UOWM_IEC104_Dataset_c_sc_na_1/20200428_UOWM_IEC104_Dataset_c_sc_na_1_attacker2/20200428_UOWM_IEC104_Dataset_c_sc_na_1_attacker2.pcap_Flow.csv,84,20735,0,20735,2540,18195,3000
D:\SEM - IV\23ELC212 - Machine Learning\end sem project\datasets\20200428_UOWM_IEC104_Dataset_c_sc_na_1.7z::20200428_UOWM_IEC104_Dataset_c_sc_na_1/20200428_UOWM_IEC104_Dataset_c_sc_na_1_attacker2/20200428_UOWM_IEC104_Dataset_c_sc_na_1_attacker2_iec104_only.pcap_Flow.csv,84,219,0,219,0,219,219
D:\SEM - IV\23ELC212 - Machine Learning\end sem project\datasets\20200428_UOWM_IEC104_Dataset_c_sc_na_1.7z::20200428_UOWM_IEC104_Dataset_c_sc_na_1/20200428_UOWM_IEC104_Dataset_c_sc_na_1_attacker3/20200428_UOWM_IEC104_Dataset_c_sc_na_1_attacker3.pcap_Flow.csv,84,20886,0,20886,2540,18346,3000
D:\SEM - IV\23ELC212 - Machine Learning\end sem project\datasets\20200428_UOWM_IEC104_Dataset_c_sc_na_1.7z::20200428_UOWM_IEC104_Dataset_c_sc_na_1/20200428_UOWM_IEC104_Dataset_c_sc_na_1_attacker3/20200428_UOWM_IEC104_Dataset_c_sc_na_1_attacker3_iec104_only.pcap_Flow.csv,84,314,0,314,0,314,314
D:\SEM - IV\23ELC212 - Machine Learning\end sem project\datasets\20200428_UOWM_IEC104_Dataset_c_sc_na_1.7z::20200428_UOWM_IEC104_Dataset_c_sc_na_1/20200428_UOWM_IEC104_Dataset_c_sc_na_1_iecserver1/20200428_UOWM_IEC104_Dataset_c_sc_na_1_iecserver1.pcap_Flow.csv,84,28300,0,28300,28113,187,3000
D:\SEM - IV\23ELC212 - Machine Learning\end sem project\datasets\20200428_UOWM_IEC104_Dataset_c_sc_na_1.7z::20200428_UOWM_IEC104_Dataset_c_sc_na_1/20200428_UOWM_IEC104_Dataset_c_sc_na_1_iecserver1/20200428_UOWM_IEC104_Dataset_c_sc_na_1_iecserver1_iec104_only.pcap_Flow.csv,84,228,0,228,120,108,228
D:\SEM - IV\23ELC212 - Machine Learning\end sem project\datasets\20200428_UOWM_IEC104_Dataset_c_sc_na_1.7z::20200428_UOWM_IEC104_Dataset_c_sc_na_1/20200428_UOWM_IEC104_Dataset_c_sc_na_1_iecserver2/20200428_UOWM_IEC104_Dataset_c_sc_na_1_iecserver2.pcap_Flow.csv,84,27845,0,27845,27665,180,3000
D:\SEM - IV\23ELC212 - Machine Learning\end sem project\datasets\20200428_UOWM_IEC104_Dataset_c_sc_na_1.7z::20200428_UOWM_IEC104_Dataset_c_sc_na_1/20200428_UOWM_IEC104_Dataset_c_sc_na_1_iecserver2/20200428_UOWM_IEC104_Dataset_c_sc_na_1_iecserver2_iec104_only.pcap_Flow.csv,84,220,0,220,120,100,220
D:\SEM - IV\23ELC212 - Machine Learning\end sem project\datasets\20200428_UOWM_IEC104_Dataset_c_sc_na_1.7z::20200428_UOWM_IEC104_Dataset_c_sc_na_1/20200428_UOWM_IEC104_Dataset_c_sc_na_1_iecserver3/20200428_UOWM_IEC104_Dataset_c_sc_na_1_iecserver3.pcap_Flow.csv,84,27866,0,27866,27681,185,3000
D:\SEM - IV\23ELC212 - Machine Learning\end sem project\datasets\20200428_UOWM_IEC104_Dataset_c_sc_na_1.7z::20200428_UOWM_IEC104_Dataset_c_sc_na_1/20200428_UOWM_IEC104_Dataset_c_sc_na_1_iecserver3/20200428_UOWM_IEC104_Dataset_c_sc_na_1_iecserver3_iec104_only.pcap_Flow.csv,84,222,0,222,119,103,222
D:\SEM - IV\23ELC212 - Machine Learning\end sem project\datasets\20200428_UOWM_IEC104_Dataset_c_sc_na_1.7z::20200428_UOWM_IEC104_Dataset_c_sc_na_1/20200428_UOWM_IEC104_Dataset_c_sc_na_1_iecserver4/20200428_UOWM_IEC104_Dataset_c_sc_na_1_iecserver4.pcap_Flow.csv,84,27642,0,27642,27443,199,3000
D:\SEM - IV\23ELC212 - Machine Learning\end sem project\datasets\20200428_UOWM_IEC104_Dataset_c_sc_na_1.7z::20200428_UOWM_IEC104_Dataset_c_sc_na_1/20200428_UOWM_IEC104_Dataset_c_sc_na_1_iecserver4/20200428_UOWM_IEC104_Dataset_c_sc_na_1_iecserver4_iec104_only.pcap_Flow.csv,84,236,0,236,120,116,236
D:\SEM - IV\23ELC212 - Machine Learning\end sem project\datasets\20200428_UOWM_IEC104_Dataset_c_sc_na_1.7z::20200428_UOWM_IEC104_Dataset_c_sc_na_1/20200428_UOWM_IEC104_Dataset_c_sc_na_1_iecserver5/20200428_UOWM_IEC104_Dataset_c_sc_na_1_iecserver5.pcap_Flow.csv,84,27879,0,27879,27683,196,3000
D:\SEM - IV\23ELC212 - Machine Learning\end sem project\datasets\20200428_UOWM_IEC104_Dataset_c_sc_na_1.7z::20200428_UOWM_IEC104_Dataset_c_sc_na_1/20200428_UOWM_IEC104_Dataset_c_sc_na_1_iecserver5/20200428_UOWM_IEC104_Dataset_c_sc_na_1_iecserver5_iec104_only.pcap_Flow.csv,84,244,0,244,120,124,244
D:\SEM - IV\23ELC212 - Machine Learning\end sem project\datasets\20200428_UOWM_IEC104_Dataset_c_sc_na_1.7z::20200428_UOWM_IEC104_Dataset_c_sc_na_1/20200428_UOWM_IEC104_Dataset_c_sc_na_1_iecserver6/20200428_UOWM_IEC104_Dataset_c_sc_na_1_iecserver6.pcap_Flow.csv,84,27959,0,27959,27791,168,3000
D:\SEM - IV\23ELC212 - Machine Learning\end sem project\datasets\20200428_UOWM_IEC104_Dataset_c_sc_na_1.7z::20200428_UOWM_IEC104_Dataset_c_sc_na_1/20200428_UOWM_IEC104_Dataset_c_sc_na_1_iecserver6/20200428_UOWM_IEC104_Dataset_c_sc_na_1_iecserver6_iec104_only.pcap_Flow.csv,84,215,0,215,120,95,215
D:\SEM - IV\23ELC212 - Machine Learning\end sem project\datasets\20200428_UOWM_IEC104_Dataset_c_sc_na_1.7z::20200428_UOWM_IEC104_Dataset_c_sc_na_1/20200428_UOWM_IEC104_Dataset_c_sc_na_1_iecserver7/20200428_UOWM_IEC104_Dataset_c_sc_na_1_iecserver7.pcap_Flow.csv,84,27778,0,27778,27610,168,3000
D:\SEM - IV\23ELC212 - Machine Learning\end sem project\datasets\20200428_UOWM_IEC104_Dataset_c_sc_na_1.7z::20200428_UOWM_IEC104_Dataset_c_sc_na_1/20200428_UOWM_IEC104_Dataset_c_sc_na_1_iecserver7/20200428_UOWM_IEC104_Dataset_c_sc_na_1_iecserver7_iec104_only.pcap_Flow.csv,84,215,0,215,120,95,215
D:\SEM - IV\23ELC212 - Machine Learning\end sem project\datasets\20200428_UOWM_IEC104_Dataset_c_sc_na_1.7z::20200428_UOWM_IEC104_Dataset_c_sc_na_1/20200428_UOWM_IEC104_Dataset_c_sc_na_1_qtester/20200428_UOWM_IEC104_Dataset_c_sc_na_1_qtester.pcap_Flow.csv,84,27769,0,27769,27769,0,3000
D:\SEM - IV\23ELC212 - Machine Learning\end sem project\datasets\20200428_UOWM_IEC104_Dataset_c_sc_na_1.7z::20200428_UOWM_IEC104_Dataset_c_sc_na_1/20200428_UOWM_IEC104_Dataset_c_sc_na_1_qtester/20200428_UOWM_IEC104_Dataset_c_sc_na_1_qtester_iec104_only.pcap_Flow.csv,84,839,0,839,839,0,839
D:\SEM - IV\23ELC212 - Machine Learning\end sem project\datasets\20200429_UOWM_IEC104_Dataset_c_sc_na_1_DoS.7z::20200429_UOWM_IEC104_Dataset_c_sc_na_1_DoS/20200429_UOWM_IEC104_Dataset_c_sc_na_1_DoS_attacker1/20200429_UOWM_IEC104_Dataset_c_sc_na_1_DoS_attacker1.pcap_Flow.csv,84,21499,0,21499,2604,18895,3000
D:\SEM - IV\23ELC212 - Machine Learning\end sem project\datasets\20200429_UOWM_IEC104_Dataset_c_sc_na_1_DoS.7z::20200429_UOWM_IEC104_Dataset_c_sc_na_1_DoS/20200429_UOWM_IEC104_Dataset_c_sc_na_1_DoS_attacker1/20200429_UOWM_IEC104_Dataset_c_sc_na_1_DoS_attacker1_iec104_only.pcap_Flow.csv,84,534,0,534,0,534,534
D:\SEM - IV\23ELC212 - Machine Learning\end sem project\datasets\20200429_UOWM_IEC104_Dataset_c_sc_na_1_DoS.7z::20200429_UOWM_IEC104_Dataset_c_sc_na_1_DoS/20200429_UOWM_IEC104_Dataset_c_sc_na_1_DoS_attacker2/20200429_UOWM_IEC104_Dataset_c_sc_na_1_DoS_attacker2.pcap_Flow.csv,84,21475,0,21475,2604,18871,3000
D:\SEM - IV\23ELC212 - Machine Learning\end sem project\datasets\20200429_UOWM_IEC104_Dataset_c_sc_na_1_DoS.7z::20200429_UOWM_IEC104_Dataset_c_sc_na_1_DoS/20200429_UOWM_IEC104_Dataset_c_sc_na_1_DoS_attacker2/20200429_UOWM_IEC104_Dataset_c_sc_na_1_DoS_attacker2_iec104_only.pcap_Flow.csv,84,526,0,526,0,526,526
D:\SEM - IV\23ELC212 - Machine Learning\end sem project\datasets\20200429_UOWM_IEC104_Dataset_c_sc_na_1_DoS.7z::20200429_UOWM_IEC104_Dataset_c_sc_na_1_DoS/20200429_UOWM_IEC104_Dataset_c_sc_na_1_DoS_attacker3/20200429_UOWM_IEC104_Dataset_c_sc_na_1_DoS_attacker3.pcap_Flow.csv,84,21980,0,21980,2604,19376,3000
D:\SEM - IV\23ELC212 - Machine Learning\end sem project\datasets\20200429_UOWM_IEC104_Dataset_c_sc_na_1_DoS.7z::20200429_UOWM_IEC104_Dataset_c_sc_na_1_DoS/20200429_UOWM_IEC104_Dataset_c_sc_na_1_DoS_attacker3/20200429_UOWM_IEC104_Dataset_c_sc_na_1_DoS_attacker3_iec104_only.pcap_Flow.csv,84,783,0,783,0,783,783
D:\SEM - IV\23ELC212 - Machine Learning\end sem project\datasets\20200429_UOWM_IEC104_Dataset_c_sc_na_1_DoS.7z::20200429_UOWM_IEC104_Dataset_c_sc_na_1_DoS/20200429_UOWM_IEC104_Dataset_c_sc_na_1_DoS_iecserver1/20200429_UOWM_IEC104_Dataset_c_sc_na_1_DoS_iecserver1.pcap_Flow.csv,84,28399,0,28399,27865,534,3000
D:\SEM - IV\23ELC212 - Machine Learning\end sem project\datasets\20200429_UOWM_IEC104_Dataset_c_sc_na_1_DoS.7z::20200429_UOWM_IEC104_Dataset_c_sc_na_1_DoS/20200429_UOWM_IEC104_Dataset_c_sc_na_1_DoS_iecserver1/20200429_UOWM_IEC104_Dataset_c_sc_na_1_DoS_iecserver1_iec104_only.pcap_Flow.csv,84,387,0,387,120,267,387
D:\SEM - IV\23ELC212 - Machine Learning\end sem project\datasets\20200429_UOWM_IEC104_Dataset_c_sc_na_1_DoS.7z::20200429_UOWM_IEC104_Dataset_c_sc_na_1_DoS/20200429_UOWM_IEC104_Dataset_c_sc_na_1_DoS_iecserver2/20200429_UOWM_IEC104_Dataset_c_sc_na_1_DoS_iecserver2.pcap_Flow.csv,84,27825,0,27825,27291,534,3000
D:\SEM - IV\23ELC212 - Machine Learning\end sem project\datasets\20200429_UOWM_IEC104_Dataset_c_sc_na_1_DoS.7z::20200429_UOWM_IEC104_Dataset_c_sc_na_1_DoS/20200429_UOWM_IEC104_Dataset_c_sc_na_1_DoS_iecserver2/20200429_UOWM_IEC104_Dataset_c_sc_na_1_DoS_iecserver2_iec104_only.pcap_Flow.csv,84,387,0,387,120,267,387
D:\SEM - IV\23ELC212 - Machine Learning\end sem project\datasets\20200429_UOWM_IEC104_Dataset_c_sc_na_1_DoS.7z::20200429_UOWM_IEC104_Dataset_c_sc_na_1_DoS/20200429_UOWM_IEC104_Dataset_c_sc_na_1_DoS_iecserver3/20200429_UOWM_IEC104_Dataset_c_sc_na_1_DoS_iecserver3.pcap_Flow.csv,84,27548,0,27548,27022,526,3000
D:\SEM - IV\23ELC212 - Machine Learning\end sem project\datasets\20200429_UOWM_IEC104_Dataset_c_sc_na_1_DoS.7z::20200429_UOWM_IEC104_Dataset_c_sc_na_1_DoS/20200429_UOWM_IEC104_Dataset_c_sc_na_1_DoS_iecserver3/20200429_UOWM_IEC104_Dataset_c_sc_na_1_DoS_iecserver3_iec104_only.pcap_Flow.csv,84,351,0,351,88,263,351
D:\SEM - IV\23ELC212 - Machine Learning\end sem project\datasets\20200429_UOWM_IEC104_Dataset_c_sc_na_1_DoS.7z::20200429_UOWM_IEC104_Dataset_c_sc_na_1_DoS/20200429_UOWM_IEC104_Dataset_c_sc_na_1_DoS_iecserver4/20200429_UOWM_IEC104_Dataset_c_sc_na_1_DoS_iecserver4.pcap_Flow.csv,84,28238,0,28238,27712,526,3000
D:\SEM - IV\23ELC212 - Machine Learning\end sem project\datasets\20200429_UOWM_IEC104_Dataset_c_sc_na_1_DoS.7z::20200429_UOWM_IEC104_Dataset_c_sc_na_1_DoS/20200429_UOWM_IEC104_Dataset_c_sc_na_1_DoS_iecserver4/20200429_UOWM_IEC104_Dataset_c_sc_na_1_DoS_iecserver4_iec104_only.pcap_Flow.csv,84,382,0,382,119,263,382
D:\SEM - IV\23ELC212 - Machine Learning\end sem project\datasets\20200429_UOWM_IEC104_Dataset_c_sc_na_1_DoS.7z::20200429_UOWM_IEC104_Dataset_c_sc_na_1_DoS/20200429_UOWM_IEC104_Dataset_c_sc_na_1_DoS_iecserver5/20200429_UOWM_IEC104_Dataset_c_sc_na_1_DoS_iecserver5.pcap_Flow.csv,84,28271,0,28271,27757,514,3000
D:\SEM - IV\23ELC212 - Machine Learning\end sem project\datasets\20200429_UOWM_IEC104_Dataset_c_sc_na_1_DoS.7z::20200429_UOWM_IEC104_Dataset_c_sc_na_1_DoS/20200429_UOWM_IEC104_Dataset_c_sc_na_1_DoS_iecserver5/20200429_UOWM_IEC104_Dataset_c_sc_na_1_DoS_iecserver5_iec104_only.pcap_Flow.csv,84,378,0,378,121,257,378
D:\SEM - IV\23ELC212 - Machine Learning\end sem project\datasets\20200429_UOWM_IEC104_Dataset_c_sc_na_1_DoS.7z::20200429_UOWM_IEC104_Dataset_c_sc_na_1_DoS/20200429_UOWM_IEC104_Dataset_c_sc_na_1_DoS_iecserver6/20200429_UOWM_IEC104_Dataset_c_sc_na_1_DoS_iecserver6.pcap_Flow.csv,84,28347,0,28347,27821,526,3000
D:\SEM - IV\23ELC212 - Machine Learning\end sem project\datasets\20200429_UOWM_IEC104_Dataset_c_sc_na_1_DoS.7z::20200429_UOWM_IEC104_Dataset_c_sc_na_1_DoS/20200429_UOWM_IEC104_Dataset_c_sc_na_1_DoS_iecserver6/20200429_UOWM_IEC104_Dataset_c_sc_na_1_DoS_iecserver6_iec104_only.pcap_Flow.csv,84,389,0,389,120,269,389
D:\SEM - IV\23ELC212 - Machine Learning\end sem project\datasets\20200429_UOWM_IEC104_Dataset_c_sc_na_1_DoS.7z::20200429_UOWM_IEC104_Dataset_c_sc_na_1_DoS/20200429_UOWM_IEC104_Dataset_c_sc_na_1_DoS_iecserver7/20200429_UOWM_IEC104_Dataset_c_sc_na_1_DoS_iecserver7.pcap_Flow.csv,84,27855,0,27855,27341,514,3000
D:\SEM - IV\23ELC212 - Machine Learning\end sem project\datasets\20200429_UOWM_IEC104_Dataset_c_sc_na_1_DoS.7z::20200429_UOWM_IEC104_Dataset_c_sc_na_1_DoS/20200429_UOWM_IEC104_Dataset_c_sc_na_1_DoS_iecserver7/20200429_UOWM_IEC104_Dataset_c_sc_na_1_DoS_iecserver7_iec104_only.pcap_Flow.csv,84,376,0,376,119,257,376
D:\SEM - IV\23ELC212 - Machine Learning\end sem project\datasets\20200429_UOWM_IEC104_Dataset_c_sc_na_1_DoS.7z::20200429_UOWM_IEC104_Dataset_c_sc_na_1_DoS/20200429_UOWM_IEC104_Dataset_c_sc_na_1_DoS_qtester/20200429_UOWM_IEC104_Dataset_c_sc_na_1_DoS_qtester.pcap_Flow.csv,84,28167,0,28167,28167,0,3000
D:\SEM - IV\23ELC212 - Machine Learning\end sem project\datasets\20200429_UOWM_IEC104_Dataset_c_sc_na_1_DoS.7z::20200429_UOWM_IEC104_Dataset_c_sc_na_1_DoS/20200429_UOWM_IEC104_Dataset_c_sc_na_1_DoS_qtester/20200429_UOWM_IEC104_Dataset_c_sc_na_1_DoS_qtester_iec104_only.pcap_Flow.csv,84,839,0,839,839,0,839
D:\SEM - IV\23ELC212 - Machine Learning\end sem project\datasets\20200605_UOWM_IEC104_Dataset_c_rd_na_1.7z::20200605_UOWM_IEC104_Dataset_c_rd_na_1/20200605_UOWM_IEC104_Dataset_c_rd_na_1_attacker1/20200605_UOWM_IEC104_Dataset_c_rd_na_1_attacker1.pcap_Flow.csv,84,26234,0,26234,3188,23046,3000
D:\SEM - IV\23ELC212 - Machine Learning\end sem project\datasets\20200605_UOWM_IEC104_Dataset_c_rd_na_1.7z::20200605_UOWM_IEC104_Dataset_c_rd_na_1/20200605_UOWM_IEC104_Dataset_c_rd_na_1_attacker1/20200605_UOWM_IEC104_Dataset_c_rd_na_1_attacker1_iec104_only.pcap_Flow.csv,84,399,0,399,0,399,399
D:\SEM - IV\23ELC212 - Machine Learning\end sem project\datasets\20200605_UOWM_IEC104_Dataset_c_rd_na_1.7z::20200605_UOWM_IEC104_Dataset_c_rd_na_1/20200605_UOWM_IEC104_Dataset_c_rd_na_1_attacker2/20200605_UOWM_IEC104_Dataset_c_rd_na_1_attacker2.pcap_Flow.csv,84,26246,0,26246,3188,23058,3000
D:\SEM - IV\23ELC212 - Machine Learning\end sem project\datasets\20200605_UOWM_IEC104_Dataset_c_rd_na_1.7z::20200605_UOWM_IEC104_Dataset_c_rd_na_1/20200605_UOWM_IEC104_Dataset_c_rd_na_1_attacker2/20200605_UOWM_IEC104_Dataset_c_rd_na_1_attacker2_iec104_only.pcap_Flow.csv,84,410,0,410,0,410,410
D:\SEM - IV\23ELC212 - Machine Learning\end sem project\datasets\20200605_UOWM_IEC104_Dataset_c_rd_na_1.7z::20200605_UOWM_IEC104_Dataset_c_rd_na_1/20200605_UOWM_IEC104_Dataset_c_rd_na_1_attacker3/20200605_UOWM_IEC104_Dataset_c_rd_na_1_attacker3.pcap_Flow.csv,84,26536,0,26536,3188,23348,3000
D:\SEM - IV\23ELC212 - Machine Learning\end sem project\datasets\20200605_UOWM_IEC104_Dataset_c_rd_na_1.7z::20200605_UOWM_IEC104_Dataset_c_rd_na_1/20200605_UOWM_IEC104_Dataset_c_rd_na_1_attacker3/20200605_UOWM_IEC104_Dataset_c_rd_na_1_attacker3_iec104_only.pcap_Flow.csv,84,551,0,551,0,551,551
D:\SEM - IV\23ELC212 - Machine Learning\end sem project\datasets\20200605_UOWM_IEC104_Dataset_c_rd_na_1.7z::20200605_UOWM_IEC104_Dataset_c_rd_na_1/20200605_UOWM_IEC104_Dataset_c_rd_na_1_iecserver1/20200605_UOWM_IEC104_Dataset_c_rd_na_1_iecserver1.pcap_Flow.csv,84,34842,0,34842,34445,397,3000
D:\SEM - IV\23ELC212 - Machine Learning\end sem project\datasets\20200605_UOWM_IEC104_Dataset_c_rd_na_1.7z::20200605_UOWM_IEC104_Dataset_c_rd_na_1/20200605_UOWM_IEC104_Dataset_c_rd_na_1_iecserver1/20200605_UOWM_IEC104_Dataset_c_rd_na_1_iecserver1_iec104_only.pcap_Flow.csv,84,346,0,346,147,199,346
D:\SEM - IV\23ELC212 - Machine Learning\end sem project\datasets\20200605_UOWM_IEC104_Dataset_c_rd_na_1.7z::20200605_UOWM_IEC104_Dataset_c_rd_na_1/20200605_UOWM_IEC104_Dataset_c_rd_na_1_iecserver2/20200605_UOWM_IEC104_Dataset_c_rd_na_1_iecserver2.pcap_Flow.csv,84,34507,0,34507,34109,398,3000
D:\SEM - IV\23ELC212 - Machine Learning\end sem project\datasets\20200605_UOWM_IEC104_Dataset_c_rd_na_1.7z::20200605_UOWM_IEC104_Dataset_c_rd_na_1/20200605_UOWM_IEC104_Dataset_c_rd_na_1_iecserver2/20200605_UOWM_IEC104_Dataset_c_rd_na_1_iecserver2_iec104_only.pcap_Flow.csv,84,347,0,347,147,200,347
D:\SEM - IV\23ELC212 - Machine Learning\end sem project\datasets\20200605_UOWM_IEC104_Dataset_c_rd_na_1.7z::20200605_UOWM_IEC104_Dataset_c_rd_na_1/20200605_UOWM_IEC104_Dataset_c_rd_na_1_iecserver3/20200605_UOWM_IEC104_Dataset_c_rd_na_1_iecserver3.pcap_Flow.csv,84,35395,0,35395,34991,404,3000
D:\SEM - IV\23ELC212 - Machine Learning\end sem project\datasets\20200605_UOWM_IEC104_Dataset_c_rd_na_1.7z::20200605_UOWM_IEC104_Dataset_c_rd_na_1/20200605_UOWM_IEC104_Dataset_c_rd_na_1_iecserver3/20200605_UOWM_IEC104_Dataset_c_rd_na_1_iecserver3_iec104_only.pcap_Flow.csv,84,353,0,353,148,205,353
D:\SEM - IV\23ELC212 - Machine Learning\end sem project\datasets\20200605_UOWM_IEC104_Dataset_c_rd_na_1.7z::20200605_UOWM_IEC104_Dataset_c_rd_na_1/20200605_UOWM_IEC104_Dataset_c_rd_na_1_iecserver4/20200605_UOWM_IEC104_Dataset_c_rd_na_1_iecserver4.pcap_Flow.csv,84,35241,0,35241,34838,403,3000
D:\SEM - IV\23ELC212 - Machine Learning\end sem project\datasets\20200605_UOWM_IEC104_Dataset_c_rd_na_1.7z::20200605_UOWM_IEC104_Dataset_c_rd_na_1/20200605_UOWM_IEC104_Dataset_c_rd_na_1_iecserver4/20200605_UOWM_IEC104_Dataset_c_rd_na_1_iecserver4_iec104_only.pcap_Flow.csv,84,352,0,352,147,205,352
D:\SEM - IV\23ELC212 - Machine Learning\end sem project\datasets\20200605_UOWM_IEC104_Dataset_c_rd_na_1.7z::20200605_UOWM_IEC104_Dataset_c_rd_na_1/20200605_UOWM_IEC104_Dataset_c_rd_na_1_iecserver5/20200605_UOWM_IEC104_Dataset_c_rd_na_1_iecserver5.pcap_Flow.csv,84,34664,0,34664,34298,366,3000
D:\SEM - IV\23ELC212 - Machine Learning\end sem project\datasets\20200605_UOWM_IEC104_Dataset_c_rd_na_1.7z::20200605_UOWM_IEC104_Dataset_c_rd_na_1/20200605_UOWM_IEC104_Dataset_c_rd_na_1_iecserver5/20200605_UOWM_IEC104_Dataset_c_rd_na_1_iecserver5_iec104_only.pcap_Flow.csv,84,324,0,324,141,183,324
D:\SEM - IV\23ELC212 - Machine Learning\end sem project\datasets\20200605_UOWM_IEC104_Dataset_c_rd_na_1.7z::20200605_UOWM_IEC104_Dataset_c_rd_na_1/20200605_UOWM_IEC104_Dataset_c_rd_na_1_iecserver6/20200605_UOWM_IEC104_Dataset_c_rd_na_1_iecserver6.pcap_Flow.csv,84,34697,0,34697,34330,367,3000
D:\SEM - IV\23ELC212 - Machine Learning\end sem project\datasets\20200605_UOWM_IEC104_Dataset_c_rd_na_1.7z::20200605_UOWM_IEC104_Dataset_c_rd_na_1/20200605_UOWM_IEC104_Dataset_c_rd_na_1_iecserver6/20200605_UOWM_IEC104_Dataset_c_rd_na_1_iecserver6_iec104_only.pcap_Flow.csv,84,332,0,332,147,185,332
D:\SEM - IV\23ELC212 - Machine Learning\end sem project\datasets\20200605_UOWM_IEC104_Dataset_c_rd_na_1.7z::20200605_UOWM_IEC104_Dataset_c_rd_na_1/20200605_UOWM_IEC104_Dataset_c_rd_na_1_iecserver7/20200605_UOWM_IEC104_Dataset_c_rd_na_1_iecserver7.pcap_Flow.csv,84,34375,0,34375,34009,366,3000
D:\SEM - IV\23ELC212 - Machine Learning\end sem project\datasets\20200605_UOWM_IEC104_Dataset_c_rd_na_1.7z::20200605_UOWM_IEC104_Dataset_c_rd_na_1/20200605_UOWM_IEC104_Dataset_c_rd_na_1_iecserver7/20200605_UOWM_IEC104_Dataset_c_rd_na_1_iecserver7_iec104_only.pcap_Flow.csv,84,330,0,330,147,183,330
D:\SEM - IV\23ELC212 - Machine Learning\end sem project\datasets\20200605_UOWM_IEC104_Dataset_c_rd_na_1.7z::20200605_UOWM_IEC104_Dataset_c_rd_na_1/20200605_UOWM_IEC104_Dataset_c_rd_na_1_qtester/20200605_UOWM_IEC104_Dataset_c_rd_na_1_qtester.pcap_Flow.csv,84,34966,0,34966,34966,0,3000
D:\SEM - IV\23ELC212 - Machine Learning\end sem project\datasets\20200605_UOWM_IEC104_Dataset_c_rd_na_1.7z::20200605_UOWM_IEC104_Dataset_c_rd_na_1/20200605_UOWM_IEC104_Dataset_c_rd_na_1_qtester/20200605_UOWM_IEC104_Dataset_c_rd_na_1_qtester_iec104_only.pcap_Flow.csv,84,1030,0,1030,1030,0,1030
D:\SEM - IV\23ELC212 - Machine Learning\end sem project\datasets\20200605_UOWM_IEC104_Dataset_c_rd_na_1_DoS.7z::20200605_UOWM_IEC104_Dataset_c_rd_na_1_DoS/20200605_UOWM_IEC104_Dataset_c_rd_na_1_DoS_attacker1/20200605_UOWM_IEC104_Dataset_c_rd_na_1_DoS_attacker1.pcap_Flow.csv,84,27080,0,27080,3219,23861,3000
D:\SEM - IV\23ELC212 - Machine Learning\end sem project\datasets\20200605_UOWM_IEC104_Dataset_c_rd_na_1_DoS.7z::20200605_UOWM_IEC104_Dataset_c_rd_na_1_DoS/20200605_UOWM_IEC104_Dataset_c_rd_na_1_DoS_attacker1/20200605_UOWM_IEC104_Dataset_c_rd_na_1_DoS_attacker1_iec104_only.pcap_Flow.csv,84,690,0,690,0,690,690
D:\SEM - IV\23ELC212 - Machine Learning\end sem project\datasets\20200605_UOWM_IEC104_Dataset_c_rd_na_1_DoS.7z::20200605_UOWM_IEC104_Dataset_c_rd_na_1_DoS/20200605_UOWM_IEC104_Dataset_c_rd_na_1_DoS_attacker2/20200605_UOWM_IEC104_Dataset_c_rd_na_1_DoS_attacker2.pcap_Flow.csv,84,27143,0,27143,3219,23924,3000
D:\SEM - IV\23ELC212 - Machine Learning\end sem project\datasets\20200605_UOWM_IEC104_Dataset_c_rd_na_1_DoS.7z::20200605_UOWM_IEC104_Dataset_c_rd_na_1_DoS/20200605_UOWM_IEC104_Dataset_c_rd_na_1_DoS_attacker2/20200605_UOWM_IEC104_Dataset_c_rd_na_1_DoS_attacker2_iec104_only.pcap_Flow.csv,84,724,0,724,0,724,724
D:\SEM - IV\23ELC212 - Machine Learning\end sem project\datasets\20200605_UOWM_IEC104_Dataset_c_rd_na_1_DoS.7z::20200605_UOWM_IEC104_Dataset_c_rd_na_1_DoS/20200605_UOWM_IEC104_Dataset_c_rd_na_1_DoS_attacker3/20200605_UOWM_IEC104_Dataset_c_rd_na_1_DoS_attacker3.pcap_Flow.csv,84,27796,0,27796,3219,24577,3000
D:\SEM - IV\23ELC212 - Machine Learning\end sem project\datasets\20200605_UOWM_IEC104_Dataset_c_rd_na_1_DoS.7z::20200605_UOWM_IEC104_Dataset_c_rd_na_1_DoS/20200605_UOWM_IEC104_Dataset_c_rd_na_1_DoS_attacker3/20200605_UOWM_IEC104_Dataset_c_rd_na_1_DoS_attacker3_iec104_only.pcap_Flow.csv,84,1056,0,1056,0,1056,1056
D:\SEM - IV\23ELC212 - Machine Learning\end sem project\datasets\20200605_UOWM_IEC104_Dataset_c_rd_na_1_DoS.7z::20200605_UOWM_IEC104_Dataset_c_rd_na_1_DoS/20200605_UOWM_IEC104_Dataset_c_rd_na_1_DoS_iecserver1/20200605_UOWM_IEC104_Dataset_c_rd_na_1_DoS_iecserver1.pcap_Flow.csv,84,35513,0,35513,34808,705,3000
D:\SEM - IV\23ELC212 - Machine Learning\end sem project\datasets\20200605_UOWM_IEC104_Dataset_c_rd_na_1_DoS.7z::20200605_UOWM_IEC104_Dataset_c_rd_na_1_DoS/20200605_UOWM_IEC104_Dataset_c_rd_na_1_DoS_iecserver1/20200605_UOWM_IEC104_Dataset_c_rd_na_1_DoS_iecserver1_iec104_only.pcap_Flow.csv,84,499,0,499,146,353,499
D:\SEM - IV\23ELC212 - Machine Learning\end sem project\datasets\20200605_UOWM_IEC104_Dataset_c_rd_na_1_DoS.7z::20200605_UOWM_IEC104_Dataset_c_rd_na_1_DoS/20200605_UOWM_IEC104_Dataset_c_rd_na_1_DoS_iecserver2/20200605_UOWM_IEC104_Dataset_c_rd_na_1_DoS_iecserver2.pcap_Flow.csv,84,35499,0,35499,34793,706,3000
D:\SEM - IV\23ELC212 - Machine Learning\end sem project\datasets\20200605_UOWM_IEC104_Dataset_c_rd_na_1_DoS.7z::20200605_UOWM_IEC104_Dataset_c_rd_na_1_DoS/20200605_UOWM_IEC104_Dataset_c_rd_na_1_DoS_iecserver2/20200605_UOWM_IEC104_Dataset_c_rd_na_1_DoS_iecserver2_iec104_only.pcap_Flow.csv,84,347,0,347,1,346,347
D:\SEM - IV\23ELC212 - Machine Learning\end sem project\datasets\20200605_UOWM_IEC104_Dataset_c_rd_na_1_DoS.7z::20200605_UOWM_IEC104_Dataset_c_rd_na_1_DoS/20200605_UOWM_IEC104_Dataset_c_rd_na_1_DoS_iecserver3/20200605_UOWM_IEC104_Dataset_c_rd_na_1_DoS_iecserver3.pcap_Flow.csv,84,36127,0,36127,35403,724,3000
D:\SEM - IV\23ELC212 - Machine Learning\end sem project\datasets\20200605_UOWM_IEC104_Dataset_c_rd_na_1_DoS.7z::20200605_UOWM_IEC104_Dataset_c_rd_na_1_DoS/20200605_UOWM_IEC104_Dataset_c_rd_na_1_DoS_iecserver3/20200605_UOWM_IEC104_Dataset_c_rd_na_1_DoS_iecserver3_iec104_only.pcap_Flow.csv,84,462,0,462,100,362,462
D:\SEM - IV\23ELC212 - Machine Learning\end sem project\datasets\20200605_UOWM_IEC104_Dataset_c_rd_na_1_DoS.7z::20200605_UOWM_IEC104_Dataset_c_rd_na_1_DoS/20200605_UOWM_IEC104_Dataset_c_rd_na_1_DoS_iecserver4/20200605_UOWM_IEC104_Dataset_c_rd_na_1_DoS_iecserver4.pcap_Flow.csv,84,35825,0,35825,35101,724,3000
D:\SEM - IV\23ELC212 - Machine Learning\end sem project\datasets\20200605_UOWM_IEC104_Dataset_c_rd_na_1_DoS.7z::20200605_UOWM_IEC104_Dataset_c_rd_na_1_DoS/20200605_UOWM_IEC104_Dataset_c_rd_na_1_DoS_iecserver4/20200605_UOWM_IEC104_Dataset_c_rd_na_1_DoS_iecserver4_iec104_only.pcap_Flow.csv,84,430,0,430,71,359,430
D:\SEM - IV\23ELC212 - Machine Learning\end sem project\datasets\20200605_UOWM_IEC104_Dataset_c_rd_na_1_DoS.7z::20200605_UOWM_IEC104_Dataset_c_rd_na_1_DoS/20200605_UOWM_IEC104_Dataset_c_rd_na_1_DoS_iecserver5/20200605_UOWM_IEC104_Dataset_c_rd_na_1_DoS_iecserver5.pcap_Flow.csv,84,35370,0,35370,34666,704,3000
D:\SEM - IV\23ELC212 - Machine Learning\end sem project\datasets\20200605_UOWM_IEC104_Dataset_c_rd_na_1_DoS.7z::20200605_UOWM_IEC104_Dataset_c_rd_na_1_DoS/20200605_UOWM_IEC104_Dataset_c_rd_na_1_DoS_iecserver5/20200605_UOWM_IEC104_Dataset_c_rd_na_1_DoS_iecserver5_iec104_only.pcap_Flow.csv,84,346,0,346,1,345,346
D:\SEM - IV\23ELC212 - Machine Learning\end sem project\datasets\20200605_UOWM_IEC104_Dataset_c_rd_na_1_DoS.7z::20200605_UOWM_IEC104_Dataset_c_rd_na_1_DoS/20200605_UOWM_IEC104_Dataset_c_rd_na_1_DoS_iecserver6/20200605_UOWM_IEC104_Dataset_c_rd_na_1_DoS_iecserver6.pcap_Flow.csv,84,35434,0,35434,34730,704,3000
D:\SEM - IV\23ELC212 - Machine Learning\end sem project\datasets\20200605_UOWM_IEC104_Dataset_c_rd_na_1_DoS.7z::20200605_UOWM_IEC104_Dataset_c_rd_na_1_DoS/20200605_UOWM_IEC104_Dataset_c_rd_na_1_DoS_iecserver6/20200605_UOWM_IEC104_Dataset_c_rd_na_1_DoS_iecserver6_iec104_only.pcap_Flow.csv,84,499,0,499,147,352,499
D:\SEM - IV\23ELC212 - Machine Learning\end sem project\datasets\20200605_UOWM_IEC104_Dataset_c_rd_na_1_DoS.7z::20200605_UOWM_IEC104_Dataset_c_rd_na_1_DoS/20200605_UOWM_IEC104_Dataset_c_rd_na_1_DoS_iecserver7/20200605_UOWM_IEC104_Dataset_c_rd_na_1_DoS_iecserver7.pcap_Flow.csv,84,35674,0,35674,34971,703,3000
D:\SEM - IV\23ELC212 - Machine Learning\end sem project\datasets\20200605_UOWM_IEC104_Dataset_c_rd_na_1_DoS.7z::20200605_UOWM_IEC104_Dataset_c_rd_na_1_DoS/20200605_UOWM_IEC104_Dataset_c_rd_na_1_DoS_iecserver7/20200605_UOWM_IEC104_Dataset_c_rd_na_1_DoS_iecserver7_iec104_only.pcap_Flow.csv,84,425,0,425,74,351,425
D:\SEM - IV\23ELC212 - Machine Learning\end sem project\datasets\20200605_UOWM_IEC104_Dataset_c_rd_na_1_DoS.7z::20200605_UOWM_IEC104_Dataset_c_rd_na_1_DoS/20200605_UOWM_IEC104_Dataset_c_rd_na_1_DoS_qtester/20200605_UOWM_IEC104_Dataset_c_rd_na_1_DoS_qtester.pcap_Flow.csv,84,35234,0,35234,35234,0,3000
D:\SEM - IV\23ELC212 - Machine Learning\end sem project\datasets\20200605_UOWM_IEC104_Dataset_c_rd_na_1_DoS.7z::20200605_UOWM_IEC104_Dataset_c_rd_na_1_DoS/20200605_UOWM_IEC104_Dataset_c_rd_na_1_DoS_qtester/20200605_UOWM_IEC104_Dataset_c_rd_na_1_DoS_qtester_iec104_only.pcap_Flow.csv,84,1023,0,1023,1023,0,1023
D:\SEM - IV\23ELC212 - Machine Learning\end sem project\datasets\20200606_UOWM_IEC104_Dataset_c_rp_na_1.7z::20200606_UOWM_IEC104_Dataset_c_rp_na_1/20200606_UOWM_IEC104_Dataset_c_rp_na_1_attacker1/20200606_UOWM_IEC104_Dataset_c_rp_na_1_attacker1.pcap_Flow.csv,84,25122,0,25122,3025,22097,3000
D:\SEM - IV\23ELC212 - Machine Learning\end sem project\datasets\20200606_UOWM_IEC104_Dataset_c_rp_na_1.7z::20200606_UOWM_IEC104_Dataset_c_rp_na_1/20200606_UOWM_IEC104_Dataset_c_rp_na_1_attacker1/20200606_UOWM_IEC104_Dataset_c_rp_na_1_attacker1_iec104_only.pcap_Flow.csv,84,414,0,414,0,414,414
D:\SEM - IV\23ELC212 - Machine Learning\end sem project\datasets\20200606_UOWM_IEC104_Dataset_c_rp_na_1.7z::20200606_UOWM_IEC104_Dataset_c_rp_na_1/20200606_UOWM_IEC104_Dataset_c_rp_na_1_attacker2/20200606_UOWM_IEC104_Dataset_c_rp_na_1_attacker2.pcap_Flow.csv,84,25148,0,25148,3025,22123,3000
D:\SEM - IV\23ELC212 - Machine Learning\end sem project\datasets\20200606_UOWM_IEC104_Dataset_c_rp_na_1.7z::20200606_UOWM_IEC104_Dataset_c_rp_na_1/20200606_UOWM_IEC104_Dataset_c_rp_na_1_attacker2/20200606_UOWM_IEC104_Dataset_c_rp_na_1_attacker2_iec104_only.pcap_Flow.csv,84,423,0,423,0,423,423
D:\SEM - IV\23ELC212 - Machine Learning\end sem project\datasets\20200606_UOWM_IEC104_Dataset_c_rp_na_1.7z::20200606_UOWM_IEC104_Dataset_c_rp_na_1/20200606_UOWM_IEC104_Dataset_c_rp_na_1_attacker3/20200606_UOWM_IEC104_Dataset_c_rp_na_1_attacker3.pcap_Flow.csv,84,25540,0,25540,3025,22515,3000
D:\SEM - IV\23ELC212 - Machine Learning\end sem project\datasets\20200606_UOWM_IEC104_Dataset_c_rp_na_1.7z::20200606_UOWM_IEC104_Dataset_c_rp_na_1/20200606_UOWM_IEC104_Dataset_c_rp_na_1_attacker3/20200606_UOWM_IEC104_Dataset_c_rp_na_1_attacker3_iec104_only.pcap_Flow.csv,84,593,0,593,0,593,593
D:\SEM - IV\23ELC212 - Machine Learning\end sem project\datasets\20200606_UOWM_IEC104_Dataset_c_rp_na_1.7z::20200606_UOWM_IEC104_Dataset_c_rp_na_1/20200606_UOWM_IEC104_Dataset_c_rp_na_1_iecserver1/20200606_UOWM_IEC104_Dataset_c_rp_na_1_iecserver1.pcap_Flow.csv,84,33496,0,33496,33074,422,3000
D:\SEM - IV\23ELC212 - Machine Learning\end sem project\datasets\20200606_UOWM_IEC104_Dataset_c_rp_na_1.7z::20200606_UOWM_IEC104_Dataset_c_rp_na_1/20200606_UOWM_IEC104_Dataset_c_rp_na_1_iecserver1/20200606_UOWM_IEC104_Dataset_c_rp_na_1_iecserver1_iec104_only.pcap_Flow.csv,84,360,0,360,149,211,360
D:\SEM - IV\23ELC212 - Machine Learning\end sem project\datasets\20200606_UOWM_IEC104_Dataset_c_rp_na_1.7z::20200606_UOWM_IEC104_Dataset_c_rp_na_1/20200606_UOWM_IEC104_Dataset_c_rp_na_1_iecserver2/20200606_UOWM_IEC104_Dataset_c_rp_na_1_iecserver2.pcap_Flow.csv,84,33534,0,33534,33112,422,3000
D:\SEM - IV\23ELC212 - Machine Learning\end sem project\datasets\20200606_UOWM_IEC104_Dataset_c_rp_na_1.7z::20200606_UOWM_IEC104_Dataset_c_rp_na_1/20200606_UOWM_IEC104_Dataset_c_rp_na_1_iecserver2/20200606_UOWM_IEC104_Dataset_c_rp_na_1_iecserver2_iec104_only.pcap_Flow.csv,84,360,0,360,149,211,360
D:\SEM - IV\23ELC212 - Machine Learning\end sem project\datasets\20200606_UOWM_IEC104_Dataset_c_rp_na_1.7z::20200606_UOWM_IEC104_Dataset_c_rp_na_1/20200606_UOWM_IEC104_Dataset_c_rp_na_1_iecserver3/20200606_UOWM_IEC104_Dataset_c_rp_na_1_iecserver3.pcap_Flow.csv,84,33072,0,33072,32644,428,3000
D:\SEM - IV\23ELC212 - Machine Learning\end sem project\datasets\20200606_UOWM_IEC104_Dataset_c_rp_na_1.7z::20200606_UOWM_IEC104_Dataset_c_rp_na_1/20200606_UOWM_IEC104_Dataset_c_rp_na_1_iecserver3/20200606_UOWM_IEC104_Dataset_c_rp_na_1_iecserver3_iec104_only.pcap_Flow.csv,84,363,0,363,149,214,363
D:\SEM - IV\23ELC212 - Machine Learning\end sem project\datasets\20200606_UOWM_IEC104_Dataset_c_rp_na_1.7z::20200606_UOWM_IEC104_Dataset_c_rp_na_1/20200606_UOWM_IEC104_Dataset_c_rp_na_1_iecserver4/20200606_UOWM_IEC104_Dataset_c_rp_na_1_iecserver4.pcap_Flow.csv,84,33216,0,33216,32788,428,3000
D:\SEM - IV\23ELC212 - Machine Learning\end sem project\datasets\20200606_UOWM_IEC104_Dataset_c_rp_na_1.7z::20200606_UOWM_IEC104_Dataset_c_rp_na_1/20200606_UOWM_IEC104_Dataset_c_rp_na_1_iecserver4/20200606_UOWM_IEC104_Dataset_c_rp_na_1_iecserver4_iec104_only.pcap_Flow.csv,84,363,0,363,149,214,363
D:\SEM - IV\23ELC212 - Machine Learning\end sem project\datasets\20200606_UOWM_IEC104_Dataset_c_rp_na_1.7z::20200606_UOWM_IEC104_Dataset_c_rp_na_1/20200606_UOWM_IEC104_Dataset_c_rp_na_1_iecserver5/20200606_UOWM_IEC104_Dataset_c_rp_na_1_iecserver5.pcap_Flow.csv,84,33937,0,33937,33537,400,3000
D:\SEM - IV\23ELC212 - Machine Learning\end sem project\datasets\20200606_UOWM_IEC104_Dataset_c_rp_na_1.7z::20200606_UOWM_IEC104_Dataset_c_rp_na_1/20200606_UOWM_IEC104_Dataset_c_rp_na_1_iecserver5/20200606_UOWM_IEC104_Dataset_c_rp_na_1_iecserver5_iec104_only.pcap_Flow.csv,84,348,0,348,148,200,348
D:\SEM - IV\23ELC212 - Machine Learning\end sem project\datasets\20200606_UOWM_IEC104_Dataset_c_rp_na_1.7z::20200606_UOWM_IEC104_Dataset_c_rp_na_1/20200606_UOWM_IEC104_Dataset_c_rp_na_1_iecserver6/20200606_UOWM_IEC104_Dataset_c_rp_na_1_iecserver6.pcap_Flow.csv,84,33804,0,33804,33404,400,3000
D:\SEM - IV\23ELC212 - Machine Learning\end sem project\datasets\20200606_UOWM_IEC104_Dataset_c_rp_na_1.7z::20200606_UOWM_IEC104_Dataset_c_rp_na_1/20200606_UOWM_IEC104_Dataset_c_rp_na_1_iecserver6/20200606_UOWM_IEC104_Dataset_c_rp_na_1_iecserver6_iec104_only.pcap_Flow.csv,84,348,0,348,148,200,348
D:\SEM - IV\23ELC212 - Machine Learning\end sem project\datasets\20200606_UOWM_IEC104_Dataset_c_rp_na_1.7z::20200606_UOWM_IEC104_Dataset_c_rp_na_1/20200606_UOWM_IEC104_Dataset_c_rp_na_1_iecserver7/20200606_UOWM_IEC104_Dataset_c_rp_na_1_iecserver7.pcap_Flow.csv,84,33710,0,33710,33310,400,3000
D:\SEM - IV\23ELC212 - Machine Learning\end sem project\datasets\20200606_UOWM_IEC104_Dataset_c_rp_na_1.7z::20200606_UOWM_IEC104_Dataset_c_rp_na_1/20200606_UOWM_IEC104_Dataset_c_rp_na_1_iecserver7/20200606_UOWM_IEC104_Dataset_c_rp_na_1_iecserver7_iec104_only.pcap_Flow.csv,84,348,0,348,148,200,348
D:\SEM - IV\23ELC212 - Machine Learning\end sem project\datasets\20200606_UOWM_IEC104_Dataset_c_rp_na_1.7z::20200606_UOWM_IEC104_Dataset_c_rp_na_1/20200606_UOWM_IEC104_Dataset_c_rp_na_1_qtester/20200606_UOWM_IEC104_Dataset_c_rp_na_1_qtester.pcap_Flow.csv,84,34033,0,34033,34033,0,3000
D:\SEM - IV\23ELC212 - Machine Learning\end sem project\datasets\20200606_UOWM_IEC104_Dataset_c_rp_na_1.7z::20200606_UOWM_IEC104_Dataset_c_rp_na_1/20200606_UOWM_IEC104_Dataset_c_rp_na_1_qtester/20200606_UOWM_IEC104_Dataset_c_rp_na_1_qtester_iec104_only.pcap_Flow.csv,84,1040,0,1040,1040,0,1040
D:\SEM - IV\23ELC212 - Machine Learning\end sem project\datasets\20200606_UOWM_IEC104_Dataset_c_rp_na_1_DoS.7z::20200606_UOWM_IEC104_Dataset_c_rp_na_1_DoS/20200606_UOWM_IEC104_Dataset_c_rp_na_1_DoS_attacker1/20200606_UOWM_IEC104_Dataset_c_rp_na_1_DoS_attacker1.pcap_Flow.csv,84,25799,0,25799,3075,22724,3000
D:\SEM - IV\23ELC212 - Machine Learning\end sem project\datasets\20200606_UOWM_IEC104_Dataset_c_rp_na_1_DoS.7z::20200606_UOWM_IEC104_Dataset_c_rp_na_1_DoS/20200606_UOWM_IEC104_Dataset_c_rp_na_1_DoS_attacker1/20200606_UOWM_IEC104_Dataset_c_rp_na_1_DoS_attacker1_iec104_only.pcap_Flow.csv,84,688,0,688,0,688,688
D:\SEM - IV\23ELC212 - Machine Learning\end sem project\datasets\20200606_UOWM_IEC104_Dataset_c_rp_na_1_DoS.7z::20200606_UOWM_IEC104_Dataset_c_rp_na_1_DoS/20200606_UOWM_IEC104_Dataset_c_rp_na_1_DoS_attacker2/20200606_UOWM_IEC104_Dataset_c_rp_na_1_DoS_attacker2.pcap_Flow.csv,84,25786,0,25786,3075,22711,3000
D:\SEM - IV\23ELC212 - Machine Learning\end sem project\datasets\20200606_UOWM_IEC104_Dataset_c_rp_na_1_DoS.7z::20200606_UOWM_IEC104_Dataset_c_rp_na_1_DoS/20200606_UOWM_IEC104_Dataset_c_rp_na_1_DoS_attacker2/20200606_UOWM_IEC104_Dataset_c_rp_na_1_DoS_attacker2_iec104_only.pcap_Flow.csv,84,708,0,708,0,708,708
D:\SEM - IV\23ELC212 - Machine Learning\end sem project\datasets\20200606_UOWM_IEC104_Dataset_c_rp_na_1_DoS.7z::20200606_UOWM_IEC104_Dataset_c_rp_na_1_DoS/20200606_UOWM_IEC104_Dataset_c_rp_na_1_DoS_attacker3/20200606_UOWM_IEC104_Dataset_c_rp_na_1_DoS_attacker3.pcap_Flow.csv,84,26398,0,26398,3059,23339,3000
D:\SEM - IV\23ELC212 - Machine Learning\end sem project\datasets\20200606_UOWM_IEC104_Dataset_c_rp_na_1_DoS.7z::20200606_UOWM_IEC104_Dataset_c_rp_na_1_DoS/20200606_UOWM_IEC104_Dataset_c_rp_na_1_DoS_attacker3/20200606_UOWM_IEC104_Dataset_c_rp_na_1_DoS_attacker3_iec104_only.pcap_Flow.csv,84,1065,0,1065,0,1065,1065
D:\SEM - IV\23ELC212 - Machine Learning\end sem project\datasets\20200606_UOWM_IEC104_Dataset_c_rp_na_1_DoS.7z::20200606_UOWM_IEC104_Dataset_c_rp_na_1_DoS/20200606_UOWM_IEC104_Dataset_c_rp_na_1_DoS_iecserver1/20200606_UOWM_IEC104_Dataset_c_rp_na_1_DoS_iecserver1.pcap_Flow.csv,84,33720,0,33720,33008,712,3000
D:\SEM - IV\23ELC212 - Machine Learning\end sem project\datasets\20200606_UOWM_IEC104_Dataset_c_rp_na_1_DoS.7z::20200606_UOWM_IEC104_Dataset_c_rp_na_1_DoS/20200606_UOWM_IEC104_Dataset_c_rp_na_1_DoS_iecserver1/20200606_UOWM_IEC104_Dataset_c_rp_na_1_DoS_iecserver1_iec104_only.pcap_Flow.csv,84,501,0,501,145,356,501
D:\SEM - IV\23ELC212 - Machine Learning\end sem project\datasets\20200606_UOWM_IEC104_Dataset_c_rp_na_1_DoS.7z::20200606_UOWM_IEC104_Dataset_c_rp_na_1_DoS/20200606_UOWM_IEC104_Dataset_c_rp_na_1_DoS_iecserver2/20200606_UOWM_IEC104_Dataset_c_rp_na_1_DoS_iecserver2.pcap_Flow.csv,84,33940,0,33940,33227,713,3000
D:\SEM - IV\23ELC212 - Machine Learning\end sem project\datasets\20200606_UOWM_IEC104_Dataset_c_rp_na_1_DoS.7z::20200606_UOWM_IEC104_Dataset_c_rp_na_1_DoS/20200606_UOWM_IEC104_Dataset_c_rp_na_1_DoS_iecserver2/20200606_UOWM_IEC104_Dataset_c_rp_na_1_DoS_iecserver2_iec104_only.pcap_Flow.csv,84,501,0,501,145,356,501
D:\SEM - IV\23ELC212 - Machine Learning\end sem project\datasets\20200606_UOWM_IEC104_Dataset_c_rp_na_1_DoS.7z::20200606_UOWM_IEC104_Dataset_c_rp_na_1_DoS/20200606_UOWM_IEC104_Dataset_c_rp_na_1_DoS_iecserver3/20200606_UOWM_IEC104_Dataset_c_rp_na_1_DoS_iecserver3.pcap_Flow.csv,84,33327,0,33327,32619,708,3000
D:\SEM - IV\23ELC212 - Machine Learning\end sem project\datasets\20200606_UOWM_IEC104_Dataset_c_rp_na_1_DoS.7z::20200606_UOWM_IEC104_Dataset_c_rp_na_1_DoS/20200606_UOWM_IEC104_Dataset_c_rp_na_1_DoS_iecserver3/20200606_UOWM_IEC104_Dataset_c_rp_na_1_DoS_iecserver3_iec104_only.pcap_Flow.csv,84,500,0,500,146,354,500
D:\SEM - IV\23ELC212 - Machine Learning\end sem project\datasets\20200606_UOWM_IEC104_Dataset_c_rp_na_1_DoS.7z::20200606_UOWM_IEC104_Dataset_c_rp_na_1_DoS/20200606_UOWM_IEC104_Dataset_c_rp_na_1_DoS_iecserver4/20200606_UOWM_IEC104_Dataset_c_rp_na_1_DoS_iecserver4.pcap_Flow.csv,84,33849,0,33849,33141,708,3000
D:\SEM - IV\23ELC212 - Machine Learning\end sem project\datasets\20200606_UOWM_IEC104_Dataset_c_rp_na_1_DoS.7z::20200606_UOWM_IEC104_Dataset_c_rp_na_1_DoS/20200606_UOWM_IEC104_Dataset_c_rp_na_1_DoS_iecserver4/20200606_UOWM_IEC104_Dataset_c_rp_na_1_DoS_iecserver4_iec104_only.pcap_Flow.csv,84,399,0,399,49,350,399
D:\SEM - IV\23ELC212 - Machine Learning\end sem project\datasets\20200606_UOWM_IEC104_Dataset_c_rp_na_1_DoS.7z::20200606_UOWM_IEC104_Dataset_c_rp_na_1_DoS/20200606_UOWM_IEC104_Dataset_c_rp_na_1_DoS_iecserver5/20200606_UOWM_IEC104_Dataset_c_rp_na_1_DoS_iecserver5.pcap_Flow.csv,84,34206,0,34206,33496,710,3000
D:\SEM - IV\23ELC212 - Machine Learning\end sem project\datasets\20200606_UOWM_IEC104_Dataset_c_rp_na_1_DoS.7z::20200606_UOWM_IEC104_Dataset_c_rp_na_1_DoS/20200606_UOWM_IEC104_Dataset_c_rp_na_1_DoS_iecserver5/20200606_UOWM_IEC104_Dataset_c_rp_na_1_DoS_iecserver5_iec104_only.pcap_Flow.csv,84,501,0,501,146,355,501
D:\SEM - IV\23ELC212 - Machine Learning\end sem project\datasets\20200606_UOWM_IEC104_Dataset_c_rp_na_1_DoS.7z::20200606_UOWM_IEC104_Dataset_c_rp_na_1_DoS/20200606_UOWM_IEC104_Dataset_c_rp_na_1_DoS_iecserver6/20200606_UOWM_IEC104_Dataset_c_rp_na_1_DoS_iecserver6.pcap_Flow.csv,84,34035,0,34035,33325,710,3000
D:\SEM - IV\23ELC212 - Machine Learning\end sem project\datasets\20200606_UOWM_IEC104_Dataset_c_rp_na_1_DoS.7z::20200606_UOWM_IEC104_Dataset_c_rp_na_1_DoS/20200606_UOWM_IEC104_Dataset_c_rp_na_1_DoS_iecserver6/20200606_UOWM_IEC104_Dataset_c_rp_na_1_DoS_iecserver6_iec104_only.pcap_Flow.csv,84,465,0,465,111,354,465
D:\SEM - IV\23ELC212 - Machine Learning\end sem project\datasets\20200606_UOWM_IEC104_Dataset_c_rp_na_1_DoS.7z::20200606_UOWM_IEC104_Dataset_c_rp_na_1_DoS/20200606_UOWM_IEC104_Dataset_c_rp_na_1_DoS_iecserver7/20200606_UOWM_IEC104_Dataset_c_rp_na_1_DoS_iecserver7.pcap_Flow.csv,84,34425,0,34425,33715,710,3000
D:\SEM - IV\23ELC212 - Machine Learning\end sem project\datasets\20200606_UOWM_IEC104_Dataset_c_rp_na_1_DoS.7z::20200606_UOWM_IEC104_Dataset_c_rp_na_1_DoS/20200606_UOWM_IEC104_Dataset_c_rp_na_1_DoS_iecserver7/20200606_UOWM_IEC104_Dataset_c_rp_na_1_DoS_iecserver7_iec104_only.pcap_Flow.csv,84,424,0,424,71,353,424
D:\SEM - IV\23ELC212 - Machine Learning\end sem project\datasets\20200606_UOWM_IEC104_Dataset_c_rp_na_1_DoS.7z::20200606_UOWM_IEC104_Dataset_c_rp_na_1_DoS/20200606_UOWM_IEC104_Dataset_c_rp_na_1_DoS_qtester/20200606_UOWM_IEC104_Dataset_c_rp_na_1_DoS_qtester.pcap_Flow.csv,84,34014,0,34014,34014,0,3000
D:\SEM - IV\23ELC212 - Machine Learning\end sem project\datasets\20200606_UOWM_IEC104_Dataset_c_rp_na_1_DoS.7z::20200606_UOWM_IEC104_Dataset_c_rp_na_1_DoS/20200606_UOWM_IEC104_Dataset_c_rp_na_1_DoS_qtester/20200606_UOWM_IEC104_Dataset_c_rp_na_1_DoS_qtester_iec104_only.pcap_Flow.csv,84,1017,0,1017,1017,0,1017
D:\SEM - IV\23ELC212 - Machine Learning\end sem project\datasets\Balanced_IEC104_Train_Test_CSV_Files.7z::Balanced_IEC104_Train_Test_CSV_Files/iec104_train_test_csvs/tests_cic_120/iec104_CICFLOWMETER_test_final.csv,84,2028,0,2028,169,1859,2028
D:\SEM - IV\23ELC212 - Machine Learning\end sem project\datasets\Balanced_IEC104_Train_Test_CSV_Files.7z::Balanced_IEC104_Train_Test_CSV_Files/iec104_train_test_csvs/tests_cic_120/iec104_CICFLOWMETER_train_final.csv,84,4800,0,4800,400,4400,3000
D:\SEM - IV\23ELC212 - Machine Learning\end sem project\datasets\Balanced_IEC104_Train_Test_CSV_Files.7z::Balanced_IEC104_Train_Test_CSV_Files/iec104_train_test_csvs/tests_cic_15/test_15_cicflow.csv,84,4692,0,4692,391,4301,3000
D:\SEM - IV\23ELC212 - Machine Learning\end sem project\datasets\Balanced_IEC104_Train_Test_CSV_Files.7z::Balanced_IEC104_Train_Test_CSV_Files/iec104_train_test_csvs/tests_cic_15/train_15_cicflow.csv,84,10968,0,10968,914,10054,3000
D:\SEM - IV\23ELC212 - Machine Learning\end sem project\datasets\Balanced_IEC104_Train_Test_CSV_Files.7z::Balanced_IEC104_Train_Test_CSV_Files/iec104_train_test_csvs/tests_cic_180/test_180_cicflow.csv,84,1536,0,1536,128,1408,1536
D:\SEM - IV\23ELC212 - Machine Learning\end sem project\datasets\Balanced_IEC104_Train_Test_CSV_Files.7z::Balanced_IEC104_Train_Test_CSV_Files/iec104_train_test_csvs/tests_cic_180/train_180_cicflow.csv,84,3588,0,3588,299,3289,3000
D:\SEM - IV\23ELC212 - Machine Learning\end sem project\datasets\Balanced_IEC104_Train_Test_CSV_Files.7z::Balanced_IEC104_Train_Test_CSV_Files/iec104_train_test_csvs/tests_cic_30/test_30_cicflow.csv,84,3420,0,3420,285,3135,3000
D:\SEM - IV\23ELC212 - Machine Learning\end sem project\datasets\Balanced_IEC104_Train_Test_CSV_Files.7z::Balanced_IEC104_Train_Test_CSV_Files/iec104_train_test_csvs/tests_cic_30/train_30_cicflow.csv,84,7980,0,7980,665,7315,3000
D:\SEM - IV\23ELC212 - Machine Learning\end sem project\datasets\Balanced_IEC104_Train_Test_CSV_Files.7z::Balanced_IEC104_Train_Test_CSV_Files/iec104_train_test_csvs/tests_cic_60/test_60_CICIFlow.csv,84,2520,0,2520,210,2310,2520
D:\SEM - IV\23ELC212 - Machine Learning\end sem project\datasets\Balanced_IEC104_Train_Test_CSV_Files.7z::Balanced_IEC104_Train_Test_CSV_Files/iec104_train_test_csvs/tests_cic_60/train_60_CICIFlow.csv,84,5904,0,5904,492,5412,3000
D:\SEM - IV\23ELC212 - Machine Learning\end sem project\datasets\Balanced_IEC104_Train_Test_CSV_Files.7z::Balanced_IEC104_Train_Test_CSV_Files/iec104_train_test_csvs/tests_cic_90/test_90_cicflow.csv,84,2172,0,2172,181,1991,2172
D:\SEM - IV\23ELC212 - Machine Learning\end sem project\datasets\Balanced_IEC104_Train_Test_CSV_Files.7z::Balanced_IEC104_Train_Test_CSV_Files/iec104_train_test_csvs/tests_cic_90/train_90_cicflow.csv,84,5088,0,5088,424,4664,3000
D:\SEM - IV\23ELC212 - Machine Learning\end sem project\datasets\Balanced_IEC104_Train_Test_CSV_Files.7z::Balanced_IEC104_Train_Test_CSV_Files/iec104_train_test_csvs/tests_custom_120/iec104_custom_script_test_final.csv,112,2028,0,2028,169,1859,2028
D:\SEM - IV\23ELC212 - Machine Learning\end sem project\datasets\Balanced_IEC104_Train_Test_CSV_Files.7z::Balanced_IEC104_Train_Test_CSV_Files/iec104_train_test_csvs/tests_custom_120/iec104_custom_script_train_final.csv,112,4800,0,4800,400,4400,3000
D:\SEM - IV\23ELC212 - Machine Learning\end sem project\datasets\Balanced_IEC104_Train_Test_CSV_Files.7z::Balanced_IEC104_Train_Test_CSV_Files/iec104_train_test_csvs/tests_custom_15/test_15_custom_script.csv,112,4692,0,4692,391,4301,3000
D:\SEM - IV\23ELC212 - Machine Learning\end sem project\datasets\Balanced_IEC104_Train_Test_CSV_Files.7z::Balanced_IEC104_Train_Test_CSV_Files/iec104_train_test_csvs/tests_custom_15/train_15_custom_script.csv,112,10968,0,10968,914,10054,3000
D:\SEM - IV\23ELC212 - Machine Learning\end sem project\datasets\Balanced_IEC104_Train_Test_CSV_Files.7z::Balanced_IEC104_Train_Test_CSV_Files/iec104_train_test_csvs/tests_custom_180/test_180_custom_script.csv,112,1536,0,1536,128,1408,1536
D:\SEM - IV\23ELC212 - Machine Learning\end sem project\datasets\Balanced_IEC104_Train_Test_CSV_Files.7z::Balanced_IEC104_Train_Test_CSV_Files/iec104_train_test_csvs/tests_custom_180/train_180_custom_script.csv,112,3588,0,3588,299,3289,3000
D:\SEM - IV\23ELC212 - Machine Learning\end sem project\datasets\Balanced_IEC104_Train_Test_CSV_Files.7z::Balanced_IEC104_Train_Test_CSV_Files/iec104_train_test_csvs/tests_custom_30/test_30_custom_script.csv,112,3420,0,3420,285,3135,3000
D:\SEM - IV\23ELC212 - Machine Learning\end sem project\datasets\Balanced_IEC104_Train_Test_CSV_Files.7z::Balanced_IEC104_Train_Test_CSV_Files/iec104_train_test_csvs/tests_custom_30/train_30_custom_script.csv,112,7980,0,7980,665,7315,3000
D:\SEM - IV\23ELC212 - Machine Learning\end sem project\datasets\Balanced_IEC104_Train_Test_CSV_Files.7z::Balanced_IEC104_Train_Test_CSV_Files/iec104_train_test_csvs/tests_custom_60/test_60_custom_script.csv,112,2520,0,2520,210,2310,2520
D:\SEM - IV\23ELC212 - Machine Learning\end sem project\datasets\Balanced_IEC104_Train_Test_CSV_Files.7z::Balanced_IEC104_Train_Test_CSV_Files/iec104_train_test_csvs/tests_custom_60/train_60_custom_script.csv,112,5904,0,5904,492,5412,3000
D:\SEM - IV\23ELC212 - Machine Learning\end sem project\datasets\Balanced_IEC104_Train_Test_CSV_Files.7z::Balanced_IEC104_Train_Test_CSV_Files/iec104_train_test_csvs/tests_custom_90/test_90_custom_script.csv,112,2172,0,2172,181,1991,2172
D:\SEM - IV\23ELC212 - Machine Learning\end sem project\datasets\Balanced_IEC104_Train_Test_CSV_Files.7z::Balanced_IEC104_Train_Test_CSV_Files/iec104_train_test_csvs/tests_custom_90/train_90_custom_script.csv,112,5088,0,5088,424,4664,3000
D:\SEM - IV\23ELC212 - Machine Learning\end sem project\datasets\20200425_UOWM_IEC104_Dataset_m_sp_na_1_DoS.7z::20200425_UOWM_IEC104_Dataset_m_sp_na_1_DoS/20200425_UOWM_IEC104_Dataset_m_sp_na_1_DoS_iecserver1/20200425_UOWM_IEC104_Dataset_m_sp_na_1_DoS_iecserver1_iec104_only.pcapiec104_network_flow_leayer.csv,119,91,0,91,0,91,91
D:\SEM - IV\23ELC212 - Machine Learning\end sem project\datasets\20200425_UOWM_IEC104_Dataset_m_sp_na_1_DoS.7z::20200425_UOWM_IEC104_Dataset_m_sp_na_1_DoS/20200425_UOWM_IEC104_Dataset_m_sp_na_1_DoS_iecserver2/20200425_UOWM_IEC104_Dataset_m_sp_na_1_DoS_iecserver2_iec104_only.pcapiec104_network_flow_leayer.csv,119,91,0,91,0,91,91
D:\SEM - IV\23ELC212 - Machine Learning\end sem project\datasets\20200425_UOWM_IEC104_Dataset_m_sp_na_1_DoS.7z::20200425_UOWM_IEC104_Dataset_m_sp_na_1_DoS/20200425_UOWM_IEC104_Dataset_m_sp_na_1_DoS_iecserver3/20200425_UOWM_IEC104_Dataset_m_sp_na_1_DoS_iecserver3_iec104_only.pcapiec104_network_flow_leayer.csv,119,91,0,91,0,91,91
D:\SEM - IV\23ELC212 - Machine Learning\end sem project\datasets\20200425_UOWM_IEC104_Dataset_m_sp_na_1_DoS.7z::20200425_UOWM_IEC104_Dataset_m_sp_na_1_DoS/20200425_UOWM_IEC104_Dataset_m_sp_na_1_DoS_iecserver4/20200425_UOWM_IEC104_Dataset_m_sp_na_1_DoS_iecserver4_iec104_only.pcapiec104_network_flow_leayer.csv,119,91,0,91,0,91,91
D:\SEM - IV\23ELC212 - Machine Learning\end sem project\datasets\20200425_UOWM_IEC104_Dataset_m_sp_na_1_DoS.7z::20200425_UOWM_IEC104_Dataset_m_sp_na_1_DoS/20200425_UOWM_IEC104_Dataset_m_sp_na_1_DoS_iecserver5/20200425_UOWM_IEC104_Dataset_m_sp_na_1_DoS_iecserver5_iec104_only.pcapiec104_network_flow_leayer.csv,119,91,0,91,0,91,91
D:\SEM - IV\23ELC212 - Machine Learning\end sem project\datasets\20200425_UOWM_IEC104_Dataset_m_sp_na_1_DoS.7z::20200425_UOWM_IEC104_Dataset_m_sp_na_1_DoS/20200425_UOWM_IEC104_Dataset_m_sp_na_1_DoS_iecserver6/20200425_UOWM_IEC104_Dataset_m_sp_na_1_DoS_iecserver6_iec104_only.pcapiec104_network_flow_leayer.csv,119,91,0,91,0,91,91
D:\SEM - IV\23ELC212 - Machine Learning\end sem project\datasets\20200425_UOWM_IEC104_Dataset_m_sp_na_1_DoS.7z::20200425_UOWM_IEC104_Dataset_m_sp_na_1_DoS/20200425_UOWM_IEC104_Dataset_m_sp_na_1_DoS_iecserver7/20200425_UOWM_IEC104_Dataset_m_sp_na_1_DoS_iecserver7_iec104_only.pcapiec104_network_flow_leayer.csv,119,91,0,91,0,91,91
D:\SEM - IV\23ELC212 - Machine Learning\end sem project\datasets\20200425_UOWM_IEC104_Dataset_m_sp_na_1_DoS.7z::20200425_UOWM_IEC104_Dataset_m_sp_na_1_DoS/20200425_UOWM_IEC104_Dataset_m_sp_na_1_DoS_qtester/20200425_UOWM_IEC104_Dataset_m_sp_na_1_DoS_qtester_iec104_only.pcapiec104_network_flow_leayer.csv,119,637,0,637,0,637,637
D:\SEM - IV\23ELC212 - Machine Learning\end sem project\datasets\20200425_UOWM_IEC104_Dataset_m_sp_na_1_DoS\20200425_UOWM_IEC104_Dataset_m_sp_na_1_DoS\20200425_UOWM_IEC104_Dataset_m_sp_na_1_DoS_iecserver1\20200425_UOWM_IEC104_Dataset_m_sp_na_1_DoS_iecserver1_iec104_only.pcapiec104_network_flow_leayer.csv,119,91,0,91,0,91,91
D:\SEM - IV\23ELC212 - Machine Learning\end sem project\datasets\20200425_UOWM_IEC104_Dataset_m_sp_na_1_DoS\20200425_UOWM_IEC104_Dataset_m_sp_na_1_DoS\20200425_UOWM_IEC104_Dataset_m_sp_na_1_DoS_iecserver2\20200425_UOWM_IEC104_Dataset_m_sp_na_1_DoS_iecserver2_iec104_only.pcapiec104_network_flow_leayer.csv,119,91,0,91,0,91,91
D:\SEM - IV\23ELC212 - Machine Learning\end sem project\datasets\20200425_UOWM_IEC104_Dataset_m_sp_na_1_DoS\20200425_UOWM_IEC104_Dataset_m_sp_na_1_DoS\20200425_UOWM_IEC104_Dataset_m_sp_na_1_DoS_iecserver3\20200425_UOWM_IEC104_Dataset_m_sp_na_1_DoS_iecserver3_iec104_only.pcapiec104_network_flow_leayer.csv,119,91,0,91,0,91,91
D:\SEM - IV\23ELC212 - Machine Learning\end sem project\datasets\20200425_UOWM_IEC104_Dataset_m_sp_na_1_DoS\20200425_UOWM_IEC104_Dataset_m_sp_na_1_DoS\20200425_UOWM_IEC104_Dataset_m_sp_na_1_DoS_iecserver4\20200425_UOWM_IEC104_Dataset_m_sp_na_1_DoS_iecserver4_iec104_only.pcapiec104_network_flow_leayer.csv,119,91,0,91,0,91,91
D:\SEM - IV\23ELC212 - Machine Learning\end sem project\datasets\20200425_UOWM_IEC104_Dataset_m_sp_na_1_DoS\20200425_UOWM_IEC104_Dataset_m_sp_na_1_DoS\20200425_UOWM_IEC104_Dataset_m_sp_na_1_DoS_iecserver5\20200425_UOWM_IEC104_Dataset_m_sp_na_1_DoS_iecserver5_iec104_only.pcapiec104_network_flow_leayer.csv,119,91,0,91,0,91,91
D:\SEM - IV\23ELC212 - Machine Learning\end sem project\datasets\20200425_UOWM_IEC104_Dataset_m_sp_na_1_DoS\20200425_UOWM_IEC104_Dataset_m_sp_na_1_DoS\20200425_UOWM_IEC104_Dataset_m_sp_na_1_DoS_iecserver6\20200425_UOWM_IEC104_Dataset_m_sp_na_1_DoS_iecserver6_iec104_only.pcapiec104_network_flow_leayer.csv,119,91,0,91,0,91,91
D:\SEM - IV\23ELC212 - Machine Learning\end sem project\datasets\20200425_UOWM_IEC104_Dataset_m_sp_na_1_DoS\20200425_UOWM_IEC104_Dataset_m_sp_na_1_DoS\20200425_UOWM_IEC104_Dataset_m_sp_na_1_DoS_iecserver7\20200425_UOWM_IEC104_Dataset_m_sp_na_1_DoS_iecserver7_iec104_only.pcapiec104_network_flow_leayer.csv,119,91,0,91,0,91,91
D:\SEM - IV\23ELC212 - Machine Learning\end sem project\datasets\20200425_UOWM_IEC104_Dataset_m_sp_na_1_DoS\20200425_UOWM_IEC104_Dataset_m_sp_na_1_DoS\20200425_UOWM_IEC104_Dataset_m_sp_na_1_DoS_qtester\20200425_UOWM_IEC104_Dataset_m_sp_na_1_DoS_qtester_iec104_only.pcapiec104_network_flow_leayer.csv,119,637,0,637,0,637,637
D:\SEM - IV\23ELC212 - Machine Learning\end sem project\datasets\20200426_UOWM_IEC104_Dataset_c_ci_na_1.7z::20200426_UOWM_IEC104_Dataset_c_ci_na_1/20200426_UOWM_IEC104_Dataset_c_ci_na_1_attacker1/20200426_UOWM_IEC104_Dataset_c_ci_na_1_attacker1_iec104_only.pcapiec104_network_flow_leayer.csv,119,234,0,234,0,234,234
D:\SEM - IV\23ELC212 - Machine Learning\end sem project\datasets\20200426_UOWM_IEC104_Dataset_c_ci_na_1.7z::20200426_UOWM_IEC104_Dataset_c_ci_na_1/20200426_UOWM_IEC104_Dataset_c_ci_na_1_attacker2/20200426_UOWM_IEC104_Dataset_c_ci_na_1_attacker2_iec104_only.pcapiec104_network_flow_leayer.csv,119,135,0,135,0,135,135
D:\SEM - IV\23ELC212 - Machine Learning\end sem project\datasets\20200426_UOWM_IEC104_Dataset_c_ci_na_1.7z::20200426_UOWM_IEC104_Dataset_c_ci_na_1/20200426_UOWM_IEC104_Dataset_c_ci_na_1_attacker3/20200426_UOWM_IEC104_Dataset_c_ci_na_1_attacker3_iec104_only.pcapiec104_network_flow_leayer.csv,119,201,0,201,0,201,201
D:\SEM - IV\23ELC212 - Machine Learning\end sem project\datasets\20200426_UOWM_IEC104_Dataset_c_ci_na_1.7z::20200426_UOWM_IEC104_Dataset_c_ci_na_1/20200426_UOWM_IEC104_Dataset_c_ci_na_1_iecserver1/20200426_UOWM_IEC104_Dataset_c_ci_na_1_iecserver1_iec104_only.pcapiec104_network_flow_leayer.csv,119,221,0,221,104,117,221
D:\SEM - IV\23ELC212 - Machine Learning\end sem project\datasets\20200426_UOWM_IEC104_Dataset_c_ci_na_1.7z::20200426_UOWM_IEC104_Dataset_c_ci_na_1/20200426_UOWM_IEC104_Dataset_c_ci_na_1_iecserver2/20200426_UOWM_IEC104_Dataset_c_ci_na_1_iecserver2_iec104_only.pcapiec104_network_flow_leayer.csv,119,221,0,221,104,117,221
D:\SEM - IV\23ELC212 - Machine Learning\end sem project\datasets\20200426_UOWM_IEC104_Dataset_c_ci_na_1.7z::20200426_UOWM_IEC104_Dataset_c_ci_na_1/20200426_UOWM_IEC104_Dataset_c_ci_na_1_iecserver3/20200426_UOWM_IEC104_Dataset_c_ci_na_1_iecserver3_iec104_only.pcapiec104_network_flow_leayer.csv,119,171,0,171,104,67,171
D:\SEM - IV\23ELC212 - Machine Learning\end sem project\datasets\20200426_UOWM_IEC104_Dataset_c_ci_na_1.7z::20200426_UOWM_IEC104_Dataset_c_ci_na_1/20200426_UOWM_IEC104_Dataset_c_ci_na_1_iecserver4/20200426_UOWM_IEC104_Dataset_c_ci_na_1_iecserver4_iec104_only.pcapiec104_network_flow_leayer.csv,119,172,0,172,104,68,172
D:\SEM - IV\23ELC212 - Machine Learning\end sem project\datasets\20200426_UOWM_IEC104_Dataset_c_ci_na_1.7z::20200426_UOWM_IEC104_Dataset_c_ci_na_1/20200426_UOWM_IEC104_Dataset_c_ci_na_1_iecserver5/20200426_UOWM_IEC104_Dataset_c_ci_na_1_iecserver5_iec104_only.pcapiec104_network_flow_leayer.csv,119,170,0,170,103,67,170
D:\SEM - IV\23ELC212 - Machine Learning\end sem project\datasets\20200426_UOWM_IEC104_Dataset_c_ci_na_1.7z::20200426_UOWM_IEC104_Dataset_c_ci_na_1/20200426_UOWM_IEC104_Dataset_c_ci_na_1_iecserver6/20200426_UOWM_IEC104_Dataset_c_ci_na_1_iecserver6_iec104_only.pcapiec104_network_flow_leayer.csv,119,170,0,170,103,67,170
D:\SEM - IV\23ELC212 - Machine Learning\end sem project\datasets\20200426_UOWM_IEC104_Dataset_c_ci_na_1.7z::20200426_UOWM_IEC104_Dataset_c_ci_na_1/20200426_UOWM_IEC104_Dataset_c_ci_na_1_iecserver7/20200426_UOWM_IEC104_Dataset_c_ci_na_1_iecserver7_iec104_only.pcapiec104_network_flow_leayer.csv,119,170,0,170,103,67,170
D:\SEM - IV\23ELC212 - Machine Learning\end sem project\datasets\20200426_UOWM_IEC104_Dataset_c_ci_na_1.7z::20200426_UOWM_IEC104_Dataset_c_ci_na_1/20200426_UOWM_IEC104_Dataset_c_ci_na_1_qtester/20200426_UOWM_IEC104_Dataset_c_ci_na_1_qtester_iec104_only.pcapiec104_network_flow_leayer.csv,119,725,0,725,725,0,725
D:\SEM - IV\23ELC212 - Machine Learning\end sem project\datasets\20200426_UOWM_IEC104_Dataset_c_ci_na_1\20200426_UOWM_IEC104_Dataset_c_ci_na_1\20200426_UOWM_IEC104_Dataset_c_ci_na_1_attacker1\20200426_UOWM_IEC104_Dataset_c_ci_na_1_attacker1_iec104_only.pcapiec104_network_flow_leayer.csv,119,234,0,234,0,234,234
D:\SEM - IV\23ELC212 - Machine Learning\end sem project\datasets\20200426_UOWM_IEC104_Dataset_c_ci_na_1\20200426_UOWM_IEC104_Dataset_c_ci_na_1\20200426_UOWM_IEC104_Dataset_c_ci_na_1_attacker2\20200426_UOWM_IEC104_Dataset_c_ci_na_1_attacker2_iec104_only.pcapiec104_network_flow_leayer.csv,119,135,0,135,0,135,135
D:\SEM - IV\23ELC212 - Machine Learning\end sem project\datasets\20200426_UOWM_IEC104_Dataset_c_ci_na_1\20200426_UOWM_IEC104_Dataset_c_ci_na_1\20200426_UOWM_IEC104_Dataset_c_ci_na_1_attacker3\20200426_UOWM_IEC104_Dataset_c_ci_na_1_attacker3_iec104_only.pcapiec104_network_flow_leayer.csv,119,201,0,201,0,201,201
D:\SEM - IV\23ELC212 - Machine Learning\end sem project\datasets\20200426_UOWM_IEC104_Dataset_c_ci_na_1\20200426_UOWM_IEC104_Dataset_c_ci_na_1\20200426_UOWM_IEC104_Dataset_c_ci_na_1_iecserver1\20200426_UOWM_IEC104_Dataset_c_ci_na_1_iecserver1_iec104_only.pcapiec104_network_flow_leayer.csv,119,221,0,221,104,117,221
D:\SEM - IV\23ELC212 - Machine Learning\end sem project\datasets\20200426_UOWM_IEC104_Dataset_c_ci_na_1\20200426_UOWM_IEC104_Dataset_c_ci_na_1\20200426_UOWM_IEC104_Dataset_c_ci_na_1_iecserver2\20200426_UOWM_IEC104_Dataset_c_ci_na_1_iecserver2_iec104_only.pcapiec104_network_flow_leayer.csv,119,221,0,221,104,117,221
D:\SEM - IV\23ELC212 - Machine Learning\end sem project\datasets\20200426_UOWM_IEC104_Dataset_c_ci_na_1\20200426_UOWM_IEC104_Dataset_c_ci_na_1\20200426_UOWM_IEC104_Dataset_c_ci_na_1_iecserver3\20200426_UOWM_IEC104_Dataset_c_ci_na_1_iecserver3_iec104_only.pcapiec104_network_flow_leayer.csv,119,171,0,171,104,67,171
D:\SEM - IV\23ELC212 - Machine Learning\end sem project\datasets\20200426_UOWM_IEC104_Dataset_c_ci_na_1\20200426_UOWM_IEC104_Dataset_c_ci_na_1\20200426_UOWM_IEC104_Dataset_c_ci_na_1_iecserver4\20200426_UOWM_IEC104_Dataset_c_ci_na_1_iecserver4_iec104_only.pcapiec104_network_flow_leayer.csv,119,172,0,172,104,68,172
D:\SEM - IV\23ELC212 - Machine Learning\end sem project\datasets\20200426_UOWM_IEC104_Dataset_c_ci_na_1\20200426_UOWM_IEC104_Dataset_c_ci_na_1\20200426_UOWM_IEC104_Dataset_c_ci_na_1_iecserver5\20200426_UOWM_IEC104_Dataset_c_ci_na_1_iecserver5_iec104_only.pcapiec104_network_flow_leayer.csv,119,170,0,170,103,67,170
D:\SEM - IV\23ELC212 - Machine Learning\end sem project\datasets\20200426_UOWM_IEC104_Dataset_c_ci_na_1\20200426_UOWM_IEC104_Dataset_c_ci_na_1\20200426_UOWM_IEC104_Dataset_c_ci_na_1_iecserver6\20200426_UOWM_IEC104_Dataset_c_ci_na_1_iecserver6_iec104_only.pcapiec104_network_flow_leayer.csv,119,170,0,170,103,67,170
D:\SEM - IV\23ELC212 - Machine Learning\end sem project\datasets\20200426_UOWM_IEC104_Dataset_c_ci_na_1\20200426_UOWM_IEC104_Dataset_c_ci_na_1\20200426_UOWM_IEC104_Dataset_c_ci_na_1_iecserver7\20200426_UOWM_IEC104_Dataset_c_ci_na_1_iecserver7_iec104_only.pcapiec104_network_flow_leayer.csv,119,170,0,170,103,67,170
D:\SEM - IV\23ELC212 - Machine Learning\end sem project\datasets\20200426_UOWM_IEC104_Dataset_c_ci_na_1\20200426_UOWM_IEC104_Dataset_c_ci_na_1\20200426_UOWM_IEC104_Dataset_c_ci_na_1_qtester\20200426_UOWM_IEC104_Dataset_c_ci_na_1_qtester_iec104_only.pcapiec104_network_flow_leayer.csv,119,725,0,725,725,0,725
D:\SEM - IV\23ELC212 - Machine Learning\end sem project\datasets\20200426_UOWM_IEC104_Dataset_c_ci_na_1_DoS.7z::20200426_UOWM_IEC104_Dataset_c_ci_na_1_DoS/20200426_UOWM_IEC104_Dataset_c_ci_na_1_DoS_attacker1/20200426_UOWM_IEC104_Dataset_c_ci_na_1_DoS_attacker1_iec104_only.pcapiec104_network_flow_leayer.csv,119,265,0,265,0,265,265
D:\SEM - IV\23ELC212 - Machine Learning\end sem project\datasets\20200426_UOWM_IEC104_Dataset_c_ci_na_1_DoS.7z::20200426_UOWM_IEC104_Dataset_c_ci_na_1_DoS/20200426_UOWM_IEC104_Dataset_c_ci_na_1_DoS_attacker2/20200426_UOWM_IEC104_Dataset_c_ci_na_1_DoS_attacker2_iec104_only.pcapiec104_network_flow_leayer.csv,119,279,0,279,0,279,279
D:\SEM - IV\23ELC212 - Machine Learning\end sem project\datasets\20200426_UOWM_IEC104_Dataset_c_ci_na_1_DoS.7z::20200426_UOWM_IEC104_Dataset_c_ci_na_1_DoS/20200426_UOWM_IEC104_Dataset_c_ci_na_1_DoS_attacker3/20200426_UOWM_IEC104_Dataset_c_ci_na_1_DoS_attacker3_iec104_only.pcapiec104_network_flow_leayer.csv,119,449,0,449,0,449,449
D:\SEM - IV\23ELC212 - Machine Learning\end sem project\datasets\20200426_UOWM_IEC104_Dataset_c_ci_na_1_DoS.7z::20200426_UOWM_IEC104_Dataset_c_ci_na_1_DoS/20200426_UOWM_IEC104_Dataset_c_ci_na_1_DoS_iecserver1/20200426_UOWM_IEC104_Dataset_c_ci_na_1_DoS_iecserver1_iec104_only.pcapiec104_network_flow_leayer.csv,119,232,0,232,108,124,232
D:\SEM - IV\23ELC212 - Machine Learning\end sem project\datasets\20200426_UOWM_IEC104_Dataset_c_ci_na_1_DoS.7z::20200426_UOWM_IEC104_Dataset_c_ci_na_1_DoS/20200426_UOWM_IEC104_Dataset_c_ci_na_1_DoS_iecserver2/20200426_UOWM_IEC104_Dataset_c_ci_na_1_DoS_iecserver2_iec104_only.pcapiec104_network_flow_leayer.csv,119,249,0,249,108,141,249
D:\SEM - IV\23ELC212 - Machine Learning\end sem project\datasets\20200426_UOWM_IEC104_Dataset_c_ci_na_1_DoS.7z::20200426_UOWM_IEC104_Dataset_c_ci_na_1_DoS/20200426_UOWM_IEC104_Dataset_c_ci_na_1_DoS_iecserver3/20200426_UOWM_IEC104_Dataset_c_ci_na_1_DoS_iecserver3_iec104_only.pcapiec104_network_flow_leayer.csv,119,253,0,253,108,145,253
D:\SEM - IV\23ELC212 - Machine Learning\end sem project\datasets\20200426_UOWM_IEC104_Dataset_c_ci_na_1_DoS.7z::20200426_UOWM_IEC104_Dataset_c_ci_na_1_DoS/20200426_UOWM_IEC104_Dataset_c_ci_na_1_DoS_iecserver4/20200426_UOWM_IEC104_Dataset_c_ci_na_1_DoS_iecserver4_iec104_only.pcapiec104_network_flow_leayer.csv,119,242,0,242,108,134,242
D:\SEM - IV\23ELC212 - Machine Learning\end sem project\datasets\20200426_UOWM_IEC104_Dataset_c_ci_na_1_DoS.7z::20200426_UOWM_IEC104_Dataset_c_ci_na_1_DoS/20200426_UOWM_IEC104_Dataset_c_ci_na_1_DoS_iecserver5/20200426_UOWM_IEC104_Dataset_c_ci_na_1_DoS_iecserver5_iec104_only.pcapiec104_network_flow_leayer.csv,119,280,0,280,107,173,280
D:\SEM - IV\23ELC212 - Machine Learning\end sem project\datasets\20200426_UOWM_IEC104_Dataset_c_ci_na_1_DoS.7z::20200426_UOWM_IEC104_Dataset_c_ci_na_1_DoS/20200426_UOWM_IEC104_Dataset_c_ci_na_1_DoS_iecserver6/20200426_UOWM_IEC104_Dataset_c_ci_na_1_DoS_iecserver6_iec104_only.pcapiec104_network_flow_leayer.csv,119,245,0,245,108,137,245
D:\SEM - IV\23ELC212 - Machine Learning\end sem project\datasets\20200426_UOWM_IEC104_Dataset_c_ci_na_1_DoS.7z::20200426_UOWM_IEC104_Dataset_c_ci_na_1_DoS/20200426_UOWM_IEC104_Dataset_c_ci_na_1_DoS_iecserver7/20200426_UOWM_IEC104_Dataset_c_ci_na_1_DoS_iecserver7_iec104_only.pcapiec104_network_flow_leayer.csv,119,246,0,246,107,139,246
D:\SEM - IV\23ELC212 - Machine Learning\end sem project\datasets\20200426_UOWM_IEC104_Dataset_c_ci_na_1_DoS.7z::20200426_UOWM_IEC104_Dataset_c_ci_na_1_DoS/20200426_UOWM_IEC104_Dataset_c_ci_na_1_DoS_qtester/20200426_UOWM_IEC104_Dataset_c_ci_na_1_DoS_qtester_iec104_only.pcapiec104_network_flow_leayer.csv,119,754,0,754,754,0,754
D:\SEM - IV\23ELC212 - Machine Learning\end sem project\datasets\20200427_UOWM_IEC104_Dataset_c_se_na_1.7z::20200427_UOWM_IEC104_Dataset_c_se_na_1/20200427_UOWM_IEC104_Dataset_c_se_na_1_attacker1/20200427_UOWM_IEC104_Dataset_c_se_na_1_attacker1_iec104_only.pcapiec104_network_flow_leayer.csv,119,260,0,260,0,260,260
D:\SEM - IV\23ELC212 - Machine Learning\end sem project\datasets\20200427_UOWM_IEC104_Dataset_c_se_na_1.7z::20200427_UOWM_IEC104_Dataset_c_se_na_1/20200427_UOWM_IEC104_Dataset_c_se_na_1_attacker2/20200427_UOWM_IEC104_Dataset_c_se_na_1_attacker2_iec104_only.pcapiec104_network_flow_leayer.csv,119,250,0,250,0,250,250
D:\SEM - IV\23ELC212 - Machine Learning\end sem project\datasets\20200427_UOWM_IEC104_Dataset_c_se_na_1.7z::20200427_UOWM_IEC104_Dataset_c_se_na_1/20200427_UOWM_IEC104_Dataset_c_se_na_1_attacker3/20200427_UOWM_IEC104_Dataset_c_se_na_1_attacker3_iec104_only.pcapiec104_network_flow_leayer.csv,119,354,0,354,0,354,354
D:\SEM - IV\23ELC212 - Machine Learning\end sem project\datasets\20200427_UOWM_IEC104_Dataset_c_se_na_1.7z::20200427_UOWM_IEC104_Dataset_c_se_na_1/20200427_UOWM_IEC104_Dataset_c_se_na_1_iecserver1/20200427_UOWM_IEC104_Dataset_c_se_na_1_iecserver1_iec104_only.pcapiec104_network_flow_leayer.csv,119,249,0,249,116,133,249
D:\SEM - IV\23ELC212 - Machine Learning\end sem project\datasets\20200427_UOWM_IEC104_Dataset_c_se_na_1.7z::20200427_UOWM_IEC104_Dataset_c_se_na_1/20200427_UOWM_IEC104_Dataset_c_se_na_1_iecserver2/20200427_UOWM_IEC104_Dataset_c_se_na_1_iecserver2_iec104_only.pcapiec104_network_flow_leayer.csv,119,243,0,243,116,127,243
D:\SEM - IV\23ELC212 - Machine Learning\end sem project\datasets\20200427_UOWM_IEC104_Dataset_c_se_na_1.7z::20200427_UOWM_IEC104_Dataset_c_se_na_1/20200427_UOWM_IEC104_Dataset_c_se_na_1_iecserver3/20200427_UOWM_IEC104_Dataset_c_se_na_1_iecserver3_iec104_only.pcapiec104_network_flow_leayer.csv,119,242,0,242,117,125,242
D:\SEM - IV\23ELC212 - Machine Learning\end sem project\datasets\20200427_UOWM_IEC104_Dataset_c_se_na_1.7z::20200427_UOWM_IEC104_Dataset_c_se_na_1/20200427_UOWM_IEC104_Dataset_c_se_na_1_iecserver4/20200427_UOWM_IEC104_Dataset_c_se_na_1_iecserver4_iec104_only.pcapiec104_network_flow_leayer.csv,119,241,0,241,116,125,241
D:\SEM - IV\23ELC212 - Machine Learning\end sem project\datasets\20200427_UOWM_IEC104_Dataset_c_se_na_1.7z::20200427_UOWM_IEC104_Dataset_c_se_na_1/20200427_UOWM_IEC104_Dataset_c_se_na_1_iecserver5/20200427_UOWM_IEC104_Dataset_c_se_na_1_iecserver5_iec104_only.pcapiec104_network_flow_leayer.csv,119,238,0,238,117,121,238
D:\SEM - IV\23ELC212 - Machine Learning\end sem project\datasets\20200427_UOWM_IEC104_Dataset_c_se_na_1.7z::20200427_UOWM_IEC104_Dataset_c_se_na_1/20200427_UOWM_IEC104_Dataset_c_se_na_1_iecserver6/20200427_UOWM_IEC104_Dataset_c_se_na_1_iecserver6_iec104_only.pcapiec104_network_flow_leayer.csv,119,238,0,238,117,121,238
D:\SEM - IV\23ELC212 - Machine Learning\end sem project\datasets\20200427_UOWM_IEC104_Dataset_c_se_na_1.7z::20200427_UOWM_IEC104_Dataset_c_se_na_1/20200427_UOWM_IEC104_Dataset_c_se_na_1_iecserver7/20200427_UOWM_IEC104_Dataset_c_se_na_1_iecserver7_iec104_only.pcapiec104_network_flow_leayer.csv,119,229,0,229,117,112,229
D:\SEM - IV\23ELC212 - Machine Learning\end sem project\datasets\20200427_UOWM_IEC104_Dataset_c_se_na_1.7z::20200427_UOWM_IEC104_Dataset_c_se_na_1/20200427_UOWM_IEC104_Dataset_c_se_na_1_qtester/20200427_UOWM_IEC104_Dataset_c_se_na_1_qtester_iec104_only.pcapiec104_network_flow_leayer.csv,119,816,0,816,816,0,816
D:\SEM - IV\23ELC212 - Machine Learning\end sem project\datasets\20200428_UOWM_IEC104_Dataset_c_sc_na_1.7z::20200428_UOWM_IEC104_Dataset_c_sc_na_1/20200428_UOWM_IEC104_Dataset_c_sc_na_1_attacker1/20200428_UOWM_IEC104_Dataset_c_sc_na_1_attacker1_iec104_only.pcapiec104_network_flow_leayer.csv,119,208,0,208,0,208,208
D:\SEM - IV\23ELC212 - Machine Learning\end sem project\datasets\20200428_UOWM_IEC104_Dataset_c_sc_na_1.7z::20200428_UOWM_IEC104_Dataset_c_sc_na_1/20200428_UOWM_IEC104_Dataset_c_sc_na_1_attacker2/20200428_UOWM_IEC104_Dataset_c_sc_na_1_attacker2_iec104_only.pcapiec104_network_flow_leayer.csv,119,219,0,219,0,219,219
D:\SEM - IV\23ELC212 - Machine Learning\end sem project\datasets\20200428_UOWM_IEC104_Dataset_c_sc_na_1.7z::20200428_UOWM_IEC104_Dataset_c_sc_na_1/20200428_UOWM_IEC104_Dataset_c_sc_na_1_attacker3/20200428_UOWM_IEC104_Dataset_c_sc_na_1_attacker3_iec104_only.pcapiec104_network_flow_leayer.csv,119,314,0,314,0,314,314
D:\SEM - IV\23ELC212 - Machine Learning\end sem project\datasets\20200428_UOWM_IEC104_Dataset_c_sc_na_1.7z::20200428_UOWM_IEC104_Dataset_c_sc_na_1/20200428_UOWM_IEC104_Dataset_c_sc_na_1_iecserver1/20200428_UOWM_IEC104_Dataset_c_sc_na_1_iecserver1_iec104_only.pcapiec104_network_flow_leayer.csv,119,228,0,228,120,108,228
D:\SEM - IV\23ELC212 - Machine Learning\end sem project\datasets\20200428_UOWM_IEC104_Dataset_c_sc_na_1.7z::20200428_UOWM_IEC104_Dataset_c_sc_na_1/20200428_UOWM_IEC104_Dataset_c_sc_na_1_iecserver2/20200428_UOWM_IEC104_Dataset_c_sc_na_1_iecserver2_iec104_only.pcapiec104_network_flow_leayer.csv,119,220,0,220,120,100,220
D:\SEM - IV\23ELC212 - Machine Learning\end sem project\datasets\20200428_UOWM_IEC104_Dataset_c_sc_na_1.7z::20200428_UOWM_IEC104_Dataset_c_sc_na_1/20200428_UOWM_IEC104_Dataset_c_sc_na_1_iecserver3/20200428_UOWM_IEC104_Dataset_c_sc_na_1_iecserver3_iec104_only.pcapiec104_network_flow_leayer.csv,119,222,0,222,119,103,222
D:\SEM - IV\23ELC212 - Machine Learning\end sem project\datasets\20200428_UOWM_IEC104_Dataset_c_sc_na_1.7z::20200428_UOWM_IEC104_Dataset_c_sc_na_1/20200428_UOWM_IEC104_Dataset_c_sc_na_1_iecserver4/20200428_UOWM_IEC104_Dataset_c_sc_na_1_iecserver4_iec104_only.pcapiec104_network_flow_leayer.csv,119,236,0,236,120,116,236
D:\SEM - IV\23ELC212 - Machine Learning\end sem project\datasets\20200428_UOWM_IEC104_Dataset_c_sc_na_1.7z::20200428_UOWM_IEC104_Dataset_c_sc_na_1/20200428_UOWM_IEC104_Dataset_c_sc_na_1_iecserver5/20200428_UOWM_IEC104_Dataset_c_sc_na_1_iecserver5_iec104_only.pcapiec104_network_flow_leayer.csv,119,244,0,244,120,124,244
D:\SEM - IV\23ELC212 - Machine Learning\end sem project\datasets\20200428_UOWM_IEC104_Dataset_c_sc_na_1.7z::20200428_UOWM_IEC104_Dataset_c_sc_na_1/20200428_UOWM_IEC104_Dataset_c_sc_na_1_iecserver6/20200428_UOWM_IEC104_Dataset_c_sc_na_1_iecserver6_iec104_only.pcapiec104_network_flow_leayer.csv,119,215,0,215,120,95,215
D:\SEM - IV\23ELC212 - Machine Learning\end sem project\datasets\20200428_UOWM_IEC104_Dataset_c_sc_na_1.7z::20200428_UOWM_IEC104_Dataset_c_sc_na_1/20200428_UOWM_IEC104_Dataset_c_sc_na_1_iecserver7/20200428_UOWM_IEC104_Dataset_c_sc_na_1_iecserver7_iec104_only.pcapiec104_network_flow_leayer.csv,119,215,0,215,120,95,215
D:\SEM - IV\23ELC212 - Machine Learning\end sem project\datasets\20200428_UOWM_IEC104_Dataset_c_sc_na_1.7z::20200428_UOWM_IEC104_Dataset_c_sc_na_1/20200428_UOWM_IEC104_Dataset_c_sc_na_1_qtester/20200428_UOWM_IEC104_Dataset_c_sc_na_1_qtester_iec104_only.pcapiec104_network_flow_leayer.csv,119,839,0,839,839,0,839
D:\SEM - IV\23ELC212 - Machine Learning\end sem project\datasets\20200429_UOWM_IEC104_Dataset_c_sc_na_1_DoS.7z::20200429_UOWM_IEC104_Dataset_c_sc_na_1_DoS/20200429_UOWM_IEC104_Dataset_c_sc_na_1_DoS_attacker1/20200429_UOWM_IEC104_Dataset_c_sc_na_1_DoS_attacker1_iec104_only.pcapiec104_network_flow_leayer.csv,119,534,0,534,0,534,534
D:\SEM - IV\23ELC212 - Machine Learning\end sem project\datasets\20200429_UOWM_IEC104_Dataset_c_sc_na_1_DoS.7z::20200429_UOWM_IEC104_Dataset_c_sc_na_1_DoS/20200429_UOWM_IEC104_Dataset_c_sc_na_1_DoS_attacker2/20200429_UOWM_IEC104_Dataset_c_sc_na_1_DoS_attacker2_iec104_only.pcapiec104_network_flow_leayer.csv,119,526,0,526,0,526,526
D:\SEM - IV\23ELC212 - Machine Learning\end sem project\datasets\20200429_UOWM_IEC104_Dataset_c_sc_na_1_DoS.7z::20200429_UOWM_IEC104_Dataset_c_sc_na_1_DoS/20200429_UOWM_IEC104_Dataset_c_sc_na_1_DoS_attacker3/20200429_UOWM_IEC104_Dataset_c_sc_na_1_DoS_attacker3_iec104_only.pcapiec104_network_flow_leayer.csv,119,784,0,784,0,784,784
D:\SEM - IV\23ELC212 - Machine Learning\end sem project\datasets\20200429_UOWM_IEC104_Dataset_c_sc_na_1_DoS.7z::20200429_UOWM_IEC104_Dataset_c_sc_na_1_DoS/20200429_UOWM_IEC104_Dataset_c_sc_na_1_DoS_iecserver1/20200429_UOWM_IEC104_Dataset_c_sc_na_1_DoS_iecserver1_iec104_only.pcapiec104_network_flow_leayer.csv,119,387,0,387,120,267,387
D:\SEM - IV\23ELC212 - Machine Learning\end sem project\datasets\20200429_UOWM_IEC104_Dataset_c_sc_na_1_DoS.7z::20200429_UOWM_IEC104_Dataset_c_sc_na_1_DoS/20200429_UOWM_IEC104_Dataset_c_sc_na_1_DoS_iecserver2/20200429_UOWM_IEC104_Dataset_c_sc_na_1_DoS_iecserver2_iec104_only.pcapiec104_network_flow_leayer.csv,119,387,0,387,120,267,387
D:\SEM - IV\23ELC212 - Machine Learning\end sem project\datasets\20200429_UOWM_IEC104_Dataset_c_sc_na_1_DoS.7z::20200429_UOWM_IEC104_Dataset_c_sc_na_1_DoS/20200429_UOWM_IEC104_Dataset_c_sc_na_1_DoS_iecserver3/20200429_UOWM_IEC104_Dataset_c_sc_na_1_DoS_iecserver3_iec104_only.pcapiec104_network_flow_leayer.csv,119,383,0,383,120,263,383
D:\SEM - IV\23ELC212 - Machine Learning\end sem project\datasets\20200429_UOWM_IEC104_Dataset_c_sc_na_1_DoS.7z::20200429_UOWM_IEC104_Dataset_c_sc_na_1_DoS/20200429_UOWM_IEC104_Dataset_c_sc_na_1_DoS_iecserver4/20200429_UOWM_IEC104_Dataset_c_sc_na_1_DoS_iecserver4_iec104_only.pcapiec104_network_flow_leayer.csv,119,382,0,382,119,263,382
D:\SEM - IV\23ELC212 - Machine Learning\end sem project\datasets\20200429_UOWM_IEC104_Dataset_c_sc_na_1_DoS.7z::20200429_UOWM_IEC104_Dataset_c_sc_na_1_DoS/20200429_UOWM_IEC104_Dataset_c_sc_na_1_DoS_iecserver5/20200429_UOWM_IEC104_Dataset_c_sc_na_1_DoS_iecserver5_iec104_only.pcapiec104_network_flow_leayer.csv,119,378,0,378,121,257,378
D:\SEM - IV\23ELC212 - Machine Learning\end sem project\datasets\20200429_UOWM_IEC104_Dataset_c_sc_na_1_DoS.7z::20200429_UOWM_IEC104_Dataset_c_sc_na_1_DoS/20200429_UOWM_IEC104_Dataset_c_sc_na_1_DoS_iecserver6/20200429_UOWM_IEC104_Dataset_c_sc_na_1_DoS_iecserver6_iec104_only.pcapiec104_network_flow_leayer.csv,119,390,0,390,120,270,390
D:\SEM - IV\23ELC212 - Machine Learning\end sem project\datasets\20200429_UOWM_IEC104_Dataset_c_sc_na_1_DoS.7z::20200429_UOWM_IEC104_Dataset_c_sc_na_1_DoS/20200429_UOWM_IEC104_Dataset_c_sc_na_1_DoS_iecserver7/20200429_UOWM_IEC104_Dataset_c_sc_na_1_DoS_iecserver7_iec104_only.pcapiec104_network_flow_leayer.csv,119,376,0,376,119,257,376
D:\SEM - IV\23ELC212 - Machine Learning\end sem project\datasets\20200429_UOWM_IEC104_Dataset_c_sc_na_1_DoS.7z::20200429_UOWM_IEC104_Dataset_c_sc_na_1_DoS/20200429_UOWM_IEC104_Dataset_c_sc_na_1_DoS_qtester/20200429_UOWM_IEC104_Dataset_c_sc_na_1_DoS_qtester_iec104_only.pcapiec104_network_flow_leayer.csv,119,839,0,839,839,0,839
D:\SEM - IV\23ELC212 - Machine Learning\end sem project\datasets\20200605_UOWM_IEC104_Dataset_c_rd_na_1.7z::20200605_UOWM_IEC104_Dataset_c_rd_na_1/20200605_UOWM_IEC104_Dataset_c_rd_na_1_attacker1/20200605_UOWM_IEC104_Dataset_c_rd_na_1_attacker1_iec104_only.pcapiec104_network_flow_leayer.csv,119,399,0,399,0,399,399
D:\SEM - IV\23ELC212 - Machine Learning\end sem project\datasets\20200605_UOWM_IEC104_Dataset_c_rd_na_1.7z::20200605_UOWM_IEC104_Dataset_c_rd_na_1/20200605_UOWM_IEC104_Dataset_c_rd_na_1_attacker2/20200605_UOWM_IEC104_Dataset_c_rd_na_1_attacker2_iec104_only.pcapiec104_network_flow_leayer.csv,119,410,0,410,0,410,410
D:\SEM - IV\23ELC212 - Machine Learning\end sem project\datasets\20200605_UOWM_IEC104_Dataset_c_rd_na_1.7z::20200605_UOWM_IEC104_Dataset_c_rd_na_1/20200605_UOWM_IEC104_Dataset_c_rd_na_1_attacker3/20200605_UOWM_IEC104_Dataset_c_rd_na_1_attacker3_iec104_only.pcapiec104_network_flow_leayer.csv,119,551,0,551,0,551,551
D:\SEM - IV\23ELC212 - Machine Learning\end sem project\datasets\20200605_UOWM_IEC104_Dataset_c_rd_na_1.7z::20200605_UOWM_IEC104_Dataset_c_rd_na_1/20200605_UOWM_IEC104_Dataset_c_rd_na_1_iecserver1/20200605_UOWM_IEC104_Dataset_c_rd_na_1_iecserver1_iec104_only.pcapiec104_network_flow_leayer.csv,119,346,0,346,147,199,346
D:\SEM - IV\23ELC212 - Machine Learning\end sem project\datasets\20200605_UOWM_IEC104_Dataset_c_rd_na_1.7z::20200605_UOWM_IEC104_Dataset_c_rd_na_1/20200605_UOWM_IEC104_Dataset_c_rd_na_1_iecserver2/20200605_UOWM_IEC104_Dataset_c_rd_na_1_iecserver2_iec104_only.pcapiec104_network_flow_leayer.csv,119,347,0,347,147,200,347
D:\SEM - IV\23ELC212 - Machine Learning\end sem project\datasets\20200605_UOWM_IEC104_Dataset_c_rd_na_1.7z::20200605_UOWM_IEC104_Dataset_c_rd_na_1/20200605_UOWM_IEC104_Dataset_c_rd_na_1_iecserver3/20200605_UOWM_IEC104_Dataset_c_rd_na_1_iecserver3_iec104_only.pcapiec104_network_flow_leayer.csv,119,353,0,353,148,205,353
D:\SEM - IV\23ELC212 - Machine Learning\end sem project\datasets\20200605_UOWM_IEC104_Dataset_c_rd_na_1.7z::20200605_UOWM_IEC104_Dataset_c_rd_na_1/20200605_UOWM_IEC104_Dataset_c_rd_na_1_iecserver4/20200605_UOWM_IEC104_Dataset_c_rd_na_1_iecserver4_iec104_only.pcapiec104_network_flow_leayer.csv,119,352,0,352,147,205,352
D:\SEM - IV\23ELC212 - Machine Learning\end sem project\datasets\20200605_UOWM_IEC104_Dataset_c_rd_na_1.7z::20200605_UOWM_IEC104_Dataset_c_rd_na_1/20200605_UOWM_IEC104_Dataset_c_rd_na_1_iecserver5/20200605_UOWM_IEC104_Dataset_c_rd_na_1_iecserver5_iec104_only.pcapiec104_network_flow_leayer.csv,119,330,0,330,147,183,330
D:\SEM - IV\23ELC212 - Machine Learning\end sem project\datasets\20200605_UOWM_IEC104_Dataset_c_rd_na_1.7z::20200605_UOWM_IEC104_Dataset_c_rd_na_1/20200605_UOWM_IEC104_Dataset_c_rd_na_1_iecserver6/20200605_UOWM_IEC104_Dataset_c_rd_na_1_iecserver6_iec104_only.pcapiec104_network_flow_leayer.csv,119,332,0,332,147,185,332
D:\SEM - IV\23ELC212 - Machine Learning\end sem project\datasets\20200605_UOWM_IEC104_Dataset_c_rd_na_1.7z::20200605_UOWM_IEC104_Dataset_c_rd_na_1/20200605_UOWM_IEC104_Dataset_c_rd_na_1_iecserver7/20200605_UOWM_IEC104_Dataset_c_rd_na_1_iecserver7_iec104_only.pcapiec104_network_flow_leayer.csv,119,330,0,330,147,183,330
D:\SEM - IV\23ELC212 - Machine Learning\end sem project\datasets\20200605_UOWM_IEC104_Dataset_c_rd_na_1.7z::20200605_UOWM_IEC104_Dataset_c_rd_na_1/20200605_UOWM_IEC104_Dataset_c_rd_na_1_qtester/20200605_UOWM_IEC104_Dataset_c_rd_na_1_qtester_iec104_only.pcapiec104_network_flow_leayer.csv,119,1030,0,1030,1030,0,1030
D:\SEM - IV\23ELC212 - Machine Learning\end sem project\datasets\20200605_UOWM_IEC104_Dataset_c_rd_na_1_DoS.7z::20200605_UOWM_IEC104_Dataset_c_rd_na_1_DoS/20200605_UOWM_IEC104_Dataset_c_rd_na_1_DoS_attacker1/20200605_UOWM_IEC104_Dataset_c_rd_na_1_DoS_attacker1_iec104_only.pcapiec104_network_flow_leayer.csv,119,706,0,706,0,706,706
D:\SEM - IV\23ELC212 - Machine Learning\end sem project\datasets\20200605_UOWM_IEC104_Dataset_c_rd_na_1_DoS.7z::20200605_UOWM_IEC104_Dataset_c_rd_na_1_DoS/20200605_UOWM_IEC104_Dataset_c_rd_na_1_DoS_attacker2/20200605_UOWM_IEC104_Dataset_c_rd_na_1_DoS_attacker2_iec104_only.pcapiec104_network_flow_leayer.csv,119,724,0,724,0,724,724
D:\SEM - IV\23ELC212 - Machine Learning\end sem project\datasets\20200605_UOWM_IEC104_Dataset_c_rd_na_1_DoS.7z::20200605_UOWM_IEC104_Dataset_c_rd_na_1_DoS/20200605_UOWM_IEC104_Dataset_c_rd_na_1_DoS_attacker3/20200605_UOWM_IEC104_Dataset_c_rd_na_1_DoS_attacker3_iec104_only.pcapiec104_network_flow_leayer.csv,119,1057,0,1057,0,1057,1057
D:\SEM - IV\23ELC212 - Machine Learning\end sem project\datasets\20200605_UOWM_IEC104_Dataset_c_rd_na_1_DoS.7z::20200605_UOWM_IEC104_Dataset_c_rd_na_1_DoS/20200605_UOWM_IEC104_Dataset_c_rd_na_1_DoS_iecserver1/20200605_UOWM_IEC104_Dataset_c_rd_na_1_DoS_iecserver1_iec104_only.pcapiec104_network_flow_leayer.csv,119,499,0,499,146,353,499
D:\SEM - IV\23ELC212 - Machine Learning\end sem project\datasets\20200605_UOWM_IEC104_Dataset_c_rd_na_1_DoS.7z::20200605_UOWM_IEC104_Dataset_c_rd_na_1_DoS/20200605_UOWM_IEC104_Dataset_c_rd_na_1_DoS_iecserver2/20200605_UOWM_IEC104_Dataset_c_rd_na_1_DoS_iecserver2_iec104_only.pcapiec104_network_flow_leayer.csv,119,499,0,499,146,353,499
D:\SEM - IV\23ELC212 - Machine Learning\end sem project\datasets\20200605_UOWM_IEC104_Dataset_c_rd_na_1_DoS.7z::20200605_UOWM_IEC104_Dataset_c_rd_na_1_DoS/20200605_UOWM_IEC104_Dataset_c_rd_na_1_DoS_iecserver3/20200605_UOWM_IEC104_Dataset_c_rd_na_1_DoS_iecserver3_iec104_only.pcapiec104_network_flow_leayer.csv,119,508,0,508,146,362,508
D:\SEM - IV\23ELC212 - Machine Learning\end sem project\datasets\20200605_UOWM_IEC104_Dataset_c_rd_na_1_DoS.7z::20200605_UOWM_IEC104_Dataset_c_rd_na_1_DoS/20200605_UOWM_IEC104_Dataset_c_rd_na_1_DoS_iecserver4/20200605_UOWM_IEC104_Dataset_c_rd_na_1_DoS_iecserver4_iec104_only.pcapiec104_network_flow_leayer.csv,119,508,0,508,146,362,508
D:\SEM - IV\23ELC212 - Machine Learning\end sem project\datasets\20200605_UOWM_IEC104_Dataset_c_rd_na_1_DoS.7z::20200605_UOWM_IEC104_Dataset_c_rd_na_1_DoS/20200605_UOWM_IEC104_Dataset_c_rd_na_1_DoS_iecserver5/20200605_UOWM_IEC104_Dataset_c_rd_na_1_DoS_iecserver5_iec104_only.pcapiec104_network_flow_leayer.csv,119,498,0,498,145,353,498
D:\SEM - IV\23ELC212 - Machine Learning\end sem project\datasets\20200605_UOWM_IEC104_Dataset_c_rd_na_1_DoS.7z::20200605_UOWM_IEC104_Dataset_c_rd_na_1_DoS/20200605_UOWM_IEC104_Dataset_c_rd_na_1_DoS_iecserver6/20200605_UOWM_IEC104_Dataset_c_rd_na_1_DoS_iecserver6_iec104_only.pcapiec104_network_flow_leayer.csv,119,499,0,499,147,352,499
D:\SEM - IV\23ELC212 - Machine Learning\end sem project\datasets\20200605_UOWM_IEC104_Dataset_c_rd_na_1_DoS.7z::20200605_UOWM_IEC104_Dataset_c_rd_na_1_DoS/20200605_UOWM_IEC104_Dataset_c_rd_na_1_DoS_iecserver7/20200605_UOWM_IEC104_Dataset_c_rd_na_1_DoS_iecserver7_iec104_only.pcapiec104_network_flow_leayer.csv,119,499,0,499,147,352,499
D:\SEM - IV\23ELC212 - Machine Learning\end sem project\datasets\20200605_UOWM_IEC104_Dataset_c_rd_na_1_DoS.7z::20200605_UOWM_IEC104_Dataset_c_rd_na_1_DoS/20200605_UOWM_IEC104_Dataset_c_rd_na_1_DoS_qtester/20200605_UOWM_IEC104_Dataset_c_rd_na_1_DoS_qtester_iec104_only.pcapiec104_network_flow_leayer.csv,119,1023,0,1023,1023,0,1023
D:\SEM - IV\23ELC212 - Machine Learning\end sem project\datasets\20200606_UOWM_IEC104_Dataset_c_rp_na_1.7z::20200606_UOWM_IEC104_Dataset_c_rp_na_1/20200606_UOWM_IEC104_Dataset_c_rp_na_1_attacker1/20200606_UOWM_IEC104_Dataset_c_rp_na_1_attacker1_iec104_only.pcapiec104_network_flow_leayer.csv,119,422,0,422,0,422,422
D:\SEM - IV\23ELC212 - Machine Learning\end sem project\datasets\20200606_UOWM_IEC104_Dataset_c_rp_na_1.7z::20200606_UOWM_IEC104_Dataset_c_rp_na_1/20200606_UOWM_IEC104_Dataset_c_rp_na_1_attacker2/20200606_UOWM_IEC104_Dataset_c_rp_na_1_attacker2_iec104_only.pcapiec104_network_flow_leayer.csv,119,428,0,428,0,428,428
D:\SEM - IV\23ELC212 - Machine Learning\end sem project\datasets\20200606_UOWM_IEC104_Dataset_c_rp_na_1.7z::20200606_UOWM_IEC104_Dataset_c_rp_na_1/20200606_UOWM_IEC104_Dataset_c_rp_na_1_attacker3/20200606_UOWM_IEC104_Dataset_c_rp_na_1_attacker3_iec104_only.pcapiec104_network_flow_leayer.csv,119,600,0,600,0,600,600
D:\SEM - IV\23ELC212 - Machine Learning\end sem project\datasets\20200606_UOWM_IEC104_Dataset_c_rp_na_1.7z::20200606_UOWM_IEC104_Dataset_c_rp_na_1/20200606_UOWM_IEC104_Dataset_c_rp_na_1_iecserver1/20200606_UOWM_IEC104_Dataset_c_rp_na_1_iecserver1_iec104_only.pcapiec104_network_flow_leayer.csv,119,360,0,360,149,211,360
D:\SEM - IV\23ELC212 - Machine Learning\end sem project\datasets\20200606_UOWM_IEC104_Dataset_c_rp_na_1.7z::20200606_UOWM_IEC104_Dataset_c_rp_na_1/20200606_UOWM_IEC104_Dataset_c_rp_na_1_iecserver2/20200606_UOWM_IEC104_Dataset_c_rp_na_1_iecserver2_iec104_only.pcapiec104_network_flow_leayer.csv,119,360,0,360,149,211,360
D:\SEM - IV\23ELC212 - Machine Learning\end sem project\datasets\20200606_UOWM_IEC104_Dataset_c_rp_na_1.7z::20200606_UOWM_IEC104_Dataset_c_rp_na_1/20200606_UOWM_IEC104_Dataset_c_rp_na_1_iecserver3/20200606_UOWM_IEC104_Dataset_c_rp_na_1_iecserver3_iec104_only.pcapiec104_network_flow_leayer.csv,119,363,0,363,149,214,363
D:\SEM - IV\23ELC212 - Machine Learning\end sem project\datasets\20200606_UOWM_IEC104_Dataset_c_rp_na_1.7z::20200606_UOWM_IEC104_Dataset_c_rp_na_1/20200606_UOWM_IEC104_Dataset_c_rp_na_1_iecserver4/20200606_UOWM_IEC104_Dataset_c_rp_na_1_iecserver4_iec104_only.pcapiec104_network_flow_leayer.csv,119,363,0,363,149,214,363
D:\SEM - IV\23ELC212 - Machine Learning\end sem project\datasets\20200606_UOWM_IEC104_Dataset_c_rp_na_1.7z::20200606_UOWM_IEC104_Dataset_c_rp_na_1/20200606_UOWM_IEC104_Dataset_c_rp_na_1_iecserver5/20200606_UOWM_IEC104_Dataset_c_rp_na_1_iecserver5_iec104_only.pcapiec104_network_flow_leayer.csv,119,348,0,348,148,200,348
D:\SEM - IV\23ELC212 - Machine Learning\end sem project\datasets\20200606_UOWM_IEC104_Dataset_c_rp_na_1.7z::20200606_UOWM_IEC104_Dataset_c_rp_na_1/20200606_UOWM_IEC104_Dataset_c_rp_na_1_iecserver6/20200606_UOWM_IEC104_Dataset_c_rp_na_1_iecserver6_iec104_only.pcapiec104_network_flow_leayer.csv,119,348,0,348,148,200,348
D:\SEM - IV\23ELC212 - Machine Learning\end sem project\datasets\20200606_UOWM_IEC104_Dataset_c_rp_na_1.7z::20200606_UOWM_IEC104_Dataset_c_rp_na_1/20200606_UOWM_IEC104_Dataset_c_rp_na_1_iecserver7/20200606_UOWM_IEC104_Dataset_c_rp_na_1_iecserver7_iec104_only.pcapiec104_network_flow_leayer.csv,119,348,0,348,148,200,348
D:\SEM - IV\23ELC212 - Machine Learning\end sem project\datasets\20200606_UOWM_IEC104_Dataset_c_rp_na_1.7z::20200606_UOWM_IEC104_Dataset_c_rp_na_1/20200606_UOWM_IEC104_Dataset_c_rp_na_1_qtester/20200606_UOWM_IEC104_Dataset_c_rp_na_1_qtester_iec104_only.pcapiec104_network_flow_leayer.csv,119,1040,0,1040,1040,0,1040
D:\SEM - IV\23ELC212 - Machine Learning\end sem project\datasets\20200606_UOWM_IEC104_Dataset_c_rp_na_1_DoS.7z::20200606_UOWM_IEC104_Dataset_c_rp_na_1_DoS/20200606_UOWM_IEC104_Dataset_c_rp_na_1_DoS_attacker1/20200606_UOWM_IEC104_Dataset_c_rp_na_1_DoS_attacker1_iec104_only.pcapiec104_network_flow_leayer.csv,119,712,0,712,0,712,712
D:\SEM - IV\23ELC212 - Machine Learning\end sem project\datasets\20200606_UOWM_IEC104_Dataset_c_rp_na_1_DoS.7z::20200606_UOWM_IEC104_Dataset_c_rp_na_1_DoS/20200606_UOWM_IEC104_Dataset_c_rp_na_1_DoS_attacker2/20200606_UOWM_IEC104_Dataset_c_rp_na_1_DoS_attacker2_iec104_only.pcapiec104_network_flow_leayer.csv,119,708,0,708,0,708,708
D:\SEM - IV\23ELC212 - Machine Learning\end sem project\datasets\20200606_UOWM_IEC104_Dataset_c_rp_na_1_DoS.7z::20200606_UOWM_IEC104_Dataset_c_rp_na_1_DoS/20200606_UOWM_IEC104_Dataset_c_rp_na_1_DoS_attacker3/20200606_UOWM_IEC104_Dataset_c_rp_na_1_DoS_attacker3_iec104_only.pcapiec104_network_flow_leayer.csv,119,1065,0,1065,0,1065,1065
D:\SEM - IV\23ELC212 - Machine Learning\end sem project\datasets\20200606_UOWM_IEC104_Dataset_c_rp_na_1_DoS.7z::20200606_UOWM_IEC104_Dataset_c_rp_na_1_DoS/20200606_UOWM_IEC104_Dataset_c_rp_na_1_DoS_iecserver1/20200606_UOWM_IEC104_Dataset_c_rp_na_1_DoS_iecserver1_iec104_only.pcapiec104_network_flow_leayer.csv,119,501,0,501,145,356,501
D:\SEM - IV\23ELC212 - Machine Learning\end sem project\datasets\20200606_UOWM_IEC104_Dataset_c_rp_na_1_DoS.7z::20200606_UOWM_IEC104_Dataset_c_rp_na_1_DoS/20200606_UOWM_IEC104_Dataset_c_rp_na_1_DoS_iecserver2/20200606_UOWM_IEC104_Dataset_c_rp_na_1_DoS_iecserver2_iec104_only.pcapiec104_network_flow_leayer.csv,119,501,0,501,145,356,501
D:\SEM - IV\23ELC212 - Machine Learning\end sem project\datasets\20200606_UOWM_IEC104_Dataset_c_rp_na_1_DoS.7z::20200606_UOWM_IEC104_Dataset_c_rp_na_1_DoS/20200606_UOWM_IEC104_Dataset_c_rp_na_1_DoS_iecserver3/20200606_UOWM_IEC104_Dataset_c_rp_na_1_DoS_iecserver3_iec104_only.pcapiec104_network_flow_leayer.csv,119,500,0,500,146,354,500
D:\SEM - IV\23ELC212 - Machine Learning\end sem project\datasets\20200606_UOWM_IEC104_Dataset_c_rp_na_1_DoS.7z::20200606_UOWM_IEC104_Dataset_c_rp_na_1_DoS/20200606_UOWM_IEC104_Dataset_c_rp_na_1_DoS_iecserver4/20200606_UOWM_IEC104_Dataset_c_rp_na_1_DoS_iecserver4_iec104_only.pcapiec104_network_flow_leayer.csv,119,499,0,499,145,354,499
D:\SEM - IV\23ELC212 - Machine Learning\end sem project\datasets\20200606_UOWM_IEC104_Dataset_c_rp_na_1_DoS.7z::20200606_UOWM_IEC104_Dataset_c_rp_na_1_DoS/20200606_UOWM_IEC104_Dataset_c_rp_na_1_DoS_iecserver5/20200606_UOWM_IEC104_Dataset_c_rp_na_1_DoS_iecserver5_iec104_only.pcapiec104_network_flow_leayer.csv,119,501,0,501,146,355,501
D:\SEM - IV\23ELC212 - Machine Learning\end sem project\datasets\20200606_UOWM_IEC104_Dataset_c_rp_na_1_DoS.7z::20200606_UOWM_IEC104_Dataset_c_rp_na_1_DoS/20200606_UOWM_IEC104_Dataset_c_rp_na_1_DoS_iecserver6/20200606_UOWM_IEC104_Dataset_c_rp_na_1_DoS_iecserver6_iec104_only.pcapiec104_network_flow_leayer.csv,119,500,0,500,145,355,500
D:\SEM - IV\23ELC212 - Machine Learning\end sem project\datasets\20200606_UOWM_IEC104_Dataset_c_rp_na_1_DoS.7z::20200606_UOWM_IEC104_Dataset_c_rp_na_1_DoS/20200606_UOWM_IEC104_Dataset_c_rp_na_1_DoS_iecserver7/20200606_UOWM_IEC104_Dataset_c_rp_na_1_DoS_iecserver7_iec104_only.pcapiec104_network_flow_leayer.csv,119,500,0,500,145,355,500
D:\SEM - IV\23ELC212 - Machine Learning\end sem project\datasets\20200606_UOWM_IEC104_Dataset_c_rp_na_1_DoS.7z::20200606_UOWM_IEC104_Dataset_c_rp_na_1_DoS/20200606_UOWM_IEC104_Dataset_c_rp_na_1_DoS_qtester/20200606_UOWM_IEC104_Dataset_c_rp_na_1_DoS_qtester_iec104_only.pcapiec104_network_flow_leayer.csv,119,1017,0,1017,1017,0,1017
