fpr,tpr,threshold
0.0,0.0,inf
0.0010214504596527069,0.14650993698497333,1.0
0.0010214504596527069,0.14760058167716916,0.9999492913395085
0.0011065713312904324,0.14760058167716916,0.9999457473175261
0.0011065713312904324,0.14844886088221038,0.999896211577989
0.001191692202928158,0.14844886088221038,0.9998729024764658
0.001191692202928158,0.1494183228308289,0.9997656829688751
0.0012768130745658835,0.1494183228308289,0.9997620037177014
0.0012768130745658835,0.1495395055744062,0.9997536996326688
0.001361933946203609,0.1495395055744062,0.9997203802408193
0.001361933946203609,0.15050896752302473,0.9994754725630715
0.0014470548178413347,0.15050896752302473,0.9994585915486526
0.0014470548178413347,0.1511148812409113,0.9993267001567407
0.0015321756894790602,0.1511148812409113,0.9993079913528976
0.0015321756894790602,0.152932622394571,0.9988275976878134
0.001617296561116786,0.152932622394571,0.9988260474103251
0.001617296561116786,0.15378090159961222,0.9985767343365949
0.0017024174327545114,0.15378090159961222,0.9985475578132111
0.0017024174327545114,0.15402326708676684,0.9984285339874835
0.001787538304392237,0.15402326708676684,0.9982685506695346
0.001787538304392237,0.1545079980610761,0.9979266630628233
0.0018726591760299626,0.1545079980610761,0.9979215153651109
0.0018726591760299626,0.15499272903538536,0.9974602376673319
0.001957780047667688,0.15499272903538536,0.9974204242922675
0.001957780047667688,0.15559864275327193,0.9970953253946747
0.0020429009193054137,0.15559864275327193,0.9970283060962291
0.0020429009193054137,0.15584100824042657,0.9969036438854233
0.0021280217909431394,0.15584100824042657,0.9968991824139742
0.0021280217909431394,0.15656810470189045,0.9965820209082433
0.0022982635342185904,0.15656810470189045,0.9964320245879572
0.0022982635342185904,0.1570528356761997,0.9961150266465166
0.002383384405856316,0.1570528356761997,0.9960053637014208
0.002383384405856316,0.1577799321376636,0.9954233603637653
0.002553626149131767,0.1577799321376636,0.9952371171897775
0.002553626149131767,0.1585070285991275,0.9950866239066627
0.002723867892407218,0.1585070285991275,0.99485517858621
0.002723867892407218,0.1587493940862821,0.9946715918558572
0.0028089887640449437,0.1587493940862821,0.9946650880478535
0.0028089887640449437,0.15923412506059137,0.9944470647103256
0.0028941096356826694,0.15923412506059137,0.9944023529796435
0.0028941096356826694,0.1604459524963645,0.9934533807127047
0.003149472250595846,0.1604459524963645,0.993321398999967
0.003149472250595846,0.16129423170140572,0.9928589987727549
0.003234593122233572,0.16129423170140572,0.9928444445097716
0.003234593122233572,0.16165777993213767,0.9926202415169447
0.003319713993871297,0.16165777993213767,0.9926195767093534
0.003319713993871297,0.1620213281628696,0.9921389078673394
0.0034048348655090228,0.1620213281628696,0.9921372104647874
0.0034048348655090228,0.16262724188075617,0.9917402634295589
0.0034899557371467485,0.16262724188075617,0.991634057586077
0.0034899557371467485,0.16323315559864277,0.9913758025426004
0.003575076608784474,0.16323315559864277,0.9913555717727505
0.003575076608784474,0.16335433834222007,0.9913333177772287
0.003745318352059925,0.16335433834222007,0.9911818756855872
0.003745318352059925,0.16420261754726126,0.9902051795827406
0.003830439223697651,0.16420261754726126,0.9901766029588142
0.003830439223697651,0.16505089675230247,0.9894397503116159
0.004000680966973102,0.16505089675230247,0.9892873559615164
0.004000680966973102,0.1652932622394571,0.9891535160783846
0.004256043581886279,0.1652932622394571,0.9889390988808416
0.004256043581886279,0.16577799321376635,0.9888312458815729
0.004341164453524004,0.16577799321376635,0.9888178781453287
0.004341164453524004,0.1661415414444983,0.9881826849282401
0.004426285325161729,0.1661415414444983,0.9881709689810019
0.004426285325161729,0.16686863790596218,0.9878584565931846
0.004511406196799455,0.16686863790596218,0.9878065663185152
0.004511406196799455,0.16723218613669413,0.987731571107812
0.004596527068437181,0.16723218613669413,0.9876833917943285
0.004596527068437181,0.16832283082888996,0.987186454968663
0.0046816479400749065,0.16832283082888996,0.9871464193510076
0.0046816479400749065,0.16868637905962192,0.9869190840515496
0.004766768811712632,0.16868637905962192,0.9867944373491558
0.004766768811712632,0.16929229277750849,0.9864808805084934
0.004851889683350358,0.16929229277750849,0.9861887109350421
0.004851889683350358,0.16965584100824044,0.9860656323873672
0.0050221314266258085,0.16965584100824044,0.9860104104481229
0.0050221314266258085,0.17050412021328162,0.9856891408136234
0.005107252298263534,0.17050412021328162,0.9856819685872295
0.005107252298263534,0.17062530295685893,0.9854769405544092
0.00519237316990126,0.17062530295685893,0.9854459813818514
0.00519237316990126,0.17086766844401358,0.9849292308340761
0.005447735784814436,0.17086766844401358,0.9846553114208721
0.005447735784814436,0.1711100339311682,0.9845688763134661
0.005532856656452162,0.1711100339311682,0.9844898509322324
0.005532856656452162,0.17135239941832284,0.9843816867001054
0.005703098399727613,0.17135239941832284,0.9842822359076558
0.005703098399727613,0.17159476490547745,0.9840459432301413
0.005788219271365339,0.17159476490547745,0.9839583600086761
0.005788219271365339,0.1718371303926321,0.9839268535092104
0.005873340143003065,0.1718371303926321,0.9838910917662613
0.005873340143003065,0.1719583131362094,0.9838193784747328
0.00595846101464079,0.1719583131362094,0.9838162222152993
0.00595846101464079,0.17256422685409598,0.983411209901698
0.006384065372829418,0.17256422685409598,0.9829553432519954
0.006384065372829418,0.1751090644692196,0.9813732511885754
0.006554307116104869,0.1751090644692196,0.9813208808744084
0.006554307116104869,0.1753514299563742,0.9812128788974798
0.006894790602655771,0.1753514299563742,0.9807697003414052
0.006894790602655771,0.17595734367426077,0.9803276303307221
0.006979911474293497,0.17595734367426077,0.9802639607695182
0.006979911474293497,0.176805622879302,0.9797465298064302
0.007235274089206673,0.176805622879302,0.9794894802185314
0.007235274089206673,0.1770479883664566,0.9794724210830402
0.007320394960844399,0.1770479883664566,0.9794166104115383
0.007320394960844399,0.17716917111003394,0.9793443594169731
0.007405515832482125,0.17716917111003394,0.9792719680427017
0.007405515832482125,0.17825981580222977,0.9785688323061935
0.00749063670411985,0.17825981580222977,0.9785134054716074
0.00749063670411985,0.1785021812893844,0.9783864787809989
0.007575757575757576,0.1785021812893844,0.9781351572373387
0.007575757575757576,0.17971400872515753,0.9769769731411041
0.007660878447395302,0.17971400872515753,0.9769342661221355
0.007660878447395302,0.18031992244304412,0.9765995724175683
0.0077459993190330265,0.18031992244304412,0.9765453731801907
0.0077459993190330265,0.181047018904508,0.9761905427206875
0.007831120190670752,0.181047018904508,0.9761815137240568
0.007831120190670752,0.18141056713523995,0.9760394129084624
0.007916241062308479,0.18141056713523995,0.9759700614083116
0.007916241062308479,0.1827435773145904,0.9750510387215165
0.008001361933946204,0.1827435773145904,0.9750465498552506
0.008001361933946204,0.18298594280174504,0.9749118438834763
0.008086482805583928,0.18298594280174504,0.9749014510796866
0.008086482805583928,0.18310712554532235,0.9748585994582913
0.008341845420497106,0.18310712554532235,0.9746145177225232
0.008341845420497106,0.18322830828889966,0.974557239951916
0.008426966292134831,0.18322830828889966,0.9744697890860609
0.008426966292134831,0.18371303926320892,0.9742459913518391
0.008597208035410283,0.18371303926320892,0.9740431594253071
0.008597208035410283,0.18407658749394087,0.9739162394619674
0.008767449778685734,0.18407658749394087,0.9738191282821964
0.008767449778685734,0.1844401357246728,0.9731920835067843
0.008852570650323459,0.1844401357246728,0.9729190374811868
0.008852570650323459,0.18492486669898206,0.97272532929368
0.008937691521961185,0.18492486669898206,0.9725716392092385
0.008937691521961185,0.18553078041686863,0.9719444554761514
0.00902281239359891,0.18553078041686863,0.9718741058807712
0.00902281239359891,0.18565196316044597,0.9718418497042138
0.009107933265236637,0.18565196316044597,0.9717005861977633
0.009107933265236637,0.18637905962190984,0.971202593326685
0.009363295880149813,0.18637905962190984,0.9705947490565218
0.009363295880149813,0.18759088705768298,0.9693336172694863
0.009448416751787538,0.18759088705768298,0.9692385354539665
0.009448416751787538,0.18819680077556955,0.9687423293922179
0.00978890023833844,0.18819680077556955,0.9684691496785024
0.00978890023833844,0.1884391662627242,0.968212076157505
0.009874021109976166,0.1884391662627242,0.9681361660402718
0.009874021109976166,0.1885603490063015,0.9681359541780858
0.010044262853251617,0.1885603490063015,0.968095567947787
0.010044262853251617,0.1886815317498788,0.9680113220039659
0.010214504596527068,0.1886815317498788,0.9676984644213321
0.010214504596527068,0.18940862821134272,0.9673973500238973
0.010299625468164793,0.18940862821134272,0.9673614536180514
0.010299625468164793,0.18952981095492002,0.9673549866515578
0.010640108954715696,0.18952981095492002,0.9670224119856197
0.010640108954715696,0.1901357246728066,0.9664373198484731
0.010810350697991147,0.1901357246728066,0.9662393875471704
0.010810350697991147,0.1902569074163839,0.9662206810454268
0.011065713312904324,0.1902569074163839,0.9661765824547581
0.011065713312904324,0.19062045564711586,0.9660441285729686
0.01115083418454205,0.19062045564711586,0.9660265030952735
0.01115083418454205,0.19134755210857973,0.9650992946968012
0.011235955056179775,0.19134755210857973,0.9650135144860773
0.011235955056179775,0.19146873485215704,0.9649310832443835
0.011321075927817502,0.19146873485215704,0.9648310542554843
0.011321075927817502,0.19231701405719825,0.9638362485237382
0.011576438542730678,0.19231701405719825,0.9637140217801663
0.011576438542730678,0.19255937954435287,0.9635741783456543
0.011661559414368403,0.19255937954435287,0.9635602677368129
0.011661559414368403,0.19280174503150752,0.9633368886907945
0.01174668028600613,0.19280174503150752,0.9633148174817593
0.01174668028600613,0.19292292777508482,0.963253637461855
0.011831801157643854,0.19292292777508482,0.9631461315146451
0.011831801157643854,0.19316529326223947,0.9630495750106328
0.012002042900919305,0.19316529326223947,0.962666245338081
0.012002042900919305,0.19365002423654873,0.9623567020372991
0.01208716377255703,0.19365002423654873,0.9623423350980554
0.01208716377255703,0.19377120698012604,0.9622926569368869
0.012172284644194757,0.19377120698012604,0.9622308377597765
0.012172284644194757,0.19401357246728065,0.962069983693603
0.012427647259107933,0.19401357246728065,0.9618807706360667
0.012427647259107933,0.1943771206980126,0.9616781487532986
0.01251276813074566,0.1943771206980126,0.9613675112095371
0.01251276813074566,0.19474066892874456,0.9610130644974401
0.01268300987402111,0.19474066892874456,0.9609709288736628
0.01268300987402111,0.1952253999030538,0.96081319920445
0.012938372488934287,0.1952253999030538,0.960740110558104
0.012938372488934287,0.19534658264663113,0.9606621180815473
0.013023493360572012,0.19534658264663113,0.9606159837829608
0.013023493360572012,0.19546776539020844,0.9606119308428904
0.013108614232209739,0.19546776539020844,0.9606041714549116
0.013108614232209739,0.19558894813378574,0.9605587007978754
0.013193735103847463,0.19558894813378574,0.9603925314625046
0.013193735103847463,0.19571013087736305,0.9603079947849575
0.013278855975485188,0.19571013087736305,0.9602510597870239
0.013278855975485188,0.1959524963645177,0.9601372481779846
0.013363976847122915,0.1959524963645177,0.9600412805996971
0.013363976847122915,0.19643722733882696,0.9599344775852795
0.01344909771876064,0.19643722733882696,0.9598783600146304
0.01344909771876064,0.19692195831313622,0.9596276997449481
0.013534218590398366,0.19692195831313622,0.9593990998807844
0.013534218590398366,0.19704314105671353,0.9593954044591688
0.013704460333673818,0.19704314105671353,0.9591422160004587
0.013704460333673818,0.19740668928744548,0.9586770765329152
0.013789581205311542,0.19740668928744548,0.9586210950283642
0.013789581205311542,0.1975278720310228,0.9586144386533295
0.013959822948586994,0.1975278720310228,0.9584111807064872
0.013959822948586994,0.1976490547746001,0.9582927508511258
0.014130064691862445,0.1976490547746001,0.9580300766169875
0.014130064691862445,0.1984973339796413,0.957839329961656
0.01421518556350017,0.1984973339796413,0.9577540181047125
0.01421518556350017,0.19873969946679593,0.9577268299220896
0.014385427306775622,0.19873969946679593,0.9570199963773415
0.014385427306775622,0.1994667959282598,0.9564887555901903
0.014555669050051073,0.1994667959282598,0.9563573013634689
0.014555669050051073,0.19995152690256907,0.9560054864467279
0.014725910793326524,0.19995152690256907,0.9557994516163228
0.014725910793326524,0.2000727096461464,0.9557679498565694
0.014896152536601974,0.2000727096461464,0.9557171032311665
0.014896152536601974,0.2009209888511876,0.9552710821383918
0.0149812734082397,0.2009209888511876,0.9550540090480626
0.0149812734082397,0.2010421715947649,0.9550039818150649
0.015066394279877425,0.2010421715947649,0.9549699123717819
0.015066394279877425,0.20116335433834223,0.9548016548818505
0.015151515151515152,0.20116335433834223,0.9545972637231283
0.015151515151515152,0.20164808531265146,0.9544502687233414
0.015236636023152877,0.20164808531265146,0.9544042598570414
0.015236636023152877,0.20213281628696073,0.9539375109659237
0.015321756894790603,0.20213281628696073,0.9539269264033698
0.015321756894790603,0.20310227823557925,0.9532427236873098
0.015406877766428328,0.20310227823557925,0.9531304532683922
0.015406877766428328,0.20382937469704315,0.9524998186228677
0.01557711950970378,0.20382937469704315,0.9523755651570628
0.01557711950970378,0.20443528841492972,0.9519369899305923
0.015832482124616958,0.20443528841492972,0.9519150307207019
0.015832482124616958,0.20576829859428017,0.9506539905889038
0.015917602996254682,0.20576829859428017,0.9506502396758982
0.015917602996254682,0.20625302956858943,0.9504682476105101
0.016002723867892407,0.20625302956858943,0.9502723773697029
0.016002723867892407,0.20649539505574407,0.9499031838482418
0.016087844739530132,0.20649539505574407,0.9497600179570991
0.016087844739530132,0.206858943286476,0.9495844082783826
0.01651344909771876,0.206858943286476,0.9492019965676481
0.01651344909771876,0.20710130877363064,0.9490333762521762
0.016598569969356484,0.20710130877363064,0.9489414173724852
0.016598569969356484,0.20722249151720795,0.9489333247623801
0.016683690840994213,0.20722249151720795,0.9486412460576272
0.016683690840994213,0.2075860397479399,0.9485005288049966
0.016768811712631938,0.2075860397479399,0.9484284337617602
0.016768811712631938,0.20782840523509452,0.9483491811837742
0.016853932584269662,0.20782840523509452,0.9482798612485152
0.016853932584269662,0.20794958797867183,0.9481158168103337
0.016939053455907387,0.20794958797867183,0.9478244372355644
0.016939053455907387,0.20879786718371304,0.9468014449593701
0.017024174327545116,0.20879786718371304,0.946688575296699
0.017024174327545116,0.20891904992729035,0.9466426030461387
0.01710929519918284,0.20891904992729035,0.9464777203643917
0.01710929519918284,0.20904023267086766,0.9463720653096214
0.017194416070820565,0.20904023267086766,0.946351871240851
0.017194416070820565,0.2094037809015996,0.9462427402250324
0.01727953694245829,0.2094037809015996,0.9462232647700656
0.01727953694245829,0.21122152205525932,0.9455801399577576
0.017449778685733743,0.21122152205525932,0.945498005630941
0.017449778685733743,0.21219098400387784,0.944588665849407
0.017534899557371468,0.21219098400387784,0.9445119704206536
0.017534899557371468,0.21243334949103249,0.9443906886899207
0.017620020429009193,0.21243334949103249,0.9442483252524182
0.017620020429009193,0.2126757149781871,0.9440666762724185
0.017705141300646918,0.2126757149781871,0.9440601792452595
0.017705141300646918,0.21291808046534175,0.943898949905505
0.01787538304392237,0.21291808046534175,0.9438789575072262
0.01787538304392237,0.21316044595249636,0.9436275214408925
0.017960503915560096,0.21316044595249636,0.9435558980052472
0.017960503915560096,0.21340281143965098,0.9434697448606485
0.018130745658835545,0.21340281143965098,0.9431254498512722
0.018130745658835545,0.21376635967038293,0.9430015242442411
0.018300987402111,0.21376635967038293,0.9428259384743831
0.018300987402111,0.21400872515753758,0.942618362489505
0.018386108273748723,0.21400872515753758,0.9424797495471288
0.018386108273748723,0.2142510906446922,0.9423159222800529
0.018556350017024173,0.2142510906446922,0.9420860518858937
0.018556350017024173,0.21473582161900145,0.9414457629176864
0.0186414708886619,0.21473582161900145,0.9414090656634329
0.0186414708886619,0.21485700436257876,0.9412489947019475
0.01881171263193735,0.21485700436257876,0.941156177768341
0.01881171263193735,0.21497818710615607,0.9410068192743223
0.018896833503575076,0.21497818710615607,0.9409670285622966
0.018896833503575076,0.21522055259331072,0.940755427961022
0.0189819543752128,0.21522055259331072,0.9406113524157828
0.0189819543752128,0.21582646631119728,0.9402261906452729
0.01906707524685053,0.21582646631119728,0.9401420597282323
0.01906707524685053,0.2160688317983519,0.9401286230326977
0.01923731699012598,0.2160688317983519,0.9400397430806732
0.01923731699012598,0.21715947649054776,0.9394695044488626
0.019322437861763703,0.21715947649054776,0.9393870480626968
0.019322437861763703,0.21921958313136208,0.9377930449614952
0.01940755873340143,0.21921958313136208,0.937755990034193
0.01940755873340143,0.21934076587493942,0.937737300843469
0.01957780047667688,0.21934076587493942,0.9375278462622311
0.01957780047667688,0.21982549684924868,0.9371770892750959
0.01974804221995233,0.21982549684924868,0.9371290058646292
0.01974804221995233,0.2201890450799806,0.9369430497473026
0.019918283963227784,0.2201890450799806,0.936924558154118
0.019918283963227784,0.2203102278235579,0.936908971878244
0.02000340483486551,0.2203102278235579,0.9367681923181223
0.02000340483486551,0.22067377605428987,0.936657041048649
0.020088525706503234,0.22067377605428987,0.9366476189587002
0.020088525706503234,0.2209161415414445,0.9360522878594725
0.020343888321416412,0.2209161415414445,0.9357026569633641
0.020343888321416412,0.22140087251575374,0.9354906408206419
0.020429009193054137,0.22140087251575374,0.9354264743779804
0.020429009193054137,0.2216432380029084,0.9349258162531052
0.020599250936329586,0.2216432380029084,0.9347727559780237
0.020599250936329586,0.221885603490063,0.9345036622159568
0.020684371807967315,0.221885603490063,0.9344681780335978
0.020684371807967315,0.22212796897721765,0.9344317970362858
0.020854613551242764,0.22212796897721765,0.9342668004038688
0.020854613551242764,0.22285506543868153,0.9336034820837148
0.02093973442288049,0.22285506543868153,0.9335368429566666
0.02093973442288049,0.22309743092583617,0.9334063342067753
0.021024855294518217,0.22309743092583617,0.9333276675130443
0.021024855294518217,0.2234609791565681,0.9329150015097831
0.021109976166155942,0.2234609791565681,0.932548582420956
0.021109976166155942,0.22382452738730005,0.9322612056730553
0.021280217909431392,0.22382452738730005,0.9320133833923046
0.021280217909431392,0.22491517207949588,0.9310231898217859
0.021450459652706845,0.22491517207949588,0.9307999974442577
0.021450459652706845,0.22636936500242366,0.9301055278195559
0.02170582226762002,0.22636936500242366,0.9299282936536072
0.02170582226762002,0.22649054774600097,0.9298322901820363
0.021876064010895473,0.22649054774600097,0.9298040341084067
0.021876064010895473,0.22685409597673292,0.9296427414674754
0.021961184882533197,0.22685409597673292,0.9296359416965249
0.021961184882533197,0.22697527872031023,0.9296351071778973
0.022131426625808647,0.22697527872031023,0.9295505070435973
0.022131426625808647,0.2274600096946195,0.9294735778046912
0.022216547497446375,0.2274600096946195,0.9294691047529068
0.022216547497446375,0.22806592341250606,0.9291077682260767
0.02247191011235955,0.22806592341250606,0.928582787412399
0.02247191011235955,0.22879301987396994,0.9280583964837322
0.022557030983997275,0.22879301987396994,0.9280415311414575
0.022557030983997275,0.22891420261754727,0.9278373723850618
0.022642151855635003,0.22891420261754727,0.9275405523829084
0.022642151855635003,0.22903538536112458,0.9274057242955608
0.022812393598910453,0.22903538536112458,0.9273337589624585
0.022812393598910453,0.2291565681047019,0.9273182249756255
0.022982635342185902,0.2291565681047019,0.9272311582317637
0.022982635342185902,0.2292777508482792,0.9271680173311001
0.023152877085461356,0.2292777508482792,0.9268704111482751
0.023152877085461356,0.2300048473097431,0.926436033199006
0.02323799795709908,0.2300048473097431,0.926400777697209
0.02323799795709908,0.2301260300533204,0.9263766222628885
0.023323118828736805,0.2301260300533204,0.926257983892742
0.023323118828736805,0.23048957828405234,0.9261963151399129
0.023408239700374533,0.23048957828405234,0.9261076926534405
0.023408239700374533,0.23073194377120698,0.9259387171204843
0.02349336057201226,0.23073194377120698,0.9258506836911623
0.02349336057201226,0.2308531265147843,0.9258468901498207
0.023663602315287708,0.2308531265147843,0.9254953549320494
0.023663602315287708,0.23109549200193893,0.9253173549912822
0.023748723186925433,0.23109549200193893,0.9253066693181565
0.023748723186925433,0.23121667474551624,0.925204834305538
0.02383384405856316,0.23121667474551624,0.9251984776308653
0.02383384405856316,0.23133785748909355,0.9250691782483611
0.023918964930200886,0.23133785748909355,0.9249777167165217
0.023918964930200886,0.23194377120698012,0.924376822736911
0.02417432754511406,0.23194377120698012,0.9242536914859532
0.02417432754511406,0.23230731943771207,0.9239936571808294
0.02425944841675179,0.23230731943771207,0.9239659022245235
0.02425944841675179,0.2325496849248667,0.9238900012792021
0.024344569288389514,0.2325496849248667,0.9238736588923606
0.024344569288389514,0.23279205041202133,0.9237627710637812
0.02477017364657814,0.23279205041202133,0.9233830769886673
0.02477017364657814,0.2333979641299079,0.9230912241890599
0.02502553626149132,0.2333979641299079,0.92286644622559
0.02502553626149132,0.2335191468734852,0.922746533436585
0.02519577800476677,0.2335191468734852,0.9226912357650788
0.02519577800476677,0.23485215705283569,0.9214675881767362
0.025451140619679947,0.23485215705283569,0.9212868674143662
0.025451140619679947,0.2350945225399903,0.9211804657039162
0.02553626149131767,0.2350945225399903,0.921144851202394
0.02553626149131767,0.2352157052835676,0.9210445770214967
0.025621382362955396,0.2352157052835676,0.9210283861354485
0.025621382362955396,0.23533688802714495,0.9209712012791321
0.025876744977868574,0.23533688802714495,0.9208285570348024
0.025876744977868574,0.23557925351429956,0.9207183303072736
0.0259618658495063,0.23557925351429956,0.9206284085209597
0.0259618658495063,0.23582161900145418,0.920038309757765
0.026046986721144024,0.23582161900145418,0.9200246783304297
0.026046986721144024,0.23618516723218613,0.9197934412337098
0.02613210759278175,0.23618516723218613,0.9197427711895917
0.02613210759278175,0.23630634997576344,0.9195103622034853
0.026217228464419477,0.23630634997576344,0.9194738474213725
0.026217228464419477,0.2366698982064954,0.9193232127394738
0.026302349336057202,0.2366698982064954,0.9192230404746544
0.026302349336057202,0.23691226369365,0.9189915147323148
0.026472591079332652,0.23691226369365,0.9187293367068958
0.026472591079332652,0.23703344643722735,0.9186629797700947
0.026557711950970377,0.23703344643722735,0.9184455710593835
0.026557711950970377,0.23715462918080465,0.9183235506696885
0.02672795369424583,0.23715462918080465,0.9180832816146458
0.02672795369424583,0.2375181774115366,0.9173591008313675
0.026813074565883555,0.2375181774115366,0.9172748187675199
0.026813074565883555,0.23763936015511392,0.9171537614891814
0.02689819543752128,0.23763936015511392,0.9168659781317413
0.02689819543752128,0.23776054289869122,0.9168549834788605
0.026983316309159004,0.23776054289869122,0.9167051318318429
0.026983316309159004,0.23824527387300048,0.9164724946964581
0.027068437180796732,0.23824527387300048,0.916471019881862
0.027068437180796732,0.2383664566165778,0.9162820549472275
0.027153558052434457,0.2383664566165778,0.916271279099228
0.027153558052434457,0.23873000484730975,0.915652360496389
0.027408920667347635,0.23873000484730975,0.915467983720776
0.027408920667347635,0.23885118759088705,0.9154270846535677
0.027579162410623085,0.23885118759088705,0.9153918208716538
0.027579162410623085,0.23897237033446436,0.9153911385990553
0.027749404153898535,0.23897237033446436,0.9152749571823783
0.027749404153898535,0.239214735821619,0.9151667565552123
0.027834525025536263,0.239214735821619,0.9151539630494389
0.027834525025536263,0.23933591856519632,0.9148611078911568
0.027919645897173988,0.23933591856519632,0.9148109119050888
0.027919645897173988,0.23969946679592827,0.9145744234109997
0.028004766768811713,0.23969946679592827,0.9141786785499632
0.028004766768811713,0.23994183228308288,0.9136786244377393
0.028089887640449437,0.23994183228308288,0.9136598174481904
0.028089887640449437,0.2400630150266602,0.9136348718515833
0.028175008512087162,0.2400630150266602,0.9136243693123972
0.028175008512087162,0.24042656325739215,0.9131529208096079
0.02826012938372489,0.24042656325739215,0.9127337429081345
0.02826012938372489,0.24054774600096945,0.9126790054388216
0.028515491998638065,0.24054774600096945,0.9121475935640648
0.028515491998638065,0.2406689287445468,0.912141851339101
0.028600612870275793,0.2406689287445468,0.9118373397998512
0.028600612870275793,0.24115365971885602,0.9112881876213393
0.028685733741913518,0.24115365971885602,0.9112803258552404
0.028685733741913518,0.24127484246243336,0.9111711159463174
0.028770854613551243,0.24127484246243336,0.9111457036437898
0.028770854613551243,0.24175957343674262,0.910815567760654
0.028855975485188968,0.24175957343674262,0.9107125010325138
0.028855975485188968,0.24188075618031993,0.9105054611831148
0.028941096356826693,0.24188075618031993,0.9104693100631316
0.028941096356826693,0.24212312166747454,0.9102870272140074
0.029111338100102146,0.24212312166747454,0.9102516049106028
0.029111338100102146,0.24285021812893845,0.9096765560183426
0.02919645897173987,0.24285021812893845,0.9096277023982208
0.02919645897173987,0.24297140087251576,0.9093362089847805
0.029281579843377595,0.24297140087251576,0.9092944718668227
0.029281579843377595,0.24321376635967037,0.9090471264912382
0.02936670071501532,0.24321376635967037,0.9090403843326019
0.02936670071501532,0.24442559379544354,0.9078032322766536
0.02945182158665305,0.24442559379544354,0.9077108986515658
0.02945182158665305,0.24466795928259816,0.9074580244718896
0.029536942458290773,0.24466795928259816,0.90741811573979
0.029536942458290773,0.24478914202617547,0.9073397872718526
0.0296220633299285,0.24478914202617547,0.9073207689363781
0.0296220633299285,0.24515269025690742,0.9071531761229441
0.029707184201566223,0.24515269025690742,0.9071148790776166
0.029707184201566223,0.24527387300048473,0.9070803883738666
0.029877425944841676,0.24527387300048473,0.9067177109618015
0.029877425944841676,0.2458797867183713,0.90650803764114
0.0299625468164794,0.2458797867183713,0.9063178546762852
0.0299625468164794,0.24806107610276296,0.9044043121980454
0.030047667688117126,0.24806107610276296,0.9043191206636629
0.030047667688117126,0.2483034415899176,0.9041776417342158
0.03013278855975485,0.2483034415899176,0.9041620891684571
0.03013278855975485,0.24890935530780417,0.9036245602924071
0.03021790943139258,0.24890935530780417,0.9035428994450821
0.03021790943139258,0.24903053805138148,0.9035060886817715
0.030303030303030304,0.24903053805138148,0.9034340250785664
0.030303030303030304,0.2498788172564227,0.9025313601598648
0.03038815117466803,0.2498788172564227,0.9025278880541969
0.03038815117466803,0.25,0.9022473579819104
0.030473272046305754,0.25,0.9022103865678781
0.030473272046305754,0.2501211827435773,0.9021735513100008
0.03055839291794348,0.2501211827435773,0.9020079036717074
0.03055839291794348,0.2508482792050412,0.9014444704444803
0.030813755532856656,0.2508482792050412,0.9010277313876254
0.030813755532856656,0.25109064469219583,0.9009512037893208
0.03089887640449438,0.25109064469219583,0.9008722126095478
0.03089887640449438,0.25121182743577314,0.9006196830276012
0.030983997276132106,0.25121182743577314,0.900503573588455
0.030983997276132106,0.25133301017935045,0.9004577464475181
0.031069118147769834,0.25133301017935045,0.9002549369070324
0.031069118147769834,0.2516965584100824,0.9000069899688147
0.031239359891045284,0.2516965584100824,0.8999891724491841
0.031239359891045284,0.25181774115365974,0.8998044611417824
0.03132448076268301,0.25181774115365974,0.8995384051991314
0.03132448076268301,0.25193892389723704,0.899227597473712
0.03149472250595846,0.25193892389723704,0.8991497276364357
0.03149472250595846,0.25206010664081435,0.8991034434484281
0.03157984337759619,0.25206010664081435,0.8990863977690954
0.03157984337759619,0.25278720310227826,0.8983660764072643
0.031664964249233915,0.25278720310227826,0.8979583058295647
0.031664964249233915,0.2530295685894329,0.8978378679739341
0.031750085120871636,0.2530295685894329,0.8977943201636502
0.031750085120871636,0.2532719340765875,0.8975049074049265
0.031835205992509365,0.2532719340765875,0.8973112176764854
0.031835205992509365,0.2533931168201648,0.8972281718722677
0.031920326864147086,0.2533931168201648,0.8970147262945036
0.031920326864147086,0.2541202132816287,0.8966558254651739
0.03209056860742254,0.2541202132816287,0.8964585336037219
0.03209056860742254,0.25472612699951525,0.8957749362312714
0.032175689479060264,0.25472612699951525,0.8957344656067017
0.032175689479060264,0.2548473097430926,0.8956868144983708
0.03226081035069799,0.2548473097430926,0.8954249369479296
0.03226081035069799,0.2549684924866699,0.8954109118791387
0.032345931222335714,0.2549684924866699,0.8953750349327672
0.032345931222335714,0.2566650508967523,0.8943339401280579
0.03243105209397344,0.2566650508967523,0.8943238541989564
0.03243105209397344,0.2567862336403296,0.894298725456715
0.03251617296561117,0.2567862336403296,0.8941501055273021
0.03251617296561117,0.2569074163839069,0.8939585768192566
0.03260129383724889,0.2569074163839069,0.893807416350852
0.03260129383724889,0.2575133301017935,0.893272719377706
0.03268641470888662,0.2575133301017935,0.8932014565494008
0.03268641470888662,0.2577556955889481,0.8931217446667437
0.03277153558052434,0.2577556955889481,0.8927008565354704
0.03277153558052434,0.2578768783325254,0.8925872567207119
0.0329417773237998,0.2578768783325254,0.8924977786070999
0.0329417773237998,0.25799806107610274,0.8924110088335016
0.03311201906707525,0.25799806107610274,0.8922794569676048
0.03311201906707525,0.2583616093068347,0.8920918435734377
0.03319713993871297,0.2583616093068347,0.8920295519722606
0.03319713993871297,0.25884634028114395,0.8917718508645083
0.033367381681988426,0.25884634028114395,0.891735409907357
0.033367381681988426,0.25896752302472126,0.8915879080658548
0.033537623425263875,0.25896752302472126,0.8913547531424402
0.033537623425263875,0.26017935046049445,0.8904265763312432
0.033622744296901604,0.26017935046049445,0.8903484985232266
0.033622744296901604,0.2605428986912264,0.8902847752476332
0.03379298604017705,0.2605428986912264,0.8902573890507929
0.03379298604017705,0.2611488124091129,0.889980607150489
0.033878106911814775,0.2611488124091129,0.8899575845336599
0.033878106911814775,0.2613911778962676,0.8896366230981819
0.0339632277834525,0.2613911778962676,0.8896206078177004
0.0339632277834525,0.2617547261269995,0.8894534564264126
0.03404834865509023,0.2617547261269995,0.8892907758066314
0.03404834865509023,0.26211827435773144,0.8890533983667465
0.03421859039836568,0.26211827435773144,0.8887095065789635
0.03421859039836568,0.2623606398448861,0.8886576028083483
0.0343037112700034,0.2623606398448861,0.888411562072011
0.0343037112700034,0.26260300533204073,0.8882884259425782
0.03438883214164113,0.26260300533204073,0.8880999743870274
0.03438883214164113,0.26272418807561804,0.8878779548608161
0.03447395301327886,0.26272418807561804,0.8878044283828899
0.03447395301327886,0.26296655356277265,0.8877197092180807
0.03455907388491658,0.26296655356277265,0.8877017776736655
0.03455907388491658,0.2633301017935046,0.887551123719727
0.03464419475655431,0.2633301017935046,0.8871619920583644
0.03464419475655431,0.26357246728065925,0.8869281203286679
0.03472931562819203,0.26357246728065925,0.8868247850480108
0.03472931562819203,0.2640571982549685,0.8865074613315435
0.035325161729656114,0.2640571982549685,0.8857294540232185
0.035325161729656114,0.2642995637421231,0.8856239878078558
0.035410282601293835,0.2642995637421231,0.885592181542238
0.035410282601293835,0.2645419292292778,0.8855135679894343
0.035495403472931564,0.2645419292292778,0.8853705446994019
0.035495403472931564,0.265026660203587,0.8850612102417998
0.035580524344569285,0.265026660203587,0.8850431914089233
0.035580524344569285,0.2651478429471643,0.8847716236468062
0.03566564521620701,0.2651478429471643,0.8842132981531868
0.03566564521620701,0.2656325739214736,0.8834740074284495
0.03575076608784474,0.2656325739214736,0.8831242431991103
0.03575076608784474,0.2658749394086282,0.8829409173830861
0.03583588695948246,0.2658749394086282,0.882870707542016
0.03583588695948246,0.26611730489578284,0.882374961463717
0.03609124957439564,0.26611730489578284,0.8821030947999666
0.03609124957439564,0.26648085312651476,0.8815216975284568
0.03634661218930882,0.26648085312651476,0.8813597962507046
0.03634661218930882,0.2666020358700921,0.8812967598872337
0.03643173306094655,0.2666020358700921,0.8812790221218815
0.03643173306094655,0.26696558410082405,0.8806455407186489
0.03651685393258427,0.26696558410082405,0.8805196293582523
0.03651685393258427,0.267329132331556,0.880321106891171
0.036601974804222,0.267329132331556,0.8800819854440176
0.036601974804222,0.26769268056228795,0.87951774484475
0.03668709567585972,0.26769268056228795,0.8794934858067802
0.03668709567585972,0.2680562287930199,0.8792969852050453
0.03677221654749745,0.2680562287930199,0.8791805707681147
0.03677221654749745,0.2681774115365972,0.8791705488087673
0.036857337419135175,0.2681774115365972,0.8791295532768495
0.036857337419135175,0.2682985942801745,0.8790852393367898
0.036942458290772896,0.2682985942801745,0.879060569906424
0.036942458290772896,0.2685409597673291,0.8785952062057114
0.037112700034048346,0.2685409597673291,0.8785212823647799
0.037112700034048346,0.2687833252544838,0.8783682185091897
0.037197820905686074,0.2687833252544838,0.8782583785381108
0.037197820905686074,0.2691468734852157,0.8779812168023163
0.037368062648961524,0.2691468734852157,0.8775258660345083
0.037368062648961524,0.27035870092098885,0.8763218769146573
0.03745318352059925,0.27035870092098885,0.8760477293266645
0.03745318352059925,0.27096461463887545,0.8756796453794052
0.037538304392236974,0.27096461463887545,0.8756152073334907
0.037538304392236974,0.27120698012603006,0.8754840335326288
0.03770854613551243,0.27120698012603006,0.8752447946808996
0.03770854613551243,0.27193407658749397,0.8750109672157119
0.03787878787878788,0.27193407658749397,0.8743849829277041
0.03787878787878788,0.2722976248182259,0.8741460098714444
0.0379639087504256,0.2722976248182259,0.8740554450564743
0.0379639087504256,0.27363063499757634,0.8730567266222558
0.03821927136533878,0.27363063499757634,0.8729898357109547
0.03821927136533878,0.27399418322830826,0.8727246458083958
0.03830439223697651,0.27399418322830826,0.8725858246714796
0.03830439223697651,0.2741153659718856,0.8725777664023664
0.03838951310861423,0.2741153659718856,0.8723198937179308
0.03838951310861423,0.27435773145904024,0.8720032494898845
0.038559754851889685,0.27435773145904024,0.8718161745277775
0.038559754851889685,0.27460009694619486,0.8716983310273414
0.03864487572352741,0.27460009694619486,0.8716486331377022
0.03864487572352741,0.27472127968977217,0.8716228057332931
0.038729996595165135,0.27472127968977217,0.8715438693149502
0.038729996595165135,0.275811924381968,0.8708236178952019
0.03881511746680286,0.275811924381968,0.8708213302338643
0.03881511746680286,0.2766602035870092,0.8701387821624791
0.038900238338440585,0.2766602035870092,0.8701256918693491
0.038900238338440585,0.2767813863305865,0.8701121791737177
0.039070480081716034,0.2767813863305865,0.869951467737384
0.039070480081716034,0.27702375181774114,0.8697591878010643
0.03915560095335376,0.27702375181774114,0.8696883190168887
0.03915560095335376,0.2775084827920504,0.8689759523666454
0.03924072182499149,0.2775084827920504,0.8689541249314178
0.03924072182499149,0.27775084827920504,0.8688915297822398
0.03932584269662921,0.27775084827920504,0.8688065958879564
0.03932584269662921,0.27811439650993697,0.868443603143799
0.03941096356826694,0.27811439650993697,0.8684004483055173
0.03941096356826694,0.27872031022782356,0.8677206302654601
0.03949608443990466,0.27872031022782356,0.867454478781792
0.03949608443990466,0.2788414929714009,0.8673969617708553
0.03958120531154239,0.2788414929714009,0.8672395904673702
0.03958120531154239,0.2789626757149782,0.8672195945143683
0.03966632618318012,0.2789626757149782,0.8671923875489216
0.03966632618318012,0.2795685894328648,0.8666060388565525
0.03983656792645557,0.2795685894328648,0.8663091349107217
0.03983656792645557,0.2801745031507513,0.8656391860269906
0.04017705141300647,0.2801745031507513,0.8655929415998831
0.04017705141300647,0.28029568589432863,0.8655380039238236
0.040262172284644196,0.28029568589432863,0.8655289390747829
0.040262172284644196,0.2806592341250606,0.8650329519293524
0.04034729315628192,0.2806592341250606,0.8648277312654792
0.04034729315628192,0.28126514784294715,0.8645956255233423
0.040687776642832824,0.28126514784294715,0.8642796299259965
0.040687776642832824,0.28138633058652446,0.8641602439724017
0.040943139257746,0.28138633058652446,0.8632152387756116
0.040943139257746,0.28150751333010177,0.8630997030937199
0.04102826012938372,0.28150751333010177,0.8630584601924531
0.04102826012938372,0.28174987881725644,0.8629024302010889
0.04111338100102145,0.28174987881725644,0.8628499900054152
0.04111338100102145,0.28271934076587496,0.8621812025735098
0.04119850187265917,0.28271934076587496,0.8619416364432346
0.04119850187265917,0.28284052350945227,0.8618166320819958
0.04136874361593463,0.28284052350945227,0.8616820857839335
0.04136874361593463,0.2829617062530296,0.8616209211616892
0.04153898535921008,0.2829617062530296,0.8613666219979149
0.04153898535921008,0.2833252544837615,0.8609147093415748
0.04162410623084781,0.2833252544837615,0.8606156319946432
0.04162410623084781,0.2834464372273388,0.8605907939817975
0.04170922710248553,0.2834464372273388,0.8604789190007827
0.04170922710248553,0.2836888027144935,0.8601977258400968
0.04179434797412326,0.2836888027144935,0.8601897796181375
0.04179434797412326,0.2840523509452254,0.8599965202723114
0.04187946884576098,0.2840523509452254,0.859940172596716
0.04187946884576098,0.28429471643238,0.8594217984755482
0.041964589717398706,0.28429471643238,0.8592110816503901
0.041964589717398706,0.28538536112457585,0.8583348085197974
0.042049710589036435,0.28538536112457585,0.8583244336215103
0.042049710589036435,0.28562772661173047,0.8580532783938094
0.042219952332311884,0.28562772661173047,0.857677304132784
0.042219952332311884,0.28587009209888514,0.8575156350621199
0.042390194075587334,0.28587009209888514,0.8573029016975957
0.042390194075587334,0.2874454677653902,0.8560516264278613
0.04247531494722506,0.2874454677653902,0.8559177688886171
0.04247531494722506,0.2875666505089675,0.8558522485559481
0.042560435818862784,0.2875666505089675,0.8557124094102665
0.042560435818862784,0.2879301987396995,0.8553843698654512
0.04264555669050051,0.2879301987396995,0.8553789010042562
0.04264555669050051,0.28853611245758604,0.8551813168962411
0.04273067756213823,0.28853611245758604,0.8550837444350198
0.04273067756213823,0.28962675714978187,0.8539951037666415
0.04281579843377596,0.28962675714978187,0.8539671574024175
0.04281579843377596,0.2898691226369365,0.8538751073446401
0.04307116104868914,0.2898691226369365,0.8536124519163856
0.04307116104868914,0.2899903053805138,0.8533576980875437
0.04315628192032686,0.2899903053805138,0.8533519800908661
0.04315628192032686,0.2905962190984004,0.8530150747099456
0.04332652366360232,0.2905962190984004,0.8528711464001949
0.04332652366360232,0.291202132816287,0.8522433478897471
0.04366700715015322,0.291202132816287,0.8520185893609244
0.04366700715015322,0.2913233155598643,0.8519933802516534
0.043752128021790945,0.2913233155598643,0.8519086190804144
0.043752128021790945,0.2914444983034416,0.8517896493431917
0.04383724889342867,0.2914444983034416,0.8516675592360814
0.04383724889342867,0.2918080465341735,0.8513763743561575
0.043922369765066395,0.2918080465341735,0.8513437091478196
0.043922369765066395,0.29217159476490545,0.8511919596320947
0.04400749063670412,0.29217159476490545,0.8510729094741128
0.04400749063670412,0.2922927775084828,0.8510115732748147
0.044092611508341845,0.2922927775084828,0.8508187177486534
0.044092611508341845,0.2924139602520601,0.8507582017287477
0.04443309499489275,0.2924139602520601,0.85046739862626
0.04443309499489275,0.29253514299563743,0.850372506745293
0.04451821586653047,0.29253514299563743,0.8503308271112975
0.04451821586653047,0.29277750848279205,0.8500210120607018
0.0446033367381682,0.29277750848279205,0.8499889037590933
0.0446033367381682,0.29289869122636936,0.8499499165473692
0.04468845760980592,0.29289869122636936,0.8499060360055039
0.04468845760980592,0.29301987396994666,0.8498627771296763
0.04477357848144365,0.29301987396994666,0.849839587517597
0.04477357848144365,0.293141056713524,0.8495861630675098
0.04485869935308138,0.293141056713524,0.8493408785127758
0.04485869935308138,0.29374697043141057,0.8490121731926209
0.0449438202247191,0.29374697043141057,0.8490036913141553
0.0449438202247191,0.2941105186621425,0.8487346159826616
0.04502894109635683,0.2941105186621425,0.8487109829192474
0.04502894109635683,0.2945952496364518,0.8484810794961326
0.04536942458290773,0.2945952496364518,0.8482392821169366
0.04536942458290773,0.2948376151236064,0.8479421022506362
0.045454545454545456,0.2948376151236064,0.8479065583446783
0.045454545454545456,0.2949587978671837,0.8478544505868738
0.045624787197820905,0.2949587978671837,0.847778148887756
0.045624787197820905,0.295079980610761,0.8477307833883254
0.045709908069458634,0.295079980610761,0.8476364077714141
0.045709908069458634,0.2952011633543383,0.8474853301778633
0.045795028941096355,0.2952011633543383,0.847433165220573
0.045795028941096355,0.2956858943286476,0.8472479726221093
0.045965270684371805,0.2956858943286476,0.8472210161140853
0.045965270684371805,0.2958070770722249,0.8471457000465477
0.04605039155600953,0.2958070770722249,0.8470930910112677
0.04605039155600953,0.29701890450799806,0.8460565047392747
0.04613551242764726,0.29701890450799806,0.846056483257251
0.04613551242764726,0.29738245273873,0.8455897667591455
0.04622063329928498,0.29738245273873,0.8455370646780268
0.04622063329928498,0.2979883664566166,0.8448551934770481
0.04639087504256043,0.2979883664566166,0.8446675888897734
0.04639087504256043,0.2982307319437712,0.8445307977032135
0.04647599591419816,0.2982307319437712,0.8445204746164824
0.04647599591419816,0.2983519146873485,0.8442785196682128
0.04656111678583589,0.2983519146873485,0.8442498416661908
0.04656111678583589,0.2985942801745031,0.8440376476737621
0.04664623765747361,0.2985942801745031,0.8436530384144044
0.04664623765747361,0.2992001938923897,0.8428102026289161
0.04673135852911134,0.2992001938923897,0.8426389586316079
0.04673135852911134,0.29944255937954434,0.842531799916919
0.04690160027238679,0.29944255937954434,0.8420994524961157
0.04690160027238679,0.2999272903538536,0.841262540020175
0.04707184201566224,0.2999272903538536,0.8409705123192771
0.04707184201566224,0.30041202132816286,0.8406203533706157
0.047156962887299966,0.30041202132816286,0.8406142564722013
0.047156962887299966,0.3006543868153175,0.8400290597049552
0.047242083758937695,0.3006543868153175,0.8399937861745298
0.047242083758937695,0.30077556955889484,0.8399477019589743
0.047497446373850866,0.30077556955889484,0.839764481794503
0.047497446373850866,0.30101793504604946,0.839022119703161
0.047582567245488594,0.30101793504604946,0.8390000326403948
0.047582567245488594,0.30113911778962676,0.8389645128880544
0.04766768811712632,0.30113911778962676,0.8389446782106724
0.04766768811712632,0.3015026660203587,0.8385953182278821
0.047752808988764044,0.3015026660203587,0.8383509270676713
0.047752808988764044,0.301623848763936,0.8383338263905219
0.04783792986040177,0.301623848763936,0.8382241415476488
0.04783792986040177,0.30186621425109067,0.838145062328418
0.04800817160367722,0.30186621425109067,0.8378316272302581
0.04800817160367722,0.3022297624818226,0.8376013339491544
0.04843377596186585,0.3022297624818226,0.8370332742469775
0.04843377596186585,0.3023509452253999,0.8368275815914265
0.04851889683350358,0.3023509452253999,0.8365485644174987
0.04851889683350358,0.3024721279689772,0.8365330574098263
0.0486040177051413,0.3024721279689772,0.8364715481431423
0.0486040177051413,0.3029568589432865,0.8362151758926402
0.04868913857677903,0.3029568589432865,0.8357731459305048
0.04868913857677903,0.30344158991759573,0.8356512827743305
0.04877425944841675,0.30344158991759573,0.8355309914791994
0.04877425944841675,0.30368395540475035,0.8354397039269258
0.049199863806605376,0.30368395540475035,0.8352581996713144
0.049199863806605376,0.30380513814832766,0.8352503194590555
0.049284984678243104,0.30380513814832766,0.8352486351555056
0.049284984678243104,0.30404750363548233,0.83506176792055
0.049455226421518554,0.30404750363548233,0.8348469641943886
0.049455226421518554,0.30428986912263695,0.8347751244651621
0.04954034729315628,0.30428986912263695,0.8346698855627208
0.04954034729315628,0.30525933107125547,0.8340946008191313
0.04962546816479401,0.30525933107125547,0.8339986777771315
0.04962546816479401,0.3053805138148328,0.8338771789037007
0.04971058903643173,0.3053805138148328,0.8338100297404437
0.04971058903643173,0.3056228793019874,0.8334276258095472
0.04979570990806946,0.3056228793019874,0.8333953714415803
0.04979570990806946,0.3064711585070286,0.8326003177638266
0.05013619339462036,0.3064711585070286,0.8323228612171015
0.05013619339462036,0.3065923412506059,0.8321356048079123
0.05022131426625809,0.3065923412506059,0.8321102875889769
0.05022131426625809,0.30707707222491515,0.8318418035956963
0.05030643513789581,0.30707707222491515,0.8317120026671118
0.05030643513789581,0.3073194377120698,0.8316967850483988
0.050476676881171266,0.3073194377120698,0.8313862602848274
0.050476676881171266,0.30744062045564713,0.831311881876268
0.050817160367722165,0.30744062045564713,0.8304430545746903
0.050817160367722165,0.30756180319922444,0.8303578256069791
0.050987402110997615,0.30756180319922444,0.8301640863248987
0.050987402110997615,0.30768298594280175,0.830020618743399
0.051157643854273065,0.30768298594280175,0.8298423786476083
0.051157643854273065,0.30792535142995636,0.8296091643224152
0.05132788559754852,0.30792535142995636,0.8293503410003683
0.05132788559754852,0.30841008240426565,0.8289878846836545
0.05141300646918624,0.30841008240426565,0.8288972684284254
0.05141300646918624,0.30853126514784296,0.8288361077585188
0.05158324821246169,0.30853126514784296,0.8287270510056649
0.05158324821246169,0.30865244789142027,0.8285103021729742
0.05166836908409942,0.30865244789142027,0.8284199074482225
0.05166836908409942,0.3088948133785749,0.8283506845730559
0.05183861082737487,0.3088948133785749,0.828286900618011
0.05183861082737487,0.3093795443528842,0.8280967456916242
0.0519237316990126,0.3093795443528842,0.8280696734930367
0.0519237316990126,0.3096219098400388,0.8279554249235135
0.05209397344228805,0.3096219098400388,0.8277557493450992
0.05209397344228805,0.3097430925836161,0.8275079301201103
0.0522642151855635,0.3097430925836161,0.8274467578818417
0.0522642151855635,0.3098642753271934,0.827367005704318
0.052349336057201226,0.3098642753271934,0.8272954874746377
0.052349336057201226,0.3099854580707707,0.8272953499525815
0.052519577800476676,0.3099854580707707,0.8269314194570533
0.052519577800476676,0.310106640814348,0.8268555908792845
0.052689819543752126,0.310106640814348,0.8267600656035814
0.052689819543752126,0.3105913717886573,0.826345026011469
0.052774940415389854,0.3105913717886573,0.8263395279959361
0.052774940415389854,0.3107125545322346,0.8263368411126568
0.05286006128702758,0.3107125545322346,0.826223647708512
0.05286006128702758,0.31119728550654385,0.8258168448467946
0.05303030303030303,0.31119728550654385,0.8257096073157284
0.05303030303030303,0.31180319922443045,0.825274355966783
0.05311542390194075,0.31180319922443045,0.8252330230092441
0.05311542390194075,0.31192438196800776,0.8251720200924374
0.05354102826012938,0.31192438196800776,0.8247816716408296
0.05354102826012938,0.3121667474551624,0.8247453467770741
0.05379639087504256,0.3121667474551624,0.8245951622566327
0.05379639087504256,0.3128938439166263,0.8238344382397584
0.05396663261831801,0.3128938439166263,0.8236734623744207
0.05396663261831801,0.3130150266602036,0.8236472638915179
0.054221995233231186,0.3130150266602036,0.8235008731435234
0.054221995233231186,0.3132573921473582,0.8232729914641409
0.054392236976506636,0.3132573921473582,0.8231165043615802
0.054392236976506636,0.3134997576345128,0.8229404943715392
0.054477357848144364,0.3134997576345128,0.8228497612547276
0.054477357848144364,0.3136209403780902,0.822821464081436
0.05498808307797072,0.3136209403780902,0.8221830973180215
0.05498808307797072,0.3138633058652448,0.8219875533261413
0.05507320394960844,0.3138633058652448,0.8219804348180259
0.05507320394960844,0.3139844886088221,0.8217843817035775
0.05515832482124617,0.3139844886088221,0.8215757301839026
0.05515832482124617,0.31446921958313134,0.8214465984891778
0.05541368743615935,0.31446921958313134,0.8212832891227072
0.05541368743615935,0.31459040232670865,0.8211766219436382
0.0555839291794348,0.31459040232670865,0.8209637539668634
0.0555839291794348,0.31507513330101794,0.8204085343762684
0.055669050051072526,0.31507513330101794,0.8203879217306531
0.055669050051072526,0.31531749878817256,0.8203286084029646
0.055839291794347976,0.31531749878817256,0.8200878078913965
0.055839291794347976,0.31543868153174986,0.8200661910919989
0.0559244126659857,0.31543868153174986,0.8200132466019762
0.0559244126659857,0.3155598642753272,0.819890469298153
0.056009533537623425,0.3155598642753272,0.8198711813977047
0.056009533537623425,0.3156810470189045,0.8198658030523882
0.056094654409261153,0.3156810470189045,0.8197616448077611
0.056094654409261153,0.31592341250605915,0.8193557034315087
0.056179775280898875,0.31592341250605915,0.8192363724017034
0.056179775280898875,0.3167716917111003,0.818598154299656
0.0562648961525366,0.3167716917111003,0.8185496757660834
0.0562648961525366,0.317014057198255,0.8183927407251097
0.056350017024174325,0.317014057198255,0.8183351709034646
0.056350017024174325,0.3173776054289869,0.8182788375784704
0.05643513789581205,0.3173776054289869,0.8181855515732807
0.05643513789581205,0.3176199709161415,0.8180332777859982
0.05669050051072523,0.3176199709161415,0.8176982089701869
0.05669050051072523,0.3178623364032962,0.8174759955963684
0.05703098399727613,0.3178623364032962,0.8173547292906111
0.05703098399727613,0.3179835191468735,0.8170566839021535
0.05711610486891386,0.3179835191468735,0.8170175167927463
0.05711610486891386,0.3182258846340281,0.8169325041215588
0.057371467483827036,0.3182258846340281,0.8163865968983625
0.057371467483827036,0.31858943286476005,0.8160325573515544
0.05745658835546476,0.31858943286476005,0.8159420794914628
0.05745658835546476,0.31919534658264664,0.8153561386572443
0.057541709227102486,0.31919534658264664,0.8153267899290843
0.057541709227102486,0.31943771206980126,0.8150515873807378
0.057626830098740214,0.31943771206980126,0.8149300077918201
0.057626830098740214,0.31955889481337857,0.8148398084166945
0.057711950970377936,0.31955889481337857,0.8147703685229869
0.057711950970377936,0.3198012603005332,0.8146233179525028
0.057797071842015664,0.3198012603005332,0.8145740060933049
0.057797071842015664,0.32016480853126517,0.8144451634077993
0.057967313585291114,0.32016480853126517,0.814275825715192
0.057967313585291114,0.3204071740184198,0.8142462839294933
0.05813755532856656,0.3204071740184198,0.8139258171556295
0.05813755532856656,0.3207707222491517,0.8137821857490544
0.05822267620020429,0.3207707222491517,0.8136021649629572
0.05822267620020429,0.3211342704798837,0.8134531108892815
0.05830779707184201,0.3211342704798837,0.8133884851323606
0.05830779707184201,0.321255453223461,0.8132626885504586
0.05856315968675519,0.321255453223461,0.8125118062704034
0.05856315968675519,0.3213766359670383,0.8122400281510311
0.05873340143003064,0.3213766359670383,0.812101767366397
0.05873340143003064,0.3216190014541929,0.8120099711925514
0.0589036431733061,0.3216190014541929,0.8117048859443257
0.0589036431733061,0.32174018419777023,0.8117028368987068
0.05907388491658155,0.32174018419777023,0.8114733025921474
0.05907388491658155,0.32186136694134754,0.8112059617150162
0.059244126659857,0.32186136694134754,0.8109186114075504
0.059244126659857,0.32198254968492485,0.8107997255964379
0.059414368403132446,0.32198254968492485,0.8104675046538189
0.059414368403132446,0.3222249151720795,0.8102498789065266
0.059584610146407896,0.3222249151720795,0.8100715490481346
0.059584610146407896,0.3223460979156568,0.8096219232482413
0.059669731018045624,0.3223460979156568,0.8095440741711507
0.059669731018045624,0.32283082888996606,0.809191159297473
0.05975485188968335,0.32283082888996606,0.8090118826561661
0.05975485188968335,0.3230731943771207,0.8088003646843357
0.0599250936329588,0.3230731943771207,0.8086925064132452
0.0599250936329588,0.3236791080950073,0.808221056815545
0.06009533537623425,0.3236791080950073,0.8079313851991419
0.06009533537623425,0.32428502181289387,0.8078046591769815
0.06018045624787198,0.32428502181289387,0.8075327116892971
0.06018045624787198,0.3244062045564712,0.8075119805580886
0.06035069799114743,0.3244062045564712,0.8074589463809635
0.06035069799114743,0.3245273873000485,0.807338844483555
0.06043581886278516,0.3245273873000485,0.8072730614243503
0.06043581886278516,0.3246485700436258,0.8072497775306731
0.06052093973442288,0.3246485700436258,0.8072108258071908
0.06052093973442288,0.3250121182743577,0.8069452096392936
0.06069118147769833,0.3250121182743577,0.8068812485461268
0.06069118147769833,0.32513330101793503,0.8068699541657609
0.06077630234933606,0.32513330101793503,0.8068355031391515
0.06077630234933606,0.325496849248667,0.8065540435148484
0.060861423220973786,0.325496849248667,0.8065269371804773
0.060861423220973786,0.3256180319922443,0.8065027503548465
0.06094654409261151,0.3256180319922443,0.8064547710862184
0.06094654409261151,0.3257392147358216,0.8063284554501422
0.06111678583588696,0.3257392147358216,0.8062444570849733
0.06111678583588696,0.32610276296655355,0.805651110727852
0.061201906707524685,0.32610276296655355,0.805642719357144
0.061201906707524685,0.32622394571013086,0.805597488505435
0.06128702757916241,0.32622394571013086,0.8054676432139135
0.06128702757916241,0.32695104217159476,0.8049618785148694
0.061372148450800135,0.32695104217159476,0.8048611186937612
0.061372148450800135,0.32707222491517207,0.8048161769262494
0.061542390194075584,0.32707222491517207,0.8044681313559499
0.061542390194075584,0.327435773145904,0.8041658598481608
0.06179775280898876,0.327435773145904,0.8036209675513094
0.06179775280898876,0.3282840523509452,0.8029213255918212
0.06188287368062649,0.3282840523509452,0.8028783460969529
0.06188287368062649,0.3284052350945225,0.8028577034466681
0.06205311542390194,0.3284052350945225,0.8025598721412444
0.06205311542390194,0.3286476005816772,0.802460204308313
0.06213823629553967,0.3286476005816772,0.8024170260413986
0.06213823629553967,0.3288899660688318,0.8022310351517987
0.06230847803881512,0.3288899660688318,0.8020615421147518
0.06230847803881512,0.32949587978671835,0.8018384831035138
0.06239359891045284,0.32949587978671835,0.8017684145460964
0.06239359891045284,0.3296170625302957,0.8016249159865675
0.06247871978209057,0.3296170625302957,0.8015798378194593
0.06247871978209057,0.32985942801745033,0.8015195667478084
0.06264896152536602,0.32985942801745033,0.8014292550235398
0.06264896152536602,0.32998061076102764,0.8013546119759842
0.06273408239700375,0.32998061076102764,0.8011987681554539
0.06273408239700375,0.33010179350460495,0.8011485131281265
0.0629043241402792,0.33010179350460495,0.801117294254946
0.0629043241402792,0.3305865244789142,0.800708561271627
0.06298944501191692,0.3305865244789142,0.8005124222232038
0.06298944501191692,0.33070770722249154,0.8003938094266232
0.06315968675519237,0.33070770722249154,0.800316471628063
0.06315968675519237,0.33082888996606885,0.8002909624662562
0.0632448076268301,0.33082888996606885,0.8002696102528644
0.0632448076268301,0.33107125545322347,0.7993933201176455
0.06332992849846783,0.33107125545322347,0.7992971035998176
0.06332992849846783,0.3311924381968008,0.79926281465097
0.06341504937010554,0.3311924381968008,0.7990740268474342
0.06341504937010554,0.3314348036839554,0.7990601041079849
0.06350017024174327,0.3314348036839554,0.7990404721090612
0.06350017024174327,0.3315559864275327,0.7987184645183664
0.06375553285665646,0.3315559864275327,0.7986604077905217
0.06375553285665646,0.3322830828889966,0.7982525858896284
0.06384065372829417,0.3322830828889966,0.7979809360848859
0.06384065372829417,0.3330101793504605,0.7974762524111086
0.06401089547156963,0.3330101793504605,0.7971905066412656
0.06401089547156963,0.33349491032476974,0.7970327074187832
0.06418113721484509,0.33349491032476974,0.7969389050425401
0.06418113721484509,0.33361609306834705,0.7968023654584552
0.06435137895812053,0.33361609306834705,0.7966265923308672
0.06435137895812053,0.33397964129907903,0.7960094514767895
0.06452162070139598,0.33397964129907903,0.7957001877283469
0.06452162070139598,0.33434318952981096,0.7955377277904628
0.06477698331630916,0.33434318952981096,0.7953855921593369
0.06477698331630916,0.33446437227338827,0.7953649366719681
0.06486210418794688,0.33446437227338827,0.7952986696202294
0.06486210418794688,0.3345855550169656,0.7951740756566659
0.06511746680286006,0.3345855550169656,0.7948889051066469
0.06511746680286006,0.3347067377605429,0.7948527390328652
0.06528770854613551,0.3347067377605429,0.7946982331171719
0.06528770854613551,0.3348279205041202,0.7945205219038115
0.06537282941777324,0.3348279205041202,0.7945063660283749
0.06537282941777324,0.33494910324769755,0.7941562952791172
0.06545795028941097,0.33494910324769755,0.7941283429905289
0.06545795028941097,0.3354338342220068,0.7934983184960062
0.06554307116104868,0.3354338342220068,0.7934392713680508
0.06554307116104868,0.335918565196316,0.7927842724678908
0.06571331290432414,0.335918565196316,0.7923580547372951
0.06571331290432414,0.3365244789142026,0.7919168412240291
0.06579843377596187,0.3365244789142026,0.7918415711818387
0.06579843377596187,0.33700920988851185,0.791391584379393
0.06605379639087504,0.33700920988851185,0.7913419408878241
0.06605379639087504,0.33737275811924383,0.7912045064173452
0.0662240381341505,0.33737275811924383,0.7907693517707602
0.0662240381341505,0.33822103732428505,0.7902777721918337
0.06630915900578822,0.33822103732428505,0.7902194715464483
0.06630915900578822,0.33834222006786235,0.7901176968220448
0.06639427987742594,0.33834222006786235,0.7900172374085676
0.06639427987742594,0.33858458555501697,0.7899260919512145
0.0665645216207014,0.33858458555501697,0.7897953118152328
0.0665645216207014,0.3388269510421716,0.7894772182461735
0.06664964249233912,0.3388269510421716,0.7894320704712846
0.06664964249233912,0.3389481337857489,0.7892753923958278
0.06681988423561458,0.3389481337857489,0.7890587287667379
0.06681988423561458,0.3390693165293262,0.7889507226969281
0.0669050051072523,0.3390693165293262,0.7888610351619403
0.0669050051072523,0.3391904992729035,0.7887572747285464
0.06699012597889002,0.3391904992729035,0.7887061928548117
0.06699012597889002,0.3393116820164809,0.7883170111632803
0.06707524685052775,0.3393116820164809,0.7882957003882917
0.06707524685052775,0.3394328647600582,0.7882785717420575
0.06716036772216548,0.3394328647600582,0.7882513068660421
0.06716036772216548,0.3395540475036355,0.7882426459275863
0.06724548859380321,0.3395540475036355,0.7882326325396243
0.06724548859380321,0.340523509452254,0.787238058309346
0.06733060946544092,0.340523509452254,0.7872192049325483
0.06733060946544092,0.3406446921958313,0.786926384596567
0.06741573033707865,0.3406446921958313,0.7868717241375454
0.06741573033707865,0.34076587493940863,0.7868517567073372
0.06767109295199183,0.34076587493940863,0.7863204808433042
0.06767109295199183,0.34100824042656325,0.7861181597600506
0.06775621382362955,0.34100824042656325,0.786108680732583
0.06775621382362955,0.34112942317014056,0.786101314538533
0.06801157643854273,0.34112942317014056,0.7855715582435613
0.06801157643854273,0.34161415414444984,0.7853359527916202
0.06809669731018046,0.34161415414444984,0.7851117920112621
0.06809669731018046,0.34173533688802715,0.7851114976689336
0.06818181818181818,0.34173533688802715,0.7849762631547821
0.06818181818181818,0.34185651963160446,0.7848007920004691
0.06835205992509363,0.34185651963160446,0.784397983942177
0.06835205992509363,0.34197770237518177,0.7842419936863185
0.06843718079673136,0.34197770237518177,0.7841461585711121
0.06843718079673136,0.3422200678623364,0.7840486945829842
0.06852230166836909,0.3422200678623364,0.7839062844396483
0.06852230166836909,0.34246243334949106,0.783779861816069
0.06869254341164453,0.34246243334949106,0.7837539844317408
0.06869254341164453,0.342825981580223,0.7834684666287515
0.06894790602655772,0.342825981580223,0.7830599363862528
0.06894790602655772,0.3429471643238003,0.7827575741401623
0.06903302689819543,0.3429471643238003,0.7826600162127317
0.06903302689819543,0.3434318952981095,0.7823414197712575
0.06911814776983316,0.3434318952981095,0.7821611181026968
0.06911814776983316,0.3436742607852642,0.7819550152574636
0.06920326864147089,0.3436742607852642,0.7819333229685835
0.06920326864147089,0.3437954435288415,0.7818232223003754
0.06928838951310862,0.3437954435288415,0.7817979071690727
0.06928838951310862,0.3439166262724188,0.78179061598054
0.06937351038474635,0.3439166262724188,0.7817613184101062
0.06937351038474635,0.3446437227338827,0.7814470831573436
0.06962887299965952,0.3446437227338827,0.7813393394709601
0.06962887299965952,0.34476490547746,0.7812047277391624
0.06979911474293497,0.34476490547746,0.7808287666681379
0.06979911474293497,0.3454920019389239,0.7799197917098626
0.06988423561457269,0.3454920019389239,0.779796028459359
0.06988423561457269,0.3456131846825012,0.7797628663080831
0.07005447735784814,0.3456131846825012,0.7796844445864155
0.07005447735784814,0.3462190984003878,0.7791339183580163
0.07013959822948587,0.3462190984003878,0.778536455460091
0.07013959822948587,0.347067377605429,0.7776840832459271
0.0702247191011236,0.347067377605429,0.7776608390404308
0.0702247191011236,0.3471885603490063,0.7774454138588237
0.07039496084439904,0.3471885603490063,0.7771879486902838
0.07039496084439904,0.34767329132331554,0.7769036389818671
0.0705652025876745,0.34767329132331554,0.7766356079718123
0.0705652025876745,0.3480368395540475,0.776152588434092
0.07065032345931223,0.3480368395540475,0.7759272397934879
0.07065032345931223,0.34900630150266604,0.7749805192351584
0.07082056520258767,0.34900630150266604,0.7748638811656807
0.07082056520258767,0.34949103247697527,0.7746099990522887
0.0709056860742254,0.34949103247697527,0.7746002878181366
0.0709056860742254,0.3496122152205526,0.7742211304748212
0.07099080694586313,0.3496122152205526,0.7741930962996378
0.07099080694586313,0.3498545807077072,0.7741167220633313
0.07107592781750086,0.3498545807077072,0.7740211720103818
0.07107592781750086,0.35009694619486187,0.7737874337052645
0.07116104868913857,0.35009694619486187,0.7737288105651138
0.07116104868913857,0.3505816771691711,0.7734399473701734
0.07133129043241403,0.3505816771691711,0.7733300610308369
0.07133129043241403,0.3507028599127484,0.7732612196045352
0.07141641130405176,0.3507028599127484,0.7731987986784951
0.07141641130405176,0.350945225399903,0.7729617925041637
0.07150153217568948,0.350945225399903,0.7729314987626019
0.07150153217568948,0.351308773630635,0.7726680852307487
0.07167177391896493,0.351308773630635,0.7725047476588347
0.07167177391896493,0.3515511391177896,0.7723262103733075
0.07175689479060265,0.3515511391177896,0.7723126697874155
0.07175689479060265,0.35167232186136693,0.7723108284195697
0.07184201566224038,0.35167232186136693,0.7722082387129793
0.07184201566224038,0.35191468734852155,0.7721775411940524
0.07218249914879128,0.35191468734852155,0.7720371979644103
0.07218249914879128,0.3520358700920989,0.7719380410677624
0.07252298263534218,0.3520358700920989,0.7716057256075135
0.07252298263534218,0.35227823557925353,0.7714959056866476
0.07260810350697991,0.35227823557925353,0.7714852709179396
0.07260810350697991,0.35264178380998545,0.7713432117785111
0.07269322437861764,0.35264178380998545,0.7713330895816971
0.07269322437861764,0.35276296655356276,0.7712159792470703
0.0728634661218931,0.35276296655356276,0.7710896809863244
0.0728634661218931,0.3530053320407174,0.7710040467932023
0.07414027919645898,0.3530053320407174,0.769979767383845
0.07414027919645898,0.35312651478429474,0.7698513023545583
0.07439564181137215,0.35312651478429474,0.7695607833827857
0.07439564181137215,0.35336888027144936,0.769101494925441
0.0745658835546476,0.35336888027144936,0.768954672102818
0.0745658835546476,0.3539747939893359,0.7684612888498881
0.07465100442628532,0.3539747939893359,0.7682879681457219
0.07465100442628532,0.3548230731943771,0.7675124019693135
0.07482124616956078,0.3548230731943771,0.7674426652464734
0.07482124616956078,0.3549442559379544,0.767175518023893
0.0749063670411985,0.3549442559379544,0.7671602122712329
0.0749063670411985,0.35506543868153173,0.7670216334645772
0.07507660878447395,0.35506543868153173,0.7669420616989678
0.07507660878447395,0.35518662142510904,0.7667918488167151
0.0752468505277494,0.35518662142510904,0.7666813802564905
0.0752468505277494,0.3553078041686864,0.7666495098927184
0.07541709227102486,0.3553078041686864,0.7664928875466454
0.07541709227102486,0.3554289869122637,0.7664731912501377
0.07550221314266257,0.3554289869122637,0.7663525579784899
0.07550221314266257,0.35579253514299564,0.7659483656422872
0.07567245488593803,0.35579253514299564,0.7658676874745685
0.07567245488593803,0.35591371788657294,0.7658433011105539
0.07575757575757576,0.35591371788657294,0.765819518655279
0.07575757575757576,0.35603490063015025,0.7657853889186649
0.07584269662921349,0.35603490063015025,0.7657585772776678
0.07584269662921349,0.35615608337372756,0.7657099455324243
0.0759278175008512,0.35615608337372756,0.7656872580163482
0.0759278175008512,0.35627726611730487,0.7655978342769788
0.07601293837248893,0.35627726611730487,0.7655642742688842
0.07601293837248893,0.35639844886088223,0.7654958579741643
0.07635342185903983,0.35639844886088223,0.7653085303430186
0.07635342185903983,0.35651963160445954,0.765225333081439
0.07652366360231529,0.35651963160445954,0.7651674014936113
0.07652366360231529,0.3573679108095007,0.7646675870576719
0.07694926796050391,0.3573679108095007,0.7640173648505112
0.07694926796050391,0.3577314590402327,0.7638901268518761
0.07703438883214164,0.3577314590402327,0.7636394658631541
0.07703438883214164,0.3580950072709646,0.7634789519286954
0.0772046305754171,0.3580950072709646,0.7634459506656455
0.0772046305754171,0.3582161900145419,0.7633718022048651
0.07728975144705481,0.3582161900145419,0.7633019646592663
0.07728975144705481,0.3585797382452739,0.7631850272890119
0.07763023493360573,0.3585797382452739,0.762686660549462
0.07763023493360573,0.3589432864760058,0.7623803019083372
0.07814096016343207,0.3589432864760058,0.7619906455837862
0.07814096016343207,0.35918565196316043,0.7618926228635708
0.0782260810350698,0.35918565196316043,0.7618746878396605
0.0782260810350698,0.35930683470673774,0.7615874297341404
0.07831120190670753,0.35930683470673774,0.7614721477487275
0.07831120190670753,0.35942801745031505,0.761471972475972
0.07839632277834525,0.35942801745031505,0.7614446457013578
0.07839632277834525,0.3596703829374697,0.7614268112579494
0.0785665645216207,0.3596703829374697,0.7610451635203609
0.0785665645216207,0.35979156568104703,0.7609935082585952
0.07865168539325842,0.35979156568104703,0.7609789061932655
0.07865168539325842,0.35991274842462434,0.7609645660749331
0.07890704800817161,0.35991274842462434,0.76083690061375
0.07890704800817161,0.36015511391177896,0.7605116584665758
0.07899216887980932,0.36015511391177896,0.7602999672690067
0.07899216887980932,0.3605186621425109,0.7600381614679315
0.07907728975144705,0.3605186621425109,0.7599793494370246
0.07907728975144705,0.36076102762966555,0.7597925969130743
0.07916241062308478,0.36076102762966555,0.7594363230142671
0.07924753149472251,0.36088221037324286,0.7593349288754089
0.07950289410963568,0.36088221037324286,0.7590516935592952
0.07950289410963568,0.3611245758603975,0.7588046482021629
0.07967313585291114,0.3611245758603975,0.7586567473181661
0.07967313585291114,0.3612457586039748,0.7586080050708157
0.07975825672454886,0.3612457586039748,0.7586037302372844
0.07975825672454886,0.3613669413475521,0.7584121943219193
0.07984337759618658,0.3613669413475521,0.7581716731156505
0.07984337759618658,0.3614881240911294,0.7581306517597627
0.08001361933946204,0.3614881240911294,0.7580337742130498
0.08001361933946204,0.3616093068347067,0.7579052388489809
0.08009874021109976,0.3616093068347067,0.7577457554795133
0.08009874021109976,0.3623364032961706,0.7573064397705145
0.08060946544092612,0.3623364032961706,0.7564135414852761
0.08060946544092612,0.3624575860397479,0.7564119069543189
0.08077970718420156,0.3624575860397479,0.7559776301908566
0.08077970718420156,0.36269995152690254,0.7559247432009635
0.08103506979911475,0.36269995152690254,0.7557479053077926
0.08103506979911475,0.3629423170140572,0.7557395180987483
0.08112019067075246,0.3629423170140572,0.7557176014311305
0.08112019067075246,0.36318468250121183,0.7556196754272689
0.08120531154239019,0.36318468250121183,0.7556090933946791
0.08120531154239019,0.36330586524478914,0.7555337495318084
0.08129043241402792,0.36330586524478914,0.7552454997101309
0.08129043241402792,0.36342704798836645,0.7551698725556288
0.08137555328566565,0.36342704798836645,0.7551111859365536
0.08137555328566565,0.36354823073194376,0.7550662453923035
0.08146067415730338,0.36354823073194376,0.754978509219271
0.08146067415730338,0.36415414444983035,0.7546256593118148
0.08154579502894109,0.36415414444983035,0.7545274854037751
0.08154579502894109,0.3645176926805623,0.7544686175147852
0.08197139938712972,0.3645176926805623,0.7537036246077121
0.08197139938712972,0.3646388754241396,0.7536852339881647
0.08205652025876745,0.3646388754241396,0.7535409142269016
0.08205652025876745,0.3647600581677169,0.7533944354610694
0.08214164113040517,0.3647600581677169,0.753307081028959
0.08214164113040517,0.36488124091129426,0.7532965682653958
0.0822267620020429,0.36488124091129426,0.7532507194566442
0.0822267620020429,0.3653659718856035,0.7525999363855461
0.08248212461695607,0.3653659718856035,0.7524224083556288
0.08248212461695607,0.3656083373727581,0.7522669627853892
0.0825672454885938,0.3656083373727581,0.7522192894316039
0.0825672454885938,0.3657295201163354,0.7520448487684647
0.08265236636023153,0.3657295201163354,0.752027865906306
0.08265236636023153,0.36682016480853125,0.7513611824635928
0.08324821246169561,0.36682016480853125,0.7507337729617647
0.08324821246169561,0.36694134755210855,0.7505600424563142
0.08375893769152196,0.36694134755210855,0.7499732645797124
0.08375893769152196,0.3671837130392632,0.7498523682911347
0.08384405856315968,0.3671837130392632,0.7498231622763274
0.08384405856315968,0.36766844401357246,0.7494953004169949
0.08426966292134831,0.36766844401357246,0.749240612046146
0.08426966292134831,0.36778962675714977,0.7490045708024172
0.08435478379298604,0.36778962675714977,0.7489794954514651
0.08435478379298604,0.3680319922443044,0.7488755266977399
0.08461014640789921,0.3680319922443044,0.7487272505044266
0.08461014640789921,0.36815317498788175,0.7485777048807958
0.08469526727953694,0.36815317498788175,0.7485456640177695
0.08469526727953694,0.36827435773145906,0.7483077139147282
0.08478038815117467,0.36827435773145906,0.7482280819110022
0.08478038815117467,0.36839554047503636,0.7482190822230483
0.0848655090228124,0.36839554047503636,0.7481058863696903
0.0848655090228124,0.3685167232186137,0.7480599548703047
0.08512087163772557,0.3685167232186137,0.7474306049839604
0.08512087163772557,0.3687590887057683,0.7473003241583639
0.08529111338100102,0.3687590887057683,0.7471618053616624
0.08529111338100102,0.3688802714493456,0.7470993673798385
0.08537623425263875,0.3688802714493456,0.7470626924419017
0.08537623425263875,0.3694861851672322,0.746367587678778
0.08546135512427647,0.3694861851672322,0.7460184467398259
0.08546135512427647,0.3696073679108095,0.7459534759063472
0.0855464759959142,0.3696073679108095,0.7457407370760213
0.0855464759959142,0.3698497333979641,0.7455998104151274
0.08563159686755192,0.3698497333979641,0.7455903659796711
0.08563159686755192,0.36997091614154143,0.7453952017144935
0.08571671773918965,0.36997091614154143,0.7453734238412737
0.08571671773918965,0.3702132816286961,0.7453471547141586
0.08580183861082738,0.3702132816286961,0.7453060289212287
0.08580183861082738,0.3703344643722734,0.7452486232985337
0.08605720122574055,0.3703344643722734,0.7450862242593516
0.08605720122574055,0.37069801260300533,0.7450012784271735
0.08614232209737828,0.37069801260300533,0.7449236443550675
0.08614232209737828,0.37118274357731457,0.7446933293333392
0.08622744296901601,0.37118274357731457,0.7446602443107552
0.08622744296901601,0.37130392632089193,0.7446370659778642
0.08639768471229145,0.37130392632089193,0.7444930073961996
0.08639768471229145,0.37154629180804655,0.7441659981417085
0.08648280558392918,0.37154629180804655,0.7441618711891977
0.08648280558392918,0.37178865729520116,0.7440726537044988
0.08656792645556691,0.37178865729520116,0.7439124827716393
0.08656792645556691,0.37190984003877847,0.7439071645172471
0.08665304732720464,0.37190984003877847,0.7438783356089982
0.08665304732720464,0.37239457101308776,0.7435393943945351
0.08673816819884235,0.37239457101308776,0.7435213878571185
0.08673816819884235,0.37251575375666507,0.7434958503524537
0.08682328907048008,0.37251575375666507,0.7431446470013351
0.08682328907048008,0.3727581192438197,0.7428904788849822
0.0869084099421178,0.3727581192438197,0.7428885096153897
0.0869084099421178,0.372879301987397,0.7428104249184658
0.08741913517194416,0.372879301987397,0.7425581206362211
0.08741913517194416,0.3732428502181289,0.7423462196814232
0.0875893769152196,0.3732428502181289,0.7421305054308112
0.0875893769152196,0.3733640329617062,0.7420199012367901
0.08775961865849506,0.3733640329617062,0.7418462344178157
0.08775961865849506,0.3734852157052836,0.7418314643785673
0.08784473953013279,0.3734852157052836,0.741731467149869
0.08784473953013279,0.3737275811924382,0.7413664271862374
0.08801498127340825,0.3737275811924382,0.7410313127543805
0.08801498127340825,0.3739699466795928,0.7409789684829274
0.08818522301668369,0.3739699466795928,0.7408608855787925
0.08818522301668369,0.37409112942317013,0.7408177984507808
0.08827034388832142,0.37409112942317013,0.7405962330976184
0.08827034388832142,0.3745758603974794,0.7402785984604109
0.08835546475995915,0.3745758603974794,0.7399720502299021
0.08835546475995915,0.37469704314105673,0.7399197390334881
0.08895131086142322,0.37469704314105673,0.7390494425963068
0.08895131086142322,0.37481822588463404,0.7389796054826856
0.08946203609124957,0.37481822588463404,0.7382620044127997
0.08946203609124957,0.37493940862821135,0.7380944370800958
0.0895471569628873,0.37493940862821135,0.7380255247935711
0.0895471569628873,0.37506059137178865,0.7379713325286804
0.08971739870616276,0.37506059137178865,0.7378764052607681
0.08971739870616276,0.37518177411536596,0.7378155725870832
0.08997276132107593,0.37518177411536596,0.7372063728290339
0.08997276132107593,0.3754241396025206,0.7370301246268818
0.09005788219271366,0.3754241396025206,0.7368492997832162
0.09005788219271366,0.3760300533204072,0.7358908250902564
0.09014300306435138,0.3760300533204072,0.7358528908462602
0.09014300306435138,0.3763936015511391,0.7354911246907069
0.0902281239359891,0.3763936015511391,0.7354807925574535
0.0902281239359891,0.3765147842947164,0.7354647854736215
0.09039836567926456,0.3765147842947164,0.735206116182801
0.09039836567926456,0.37748424624333493,0.7345665372182523
0.09073884916581546,0.37748424624333493,0.734216239099058
0.09073884916581546,0.37809015996122153,0.73405557881873
0.09082397003745318,0.37809015996122153,0.7340156022107829
0.09082397003745318,0.37869607367910807,0.7334944187816059
0.09090909090909091,0.37869607367910807,0.7333491765408116
0.09090909090909091,0.37893843916626274,0.7330750208959609
0.09099421178072864,0.37893843916626274,0.7330304270849719
0.09099421178072864,0.37905962190984005,0.7329299290041722
0.09107933265236635,0.37905962190984005,0.732885208479686
0.09107933265236635,0.37930198739699467,0.7326970306252688
0.09116445352400408,0.37930198739699467,0.7326558313005724
0.09116445352400408,0.379423170140572,0.7324812193327205
0.09124957439564181,0.379423170140572,0.732387587804566
0.09124957439564181,0.3796655356277266,0.7322501240461259
0.09133469526727954,0.3796655356277266,0.732229719893199
0.09133469526727954,0.3801502666020359,0.7316017100597012
0.09141981613891727,0.3801502666020359,0.7312082101427969
0.09141981613891727,0.3807561803199224,0.7307709183758755
0.09159005788219271,0.3807561803199224,0.7306871157428716
0.09159005788219271,0.3812409112942317,0.7304664235084815
0.09167517875383044,0.3812409112942317,0.7303860512935179
0.09167517875383044,0.381362094037809,0.7303480021386269
0.09176029962546817,0.381362094037809,0.7301162282541548
0.09176029962546817,0.38160445952496364,0.7299597266788236
0.0918454204971059,0.38160445952496364,0.7298683687736507
0.0918454204971059,0.38172564226854094,0.7298300937970508
0.0921859039836568,0.38172564226854094,0.7296621177734489
0.0921859039836568,0.38184682501211825,0.7296359812262239
0.09227102485529452,0.38184682501211825,0.7296114346375496
0.09227102485529452,0.3819680077556956,0.7295243561992772
0.09235614572693224,0.3819680077556956,0.7293937574955495
0.09235614572693224,0.38257392147358216,0.7291164753295338
0.09244126659856997,0.38257392147358216,0.7290264672292952
0.09244126659856997,0.38305865244789145,0.7285758915003413
0.0925263874702077,0.38305865244789145,0.7284234002422074
0.0925263874702077,0.38317983519146875,0.7282872505899496
0.09269662921348315,0.38317983519146875,0.7281400738078614
0.09269662921348315,0.38330101793504606,0.7280487596836609
0.09295199182839632,0.38330101793504606,0.7278022722140464
0.09295199182839632,0.3839069316529326,0.7272938692436521
0.09303711270003405,0.3839069316529326,0.7272135598613255
0.09303711270003405,0.3845128453708192,0.7268717236647205
0.09329247531494722,0.3845128453708192,0.7267466344587794
0.09329247531494722,0.3846340281143965,0.7267079796539534
0.09346271705822268,0.3846340281143965,0.7264589869635633
0.09346271705822268,0.3847552108579738,0.7264248509855088
0.09363295880149813,0.3847552108579738,0.7261628660449253
0.09363295880149813,0.38499757634512843,0.7260118939137737
0.09380320054477358,0.38499757634512843,0.7259328443280841
0.09380320054477358,0.38511875908870574,0.7258713501058424
0.0938883214164113,0.38511875908870574,0.725557915311795
0.0938883214164113,0.3852399418322831,0.725448759295934
0.0942288049029622,0.3852399418322831,0.7251034548549381
0.0942288049029622,0.38560349006301503,0.7249149416345185
0.09431392577459993,0.38560349006301503,0.7248725241592426
0.09431392577459993,0.38596703829374696,0.724237415928357
0.09448416751787539,0.38596703829374696,0.7240241889683493
0.09448416751787539,0.38645176926805624,0.7238424799574206
0.0945692883895131,0.38645176926805624,0.7238394508865946
0.0945692883895131,0.3871788657295201,0.7230972876181103
0.09465440926115083,0.3871788657295201,0.7229596975548059
0.09465440926115083,0.3875424139602521,0.7224881794709704
0.09473953013278856,0.3875424139602521,0.722481019079267
0.09473953013278856,0.3876635967038294,0.7224492753260555
0.09490977187606402,0.3876635967038294,0.7222185795597775
0.09490977187606402,0.387905962190984,0.7221768647377401
0.09533537623425264,0.387905962190984,0.7218813379043935
0.09533537623425264,0.3880271449345613,0.7218388883024663
0.09542049710589036,0.3880271449345613,0.7214253793372952
0.09542049710589036,0.3883906931652933,0.7211918048688003
0.09550561797752809,0.3883906931652933,0.720948260989092
0.09550561797752809,0.3886330586524479,0.7206831862181302
0.09567585972080354,0.3886330586524479,0.7205003485442466
0.09567585972080354,0.3894813378574891,0.7198527122966184
0.09584610146407899,0.3894813378574891,0.7197391274452557
0.09584610146407899,0.3896025206010664,0.7197298171687221
0.09610146407899217,0.3896025206010664,0.7196697567996078
0.09610146407899217,0.38984488608822104,0.7195912946415193
0.09635682669390534,0.38984488608822104,0.7193891712945705
0.09635682669390534,0.39020843431895297,0.7188996868351927
0.0965270684371808,0.39020843431895297,0.7187553439585598
0.0965270684371808,0.3903296170625303,0.7187481349712797
0.09669731018045624,0.3903296170625303,0.7184502049579276
0.09669731018045624,0.39069316529326226,0.7180213469738518
0.0968675519237317,0.39069316529326226,0.7179317445307571
0.0968675519237317,0.3909355307804169,0.7178656406127151
0.09695267279536943,0.3909355307804169,0.717795326516334
0.09695267279536943,0.3911778962675715,0.7173270661634628
0.09703779366700716,0.3911778962675715,0.7171930372035267
0.09703779366700716,0.3914202617547261,0.7171496213275271
0.09737827715355805,0.3914202617547261,0.7170254657705056
0.09737827715355805,0.3916626272418808,0.7168372806824121
0.0975485188968335,0.3916626272418808,0.716763477674969
0.0975485188968335,0.3920261754726127,0.716490356509688
0.09763363976847123,0.3920261754726127,0.7164843787284076
0.09763363976847123,0.3922685409597673,0.7163648973860882
0.09788900238338441,0.3922685409597673,0.7158431138495828
0.09788900238338441,0.39238972370334463,0.7158242652523369
0.09805924412665985,0.39238972370334463,0.715408359852078
0.09805924412665985,0.3926320891904993,0.7153955119689872
0.09814436499829758,0.3926320891904993,0.7151432128256816
0.09814436499829758,0.3927532719340766,0.7149083056786585
0.09822948586993531,0.3927532719340766,0.7148502263767812
0.09822948586993531,0.3929956374212312,0.7147676126705335
0.09831460674157304,0.3929956374212312,0.7147430522135251
0.09831460674157304,0.39311682016480853,0.7147088283107476
0.09839972761321075,0.39311682016480853,0.7145779248157628
0.09839972761321075,0.39323800290838584,0.7145600003795444
0.09848484848484848,0.39323800290838584,0.714551395038532
0.09848484848484848,0.39348036839554046,0.714335737943628
0.09874021109976167,0.39348036839554046,0.7142097755755373
0.09874021109976167,0.39372273388269513,0.7139980523996431
0.09891045284303711,0.39372273388269513,0.7138976560082247
0.09891045284303711,0.39396509936984975,0.713456129325841
0.09899557371467484,0.39396509936984975,0.7131546673789104
0.09899557371467484,0.39408628211342706,0.7126462256620801
0.09950629894450119,0.39408628211342706,0.7123712720053362
0.09950629894450119,0.394449830344159,0.7120945657325334
0.09967654068777665,0.394449830344159,0.7120346887746397
0.09967654068777665,0.3950557440620456,0.7118245198259371
0.09976166155941436,0.3950557440620456,0.7117809411818284
0.09976166155941436,0.3951769268056229,0.7117601805555032
0.10035750766087845,0.3951769268056229,0.7106279319795417
0.10035750766087845,0.3952981095492002,0.7105626672780813
0.10061287027579162,0.3952981095492002,0.7102402646702894
0.10061287027579162,0.3954192922927775,0.7101597170680918
0.10069799114742935,0.3954192922927775,0.7101340803567573
0.10069799114742935,0.3960252060106641,0.7095986401400386
0.1008682328907048,0.3960252060106641,0.7093774279947425
0.1008682328907048,0.3961463887542414,0.7093027649034808
0.1012087163772557,0.3961463887542414,0.7088084579055871
0.1012087163772557,0.396388754241396,0.7087251827765477
0.10129383724889343,0.396388754241396,0.7086288912351976
0.10129383724889343,0.39663111972855064,0.7085469568369165
0.10137895812053116,0.39663111972855064,0.7084784073158225
0.10137895812053116,0.39687348521570526,0.7084120732246028
0.10146407899216887,0.39687348521570526,0.708331838578235
0.10146407899216887,0.39735821619001455,0.7079222300427601
0.10163432073544433,0.39735821619001455,0.707865202211471
0.10163432073544433,0.39747939893359185,0.707739377059663
0.10171944160708206,0.39747939893359185,0.7076489722585508
0.10171944160708206,0.39772176442074647,0.7072349663869026
0.1018896833503575,0.39772176442074647,0.706896643933458
0.1018896833503575,0.39808531265147845,0.706456999896017
0.10197480422199523,0.39808531265147845,0.7060930109108615
0.10197480422199523,0.39820649539505576,0.7059993449944996
0.10214504596527069,0.39820649539505576,0.7056314165890103
0.10214504596527069,0.39832767813863307,0.7055663924345085
0.10223016683690841,0.39832767813863307,0.7054340355899806
0.10223016683690841,0.3984488608822104,0.7054272438637916
0.10240040858018386,0.3984488608822104,0.7053285866407654
0.10240040858018386,0.398691226369365,0.70502560037585
0.10248552945182159,0.398691226369365,0.7049764153608163
0.10248552945182159,0.399054774600097,0.7047965561517971
0.10265577119509704,0.399054774600097,0.7045636903269656
0.10265577119509704,0.3994183228308289,0.7044070068112003
0.10282601293837249,0.3994183228308289,0.7040346403462849
0.10282601293837249,0.3996606883179835,0.7038756586761458
0.10291113381001021,0.3996606883179835,0.7038370211227051
0.10291113381001021,0.39990305380513813,0.7036924338591174
0.10316649642492338,0.39990305380513813,0.7030715891475858
0.10316649642492338,0.4003877847794474,0.70269537212491
0.10333673816819884,0.4003877847794474,0.7023981410543213
0.10333673816819884,0.40050896752302473,0.7022741328311699
0.10342185903983657,0.40050896752302473,0.7020273950380596
0.10342185903983657,0.40075133301017934,0.7015542944657391
0.1035069799114743,0.40075133301017934,0.7014935951554956
0.1035069799114743,0.40135724672806594,0.7011749043238152
0.10359210078311201,0.40135724672806594,0.7010838756446403
0.10359210078311201,0.40147842947164325,0.7010435661171956
0.10376234252638747,0.40147842947164325,0.7008523455247673
0.10376234252638747,0.40172079495879787,0.7007390694722767
0.1038474633980252,0.40172079495879787,0.7006805453926372
0.1038474633980252,0.4018419777023752,0.7006149527737889
0.1041879468845761,0.4018419777023752,0.7003303465803802
0.1041879468845761,0.4019631604459525,0.7003220568245903
0.10427306775621382,0.4019631604459525,0.700301680224128
0.10427306775621382,0.4025690741638391,0.6999970921751352
0.10435818862785155,0.4025690741638391,0.699905980485231
0.10435818862785155,0.4026902569074164,0.6997629261694639
0.10461355124276472,0.4026902569074164,0.6996918463571217
0.10461355124276472,0.4028114396509937,0.699676953253267
0.10486891385767791,0.4028114396509937,0.6993807935962053
0.10486891385767791,0.4030538051381483,0.6993641909141401
0.10495403472931562,0.4030538051381483,0.6993486154414867
0.10495403472931562,0.4031749878817256,0.6993065738979841
0.10512427647259108,0.4031749878817256,0.6992828706353369
0.10512427647259108,0.4034173533688803,0.6992473901469273
0.10529451821586654,0.4034173533688803,0.6991931469417809
0.10529451821586654,0.4036597188560349,0.698779726352931
0.10537963908750425,0.4036597188560349,0.6986203288587068
0.10537963908750425,0.40414444983034414,0.6983510817631812
0.10546475995914198,0.40414444983034414,0.6982811319449356
0.10546475995914198,0.40426563257392145,0.6982584293434287
0.10572012257405516,0.40426563257392145,0.697956381920279
0.10572012257405516,0.40487154629180805,0.6970212552655982
0.10580524344569288,0.40487154629180805,0.6966991158409194
0.10580524344569288,0.40499272903538536,0.6964931402772497
0.10614572693224379,0.40499272903538536,0.6961914579890894
0.10614572693224379,0.40547746000969465,0.6958340761424684
0.1062308478038815,0.40547746000969465,0.6957309457214834
0.1062308478038815,0.40559864275327195,0.6956916352665321
0.10631596867551923,0.40559864275327195,0.6956868367873126
0.10631596867551923,0.40571982549684926,0.695592057415624
0.10640108954715696,0.40571982549684926,0.6955776486653491
0.10640108954715696,0.4063257392147358,0.6949971495148056
0.10648621041879469,0.4063257392147358,0.6949789949878663
0.10648621041879469,0.4064469219583131,0.6949743743830225
0.10657133129043242,0.4064469219583131,0.6949169565147679
0.10657133129043242,0.4065681047018905,0.6948684534840819
0.10665645216207013,0.4065681047018905,0.6948041356121235
0.10665645216207013,0.4066892874454678,0.6947918656695343
0.10699693564862105,0.4066892874454678,0.6942967356680123
0.10699693564862105,0.4068104701890451,0.6942049422705369
0.10725229826353422,0.4068104701890451,0.69412715416832
0.10725229826353422,0.4069316529326224,0.6940830957631817
0.10750766087844739,0.4069316529326224,0.6940547421439531
0.10750766087844739,0.4070528356761997,0.6940472468336208
0.10776302349336057,0.4070528356761997,0.6939796913938878
0.10776302349336057,0.407174018419777,0.693901192325149
0.10793326523663602,0.407174018419777,0.6937172399415834
0.10793326523663602,0.4072952011633543,0.693582071379759
0.10801838610827375,0.4072952011633543,0.69355889584243
0.10801838610827375,0.4076587493940863,0.6933347668742416
0.1081886278515492,0.4076587493940863,0.6929966028473933
0.1081886278515492,0.40826466311197285,0.6921830706732912
0.10827374872318693,0.40826466311197285,0.692160318549289
0.10827374872318693,0.40838584585555016,0.6920445753544471
0.10835886959482464,0.40838584585555016,0.6920314868907297
0.10835886959482464,0.40850702859912746,0.691931828273844
0.10878447395301327,0.40850702859912746,0.691396154524297
0.10878447395301327,0.4093553078041687,0.6910361147845799
0.10938032005447736,0.4093553078041687,0.6907557725510667
0.10938032005447736,0.4097188560349006,0.6904425034275421
0.10963568266939054,0.4097188560349006,0.6902444789952867
0.10963568266939054,0.4099612215220553,0.689969844300872
0.10980592441266598,0.4099612215220553,0.6899234649521657
0.10980592441266598,0.4103247697527872,0.689391993575624
0.11057201225740551,0.4103247697527872,0.6885422598866137
0.11057201225740551,0.4105671352399418,0.688219376936721
0.11065713312904324,0.4105671352399418,0.6881958363183059
0.11065713312904324,0.4109306834706738,0.68814981441868
0.11091249574395642,0.4109306834706738,0.6877720341269745
0.11091249574395642,0.4112942317014057,0.687620134757326
0.11099761661559414,0.4112942317014057,0.6875035002934189
0.11099761661559414,0.41165777993213765,0.6872776305261897
0.11108273748723187,0.41165777993213765,0.68726969762125
0.11108273748723187,0.4119001454192923,0.6872047795124323
0.1111678583588696,0.4119001454192923,0.6871409846052735
0.1111678583588696,0.4120213281628696,0.687133959897657
0.11125297923050732,0.4120213281628696,0.6870608701527017
0.11125297923050732,0.41226369365002424,0.6867056877476019
0.11133810010214505,0.41226369365002424,0.6866833513773548
0.11133810010214505,0.41238487639360155,0.686629121009165
0.11142322097378277,0.41238487639360155,0.6865466306500102
0.11142322097378277,0.41250605913717886,0.6862495639506497
0.1115083418454205,0.41250605913717886,0.6861120736108816
0.1115083418454205,0.4134755210857974,0.6855040461810276
0.11159346271705822,0.4134755210857974,0.6854719364471199
0.11159346271705822,0.413717886572952,0.6853155394810663
0.11167858358869595,0.413717886572952,0.6852320315182971
0.11167858358869595,0.4138390693165293,0.685199101395937
0.1118488253319714,0.4138390693165293,0.685108365914391
0.1118488253319714,0.4142026175472613,0.6847784395940149
0.11193394620360912,0.4142026175472613,0.6847113637904156
0.11193394620360912,0.4143238002908386,0.6846807718909325
0.11201906707524685,0.4143238002908386,0.6846713620098013
0.11201906707524685,0.4144449830344159,0.6846601518479364
0.11210418794688458,0.4144449830344159,0.6845887131959536
0.11210418794688458,0.4145661657779932,0.6845197898180212
0.11244467143343548,0.4145661657779932,0.6840758412134208
0.11244467143343548,0.4151720794958798,0.6837886143786064
0.11270003404834865,0.4151720794958798,0.683374355797416
0.11270003404834865,0.4154144449830344,0.682930844098624
0.11295539666326183,0.4154144449830344,0.6827794197419766
0.11295539666326183,0.41565681047018904,0.6827019244367164
0.11312563840653728,0.41565681047018904,0.6824975387944238
0.11312563840653728,0.41589917595734366,0.6821736091372305
0.11346612189308819,0.41589917595734366,0.6815492667793197
0.11346612189308819,0.41602035870092097,0.6814966786459443
0.11372148450800136,0.41602035870092097,0.6812626989987045
0.11372148450800136,0.41626272418807564,0.6810823704839304
0.11389172625127682,0.41626272418807564,0.6808271155049865
0.11389172625127682,0.41662627241880756,0.6805173370961315
0.11397684712291453,0.41662627241880756,0.680432404384467
0.11397684712291453,0.41674745516238487,0.6804055169456736
0.11414708886618999,0.41674745516238487,0.6802982679214199
0.11414708886618999,0.4171110033931168,0.680169338078352
0.11423220973782772,0.4171110033931168,0.6800090064549816
0.11423220973782772,0.41723218613669416,0.6799858536258725
0.11431733060946545,0.41723218613669416,0.6799373316597955
0.11431733060946545,0.4182016480853126,0.6790966298836729
0.11440245148110317,0.4182016480853126,0.6790302011679686
0.11440245148110317,0.4184440135724673,0.6788901518063564
0.11457269322437862,0.4184440135724673,0.678716007615341
0.11457269322437862,0.4186863790596219,0.6786607681913135
0.11491317671092952,0.4186863790596219,0.6783932978101136
0.11491317671092952,0.41892874454677653,0.6782958447904773
0.11525366019748043,0.41892874454677653,0.6777187477617065
0.11525366019748043,0.41929229277750846,0.6775446165977228
0.1155090228123936,0.41929229277750846,0.6774580845401873
0.1155090228123936,0.41953465826466313,0.6772524260018332
0.11559414368403133,0.41953465826466313,0.6772407533394654
0.11559414368403133,0.41965584100824044,0.6770984500973832
0.11610486891385768,0.41965584100824044,0.6769869593782784
0.11610486891385768,0.42001938923897236,0.676678644417469
0.11644535240040858,0.42001938923897236,0.6762999861090725
0.11644535240040858,0.42014057198254967,0.6762954067847721
0.11653047327204631,0.42014057198254967,0.6762285274394282
0.11653047327204631,0.4203829374697043,0.6761666944934998
0.11678583588695948,0.4203829374697043,0.6759064941380937
0.11678583588695948,0.42050412021328165,0.6757456740500833
0.11704119850187265,0.42050412021328165,0.6752856527600435
0.11704119850187265,0.42062530295685896,0.6752132476295735
0.11712631937351038,0.42062530295685896,0.6750159465066561
0.11712631937351038,0.42074648570043627,0.6749996799956904
0.11729656111678584,0.42074648570043627,0.6746563672072121
0.11729656111678584,0.4209888511875909,0.6746460737943709
0.11746680286006128,0.4209888511875909,0.6744894547974207
0.11746680286006128,0.4211100339311682,0.6744483347766794
0.11763704460333674,0.4211100339311682,0.6741546135502331
0.11763704460333674,0.4213523994183228,0.674005160534751
0.11772216547497447,0.4213523994183228,0.6738567771177859
0.11772216547497447,0.4218371303926321,0.6736628177702272
0.118488253319714,0.4218371303926321,0.6728618645189132
0.118488253319714,0.4219583131362094,0.6725141342387185
0.11857337419135172,0.4219583131362094,0.6724683923172761
0.11857337419135172,0.4220794958797867,0.6722799883027172
0.11874361593462716,0.4220794958797867,0.6722126695716404
0.11874361593462716,0.422200678623364,0.6721520878560528
0.11891385767790262,0.422200678623364,0.6721047003082768
0.11891385767790262,0.4226854095976733,0.6718320015299094
0.11908409942117808,0.4226854095976733,0.671738274904401
0.11908409942117808,0.4228065923412506,0.671691954371227
0.11916922029281579,0.4228065923412506,0.6716403603383521
0.11916922029281579,0.42304895782840524,0.6716131095737852
0.11925434116445352,0.42304895782840524,0.6715171947662304
0.11925434116445352,0.42341250605913716,0.6714071504209331
0.11933946203609125,0.42341250605913716,0.6713918118231474
0.11933946203609125,0.42365487154629183,0.6713566026324754
0.11942458290772898,0.42365487154629183,0.6711880546604366
0.11942458290772898,0.4246243334949103,0.6707994981213022
0.11976506639427988,0.4246243334949103,0.6702348299454117
0.11976506639427988,0.42474551623848766,0.6701777555076437
0.1198501872659176,0.42474551623848766,0.6701349289440045
0.1198501872659176,0.4249878817256423,0.67009956126759
0.11993530813755533,0.4249878817256423,0.6700955459533267
0.11993530813755533,0.4254726126999515,0.6699029950225285
0.12027579162410623,0.4254726126999515,0.6696308949341059
0.12027579162410623,0.4255937954435288,0.6694632303060957
0.12036091249574396,0.4255937954435288,0.6694067323045995
0.12036091249574396,0.4258361609306835,0.6691928674481581
0.12044603336738169,0.4258361609306835,0.6691017356994412
0.12044603336738169,0.4259573436742608,0.6690501893211415
0.1205311542390194,0.4259573436742608,0.6689602255335478
0.1205311542390194,0.42656325739214734,0.6685682952047359
0.12070139598229486,0.42656325739214734,0.6684899619781508
0.12070139598229486,0.42680562287930196,0.6680008018673155
0.12078651685393259,0.42680562287930196,0.6674158823917027
0.12078651685393259,0.42704798836645663,0.6671525176188704
0.12087163772557032,0.42704798836645663,0.6671243485288911
0.12087163772557032,0.4277750848279205,0.6667615449744991
0.12095675859720803,0.4277750848279205,0.6666912263604962
0.12095675859720803,0.42801745031507515,0.666429752537092
0.12112700034048349,0.42801745031507515,0.6663043871732542
0.12112700034048349,0.42813863305865246,0.6662285026894741
0.12138236295539666,0.42813863305865246,0.6661262103921192
0.12138236295539666,0.4285021812893844,0.6656935630453042
0.12155260469867211,0.4285021812893844,0.6655907587768515
0.12155260469867211,0.428744546776539,0.6654692095145498
0.12163772557030984,0.428744546776539,0.6652725744533352
0.12163772557030984,0.4289869122636937,0.6651321086884383
0.12189308818522301,0.4289869122636937,0.6650255564626525
0.12189308818522301,0.4292292777508483,0.6649554988560571
0.12197820905686074,0.4292292777508483,0.6649078112933546
0.12197820905686074,0.4294716432380029,0.6648089078043511
0.12206332992849847,0.4294716432380029,0.6648058378068862
0.12206332992849847,0.4300775569558895,0.6644329554917944
0.12223357167177391,0.4300775569558895,0.6640902814287799
0.12223357167177391,0.4301987396994668,0.6640798769778548
0.12231869254341164,0.4301987396994668,0.6639262620709917
0.12231869254341164,0.43080465341735336,0.6633727160243735
0.12240381341504937,0.43080465341735336,0.6632535748283773
0.12240381341504937,0.43128938439166264,0.6628300585207999
0.12257405515832483,0.43128938439166264,0.6625797082419825
0.12257405515832483,0.43141056713523995,0.6625717369692568
0.12265917602996254,0.43141056713523995,0.6625261606447249
0.12265917602996254,0.43165293262239457,0.6624213815270132
0.12291453864487573,0.43165293262239457,0.6620755824228893
0.12291453864487573,0.4317741153659719,0.6620376672682229
0.1235103847463398,0.4317741153659719,0.6614413305396054
0.1235103847463398,0.4321376635967038,0.6611418220209299
0.12368062648961525,0.4321376635967038,0.6610775142657669
0.12368062648961525,0.43225884634028117,0.6610170292102311
0.12385086823289071,0.43225884634028117,0.6609580047951483
0.12385086823289071,0.4325012118274358,0.6608200767694604
0.12402110997616615,0.4325012118274358,0.6606960727898741
0.12402110997616615,0.4326223945710131,0.6605865667246232
0.12410623084780388,0.4326223945710131,0.6605578353041989
0.12410623084780388,0.4328647600581677,0.6604795289473395
0.12419135171944161,0.4328647600581677,0.6602785786319972
0.12419135171944161,0.432985942801745,0.6602486419542818
0.12453183520599251,0.432985942801745,0.6600379826696131
0.12453183520599251,0.4331071255453223,0.6599850811220459
0.12461695607763024,0.4331071255453223,0.6598347317281446
0.12461695607763024,0.433349491032477,0.6597448257534233
0.12478719782090568,0.433349491032477,0.6595599805402409
0.12478719782090568,0.4334706737760543,0.6593779727709842
0.12495743956418114,0.4334706737760543,0.659271114540225
0.12495743956418114,0.4335918565196316,0.6592525966343189
0.12504256043581885,0.4335918565196316,0.659197665903632
0.12504256043581885,0.4337130392632089,0.6588597903807245
0.1252128021790943,0.4337130392632089,0.6587477360494339
0.1252128021790943,0.43407658749394085,0.6586219155147696
0.12529792305073204,0.43407658749394085,0.658574604127518
0.12529792305073204,0.43480368395540475,0.6580043329452603
0.1254681647940075,0.43480368395540475,0.6576400393793447
0.1254681647940075,0.43492486669898206,0.6576089784924144
0.12555328566564522,0.43492486669898206,0.6573783192581594
0.12555328566564522,0.43504604944255937,0.6573751859891968
0.12563840653728295,0.43504604944255937,0.6573321600779378
0.12563840653728295,0.43540959767329135,0.6570345485027057
0.1258086482805584,0.43540959767329135,0.6569367049040532
0.1258086482805584,0.43553078041686866,0.65689532030752
0.1258937691521961,0.43553078041686866,0.6568758810839767
0.1258937691521961,0.43565196316044597,0.6568019841946515
0.12623425263874702,0.43565196316044597,0.6565385686233393
0.12623425263874702,0.4363790596219098,0.6561842400273683
0.1264896152536602,0.4363790596219098,0.6560050097188637
0.1264896152536602,0.4365002423654872,0.6559967012161435
0.12657473612529793,0.4365002423654872,0.6558854740875281
0.12657473612529793,0.4366214251090645,0.6558504571024825
0.12665985699693566,0.4366214251090645,0.6556876533511153
0.12665985699693566,0.4368637905962191,0.65528374098793
0.12725570309839973,0.4368637905962191,0.6549619823624301
0.12725570309839973,0.4369849733397964,0.6548601691260675
0.12734082397003746,0.4369849733397964,0.6548389757843406
0.12734082397003746,0.4371061560833737,0.6548242106115801
0.1274259448416752,0.4371061560833737,0.6545372594944601
0.1274259448416752,0.43734852157052834,0.6544241546731007
0.12768130745658834,0.43734852157052834,0.6542667362676281
0.12768130745658834,0.4377120698012603,0.6541671348616385
0.12810691181477699,0.4377120698012603,0.6535560393907683
0.12810691181477699,0.4378332525448376,0.6534381574461827
0.12827715355805244,0.4378332525448376,0.6533374396602794
0.12827715355805244,0.43795443528841493,0.6533181890752437
0.12836227442969017,0.43795443528841493,0.6532814083564562
0.12836227442969017,0.43831798351914686,0.6531033847420956
0.1284473953013279,0.43831798351914686,0.65299213102961
0.1284473953013279,0.43843916626272417,0.6528979417871917
0.1285325161729656,0.43843916626272417,0.6528918048568692
0.1285325161729656,0.4385603490063015,0.6528874943830348
0.12870275791624106,0.4385603490063015,0.6526432536151403
0.12870275791624106,0.43892389723703346,0.6525133440160525
0.12878787878787878,0.43892389723703346,0.6524371796586536
0.12878787878787878,0.4391662627241881,0.6522553142118168
0.1288729996595165,0.4391662627241881,0.6522317939689608
0.1288729996595165,0.4394086282113427,0.6521392606492297
0.12895812053115424,0.4394086282113427,0.6521065669820758
0.12895812053115424,0.43977217644207467,0.6519899905831331
0.12921348314606743,0.43977217644207467,0.6518557114023472
0.12921348314606743,0.439893359185652,0.6518423723255271
0.12929860401770515,0.439893359185652,0.6518321099962507
0.12929860401770515,0.4400145419292293,0.651671565075032
0.12938372488934285,0.4400145419292293,0.6516168413400409
0.12938372488934285,0.4401357246728066,0.6515973612395122
0.1295539666326183,0.4401357246728066,0.6512501795349691
0.1295539666326183,0.4404992729035385,0.6511124979670447
0.12989445011916922,0.4404992729035385,0.6509676717528485
0.12989445011916922,0.4408628211342705,0.6508218257120872
0.12997957099080695,0.4408628211342705,0.6508141944749766
0.12997957099080695,0.4409840038778478,0.6507232347378958
0.1301498127340824,0.4409840038778478,0.6506793807690241
0.1301498127340824,0.4411051866214251,0.6506405467863764
0.13032005447735784,0.4411051866214251,0.6504152590028611
0.13032005447735784,0.44158991759573435,0.6500541441103633
0.1304902962206333,0.44158991759573435,0.649553935347741
0.1304902962206333,0.44171110033931166,0.6495036800865736
0.13066053796390875,0.44171110033931166,0.6493320019831315
0.13066053796390875,0.441832283082889,0.6492401559614773
0.1308307797071842,0.441832283082889,0.6491349915405417
0.1308307797071842,0.44195346582646633,0.649106619387686
0.13091590057882194,0.44195346582646633,0.648979045611227
0.13091590057882194,0.44207464857004364,0.6489672609903377
0.13100102145045966,0.44207464857004364,0.6487162141041852
0.13100102145045966,0.44219583131362095,0.6484858944285243
0.13125638406537282,0.44219583131362095,0.6482237681006155
0.13125638406537282,0.44243819680077556,0.6481364819200581
0.13134150493701055,0.44243819680077556,0.6480552043537965
0.13134150493701055,0.44255937954435287,0.648001452361527
0.13142662580864828,0.44255937954435287,0.647893564199841
0.13142662580864828,0.4426805622879302,0.6478838535360287
0.131511746680286,0.4426805622879302,0.6478822547275782
0.131511746680286,0.44292292777508485,0.6474512655566318
0.13168198842356146,0.44292292777508485,0.647351347525481
0.13168198842356146,0.44304411051866216,0.6472966421987456
0.13193735103847462,0.44304411051866216,0.6466908609306881
0.13193735103847462,0.4432864760058168,0.6466036990034602
0.13202247191011235,0.4432864760058168,0.6465850776206733
0.13202247191011235,0.4435288414929714,0.6465367768404481
0.1321927136533878,0.4435288414929714,0.6464283650246411
0.1321927136533878,0.4436500242365487,0.6463652670504186
0.13236295539666326,0.4436500242365487,0.6462751020548588
0.13236295539666326,0.443771206980126,0.646223769628362
0.132448076268301,0.443771206980126,0.6461949575363101
0.132448076268301,0.4440135724672807,0.6456100268926852
0.13253319713993872,0.4440135724672807,0.6454054440166609
0.13253319713993872,0.444134755210858,0.6452002318379917
0.13278855975485188,0.444134755210858,0.6449339408949433
0.13278855975485188,0.4442559379544353,0.6448154633987417
0.13295880149812733,0.4442559379544353,0.6447486294924868
0.13295880149812733,0.4444983034415899,0.6446488767948224
0.13304392236976506,0.4444983034415899,0.6445077078111915
0.13304392236976506,0.4446194861851672,0.6444578553677262
0.1331290432414028,0.4446194861851672,0.6443332421371732
0.1331290432414028,0.4451042171594765,0.6441974164601484
0.13329928498467825,0.4451042171594765,0.6440631343224047
0.13329928498467825,0.44534658264663113,0.6440096814853696
0.1334695267279537,0.44534658264663113,0.643803737840236
0.1334695267279537,0.44558894813378574,0.6435553872260208
0.13363976847122916,0.44558894813378574,0.6434321859570684
0.13363976847122916,0.44583131362094036,0.6433582522184776
0.13389513108614232,0.44583131362094036,0.6431368173657519
0.13389513108614232,0.44643722733882696,0.642929071660011
0.13398025195778004,0.44643722733882696,0.6429277114988439
0.13398025195778004,0.44655841008240427,0.6426560805639604
0.13406537282941777,0.44655841008240427,0.6425384163449364
0.13406537282941777,0.4466795928259816,0.6423678445308872
0.1341504937010555,0.4466795928259816,0.6423623743128493
0.1341504937010555,0.4469219583131362,0.6423123180297398
0.13423561457269323,0.4469219583131362,0.6420770760883441
0.13423561457269323,0.44728550654386817,0.6415318159210452
0.13432073544433096,0.44728550654386817,0.6415048167488114
0.13432073544433096,0.4478914202617547,0.6410891722757337
0.13449097718760641,0.4478914202617547,0.6408514397621631
0.13449097718760641,0.448012603005332,0.6408248953267152
0.13457609805924411,0.448012603005332,0.6408183835199848
0.13457609805924411,0.44813378574890933,0.6405486971930255
0.13474633980251957,0.44813378574890933,0.6403654613709964
0.13474633980251957,0.448376151236064,0.6400368172512947
0.1348314606741573,0.448376151236064,0.6399444025798744
0.1348314606741573,0.4484973339796413,0.6398703822285992
0.13508682328907048,0.4484973339796413,0.6397857037054784
0.13508682328907048,0.44898206495395054,0.6393037859626675
0.13525706503234594,0.44898206495395054,0.6392810410251888
0.13525706503234594,0.44910324769752785,0.6392435134354885
0.13542730677562137,0.44910324769752785,0.6389208217222746
0.13542730677562137,0.44922443044110516,0.6388937679894046
0.1355124276472591,0.44922443044110516,0.6386737036166454
0.1355124276472591,0.44946679592825983,0.6382497839980472
0.13559754851889683,0.44946679592825983,0.6381660286040122
0.13559754851889683,0.44958797867183714,0.6380910885739997
0.13602315287708547,0.44958797867183714,0.6379039291294251
0.13602315287708547,0.4501938923897237,0.6370354788509075
0.1361082737487232,0.4501938923897237,0.6369240049519584
0.1361082737487232,0.45043625787687835,0.6365438228790085
0.13619339462036092,0.45043625787687835,0.6365431284043673
0.13619339462036092,0.45055744062045566,0.6365207237570829
0.13627851549199863,0.45055744062045566,0.6365162193757246
0.13627851549199863,0.45067862336403297,0.6364136161248444
0.13644875723527408,0.45067862336403297,0.6363394823605161
0.13644875723527408,0.4509209888511876,0.6363105470952343
0.1372148450800136,0.4509209888511876,0.6355528047808577
0.1372148450800136,0.4510421715947649,0.635482255487436
0.1374702076949268,0.4510421715947649,0.6350023764037143
0.1374702076949268,0.4512845370819195,0.6348942977563922
0.1378106911814777,0.4512845370819195,0.6343560969159974
0.1378106911814777,0.4514057198254969,0.6343245598839699
0.13789581205311544,0.4514057198254969,0.6341994702565099
0.13789581205311544,0.4517692680562288,0.6338860202169571
0.1381511746680286,0.4517692680562288,0.6337635565247969
0.1381511746680286,0.4518904507998061,0.6337558659386462
0.13857677902621723,0.4518904507998061,0.6334686112431791
0.13857677902621723,0.4520116335433834,0.6333753179239658
0.13883214164113042,0.4520116335433834,0.6330925092837105
0.13883214164113042,0.4521328162869607,0.632829586061231
0.1391726251276813,0.4521328162869607,0.6325425585358905
0.1391726251276813,0.45225399903053803,0.6324989811357947
0.13925774599931903,0.45225399903053803,0.6324312193728164
0.13925774599931903,0.45237518177411534,0.6323924758699982
0.1394279877425945,0.45237518177411534,0.6323320436212478
0.1394279877425945,0.4524963645176927,0.6323260485620237
0.13951310861423222,0.4524963645176927,0.6323183512414761
0.13951310861423222,0.45285991274842463,0.6321126369571699
0.13959822948586995,0.45285991274842463,0.6320377039501617
0.13959822948586995,0.45310227823557925,0.6319403124093738
0.13993871297242083,0.45310227823557925,0.6315219707543774
0.13993871297242083,0.45322346097915656,0.6315040060690438
0.1401089547156963,0.45322346097915656,0.6314638690569186
0.1401089547156963,0.45358700920988854,0.631365546487233
0.14019407558733402,0.45358700920988854,0.6313082844829566
0.14019407558733402,0.45382937469704315,0.6310651663280847
0.14027919645897174,0.45382937469704315,0.6310538432054101
0.14027919645897174,0.4541929229277751,0.6307952710843082
0.14036431733060947,0.4541929229277751,0.6307608457954698
0.14036431733060947,0.45467765390208437,0.6302515980919191
0.1404494382022472,0.45467765390208437,0.6302158295919315
0.1404494382022472,0.4547988366456617,0.6302143135754794
0.14061967994552263,0.4547988366456617,0.6301722546079296
0.14061967994552263,0.4551623848763936,0.630112611106411
0.1407899216887981,0.4551623848763936,0.6299204263736284
0.1407899216887981,0.4552835676199709,0.6298899828588799
0.14087504256043581,0.4552835676199709,0.6298421855181827
0.14087504256043581,0.4560106640814348,0.6292442890845054
0.14096016343207354,0.4560106640814348,0.6292153330651293
0.14096016343207354,0.4561318468250121,0.6290673147156312
0.14104528430371127,0.4561318468250121,0.6290314106757683
0.14104528430371127,0.45625302956858943,0.6289701836778635
0.1415560095335376,0.45625302956858943,0.6283177413402289
0.1415560095335376,0.45637421231216674,0.6281662707768157
0.14172625127681307,0.45637421231216674,0.6279462009315697
0.14172625127681307,0.456858943286476,0.6275053630617301
0.1418113721484508,0.456858943286476,0.6274976553418813
0.1418113721484508,0.45698012603005334,0.6274170591511433
0.14189649302008853,0.45698012603005334,0.6273179574995379
0.14189649302008853,0.45722249151720795,0.6270924253600956
0.14206673476336398,0.45722249151720795,0.6268984319728939
0.14206673476336398,0.45734367426078526,0.6268385291769187
0.1421518556350017,0.45734367426078526,0.6267231015438155
0.1421518556350017,0.45782840523509455,0.6263905000373192
0.14232209737827714,0.45782840523509455,0.6261301841248298
0.14232209737827714,0.45794958797867186,0.6260630261271343
0.14274770173646578,0.45794958797867186,0.6255720084387344
0.14274770173646578,0.4583131362094038,0.6254323507435838
0.14300306435137897,0.4583131362094038,0.6251422827857859
0.14300306435137897,0.4584343189529811,0.6250996313803837
0.14334354783792985,0.4584343189529811,0.6249612586296636
0.14334354783792985,0.4585555016965584,0.6248550311247598
0.1435137895812053,0.4585555016965584,0.6246604508986615
0.1435137895812053,0.4589190499272904,0.6243930212791782
0.14393939393939395,0.4589190499272904,0.623938108493093
0.14393939393939395,0.4590402326708677,0.6238009490252504
0.14410963568266938,0.4590402326708677,0.6235418246232629
0.14410963568266938,0.4595249636451769,0.6231089680465549
0.1441947565543071,0.4595249636451769,0.623009111551043
0.1441947565543071,0.45976732913233154,0.6227582542335426
0.14470548178413348,0.45976732913233154,0.6220850969618992
0.14470548178413348,0.4600096946194862,0.622032196409771
0.1447906026557712,0.4600096946194862,0.6219909776092711
0.1447906026557712,0.46049442559379544,0.6217709999611392
0.14504596527068436,0.46049442559379544,0.6216685863626911
0.14504596527068436,0.46061560833737275,0.6214590701985346
0.145471569628873,0.46061560833737275,0.6210306212917392
0.145471569628873,0.46073679108095006,0.620918408652915
0.14555669050051073,0.46073679108095006,0.6208593530941423
0.14555669050051073,0.46085797382452737,0.6208293651470741
0.1457269322437862,0.46085797382452737,0.620595486499408
0.1457269322437862,0.4609791565681047,0.6205726955010867
0.14598229485869935,0.4609791565681047,0.6203704031038428
0.14598229485869935,0.46122152205525935,0.620131948480296
0.1461525366019748,0.46122152205525935,0.6198732305782133
0.1461525366019748,0.46146388754241396,0.6197867963383061
0.14623765747361253,0.46146388754241396,0.6197800616010896
0.14623765747361253,0.4615850702859913,0.6197718083516985
0.14632277834525026,0.4615850702859913,0.6197539161379043
0.14632277834525026,0.4619486185167232,0.619636797945635
0.146407899216888,0.4619486185167232,0.6196062495600052
0.146407899216888,0.4623121667474552,0.6192510772940099
0.14649302008852572,0.4623121667474552,0.6192457076242436
0.14649302008852572,0.4624333494910325,0.6192418579610328
0.1468335035750766,0.4624333494910325,0.6188208311527638
0.1468335035750766,0.4625545322346098,0.6187662997074287
0.1470888661899898,0.4625545322346098,0.618563893326292
0.1470888661899898,0.4626757149781871,0.6184054350952745
0.14734422880490297,0.4626757149781871,0.6181765738940266
0.14734422880490297,0.4631604459524964,0.6179444192720621
0.14759959141981613,0.4631604459524964,0.6175634944373194
0.14759959141981613,0.463402811439651,0.6175177607059877
0.14870616275110657,0.463402811439651,0.6166286232672774
0.14870616275110657,0.4636451769268056,0.6164689030042912
0.14904664623765748,0.4636451769268056,0.6162362096064355
0.14904664623765748,0.46388754241396024,0.6161970747959898
0.14930200885257064,0.46388754241396024,0.6158581102519931
0.14930200885257064,0.46400872515753755,0.6156675770060486
0.14938712972420837,0.46400872515753755,0.6154321723383616
0.14938712972420837,0.46412990790111486,0.6154273257600498
0.1494722505958461,0.46412990790111486,0.6154172094479358
0.1494722505958461,0.4642510906446922,0.6153737333131498
0.14955737146748382,0.4642510906446922,0.6152662546565227
0.14955737146748382,0.46449345613184684,0.6151979704124144
0.14964249233912155,0.46449345613184684,0.6150261321027847
0.14964249233912155,0.46461463887542415,0.6148762278367174
0.14972761321075928,0.46461463887542415,0.6146986406409741
0.14972761321075928,0.46473582161900145,0.6146955671293712
0.149812734082397,0.46473582161900145,0.6146132429292698
0.149812734082397,0.46485700436257876,0.6145430876406319
0.14989785495403474,0.46485700436257876,0.6143950835806788
0.14989785495403474,0.4650993698497334,0.6142229129821093
0.15032345931222335,0.4650993698497334,0.6140964638174176
0.15032345931222335,0.4658264663111973,0.613740295637334
0.15040858018386108,0.4658264663111973,0.6137025988837903
0.15040858018386108,0.4659476490547746,0.6136652682080714
0.1504937010554988,0.4659476490547746,0.6136634865053436
0.1504937010554988,0.4660688317983519,0.6136241653071453
0.15057882192713654,0.4660688317983519,0.6134660806061202
0.15057882192713654,0.4661900145419292,0.6134535309396251
0.15083418454204972,0.4661900145419292,0.6134147625728142
0.15083418454204972,0.4663111972855065,0.6133487177516848
0.1511746680286006,0.4663111972855065,0.6130913959865891
0.1511746680286006,0.4666747455162385,0.6127826210671208
0.15134490977187606,0.4666747455162385,0.6126429270576235
0.15134490977187606,0.4670382937469704,0.6124023158710671
0.15151515151515152,0.4670382937469704,0.6122885909999385
0.15151515151515152,0.46740184197770235,0.6121534960222648
0.15194075587334013,0.46740184197770235,0.6118671974555863
0.15194075587334013,0.4675230247212797,0.6118242876755438
0.15202587674497786,0.4675230247212797,0.6118240727368075
0.15202587674497786,0.46788657295201164,0.6111802475307113
0.1521109976166156,0.46788657295201164,0.611147061677435
0.1521109976166156,0.46849248666989823,0.6109038218411318
0.15219611848825332,0.46849248666989823,0.6108805737593344
0.15219611848825332,0.46861366941347554,0.6107326678063749
0.1524514811031665,0.46861366941347554,0.6106142664930592
0.1524514811031665,0.46885603490063016,0.6105401758160556
0.15253660197480423,0.46885603490063016,0.6103361937578339
0.15253660197480423,0.46897721764420747,0.6102627606173585
0.1527919645897174,0.46897721764420747,0.6101759023088164
0.1527919645897174,0.4690984003877848,0.6101422571571926
0.15287708546135512,0.4690984003877848,0.6099200163926095
0.15287708546135512,0.4693407658749394,0.6098118323351127
0.15296220633299284,0.4693407658749394,0.6097834646478902
0.15296220633299284,0.4694619486185167,0.6096523789939574
0.15304732720463057,0.4694619486185167,0.6095829431190911
0.15304732720463057,0.46958313136209406,0.6095538821071286
0.15330268981954376,0.46958313136209406,0.6093286170312587
0.15330268981954376,0.46970431410567137,0.6092902564190744
0.1538134150493701,0.46970431410567137,0.6086825070184773
0.1538134150493701,0.4698254968492487,0.6084839958368956
0.15398365679264556,0.4698254968492487,0.6083892546593472
0.15398365679264556,0.4704314105671352,0.6081350636100593
0.154153898535921,0.4704314105671352,0.607912458710626
0.154153898535921,0.47055259331071253,0.6077660738177171
0.15423901940755874,0.47055259331071253,0.6074455851613766
0.15423901940755874,0.4706737760542899,0.6073346418881761
0.15432414027919647,0.4706737760542899,0.6073113748859784
0.15432414027919647,0.4707949587978672,0.607251664004804
0.1544092611508342,0.4707949587978672,0.607195391022538
0.1544092611508342,0.4710373242850218,0.6071007802550801
0.15457950289410963,0.4710373242850218,0.606869873862597
0.15457950289410963,0.4711585070285991,0.6067639871508698
0.15466462376574736,0.4711585070285991,0.6065998546317115
0.15466462376574736,0.47127968977217644,0.6065222129808917
0.15474974463738508,0.47127968977217644,0.6064431621123151
0.15474974463738508,0.47140087251575374,0.6064302357311365
0.15491998638066054,0.47140087251575374,0.606338537731692
0.15491998638066054,0.47164323800290836,0.606221881665884
0.15500510725229827,0.47164323800290836,0.6061108908293769
0.15500510725229827,0.4717644207464857,0.6060546796211965
0.15526046986721145,0.4717644207464857,0.605777638207187
0.15526046986721145,0.47200678623364034,0.6057617874844092
0.15543071161048688,0.47200678623364034,0.6057235638864066
0.15543071161048688,0.47212796897721765,0.6056159152563909
0.1555158324821246,0.47212796897721765,0.6055911718661715
0.1555158324821246,0.47237033446437227,0.6053875221522987
0.15560095335376234,0.47237033446437227,0.6053382544380603
0.15560095335376234,0.4726126999515269,0.6052434959592334
0.15568607422540007,0.4726126999515269,0.6052303672499518
0.15568607422540007,0.47309743092583617,0.6049763648388767
0.15585631596867552,0.47309743092583617,0.6048658270565773
0.15585631596867552,0.4732186136694135,0.6047816571312411
0.15594143684031325,0.4732186136694135,0.6046593447272409
0.15594143684031325,0.4733397964129908,0.604657254442377
0.15602655771195098,0.4733397964129908,0.6046353693099448
0.15602655771195098,0.4734609791565681,0.6045228645494143
0.15628192032686414,0.4734609791565681,0.6043497322363698
0.15628192032686414,0.4735821619001454,0.6042919290704769
0.15636704119850187,0.4735821619001454,0.604209792875216
0.15636704119850187,0.4737033446437227,0.6041011531177966
0.15653728294177732,0.4737033446437227,0.6037558418725397
0.15653728294177732,0.4738245273873,0.6037222986657992
0.1567926455566905,0.4738245273873,0.6033980808148316
0.1567926455566905,0.4739457101308774,0.6032024153901026
0.1571331290432414,0.4739457101308774,0.602929844024741
0.1571331290432414,0.4744304411051866,0.6023370272559906
0.15721824991487912,0.4744304411051866,0.6022536057232456
0.15721824991487912,0.47467280659234123,0.6021466439245156
0.15730337078651685,0.47467280659234123,0.6020156572883328
0.15730337078651685,0.4749151720794959,0.6019031809982379
0.15738849165815458,0.4749151720794959,0.601709501242946
0.15738849165815458,0.4751575375666505,0.601500543638124
0.1574736125297923,0.4751575375666505,0.6011608618386706
0.1574736125297923,0.47552108579738245,0.6010150934337987
0.15764385427306776,0.47552108579738245,0.6008403180718462
0.15764385427306776,0.47576345128453706,0.6007043663884414
0.1577289751447055,0.47576345128453706,0.6006665016155286
0.1577289751447055,0.47612699951526904,0.6005129921744908
0.15806945863125638,0.47612699951526904,0.599946631060893
0.15806945863125638,0.47624818225884635,0.5999294547057905
0.1581545795028941,0.47624818225884635,0.5998898273882428
0.1581545795028941,0.47649054774600097,0.599229257217954
0.15823970037453183,0.47649054774600097,0.5991575606724334
0.15823970037453183,0.4766117304895783,0.5991219288516899
0.15832482124616956,0.4766117304895783,0.5990350882956936
0.15832482124616956,0.4767329132331556,0.599019999708605
0.1584099421178073,0.4767329132331556,0.5989415953575875
0.1584099421178073,0.4768540959767329,0.5987160502920096
0.15858018386108275,0.4768540959767329,0.5982602437427718
0.15858018386108275,0.4769752787203102,0.5982440243856413
0.15866530473272047,0.4769752787203102,0.5980002644899638
0.15866530473272047,0.4773388269510422,0.5977028909297936
0.1588355464759959,0.4773388269510422,0.5974873276575426
0.1588355464759959,0.4774600096946195,0.5974638312669895
0.15934627170582227,0.4774600096946195,0.5972116725952309
0.15934627170582227,0.4775811924381968,0.5970900215972875
0.15951651344909773,0.4775811924381968,0.5968356313146166
0.15951651344909773,0.4777023751817741,0.5968182340477345
0.1597718760640109,0.4777023751817741,0.5965964432666285
0.1597718760640109,0.4778235579253514,0.596389030112197
0.15985699693564862,0.4778235579253514,0.5963601078541628
0.15985699693564862,0.4779447406689287,0.5962745047933969
0.16002723867892407,0.4779447406689287,0.5959547418701514
0.16002723867892407,0.47806592341250603,0.5958535954275047
0.16019748042219953,0.47806592341250603,0.5957613774254022
0.16019748042219953,0.4781871061560834,0.5957409162483011
0.16028260129383726,0.4781871061560834,0.5957280656109419
0.16028260129383726,0.4783082888996607,0.595543647153478
0.16036772216547499,0.4783082888996607,0.5955145035313543
0.16036772216547499,0.4785506543868153,0.5953026803748638
0.1604528430371127,0.4785506543868153,0.5952609928658277
0.1604528430371127,0.47867183713039263,0.5952137090128707
0.16062308478038814,0.47867183713039263,0.5951869626433433
0.16062308478038814,0.47891420261754725,0.5951291794552839
0.16070820565202587,0.47891420261754725,0.5951237323612047
0.16070820565202587,0.47903538536112455,0.5951127089500333
0.16087844739530133,0.47903538536112455,0.594890907873861
0.16087844739530133,0.47915656810470186,0.5946687774158771
0.1611338100102145,0.47915656810470186,0.594517625770713
0.1611338100102145,0.47939893359185654,0.5942653712145666
0.16130405175348997,0.47939893359185654,0.5942056666888431
0.16130405175348997,0.47964129907901115,0.5940400753804964
0.16138917262512767,0.47964129907901115,0.5937180276413055
0.16138917262512767,0.47976248182258846,0.5935743126384168
0.1614742934967654,0.47976248182258846,0.5935049130119446
0.1614742934967654,0.4801260300533204,0.5930624389393672
0.16155941436840313,0.4801260300533204,0.5930481396149357
0.16155941436840313,0.48024721279689775,0.5930308381415181
0.1620701395982295,0.48024721279689775,0.592735470857153
0.1620701395982295,0.48036839554047506,0.5927221871978348
0.16215526046986722,0.48036839554047506,0.5926378358279304
0.16215526046986722,0.48048957828405237,0.5925560344776389
0.16232550221314265,0.48048957828405237,0.5924853961203455
0.16232550221314265,0.4809743092583616,0.592142884323815
0.1624957439564181,0.4809743092583616,0.5919976715955794
0.1624957439564181,0.4814590402326709,0.5918017330607601
0.16300646918624448,0.4814590402326709,0.5915924205967433
0.16300646918624448,0.4815802229762482,0.5915281011421148
0.16309159005788218,0.4815802229762482,0.5915173506462567
0.16309159005788218,0.4818225884634028,0.5914896249198204
0.16326183180115764,0.4818225884634028,0.5914165214293171
0.16326183180115764,0.4819437712069801,0.5912764782450168
0.16368743615934628,0.4819437712069801,0.5910945845431326
0.16368743615934628,0.48206495395055743,0.5910752178868659
0.163772557030984,0.48206495395055743,0.5910403719808414
0.163772557030984,0.48218613669413474,0.5909771893457326
0.1641130405175349,0.48218613669413474,0.5905824466955633
0.1641130405175349,0.4824285021812894,0.5905078495570089
0.16436840313244808,0.4824285021812894,0.5904137837605022
0.16436840313244808,0.482670867668444,0.5902446076221528
0.164708886618999,0.482670867668444,0.5899918894589993
0.164708886618999,0.48303441589917595,0.5897573637472692
0.1647940074906367,0.48303441589917595,0.5896166796949146
0.1647940074906367,0.4833979641299079,0.5894702121119345
0.16487912836227442,0.4833979641299079,0.589110013000615
0.16487912836227442,0.48351914687348524,0.5890594484031196
0.16504937010554988,0.48351914687348524,0.589051630059564
0.16504937010554988,0.48364032961706255,0.5890472614302581
0.1651344909771876,0.48364032961706255,0.5889314914586508
0.1651344909771876,0.48376151236063986,0.5889154820875753
0.16530473272046306,0.48376151236063986,0.5888516558767369
0.16530473272046306,0.4840038778477945,0.5888066787221898
0.1660708205652026,0.4840038778477945,0.5882746823210602
0.1660708205652026,0.4844886088221037,0.5880978276605757
0.16649642492339123,0.4844886088221037,0.5877534094023134
0.16649642492339123,0.4848521570528357,0.5875284352241957
0.16658154579502893,0.4848521570528357,0.5875276967817007
0.16658154579502893,0.484973339796413,0.5875188014870729
0.16666666666666666,0.484973339796413,0.5874149289995949
0.16666666666666666,0.4853368880271449,0.5873560730820593
0.16675178753830439,0.4853368880271449,0.5873087124434705
0.16675178753830439,0.4857004362578769,0.5870380000746347
0.16683690840994211,0.4857004362578769,0.5869774644542766
0.16683690840994211,0.48618516723218613,0.58668610519703
0.16692202928157984,0.48618516723218613,0.586667486533304
0.16692202928157984,0.48630634997576344,0.5864980398058901
0.1670922710248553,0.48630634997576344,0.5863820612795122
0.1670922710248553,0.4866698982064954,0.5862464919683396
0.16743275451140618,0.4866698982064954,0.5861528249650279
0.16743275451140618,0.48715462918080465,0.5858215463931064
0.16768811712631937,0.48715462918080465,0.5857196486435806
0.16768811712631937,0.48727581192438196,0.5856344528237154
0.16836908409942117,0.48727581192438196,0.5848245547153466
0.16836908409942117,0.48739699466795927,0.5845197652700281
0.16853932584269662,0.48739699466795927,0.584497971888676
0.16853932584269662,0.4875181774115366,0.5843722755943214
0.16896493020088527,0.4875181774115366,0.5841024452065304
0.16896493020088527,0.48776054289869125,0.5840365507739466
0.1691351719441607,0.48776054289869125,0.5839710543732465
0.1691351719441607,0.48788172564226856,0.5838427062139956
0.16930541368743615,0.48788172564226856,0.5837710909902875
0.16930541368743615,0.4881240911294232,0.5836738195741324
0.16939053455907388,0.4881240911294232,0.5835823447180674
0.16939053455907388,0.4883664566165778,0.5834427999739278
0.1694756554307116,0.4883664566165778,0.5833664024770366
0.1694756554307116,0.4886088221037324,0.5833523774525022
0.1697310180456248,0.4886088221037324,0.583199804672162
0.1697310180456248,0.4888511875908871,0.5831238289969243
0.16990125978890025,0.4888511875908871,0.5829463662600306
0.16990125978890025,0.4889723703344644,0.5829076307252635
0.16998638066053795,0.4889723703344644,0.5828872498351542
0.16998638066053795,0.489214735821619,0.5828623681206384
0.17007150153217568,0.489214735821619,0.5828157274630117
0.17007150153217568,0.48957828405235093,0.5824856753658422
0.1701566224038134,0.48957828405235093,0.5824567717683627
0.1701566224038134,0.49030538051381484,0.5820103921162678
0.17024174327545114,0.49030538051381484,0.5820009782421189
0.17024174327545114,0.49042656325739215,0.5819453308986848
0.17032686414708886,0.49042656325739215,0.5818698933936861
0.17032686414708886,0.49103247697527874,0.5816767566440675
0.1704119850187266,0.49103247697527874,0.5816430089972705
0.1704119850187266,0.491517207949588,0.5814196865188179
0.17049710589036432,0.491517207949588,0.5811903404248376
0.17049710589036432,0.4916383906931653,0.5811879993460545
0.17058222676200205,0.4916383906931653,0.5811396824921967
0.17058222676200205,0.4921231216674746,0.5810437956187064
0.17092271024855293,0.4921231216674746,0.5809057031176514
0.17092271024855293,0.49297140087251573,0.5803474952627855
0.1710929519918284,0.49297140087251573,0.5802497829654643
0.1710929519918284,0.4930925836160931,0.5802241006945852
0.17126319373510385,0.4930925836160931,0.5801385031100025
0.17126319373510385,0.4932137663596704,0.580100243855739
0.17134831460674158,0.4932137663596704,0.5800844068601415
0.17134831460674158,0.4933349491032477,0.580080822840259
0.17160367722165476,0.4933349491032477,0.5797344563062772
0.17160367722165476,0.493456131846825,0.5796130178408941
0.1717739189649302,0.493456131846825,0.5794737865976642
0.1717739189649302,0.4935773145904023,0.5794722998200194
0.17194416070820565,0.4935773145904023,0.5794454004756044
0.17194416070820565,0.49369849733397964,0.5794407139576423
0.17202928157984337,0.49369849733397964,0.5793461508156852
0.17202928157984337,0.4941832283082889,0.5791162091085555
0.17228464419475656,0.4941832283082889,0.5789101063819522
0.17228464419475656,0.49478914202617547,0.578597144917686
0.1723697650663943,0.49478914202617547,0.5785819866671784
0.1723697650663943,0.4949103247697528,0.5785709501300231
0.17245488593803202,0.4949103247697528,0.578531386806805
0.17245488593803202,0.4950315075133301,0.5784612409635315
0.17254000680966974,0.4950315075133301,0.5784534683428914
0.17254000680966974,0.4951526902569074,0.5784100440815564
0.17262512768130744,0.4951526902569074,0.5783267637861922
0.17262512768130744,0.49527387300048475,0.578318694941287
0.17271024855294517,0.49527387300048475,0.5783113624869132
0.17271024855294517,0.49539505574406206,0.578303857868123
0.17288049029622063,0.49539505574406206,0.5782497967141039
0.17288049029622063,0.49551623848763937,0.5782384380795956
0.17296561116785836,0.49551623848763937,0.5781206705336698
0.17296561116785836,0.4961221522055259,0.57747123134933
0.17313585291113381,0.4961221522055259,0.577374733083145
0.17313585291113381,0.4962433349491032,0.5773487456180258
0.17322097378277154,0.4962433349491032,0.5772984440820909
0.17322097378277154,0.4963645176926806,0.5771955064886156
0.173391215526047,0.4963645176926806,0.5770124896944508
0.173391215526047,0.4966068831798352,0.5769311918198163
0.17356145726932243,0.4966068831798352,0.5768225155821727
0.17356145726932243,0.49709161415414443,0.5766126207654241
0.1740721824991488,0.49709161415414443,0.576468499361748
0.1740721824991488,0.4973339796412991,0.5763086751082157
0.17432754511406195,0.4973339796412991,0.5761623353895051
0.17432754511406195,0.4974551623848764,0.5759535524575159
0.1744977868573374,0.4974551623848764,0.575860410586514
0.1744977868573374,0.4975763451284537,0.575767122135576
0.17458290772897514,0.4975763451284537,0.575571953961757
0.17458290772897514,0.49769752787203103,0.5755009669428987
0.1747531494722506,0.49769752787203103,0.575483095640131
0.1747531494722506,0.49793989335918565,0.5754584882401645
0.17483827034388832,0.49793989335918565,0.5754078412559522
0.17483827034388832,0.49806107610276296,0.5752831031752512
0.1750936329588015,0.49806107610276296,0.5750948940992674
0.1750936329588015,0.49818225884634026,0.5749470628295994
0.17526387470207694,0.49818225884634026,0.5748567241059619
0.17526387470207694,0.49854580707707224,0.5746332154926997
0.17534899557371467,0.49854580707707224,0.5746286022278642
0.17534899557371467,0.49878817256422686,0.5746230128567641
0.17560435818862785,0.49878817256422686,0.574541912067881
0.17560435818862785,0.4990305380513815,0.5743826660272134
0.1757745999319033,0.4990305380513815,0.5743476353254079
0.1757745999319033,0.4991517207949588,0.5742162283486368
0.17594484167517876,0.4991517207949588,0.5741395972599356
0.17594484167517876,0.4992729035385361,0.5740673932583121
0.1760299625468165,0.4992729035385361,0.5740641387679222
0.1760299625468165,0.4993940862821134,0.5739820212305817
0.17620020429009192,0.4993940862821134,0.573826985582793
0.17620020429009192,0.49951526902569077,0.5737163940871587
0.17662580864828056,0.49951526902569077,0.5734607414257956
0.17662580864828056,0.4996364517692681,0.5734533814870743
0.1767109295199183,0.4996364517692681,0.57333885170489
0.1767109295199183,0.4997576345128454,0.573307723952175
0.17696629213483145,0.4997576345128454,0.5731347651599128
0.17696629213483145,0.5,0.5729837403072741
0.17705141300646918,0.5,0.5729596790610554
0.17705141300646918,0.5001211827435773,0.5729221495775498
0.1771365338781069,0.5001211827435773,0.5729047575216337
0.1771365338781069,0.5004847309743092,0.572838392392908
0.1773918964930201,0.5004847309743092,0.5726846628292283
0.1773918964930201,0.5013330101793505,0.5723397228241599
0.17764725910793328,0.5013330101793505,0.5720943706968645
0.17764725910793328,0.5014541929229278,0.5720758172260799
0.177732379979571,0.5014541929229278,0.5719669746470699
0.177732379979571,0.5016965584100824,0.5718495531435996
0.17798774259448416,0.5016965584100824,0.5717076204354733
0.17798774259448416,0.5020601066408144,0.5715212087026142
0.1780728634661219,0.5020601066408144,0.5715181336293946
0.1780728634661219,0.5021812893843917,0.5711485124889794
0.17815798433775962,0.5021812893843917,0.5711034855465744
0.17815798433775962,0.5024236548715463,0.5710452836410953
0.17849846782431053,0.5024236548715463,0.5708820475038806
0.17849846782431053,0.5025448376151236,0.5708429906760311
0.1787538304392237,0.5025448376151236,0.5706672915897401
0.1787538304392237,0.5027872031022782,0.5705212463891522
0.17883895131086142,0.5027872031022782,0.5703921733236681
0.17883895131086142,0.5029083858458555,0.5703749097256656
0.1790943139257746,0.5029083858458555,0.5702331825376167
0.1790943139257746,0.5031507513330101,0.570108614104864
0.17917943479741233,0.5031507513330101,0.570083138033072
0.17917943479741233,0.5033931168201649,0.5699657185820307
0.17943479741232551,0.5033931168201649,0.5697622600743187
0.17943479741232551,0.5036354823073195,0.5696166405317072
0.17969016002723867,0.5036354823073195,0.5693059206573261
0.17969016002723867,0.5037566650508968,0.5692932745116303
0.1797752808988764,0.5037566650508968,0.5692794398502791
0.1797752808988764,0.5038778477944741,0.5691161471681802
0.17994552264215186,0.5038778477944741,0.5690287266527745
0.17994552264215186,0.5039990305380514,0.5689623200518835
0.18003064351378958,0.5039990305380514,0.5689303718153178
0.18003064351378958,0.5043625787687833,0.5687324686665493
0.1801157643854273,0.5043625787687833,0.5685357120804179
0.1801157643854273,0.5044837615123606,0.5685056859143963
0.18028600612870277,0.5044837615123606,0.5684020226432225
0.18028600612870277,0.5046049442559379,0.5682353558842321
0.18037112700034047,0.5046049442559379,0.5681471820636536
0.18037112700034047,0.5047261269995152,0.5681403675638309
0.18071161048689138,0.5047261269995152,0.5678178492039759
0.18071161048689138,0.5048473097430926,0.5677833835412592
0.18096697310180457,0.5048473097430926,0.5676579841977406
0.18096697310180457,0.5054532234609792,0.5673342644993711
0.18113721484508002,0.5054532234609792,0.5671743710141397
0.18113721484508002,0.5055744062045565,0.5671641333718687
0.18139257745999318,0.5055744062045565,0.5670721584144833
0.18139257745999318,0.5056955889481338,0.5670626579564013
0.18164794007490637,0.5056955889481338,0.5667441998422615
0.18164794007490637,0.5063015026660204,0.566499624836353
0.1817330609465441,0.5063015026660204,0.5664796213279412
0.1817330609465441,0.5064226854095977,0.5664476213969686
0.18181818181818182,0.5064226854095977,0.5664336770726527
0.18181818181818182,0.5066650508967523,0.5664098239173085
0.18198842356145728,0.5066650508967523,0.5660138298829003
0.18198842356145728,0.5071497818710615,0.565895215018902
0.1821586653047327,0.5071497818710615,0.5658349223082213
0.1821586653047327,0.5075133301017936,0.5656740515262865
0.1824140279196459,0.5075133301017936,0.5654425449516176
0.1824140279196459,0.5077556955889482,0.5653434571777046
0.18249914879128362,0.5077556955889482,0.565252554189929
0.18249914879128362,0.5081192438196801,0.5651241917483333
0.18266939053455908,0.5081192438196801,0.5649132638995389
0.18266939053455908,0.5083616093068347,0.5648772727789382
0.1827545114061968,0.5083616093068347,0.5648310354407329
0.1827545114061968,0.5086039747939893,0.564770732252595
0.18283963227783454,0.5086039747939893,0.5647224902526035
0.18283963227783454,0.5087251575375666,0.5646751856457213
0.1830949948927477,0.5087251575375666,0.564663559563813
0.1830949948927477,0.5089675230247213,0.5646505237256226
0.18360572012257406,0.5089675230247213,0.5642217290162466
0.18360572012257406,0.5090887057682986,0.5642169621754349
0.1836908409942118,0.5090887057682986,0.5640481221160548
0.1836908409942118,0.5092098885118759,0.564041995877863
0.18377596186584952,0.5092098885118759,0.5640170268596827
0.18377596186584952,0.5094522539990305,0.5638674933637448
0.18394620360912495,0.5094522539990305,0.5637013417193818
0.18394620360912495,0.5095734367426078,0.563630696876156
0.18403132448076268,0.5095734367426078,0.5635751027070576
0.18403132448076268,0.5099369849733398,0.5634264282645244
0.18428668709567586,0.5099369849733398,0.5632973344696073
0.18428668709567586,0.5104217159476491,0.5630913651395498
0.1843718079673136,0.5104217159476491,0.5630144772840499
0.1843718079673136,0.5105428986912264,0.5629435341630663
0.18445692883895132,0.5105428986912264,0.5628989195409414
0.18445692883895132,0.510785264178381,0.5628577185808645
0.18471229145386447,0.510785264178381,0.5625258046895091
0.18471229145386447,0.5109064469219583,0.5625003799662301
0.18488253319713993,0.5109064469219583,0.5623509948271781
0.18488253319713993,0.5110276296655356,0.5623090376505329
0.18530813755532857,0.5110276296655356,0.5621912642506722
0.18530813755532857,0.5116335433834222,0.5614551729096474
0.1853932584269663,0.5116335433834222,0.5612163067487
0.1853932584269663,0.5117547261269996,0.5612036957313489
0.18556350017024173,0.5117547261269996,0.5610560694128204
0.18556350017024173,0.5119970916141542,0.5610161599290509
0.18564862104187946,0.5119970916141542,0.5609924889393965
0.18564862104187946,0.5121182743577315,0.5609728971027936
0.18581886278515491,0.5121182743577315,0.5608199811220577
0.18581886278515491,0.5123606398448861,0.5607470544682014
0.18590398365679264,0.5123606398448861,0.5607165102462439
0.18590398365679264,0.5124818225884634,0.5605948645573263
0.18632958801498128,0.5124818225884634,0.5602668794974242
0.18632958801498128,0.5128453708191953,0.5600678377941902
0.186414708886619,0.5128453708191953,0.5600108143848549
0.186414708886619,0.5129665535627727,0.5599139489393413
0.18658495062989444,0.5129665535627727,0.5595506947942702
0.18658495062989444,0.51308773630635,0.5593623577049988
0.18684031324480763,0.51308773630635,0.559165522271644
0.18684031324480763,0.5134512845370819,0.5590342156035564
0.18692543411644535,0.5134512845370819,0.5588979011891039
0.18692543411644535,0.5141783809985458,0.5585294752688947
0.1874361593462717,0.5141783809985458,0.5578150733179214
0.1874361593462717,0.5144207464857005,0.5576712975928425
0.18760640108954715,0.5144207464857005,0.5575248445839986
0.18760640108954715,0.5145419292292778,0.5575127437286296
0.18769152196118488,0.5145419292292778,0.5574326532804385
0.18769152196118488,0.5151478429471643,0.5572430762119108
0.1877766428328226,0.5151478429471643,0.5572357789026939
0.1877766428328226,0.5152690256907416,0.5571372745488077
0.18786176370446034,0.5152690256907416,0.5570427675585348
0.18786176370446034,0.5153902084343189,0.5569478939725927
0.18794688457609807,0.5153902084343189,0.5568569965971925
0.18794688457609807,0.5155113911778962,0.5568420538434541
0.1880320054477358,0.5155113911778962,0.5567974117347267
0.1880320054477358,0.5156325739214735,0.5567555337173056
0.18811712631937352,0.5156325739214735,0.5567109087784216
0.18811712631937352,0.5157537566650509,0.5566691693939285
0.18828736806264895,0.5157537566650509,0.5566412634294787
0.18828736806264895,0.5161173048957829,0.5565212931355611
0.1884576098059244,0.5161173048957829,0.5563705177829876
0.1884576098059244,0.5163596703829375,0.5563349225482453
0.18854273067756214,0.5163596703829375,0.5562398358892349
0.18854273067756214,0.5166020358700921,0.5559910175731492
0.18879809329247532,0.5166020358700921,0.5556605197581683
0.18879809329247532,0.5168444013572467,0.5555698064167021
0.18888321416411305,0.5168444013572467,0.5554886125313083
0.18888321416411305,0.5172079495879787,0.5553547144775473
0.18922369765066394,0.5172079495879787,0.5552552266066296
0.18922369765066394,0.517329132331556,0.5551793369801626
0.18930881852230166,0.517329132331556,0.5550572821798871
0.18930881852230166,0.5174503150751333,0.5550248583088848
0.18956418113721485,0.5174503150751333,0.554854804513921
0.18956418113721485,0.5178138633058652,0.5547114022441069
0.1897344228804903,0.5178138633058652,0.5545630557524874
0.1897344228804903,0.5179350460494425,0.5545484308071088
0.18998978549540346,0.5179350460494425,0.5544041957999613
0.18998978549540346,0.5180562287930198,0.554331582623079
0.19024514811031665,0.5180562287930198,0.5539506744650571
0.19024514811031665,0.5181774115365972,0.5539056421634233
0.19050051072522983,0.5181774115365972,0.5537226570462315
0.19050051072522983,0.5182985942801746,0.5536932386986624
0.19084099421178072,0.5182985942801746,0.5534778850753098
0.19084099421178072,0.5187833252544838,0.5530905996842302
0.19092611508341845,0.5187833252544838,0.5530752530946347
0.19092611508341845,0.519268056228793,0.5529923879350369
0.19101123595505617,0.519268056228793,0.552968167403331
0.19101123595505617,0.5195104217159476,0.5528511536689417
0.19118147769833163,0.5195104217159476,0.5528315121023752
0.19118147769833163,0.5197527872031023,0.5523636504132964
0.19126659856996936,0.5197527872031023,0.5523020138666354
0.19126659856996936,0.5202375181774115,0.5521125659484445
0.19143684031324482,0.5202375181774115,0.5516669856716095
0.19143684031324482,0.5204798836645662,0.5515155310079575
0.1917773237997957,0.5204798836645662,0.5510597514737958
0.1917773237997957,0.5207222491517208,0.5510357585100382
0.19186244467143343,0.5207222491517208,0.5508764735115715
0.19186244467143343,0.5208434318952981,0.5508223354698591
0.19211780728634661,0.5208434318952981,0.5507423597301065
0.19211780728634661,0.5209646146388754,0.55069455956922
0.19254341164453523,0.5209646146388754,0.5504710532832712
0.19254341164453523,0.5210857973824528,0.550430293835658
0.19271365338781068,0.5210857973824528,0.5503944855607408
0.19271365338781068,0.5212069801260301,0.5503356221798952
0.1927987742594484,0.5212069801260301,0.5502344627189413
0.1927987742594484,0.521570528356762,0.5500566502009075
0.19296901600272387,0.521570528356762,0.5499934930707124
0.19296901600272387,0.5218128938439166,0.5498727781933617
0.19322437861763705,0.5218128938439166,0.5495967689884311
0.19322437861763705,0.5220552593310712,0.5494440280585641
0.1934797412325502,0.5220552593310712,0.5490844275152988
0.1934797412325502,0.5224188075618031,0.548973799151761
0.1937351038474634,0.5224188075618031,0.5489502233198501
0.1937351038474634,0.5226611730489579,0.5488077129382831
0.19390534559073885,0.5226611730489579,0.5486153090435792
0.19390534559073885,0.5227823557925352,0.5485935933168294
0.19399046646237658,0.5227823557925352,0.5485636519958095
0.19399046646237658,0.5230247212796898,0.5484370766224754
0.19450119169220292,0.5230247212796898,0.5482834135703468
0.19450119169220292,0.5231459040232671,0.5482242558563887
0.19458631256384065,0.5231459040232671,0.5481802820725543
0.19458631256384065,0.5232670867668444,0.5481677340784294
0.1947565543071161,0.5232670867668444,0.5480843960999962
0.1947565543071161,0.523509452253999,0.5477434555294455
0.19484167517875384,0.523509452253999,0.5476903658261552
0.19484167517875384,0.5236306349975763,0.5476490666692081
0.19492679605039157,0.5236306349975763,0.5476256215255662
0.19492679605039157,0.5237518177411536,0.5476150848613466
0.195097037793667,0.5237518177411536,0.5475889782119362
0.195097037793667,0.5239941832283083,0.5475376349352868
0.19518215866530472,0.5239941832283083,0.5474331708646686
0.19518215866530472,0.5241153659718856,0.5472793055164629
0.19535240040858018,0.5241153659718856,0.5471390114668686
0.19535240040858018,0.5242365487154629,0.5471330771173086
0.1954375212802179,0.5242365487154629,0.5471165246296941
0.1954375212802179,0.5243577314590402,0.5469411328376617
0.19552264215185564,0.5243577314590402,0.5467431017283042
0.19552264215185564,0.5246000969461949,0.5466863465638246
0.1961184882533197,0.5246000969461949,0.545852103181175
0.1961184882533197,0.5248424624333495,0.5457940473674281
0.19620360912495743,0.5248424624333495,0.5457617154232131
0.19620360912495743,0.5252060106640815,0.5456835389887308
0.19654409261150835,0.5252060106640815,0.5454950789642733
0.19654409261150835,0.5253271934076588,0.5454880627696385
0.19662921348314608,0.5253271934076588,0.5454545168386873
0.19662921348314608,0.5256907416383907,0.5452366091800677
0.1967143343547838,0.5256907416383907,0.5451886046146514
0.1967143343547838,0.5261754726126999,0.5451042218538419
0.1970548178413347,0.5261754726126999,0.5449073378344201
0.1970548178413347,0.5262966553562772,0.5448412782920921
0.19731018045624787,0.5262966553562772,0.544689813732108
0.19731018045624787,0.5264178380998545,0.5445887588696156
0.1973953013278856,0.5264178380998545,0.5443632393496584
0.1973953013278856,0.5266602035870092,0.5442437679036485
0.19748042219952333,0.5266602035870092,0.5442239588576898
0.19748042219952333,0.5267813863305866,0.5442060280927047
0.1976506639427988,0.5267813863305866,0.5439842904130954
0.1976506639427988,0.5270237518177412,0.5439395568280931
0.19782090568607422,0.5270237518177412,0.5438074395698459
0.19782090568607422,0.5271449345613185,0.5437584370910847
0.19790602655771194,0.5271449345613185,0.543714942773908
0.19790602655771194,0.5272661173048958,0.543592845723196
0.19816138917262513,0.5272661173048958,0.5434566608125356
0.19816138917262513,0.5273873000484731,0.5433530286558612
0.19824651004426286,0.5273873000484731,0.5433166281286349
0.19824651004426286,0.5275084827920504,0.5433024720114321
0.19841675178753831,0.5275084827920504,0.5431820639560442
0.19841675178753831,0.527750848279205,0.5431023804878855
0.19867211440245147,0.527750848279205,0.5430290449972847
0.19867211440245147,0.5278720310227824,0.5430084465817713
0.19884235614572693,0.5278720310227824,0.5428823321839472
0.19884235614572693,0.5279932137663597,0.542802339092954
0.1990977187606401,0.5279932137663597,0.5426262985895818
0.1990977187606401,0.528114396509937,0.5425615098063837
0.19960844399046646,0.528114396509937,0.5419268499821112
0.19960844399046646,0.5284779447406689,0.5417757495336455
0.19969356486210418,0.5284779447406689,0.5417230708858753
0.19969356486210418,0.5289626757149782,0.5412282957174754
0.1997786857337419,0.5289626757149782,0.5410464909138155
0.1997786857337419,0.5290838584585555,0.5409829555243418
0.20020429009193055,0.5290838584585555,0.5407622132097029
0.20020429009193055,0.5292050412021329,0.5407372842872324
0.20028941096356825,0.5292050412021329,0.5406941608141663
0.20028941096356825,0.5293262239457102,0.5406500317958709
0.2004596527068437,0.5293262239457102,0.5405166549162707
0.2004596527068437,0.5294474066892875,0.5404776944828658
0.20062989445011917,0.5294474066892875,0.5403664885283743
0.20062989445011917,0.5296897721764421,0.5401799238469237
0.2007150153217569,0.5296897721764421,0.5400308500690748
0.2007150153217569,0.5301745031507513,0.5397634342013067
0.20097037793667008,0.5301745031507513,0.5396455611396548
0.20097037793667008,0.5302956858943286,0.5396340660632788
0.2011406196799455,0.5302956858943286,0.5395431153553115
0.2011406196799455,0.5304168686379059,0.5395365251508022
0.20131086142322097,0.5304168686379059,0.5394313031519147
0.20131086142322097,0.5305380513814832,0.5392943073989065
0.20156622403813415,0.5305380513814832,0.5392506628074651
0.20156622403813415,0.5309015996122152,0.5390962957869346
0.20190670752468506,0.5309015996122152,0.538832293562835
0.20190670752468506,0.5310227823557926,0.538753419687443
0.20199182839632276,0.5310227823557926,0.5387438106385176
0.20199182839632276,0.5312651478429472,0.538692286379752
0.20233231188287368,0.5312651478429472,0.5385711917927678
0.20233231188287368,0.5317498788172564,0.5382880687381539
0.20258767449778686,0.5317498788172564,0.5381081065173241
0.20258767449778686,0.5318710615608337,0.5380662994641977
0.2026727953694246,0.5318710615608337,0.5380435547621341
0.2026727953694246,0.5321134270479884,0.5379457393276266
0.20275791624106232,0.5321134270479884,0.5379253540449044
0.20275791624106232,0.5322346097915657,0.5379148564273775
0.20292815798433775,0.5322346097915657,0.5378318094692103
0.20292815798433775,0.532355792535143,0.5378306645939976
0.20301327885597548,0.532355792535143,0.5378243156482874
0.20301327885597548,0.5324769752787203,0.5377895746449601
0.2033537623425264,0.5324769752787203,0.5376274952037576
0.2033537623425264,0.5328405235094522,0.5373909843441387
0.20343888321416412,0.5328405235094522,0.5373833395200138
0.20343888321416412,0.5329617062530295,0.5373686674469355
0.20360912495743957,0.5329617062530295,0.5372664466013783
0.20360912495743957,0.5330828889966068,0.5372543591844823
0.2036942458290773,0.5330828889966068,0.5372473336422681
0.2036942458290773,0.5332040717401842,0.5370830841874445
0.203779366700715,0.5332040717401842,0.5369635961224766
0.203779366700715,0.5333252544837616,0.5369590809755099
0.2040347293156282,0.5333252544837616,0.5368177628821107
0.2040347293156282,0.5334464372273389,0.5366840213944356
0.20446033367381683,0.5334464372273389,0.5364405907349439
0.20446033367381683,0.5336888027144935,0.536390779079922
0.20480081716036772,0.5336888027144935,0.5361351526851491
0.20480081716036772,0.5338099854580708,0.5359909855963433
0.20488593803200544,0.5338099854580708,0.5358609712064994
0.20488593803200544,0.5340523509452254,0.5358045370453813
0.2050561797752809,0.5340523509452254,0.5357808056734462
0.2050561797752809,0.5341735336888027,0.535755696585557
0.20514130064691863,0.5341735336888027,0.5356649058095737
0.20514130064691863,0.53429471643238,0.535609764825321
0.20531154239019409,0.53429471643238,0.5354515613545598
0.20531154239019409,0.5345370819195346,0.5353841392275985
0.2053966632618318,0.5345370819195346,0.5350470903977987
0.2053966632618318,0.534658264663112,0.5350004822105408
0.20556690500510724,0.534658264663112,0.5346540756022358
0.20556690500510724,0.5347794474066893,0.5344927186198037
0.20565202587674497,0.5347794474066893,0.5344517103636031
0.20565202587674497,0.5351429956374212,0.5343733661160848
0.20590738849165816,0.5351429956374212,0.5341599079155215
0.20590738849165816,0.5353853611245759,0.5339158192587189
0.2060776302349336,0.5353853611245759,0.5338567225133555
0.2060776302349336,0.5355065438681532,0.5338087293474335
0.20616275110657134,0.5355065438681532,0.5337855883430704
0.20616275110657134,0.5356277266117305,0.5337855182916056
0.20624787197820907,0.5356277266117305,0.5337564227714192
0.20624787197820907,0.5357489093553078,0.5337394464222097
0.20633299284984677,0.5357489093553078,0.5335901353066153
0.20633299284984677,0.5361124575860398,0.5332795250282509
0.2064181137214845,0.5361124575860398,0.5332213001465842
0.2064181137214845,0.5362336403296171,0.5331817728271788
0.20650323459312223,0.5362336403296171,0.533136718657113
0.20650323459312223,0.536597188560349,0.5327295903803304
0.20667347633639768,0.536597188560349,0.5325967567781458
0.20667347633639768,0.5367183713039263,0.5325472522492956
0.2067585972080354,0.5367183713039263,0.5324703131942279
0.2067585972080354,0.5368395540475036,0.5323424658783307
0.2070139598229486,0.5368395540475036,0.5321334765262692
0.2070139598229486,0.5370819195346582,0.5320238331948228
0.20709908069458632,0.5370819195346582,0.531939249766556
0.20709908069458632,0.5372031022782355,0.5319378598850746
0.20718420156622402,0.5372031022782355,0.5318474849349096
0.20718420156622402,0.5378090159961222,0.5316807227205582
0.20726932243786175,0.5378090159961222,0.5316204604811917
0.20726932243786175,0.5381725642268541,0.5315063199277595
0.2074395641811372,0.5381725642268541,0.5313717705937466
0.2074395641811372,0.5384149297140087,0.5311923189003096
0.20752468505277494,0.5384149297140087,0.5311234419250587
0.20752468505277494,0.5386572952011633,0.5309741289531075
0.20760980592441267,0.5386572952011633,0.530971922657964
0.20760980592441267,0.5390208434318953,0.53082877511794
0.2076949267960504,0.5390208434318953,0.5307708687366833
0.2076949267960504,0.5391420261754726,0.5306572032030134
0.20778004766768812,0.5391420261754726,0.530566471343015
0.20778004766768812,0.5392632089190499,0.5305212794581078
0.20786516853932585,0.5392632089190499,0.5303981132529326
0.20786516853932585,0.5396267571497819,0.5302351033344649
0.208120531154239,0.5396267571497819,0.5297935344034308
0.208120531154239,0.5397479398933592,0.529760077446385
0.20820565202587674,0.5397479398933592,0.5297598267368943
0.20820565202587674,0.5399903053805138,0.5296658309149508
0.20829077289751446,0.5399903053805138,0.5296051079415941
0.20829077289751446,0.5402326708676685,0.5295715236154267
0.2083758937691522,0.5402326708676685,0.5295648245476828
0.2083758937691522,0.5405962190984004,0.5293260065314256
0.20846101464078992,0.5405962190984004,0.5293099436672529
0.20846101464078992,0.5407174018419777,0.529129970985803
0.2087163772557031,0.5407174018419777,0.5289062613915995
0.2087163772557031,0.540838584585555,0.5288795272596505
0.20880149812734083,0.540838584585555,0.5288303595657311
0.20880149812734083,0.5409597673291323,0.5286484778338436
0.20888661899897856,0.5409597673291323,0.5285946899481645
0.20888661899897856,0.5410809500727096,0.5285329481420327
0.209056860742254,0.5410809500727096,0.5285229100028639
0.209056860742254,0.5412021328162869,0.5284659109209101
0.20922710248552945,0.5412021328162869,0.5284010379200675
0.20922710248552945,0.5415656810470189,0.528332288162302
0.2093973442288049,0.5415656810470189,0.5281894661572596
0.2093973442288049,0.5416868637905963,0.5281244846249814
0.20956758597208036,0.5416868637905963,0.5278641601617723
0.20956758597208036,0.5419292292777509,0.5276630433604547
0.20973782771535582,0.5419292292777509,0.5275694715778704
0.20973782771535582,0.5420504120213282,0.5274530527979125
0.20999319033026898,0.5420504120213282,0.5272990325163845
0.20999319033026898,0.5422927775084828,0.5271829679221705
0.2103336738168199,0.5422927775084828,0.5269426445926603
0.2103336738168199,0.542777508482792,0.5268559417661607
0.21041879468845762,0.542777508482792,0.5268082251353935
0.21041879468845762,0.543141056713524,0.5267190773509127
0.21058903643173307,0.543141056713524,0.5266907146913116
0.21058903643173307,0.5432622394571013,0.5265440360124822
0.2107592781750085,0.5432622394571013,0.5264951777656306
0.2107592781750085,0.5433834222006786,0.5264535599226404
0.21084439904664623,0.5433834222006786,0.5264220574856977
0.21084439904664623,0.5435046049442559,0.5264002577153734
0.2110146407899217,0.5435046049442559,0.5262497492602887
0.2110146407899217,0.5436257876878332,0.5261534769291993
0.21127000340483487,0.5436257876878332,0.5257886112523951
0.21127000340483487,0.5437469704314105,0.5257577594380787
0.21152536601974803,0.5437469704314105,0.5255226301490147
0.21152536601974803,0.5439893359185652,0.525403343618433
0.21161048689138576,0.5439893359185652,0.5253452976351797
0.21161048689138576,0.5447164323800291,0.525141235595515
0.21169560776302349,0.5447164323800291,0.5251344975635192
0.21169560776302349,0.5449587978671837,0.5249108627062146
0.21178072863466121,0.5449587978671837,0.52489348067092
0.21178072863466121,0.545079980610761,0.5248789874476276
0.21186584950629894,0.545079980610761,0.5248650863236551
0.21186584950629894,0.5453223460979156,0.524800630781595
0.21212121212121213,0.5453223460979156,0.5246307531794412
0.21212121212121213,0.5454435288414929,0.5245737177574973
0.21220633299284986,0.5454435288414929,0.5244401369411487
0.21220633299284986,0.5455647115850702,0.5244342742829212
0.21263193735103847,0.5455647115850702,0.5242412979190675
0.21263193735103847,0.5458070770722249,0.5239465297251097
0.2127170582226762,0.5458070770722249,0.5239360259810378
0.2127170582226762,0.5459282598158022,0.5238326361893674
0.21297242083758938,0.5459282598158022,0.5236502752453656
0.21297242083758938,0.5461706253029569,0.5235853204467557
0.21314266258086484,0.5461706253029569,0.5233862801485462
0.21314266258086484,0.5462918080465342,0.5233277146885511
0.21322778345250257,0.5462918080465342,0.5233069012929522
0.21322778345250257,0.5465341735336888,0.5232905866806952
0.21356826693905345,0.5465341735336888,0.5232284825813843
0.21356826693905345,0.5467765390208434,0.5231928193835158
0.2137385086823289,0.5467765390208434,0.5230883069921116
0.2137385086823289,0.5468977217644208,0.5230813895452139
0.21390875042560437,0.5468977217644208,0.5230563543969488
0.21390875042560437,0.5472612699951527,0.5228912345943579
0.2139938712972421,0.5472612699951527,0.5228570707213382
0.2139938712972421,0.54738245273873,0.5227473633700871
0.21450459652706844,0.54738245273873,0.5225125286090451
0.21450459652706844,0.5475036354823073,0.5222168178982147
0.21458971739870616,0.5475036354823073,0.5221804158503318
0.21458971739870616,0.5483519146873486,0.5218163273311507
0.21484508001361935,0.5483519146873486,0.5216925944965359
0.21484508001361935,0.5485942801745032,0.521548966495516
0.21501532175689478,0.5485942801745032,0.5214100909897262
0.21501532175689478,0.5487154629180805,0.5213720598144852
0.2151004426285325,0.5487154629180805,0.521299288164847
0.2151004426285325,0.5490790111488124,0.5211624912127982
0.21518556350017023,0.5490790111488124,0.5211552273440254
0.21518556350017023,0.5492001938923897,0.5210145591918566
0.21527068437180796,0.5492001938923897,0.5210084351552956
0.21527068437180796,0.549321376635967,0.5208620369440383
0.21544092611508342,0.549321376635967,0.5207374663239226
0.21544092611508342,0.5495637421231216,0.5206943933998082
0.21552604698672115,0.5495637421231216,0.5206742530029079
0.21552604698672115,0.549684924866699,0.5206310512518558
0.21561116785835888,0.549684924866699,0.520624440434301
0.21561116785835888,0.5498061076102763,0.5205308807365888
0.2160367722165475,0.5498061076102763,0.520439880293945
0.2160367722165475,0.5500484730974309,0.520149300754873
0.21654749744637386,0.5500484730974309,0.5199884689233939
0.21654749744637386,0.5504120213281629,0.5198277466712617
0.2166326183180116,0.5504120213281629,0.5197910899675116
0.2166326183180116,0.5505332040717402,0.519789489834072
0.2167177391896493,0.5505332040717402,0.519782421353313
0.2167177391896493,0.5506543868153175,0.5195573776498728
0.21688798093292475,0.5506543868153175,0.5194606381215996
0.21688798093292475,0.5510179350460495,0.5192376167463452
0.21714334354783793,0.5510179350460495,0.5191418452030734
0.21714334354783793,0.5511391177896268,0.5190588708384507
0.2173135852911134,0.5511391177896268,0.518993480718276
0.2173135852911134,0.5515026660203587,0.5188813081646405
0.21739870616275112,0.5515026660203587,0.5188737075842762
0.21739870616275112,0.5517450315075133,0.5187817084898344
0.217739189649302,0.5517450315075133,0.5185997647925757
0.217739189649302,0.5518662142510906,0.518467144723734
0.21799455226421519,0.5518662142510906,0.5183642640069129
0.21799455226421519,0.5519873969946679,0.5183368476702215
0.21807967313585291,0.5519873969946679,0.5183049350711536
0.21807967313585291,0.5523509452254,0.5182545907791244
0.2187606401089547,0.5523509452254,0.5172405465778802
0.2187606401089547,0.5527144934561319,0.5171253342655401
0.21893088185223017,0.5527144934561319,0.517051962591649
0.21893088185223017,0.5529568589432865,0.5169018250444353
0.21910112359550563,0.5529568589432865,0.5168193427658412
0.21910112359550563,0.5530780416868638,0.5167808313360942
0.21927136533878108,0.5530780416868638,0.5165916256854505
0.21927136533878108,0.5534415899175957,0.5163331896677166
0.2194416070820565,0.5534415899175957,0.5162683069303332
0.2194416070820565,0.553562772661173,0.5161586373558844
0.2203779366700715,0.553562772661173,0.5157789175503388
0.2203779366700715,0.5538051381483277,0.5156300167704911
0.22054817841334695,0.5538051381483277,0.5156116066671641
0.22054817841334695,0.553926320891905,0.5155889551920546
0.22063329928498468,0.553926320891905,0.5155189527607077
0.22063329928498468,0.5540475036354823,0.5155089016349026
0.2207184201566224,0.5540475036354823,0.5154363629208476
0.2207184201566224,0.5542898691226369,0.5151782022756255
0.22080354102826014,0.5542898691226369,0.5151496574354814
0.22080354102826014,0.5544110518662142,0.5151053088582449
0.2210589036431733,0.5544110518662142,0.5149624012806759
0.2210589036431733,0.5546534173533689,0.5149604836527241
0.22114402451481102,0.5546534173533689,0.5149118567849889
0.22114402451481102,0.5547746000969462,0.5148052320789113
0.2213993871297242,0.5547746000969462,0.5147714230475866
0.2213993871297242,0.5550169655841009,0.5144888731808908
0.22148450800136193,0.5550169655841009,0.5144617998367339
0.22148450800136193,0.5551381483276782,0.5144431003778384
0.22173987061627512,0.5551381483276782,0.514360967137044
0.22173987061627512,0.5552593310712555,0.5142406110680207
0.22182499148791285,0.5552593310712555,0.5141829789920365
0.22182499148791285,0.5556228793019874,0.5140298028513834
0.222080354102826,0.5556228793019874,0.513923852218343
0.222080354102826,0.5562287930198739,0.5135555549364762
0.22216547497446373,0.5562287930198739,0.5134989591976707
0.22216547497446373,0.5565923412506059,0.5131654692021798
0.2223357167177392,0.5565923412506059,0.5129271617554693
0.2223357167177392,0.5567135239941833,0.5129079629766776
0.22259107933265238,0.5567135239941833,0.5128524627002945
0.22259107933265238,0.5571982549684925,0.5126668377448315
0.2227613210759278,0.5571982549684925,0.512593442239383
0.2227613210759278,0.5574406204556471,0.5124272797462321
0.22310180456247872,0.5574406204556471,0.5123236248138403
0.22310180456247872,0.5576829859428017,0.5122150675735934
0.22318692543411645,0.5576829859428017,0.5121194560090717
0.22318692543411645,0.557804168686379,0.5118385428082435
0.2233571671773919,0.557804168686379,0.511771647033497
0.2233571671773919,0.5580465341735337,0.5116585144622952
0.22344228804902963,0.5580465341735337,0.5116438201833288
0.22344228804902963,0.558167716917111,0.5116394979860585
0.2236125297923051,0.558167716917111,0.5115213658504439
0.2236125297923051,0.5584100824042656,0.5114810406239911
0.22386789240721824,0.5584100824042656,0.5114082461484029
0.22386789240721824,0.5586524478914202,0.5113060376351507
0.22429349676540689,0.5586524478914202,0.5111423449088598
0.22429349676540689,0.5587736306349976,0.5110731843263446
0.22446373850868234,0.5587736306349976,0.5110155270527621
0.22446373850868234,0.5590159961221522,0.5109603958477602
0.22463398025195777,0.5590159961221522,0.5108697610383235
0.22463398025195777,0.5592583616093069,0.5107706772657106
0.2247191011235955,0.5592583616093069,0.5107518976646546
0.2247191011235955,0.5593795443528842,0.5107271412850711
0.22480422199523323,0.5593795443528842,0.5107120079125773
0.22480422199523323,0.5595007270964615,0.5106104961106687
0.2250595846101464,0.5595007270964615,0.5101683302701289
0.2250595846101464,0.5596219098400388,0.5101203214818624
0.22514470548178414,0.5596219098400388,0.5100006299011582
0.22514470548178414,0.560106640814348,0.5097825907196983
0.22522982635342187,0.560106640814348,0.5096917756924063
0.22522982635342187,0.5605913717886573,0.509406601549266
0.22548518896833503,0.5605913717886573,0.509325081803967
0.22548518896833503,0.5609549200193893,0.5092286403975671
0.22557030983997275,0.5609549200193893,0.509178603073111
0.22557030983997275,0.5613184682501212,0.508799654139789
0.2257405515832482,0.5613184682501212,0.5087891173498506
0.2257405515832482,0.5615608337372758,0.5086595468024055
0.22582567245488594,0.5615608337372758,0.5086429503913766
0.22582567245488594,0.5616820164808531,0.5086014837684685
0.22616615594143685,0.5616820164808531,0.5085129605991112
0.22616615594143685,0.5619243819680078,0.5083154203784376
0.22625127681307455,0.5619243819680078,0.5082544151889631
0.22625127681307455,0.5620455647115851,0.5081766538004612
0.22633639768471228,0.5620455647115851,0.5080941969195335
0.22633639768471228,0.5622879301987397,0.5080411677269339
0.2270173646578141,0.5622879301987397,0.5073987443731063
0.2270173646578141,0.562409112942317,0.5072818667937227
0.2271024855294518,0.562409112942317,0.5071437731673242
0.2271024855294518,0.5625302956858943,0.5071119976396713
0.22727272727272727,0.5625302956858943,0.5070612452525157
0.22727272727272727,0.5626514784294716,0.507043263735576
0.22744296901600272,0.5626514784294716,0.506954116156627
0.22744296901600272,0.5627726611730489,0.506900016722589
0.2276983316309159,0.5627726611730489,0.5068796140542574
0.2276983316309159,0.563136209403781,0.5068145731929816
0.22778345250255363,0.563136209403781,0.5067994537973901
0.22778345250255363,0.5632573921473583,0.5067152481516092
0.2280388151174668,0.5632573921473583,0.5063457287765968
0.2280388151174668,0.5633785748909356,0.5063230696618253
0.22812393598910452,0.5633785748909356,0.5062313276559312
0.22812393598910452,0.5634997576345129,0.5061735946045166
0.22820905686074225,0.5634997576345129,0.5060836466732043
0.22820905686074225,0.5636209403780902,0.5060675011405072
0.22829417773237998,0.5636209403780902,0.5060574051722905
0.22829417773237998,0.5637421231216675,0.506041288673655
0.22871978209056862,0.5637421231216675,0.505775695322562
0.22871978209056862,0.5639844886088221,0.5055698211232159
0.22880490296220635,0.5639844886088221,0.5054970644702872
0.22880490296220635,0.5641056713523994,0.5053980359007254
0.22897514470548178,0.5641056713523994,0.5049070512128399
0.22897514470548178,0.5642268540959767,0.504900944355908
0.22914538644875723,0.5642268540959767,0.5048037476883368
0.22914538644875723,0.564348036839554,0.5048003135594886
0.22948586993530815,0.564348036839554,0.5045838684509434
0.22948586993530815,0.5644692195831313,0.5045783366285451
0.22957099080694587,0.5644692195831313,0.504528478215312
0.22957099080694587,0.5645904023267087,0.5044441356524013
0.2296561116785836,0.5645904023267087,0.5044144962688889
0.2296561116785836,0.5648327678138633,0.5042083245879134
0.2297412325502213,0.5648327678138633,0.5041756305713018
0.2297412325502213,0.5653174987881726,0.5039518672601021
0.23016683690840994,0.5653174987881726,0.5035563231606046
0.23016683690840994,0.5654386815317499,0.5034886690417906
0.2303370786516854,0.5654386815317499,0.5034164818559664
0.2303370786516854,0.5655598642753272,0.5034041604603816
0.23093292475314947,0.5655598642753272,0.5029402238592161
0.23093292475314947,0.5658022297624818,0.5028268317725164
0.2310180456247872,0.5658022297624818,0.5027907751459818
0.2310180456247872,0.5662869607367911,0.5025938147847896
0.23118828736806266,0.5662869607367911,0.5022934689616732
0.23118828736806266,0.5664081434803684,0.5022814055304367
0.23127340823970038,0.5664081434803684,0.5022518752735805
0.23127340823970038,0.5665293262239457,0.5022373842952154
0.23161389172625127,0.5665293262239457,0.5018724172155098
0.23161389172625127,0.5670140571982549,0.5015618456475638
0.231699012597889,0.5670140571982549,0.5015273765824272
0.231699012597889,0.5671352399418322,0.5015201578839976
0.23195437521280218,0.5671352399418322,0.501346870190314
0.23195437521280218,0.5672564226854095,0.5012832932083722
0.2320394960844399,0.5672564226854095,0.501201876801654
0.2320394960844399,0.5676199709161416,0.5011237745348609
0.23212461695607764,0.5676199709161416,0.5010782977636907
0.23212461695607764,0.5677411536597189,0.5010641156894593
0.23246510044262853,0.5677411536597189,0.5008984448078913
0.23246510044262853,0.5679835191468735,0.5006184480622081
0.23263534218590398,0.5679835191468735,0.5005602724266537
0.23263534218590398,0.5681047018904508,0.5004921544932237
0.23306094654409262,0.5681047018904508,0.5000805961945731
0.23306094654409262,0.5682258846340281,0.5000205945765558
0.23314606741573032,0.5682258846340281,0.5000202061312019
0.23314606741573032,0.56858943286476,0.4998599704819675
0.23323118828736805,0.56858943286476,0.49978104770244064
0.23323118828736805,0.568952981095492,0.49962150747811324
0.23331630915900578,0.568952981095492,0.49961265499404234
0.23331630915900578,0.5690741638390693,0.499543749794715
0.2334014300306435,0.5690741638390693,0.4995025462413219
0.2334014300306435,0.5695588948133786,0.499114433188602
0.23374191351719442,0.5695588948133786,0.49883520198621645
0.23374191351719442,0.5698012603005332,0.49870812245198015
0.23382703438883215,0.5698012603005332,0.4987037415312737
0.23382703438883215,0.5699224430441105,0.4985910986699578
0.23391215526046988,0.5699224430441105,0.4985705983852832
0.23391215526046988,0.5701648085312652,0.49845243138737644
0.23399727613210758,0.5701648085312652,0.49845036810989696
0.23399727613210758,0.5702859912748425,0.4983916511975906
0.23416751787538304,0.5702859912748425,0.4982926196138976
0.23416751787538304,0.5705283567619971,0.498149142211379
0.23425263874702076,0.5705283567619971,0.4980814466802283
0.23425263874702076,0.5710130877363063,0.4977166324693921
0.2343377596186585,0.5710130877363063,0.497714360211858
0.2343377596186585,0.5712554532234609,0.49743753755619075
0.23450800136193395,0.5712554532234609,0.49723945840078926
0.23450800136193395,0.5714978187106156,0.49710655126988207
0.23459312223357168,0.5714978187106156,0.49706182085894673
0.23459312223357168,0.5717401841977703,0.4969969099258063
0.23476336397684713,0.5717401841977703,0.496908743164546
0.23476336397684713,0.5718613669413476,0.49686555755754996
0.23493360572012256,0.5718613669413476,0.4967272894508146
0.23493360572012256,0.5719825496849249,0.49662951015043016
0.2350187265917603,0.5719825496849249,0.4966223380487013
0.2350187265917603,0.5721037324285022,0.4965018457254448
0.23510384746339802,0.5721037324285022,0.4964920339479451
0.23510384746339802,0.5722249151720795,0.4964609137031021
0.23518896833503575,0.5722249151720795,0.49640829081646454
0.23518896833503575,0.5724672806592341,0.4963708057290191
0.23544433094994893,0.5724672806592341,0.496203540575612
0.23544433094994893,0.5725884634028114,0.49592420675811116
0.23552945182158666,0.5725884634028114,0.4958414719716675
0.23552945182158666,0.5730731943771207,0.4956706891939321
0.23569969356486212,0.5730731943771207,0.4955804213585621
0.23569969356486212,0.573194377120698,0.49554204669972246
0.23578481443649982,0.573194377120698,0.49527248535431456
0.23578481443649982,0.5733155598642753,0.49526808320048105
0.23612529792305073,0.5733155598642753,0.4951411766234611
0.23612529792305073,0.5734367426078526,0.49512965757714805
0.23638066053796392,0.5734367426078526,0.49502239158729855
0.23638066053796392,0.5736791080950072,0.4949656131099815
0.2367211440245148,0.5736791080950072,0.4948549459855904
0.2367211440245148,0.5738002908385846,0.49467107655864956
0.23714674838270344,0.5738002908385846,0.4945641355694322
0.23714674838270344,0.573921473582162,0.49455655898088985
0.23740211099761663,0.573921473582162,0.4943876322765469
0.23740211099761663,0.5740426563257393,0.49426920642957467
0.23748723186925433,0.5740426563257393,0.49423970982626964
0.23748723186925433,0.5741638390693166,0.49421064394379666
0.23876404494382023,0.5741638390693166,0.49367502613066655
0.23876404494382023,0.5747697527872031,0.4931497800352619
0.23893428668709568,0.5747697527872031,0.49312076789495557
0.23893428668709568,0.5748909355307804,0.49309135275320054
0.23944501191692202,0.5748909355307804,0.4922394706348607
0.23944501191692202,0.5750121182743577,0.4921772541111707
0.23953013278855975,0.5750121182743577,0.4919781683350451
0.23953013278855975,0.5752544837615123,0.4918684564905023
0.23961525366019748,0.5752544837615123,0.49166738712807945
0.23961525366019748,0.5753756665050896,0.49165547381628266
0.23978549540347294,0.5753756665050896,0.4914457429547984
0.23978549540347294,0.5756180319922443,0.49130132109959346
0.24004085801838612,0.5756180319922443,0.4911435685177059
0.24004085801838612,0.5757392147358216,0.4909005542586001
0.24021109976166155,0.5757392147358216,0.4908323989116214
0.24021109976166155,0.575860397479399,0.4907158530532377
0.24046646237657474,0.575860397479399,0.4906782788652364
0.24046646237657474,0.5759815802229763,0.4905877907259068
0.24072182499148792,0.5759815802229763,0.4905055250571175
0.24072182499148792,0.5762239457101309,0.490239677087938
0.24089206673476338,0.5762239457101309,0.49019285705718085
0.24089206673476338,0.5763451284537082,0.49018521511656477
0.24097718760640108,0.5763451284537082,0.48991289122085485
0.24097718760640108,0.5765874939408628,0.489860228622395
0.2410623084780388,0.5765874939408628,0.48977588783841686
0.2410623084780388,0.5769510421715948,0.4895770395722481
0.24114742934967653,0.5769510421715948,0.48953999743159743
0.24114742934967653,0.5776781386330586,0.48919875459781803
0.24123255022131426,0.5776781386330586,0.4890292664008917
0.24123255022131426,0.5779205041202132,0.48876276949262315
0.241317671092952,0.5779205041202132,0.4887275705638151
0.241317671092952,0.5780416868637906,0.4886736610684117
0.24140279196458972,0.5780416868637906,0.48855286672890774
0.24140279196458972,0.578162869607368,0.48837917045750207
0.24148791283622745,0.578162869607368,0.4883785930060784
0.24148791283622745,0.5784052350945226,0.48817313715490523
0.24174327545114063,0.5784052350945226,0.4879389122823338
0.24174327545114063,0.5785264178380999,0.48787554299813063
0.24182839632277833,0.5785264178380999,0.48785261723607215
0.24182839632277833,0.5787687833252545,0.4878127750721639
0.24191351719441606,0.5787687833252545,0.4876670384329444
0.24191351719441606,0.5791323315559864,0.4875680306601524
0.2419986380660538,0.5791323315559864,0.4875259982689798
0.2419986380660538,0.5792535142995637,0.4875188879205721
0.24208375893769152,0.5792535142995637,0.4874758158474569
0.24208375893769152,0.579374697043141,0.4874329214801425
0.24216887980932925,0.579374697043141,0.4873270948314745
0.24216887980932925,0.5796170625302957,0.4872838788218907
0.2423391215526047,0.5796170625302957,0.48721141197165263
0.2423391215526047,0.5799806107610276,0.4870974460960528
0.24276472591079332,0.5799806107610276,0.48691541768009367
0.24276472591079332,0.5805865244789142,0.48638376293007407
0.2430200885257065,0.5805865244789142,0.48620853311886025
0.2430200885257065,0.5807077072224915,0.486010930338424
0.24310520939734423,0.5807077072224915,0.48587939484884557
0.24310520939734423,0.5810712554532235,0.48569478802157146
0.2432754511406197,0.5810712554532235,0.4855888832769629
0.2432754511406197,0.5811924381968008,0.48558348239730564
0.24336057201225741,0.5811924381968008,0.4855823668148048
0.24336057201225741,0.5814348036839554,0.48540933314360074
0.24378617637044603,0.5814348036839554,0.4852938400905768
0.24378617637044603,0.5815559864275327,0.48529136325666994
0.24387129724208376,0.5815559864275327,0.4852541070895028
0.24387129724208376,0.58167716917111,0.4852425233072581
0.24412665985699694,0.58167716917111,0.4847250090317903
0.24412665985699694,0.5821619001454192,0.4845661069283345
0.2443820224719101,0.5821619001454192,0.4845321775476134
0.2443820224719101,0.5826466311197286,0.4843768761226798
0.24446714334354783,0.5826466311197286,0.48428581809883225
0.24446714334354783,0.5827678138633059,0.4841101544355673
0.24480762683009874,0.5827678138633059,0.48391215637529467
0.24480762683009874,0.5830101793504605,0.483827376719623
0.24489274770173647,0.5830101793504605,0.48382333129937494
0.24489274770173647,0.5833737275811924,0.48369150089615526
0.2449778685733742,0.5833737275811924,0.48357494254929795
0.2449778685733742,0.5834949103247697,0.48344022478877324
0.24548859380320054,0.5834949103247697,0.4830768917889455
0.24548859380320054,0.5837372758119244,0.4830075689400386
0.24557371467483827,0.5837372758119244,0.4829247897810979
0.24557371467483827,0.5841008240426563,0.4828012624276994
0.24574395641811372,0.5841008240426563,0.4824596304986005
0.24574395641811372,0.5845855550169656,0.48221105534863185
0.24591419816138918,0.5845855550169656,0.48203477607525574
0.24591419816138918,0.5847067377605429,0.48194274742014226
0.24608443990466464,0.5847067377605429,0.48187123366698315
0.24608443990466464,0.5848279205041202,0.4818564741884961
0.24616956077630234,0.5848279205041202,0.4818516416486015
0.24616956077630234,0.5850702859912749,0.48161846498292016
0.24625468164794007,0.5850702859912749,0.4815969140401055
0.24625468164794007,0.5851914687348522,0.48155960637050393
0.2463398025195778,0.5851914687348522,0.481547876583984
0.2463398025195778,0.5855550169655841,0.48131785531579463
0.24659516513449098,0.5855550169655841,0.48124027138669123
0.24659516513449098,0.585918565196316,0.4811078589024845
0.2466802860061287,0.585918565196316,0.4810940837689219
0.2466802860061287,0.5860397479398933,0.48108205844941637
0.24676540687776644,0.5860397479398933,0.4810126139175626
0.24676540687776644,0.5861609306834706,0.4809177075621755
0.2469356486210419,0.5861609306834706,0.4807022922421204
0.2469356486210419,0.586282113427048,0.4806213948247173
0.2470207694926796,0.586282113427048,0.48060653523804175
0.2470207694926796,0.5864032961706253,0.4805498276929073
0.24719101123595505,0.5864032961706253,0.48043611322561547
0.24719101123595505,0.5870092098885119,0.48028768202115824
0.2473612529792305,0.5870092098885119,0.48022960958595395
0.2473612529792305,0.5872515753756665,0.480219124009329
0.24744637385086823,0.5872515753756665,0.48018737032036984
0.24744637385086823,0.5877363063499758,0.4799210719962099
0.2476166155941437,0.5877363063499758,0.47988648748186924
0.2476166155941437,0.5878574890935531,0.47978557427819896
0.24795709908069458,0.5878574890935531,0.4795700845061431
0.24795709908069458,0.5880998545807077,0.4794862109884661
0.2480422199523323,0.5880998545807077,0.4794469050458157
0.2480422199523323,0.588221037324285,0.47941162488576067
0.24821246169560776,0.588221037324285,0.4793644809693376
0.24821246169560776,0.5883422200678623,0.47917375358466524
0.2482975825672455,0.5883422200678623,0.4789833645121487
0.2482975825672455,0.5884634028114396,0.47896825461543646
0.24846782431052095,0.5884634028114396,0.478830145571803
0.24846782431052095,0.5888269510421716,0.4785715358807297
0.2486380660537964,0.5888269510421716,0.4784794428572495
0.2486380660537964,0.5893116820164809,0.4780688867841677
0.24889342866870956,0.5893116820164809,0.4779234364243147
0.24889342866870956,0.5894328647600582,0.4779014196662084
0.2489785495403473,0.5894328647600582,0.47786510235232066
0.2489785495403473,0.5895540475036355,0.4777447647287383
0.24906367041198502,0.5895540475036355,0.47768889910375417
0.24906367041198502,0.5896752302472128,0.4776670832850836
0.24914879128362274,0.5896752302472128,0.47752245886806804
0.24914879128362274,0.5900387784779447,0.47749457317164223
0.24940415389853593,0.5900387784779447,0.4774354557376507
0.24940415389853593,0.590159961221522,0.47731073437947835
0.24948927477017366,0.590159961221522,0.47723407499119425
0.24948927477017366,0.5902811439650993,0.47719940619824386
0.2496595165134491,0.5902811439650993,0.477088101190632
0.2496595165134491,0.590523509452254,0.47707173894055416
0.24982975825672454,0.590523509452254,0.4769399515654244
0.24982975825672454,0.5906446921958313,0.47682557106553897
0.25,0.5906446921958313,0.4767687823015259
0.25,0.5907658749394086,0.4766986847366067
0.2500851208716377,0.5907658749394086,0.47667751022718424
0.2500851208716377,0.590887057682986,0.47666226604365003
0.25017024174327546,0.590887057682986,0.47665399006204134
0.25017024174327546,0.5910082404265633,0.4765595056559664
0.2503404834865509,0.5910082404265633,0.47639345428225044
0.2503404834865509,0.5911294231701406,0.47628922757599856
0.2504256043581886,0.5911294231701406,0.4762441351920708
0.2504256043581886,0.5912506059137179,0.4762103849671142
0.25059584610146407,0.5912506059137179,0.4761704571702313
0.25059584610146407,0.5919777023751818,0.47583101866101746
0.2512768130745659,0.5919777023751818,0.4756100594460229
0.2512768130745659,0.5922200678623364,0.475431795597326
0.2513619339462036,0.5922200678623364,0.4753739102965372
0.2513619339462036,0.5923412506059137,0.47536238207064213
0.2516172965611168,0.5923412506059137,0.47515040534173025
0.2516172965611168,0.5927047988366456,0.47505499329340495
0.2517024174327545,0.5927047988366456,0.47495215565784166
0.2517024174327545,0.5928259815802229,0.47492236105752633
0.2517875383043922,0.5928259815802229,0.4748762767208452
0.2517875383043922,0.5930683470673777,0.47485162572118045
0.25187265917602997,0.5930683470673777,0.4748302634361809
0.25187265917602997,0.5933107125545323,0.4747332761021678
0.25195778004766767,0.5933107125545323,0.4746321135886569
0.25195778004766767,0.5934318952981096,0.4745842959021186
0.2520429009193054,0.5934318952981096,0.4745801771483086
0.2520429009193054,0.5935530780416869,0.47453787224750005
0.25246850527749404,0.5935530780416869,0.474335375920251
0.25246850527749404,0.5939166262724188,0.47426419422624416
0.2525536261491318,0.5939166262724188,0.47414607539450615
0.2525536261491318,0.5945225399903054,0.47389436743364577
0.2526387470207695,0.5945225399903054,0.4738799759255852
0.2526387470207695,0.5946437227338827,0.4738517371365104
0.2527238678924072,0.5946437227338827,0.47376853535225993
0.2527238678924072,0.5948860882210373,0.47372949419744287
0.25280898876404495,0.5948860882210373,0.4736701810099205
0.25280898876404495,0.5950072709646146,0.4736563685530755
0.25289410963568265,0.5950072709646146,0.473614844953982
0.25289410963568265,0.5954920019389239,0.4734607064044546
0.2529792305073204,0.5954920019389239,0.4734264484020545
0.2529792305073204,0.5956131846825012,0.4733187130671627
0.25314947225059586,0.5956131846825012,0.4732346204331976
0.25314947225059586,0.5958555501696559,0.47309023822443397
0.25323459312223356,0.5958555501696559,0.4730888342313057
0.25323459312223356,0.5959767329132332,0.4729556628539595
0.2533197139938713,0.5959767329132332,0.4729305225766244
0.2533197139938713,0.5962190984003878,0.47287557901385413
0.25374531835205993,0.5962190984003878,0.4727005454964075
0.25374531835205993,0.5963402811439651,0.4726671803959704
0.2540006809669731,0.5963402811439651,0.47254799318774665
0.2540006809669731,0.5965826466311197,0.4724121564394018
0.25417092271024855,0.5965826466311197,0.4723789136144768
0.25417092271024855,0.596703829374697,0.4723519730676949
0.254341164453524,0.596703829374697,0.4721977704393949
0.254341164453524,0.5968250121182743,0.47219144806580177
0.25451140619679946,0.5968250121182743,0.472157835151159
0.25451140619679946,0.5970673776054289,0.47208378662636813
0.25459652706843716,0.5970673776054289,0.4719068510480184
0.25459652706843716,0.5971885603490062,0.47187516102005383
0.25510725229826353,0.5971885603490062,0.4715531664283663
0.25510725229826353,0.5973097430925837,0.47154402944509605
0.25544773578481444,0.5973097430925837,0.47144510291574376
0.25544773578481444,0.597430925836161,0.4714338620481382
0.25553285665645215,0.597430925836161,0.47141947754397384
0.25553285665645215,0.5976732913233156,0.471359090021082
0.25578821927136536,0.5976732913233156,0.4712781269353691
0.25578821927136536,0.5980368395540475,0.47100669975251136
0.2559584610146408,0.5980368395540475,0.470884235590091
0.2559584610146408,0.5981580222976248,0.47082478771450886
0.2560435818862785,0.5981580222976248,0.47072548285605437
0.2560435818862785,0.5982792050412021,0.470706181145339
0.25621382362955397,0.5982792050412021,0.4706384406359715
0.25621382362955397,0.5984003877847794,0.4705971388146842
0.2562989445011917,0.5984003877847794,0.4705237411872401
0.2562989445011917,0.5985215705283567,0.4705141327162086
0.25646918624446713,0.5985215705283567,0.4704210185201545
0.25646918624446713,0.5987639360155114,0.47035278097155425
0.2570650323459312,0.5987639360155114,0.4700978286517071
0.2570650323459312,0.5988851187590887,0.4700968685571322
0.2573203949608444,0.5988851187590887,0.46980195204995207
0.2573203949608444,0.5991274842462433,0.469707482710161
0.258682328907048,0.5991274842462433,0.46904094503705196
0.258682328907048,0.5992486669898206,0.46901730757360977
0.25893769152196117,0.5992486669898206,0.468891212940712
0.25893769152196117,0.599369849733398,0.4688613862432224
0.2590228123935989,0.599369849733398,0.4688477080819041
0.2590228123935989,0.5997333979641299,0.4687341991100234
0.2591930541368744,0.5997333979641299,0.46863827248263534
0.2591930541368744,0.5998545807077073,0.4686334769119053
0.2592781750085121,0.5998545807077073,0.46855298551149294
0.2592781750085121,0.6003393116820165,0.46837025289079365
0.25936329588014984,0.6003393116820165,0.46830562329064
0.25936329588014984,0.6005816771691711,0.4682125010765018
0.25944841675178754,0.6005816771691711,0.4681222820469086
0.25944841675178754,0.6007028599127484,0.468090885865639
0.2597037793667007,0.6007028599127484,0.46793018144508347
0.2597037793667007,0.6008240426563257,0.46789765371410547
0.2600442628532516,0.6008240426563257,0.4677337298433704
0.2600442628532516,0.600945225399903,0.46773099647343924
0.2606401089547157,0.600945225399903,0.46732747689292364
0.2606401089547157,0.6014299563742123,0.4671544149061353
0.26072522982635343,0.6014299563742123,0.46707410589499465
0.26072522982635343,0.601672321861367,0.46696875327583365
0.26081035069799113,0.601672321861367,0.4669237017374895
0.26081035069799113,0.6019146873485216,0.4667463803081274
0.2612359550561798,0.6019146873485216,0.4664853730401638
0.2612359550561798,0.6021570528356762,0.4663993832920913
0.2616615594143684,0.6021570528356762,0.4661387640620239
0.2616615594143684,0.6025206010664081,0.46605377546567267
0.2619169220292816,0.6025206010664081,0.46600620131597564
0.2619169220292816,0.6030053320407174,0.4658563963268415
0.26200204290091933,0.6030053320407174,0.4658469514283392
0.26200204290091933,0.6031265147842947,0.465815941695276
0.26208716377255703,0.6031265147842947,0.4656970883902203
0.26208716377255703,0.6033688802714493,0.46563637900692206
0.2623425263874702,0.6033688802714493,0.4654226300271817
0.2623425263874702,0.6034900630150266,0.4653940992571489
0.2626830098740211,0.6034900630150266,0.46527821140993747
0.2626830098740211,0.6037324285021813,0.46517710804480106
0.26285325161729656,0.6037324285021813,0.4651659882591485
0.26285325161729656,0.6038536112457586,0.4651655602640856
0.2635342185903984,0.6038536112457586,0.46463182298442696
0.2635342185903984,0.603974793989336,0.46461123625061124
0.26378958120531154,0.603974793989336,0.46449918575034815
0.26378958120531154,0.6042171594764906,0.4644056339374347
0.2640449438202247,0.6042171594764906,0.4642830668673866
0.2640449438202247,0.6043383422200679,0.4642305767593648
0.26413006469186245,0.6043383422200679,0.46419296137563004
0.26413006469186245,0.6044595249636452,0.46419083821409635
0.2643854273067756,0.6044595249636452,0.46408315083369056
0.2643854273067756,0.6045807077072225,0.4640541499070384
0.2647259107933265,0.6045807077072225,0.46392099707708234
0.2647259107933265,0.6047018904507998,0.46388304816562287
0.2649812734082397,0.6047018904507998,0.4635789928664172
0.26515151515151514,0.6047018904507998,0.46353845303666713
0.2652366360231529,0.6047018904507998,0.4635081461147885
0.2652366360231529,0.6050654386815317,0.4633888697421655
0.26540687776642835,0.6050654386815317,0.46333116044128375
0.26540687776642835,0.6053078041686863,0.46327630952369175
0.26549199863806605,0.6053078041686863,0.4632378982209723
0.26549199863806605,0.605550169655841,0.463047129948486
0.26557711950970375,0.605550169655841,0.46304539766043146
0.26557711950970375,0.6057925351429957,0.4629403876875412
0.2660027238678924,0.6057925351429957,0.46245597119589454
0.2660027238678924,0.605913717886573,0.4624483268806364
0.2660878447395301,0.605913717886573,0.4623837925995253
0.2660878447395301,0.6060349006301503,0.46230287692138666
0.2662580864828056,0.6060349006301503,0.4622262819773931
0.2662580864828056,0.6062772661173049,0.4618238337941178
0.26642832822608103,0.6062772661173049,0.46173659210472834
0.26642832822608103,0.6065196316044595,0.4613926730876861
0.26651344909771874,0.6065196316044595,0.46122782251461414
0.26651344909771874,0.6066408143480368,0.46115402758528773
0.26676881171263195,0.6066408143480368,0.46096679983448974
0.26676881171263195,0.6067619970916142,0.4608552381613914
0.26685393258426965,0.6067619970916142,0.460844261425035
0.26685393258426965,0.6070043625787688,0.46082401019285607
0.26719441607082056,0.6070043625787688,0.4606165447728048
0.26719441607082056,0.6071255453223461,0.4605878589552609
0.2672795369424583,0.6071255453223461,0.4605426733656057
0.2672795369424583,0.6072467280659234,0.4604368670722132
0.2676200204290092,0.6072467280659234,0.4602854090823715
0.2676200204290092,0.6073679108095007,0.4601397418212589
0.26770514130064693,0.6073679108095007,0.46009208228340387
0.26770514130064693,0.607489093553078,0.4600894744706984
0.26779026217228463,0.607489093553078,0.46006464009599163
0.26779026217228463,0.6076102762966553,0.46001200579104234
0.2678753830439224,0.6076102762966553,0.459963279375635
0.2678753830439224,0.6079738245273874,0.4597272179341342
0.2679605039155601,0.6079738245273874,0.4596815766551135
0.2679605039155601,0.6080950072709647,0.45967573116891514
0.26804562478719784,0.6080950072709647,0.4596666573366937
0.26804562478719784,0.6083373727581193,0.45961430560948086
0.26821586653047325,0.6083373727581193,0.45947077925917024
0.26821586653047325,0.6085797382452739,0.45934937439379736
0.2683861082737487,0.6085797382452739,0.4591236510454473
0.2683861082737487,0.6088221037324285,0.4589303017119728
0.26855635001702416,0.6088221037324285,0.4587663914496234
0.26855635001702416,0.6090644692195831,0.4586728978100797
0.2688968335035751,0.6090644692195831,0.4584432022738873
0.2688968335035751,0.6091856519631604,0.4582834141292025
0.26898195437521283,0.6091856519631604,0.4581917489339422
0.26898195437521283,0.6096703829374697,0.45809447106372847
0.26915219611848823,0.6096703829374697,0.45804220433488807
0.26915219611848823,0.610155113911779,0.45790802688383064
0.269237316990126,0.610155113911779,0.4577977897708567
0.269237316990126,0.6105186621425109,0.4576291415314543
0.2693224378617637,0.6105186621425109,0.4575165587767008
0.2693224378617637,0.6108822103732429,0.45732231318986066
0.26940755873340144,0.6108822103732429,0.45727259423312444
0.26940755873340144,0.6112457586039748,0.4571181579863792
0.2695778004766769,0.6112457586039748,0.45705983772732695
0.2695778004766769,0.6114881240911294,0.45699975361947615
0.26974804221995236,0.6114881240911294,0.456929071202998
0.26974804221995236,0.6118516723218613,0.4568454787551797
0.26983316309159006,0.6118516723218613,0.4568003174724236
0.26983316309159006,0.6119728550654386,0.456658636876921
0.2703438883214164,0.6119728550654386,0.4563340909497551
0.2703438883214164,0.612094037809016,0.4562335228927307
0.27076949267960504,0.612094037809016,0.4558270745517683
0.27076949267960504,0.6123364032961707,0.45579025473248325
0.27085461355124274,0.6123364032961707,0.45578858533395433
0.27085461355124274,0.6125787687833253,0.4556448574079897
0.2709397344228805,0.6125787687833253,0.45555900969468305
0.2709397344228805,0.6126999515269026,0.4555328393127427
0.2710248552945182,0.6126999515269026,0.4555265497798417
0.2710248552945182,0.6128211342704799,0.45545996316846377
0.27110997616615595,0.6128211342704799,0.4553740765734489
0.27110997616615595,0.6129423170140572,0.4553320132934648
0.2712802179094314,0.6129423170140572,0.4552425097288956
0.2712802179094314,0.6131846825012118,0.4551789985523078
0.2716207013959823,0.6131846825012118,0.45487359672360267
0.2716207013959823,0.6135482307319438,0.45474494940431376
0.27170582226762,0.6135482307319438,0.45471483267262325
0.27170582226762,0.6137905962190984,0.4546156457905997
0.2718760640108955,0.6137905962190984,0.45446295007686854
0.2718760640108955,0.6141541444498303,0.4543232002941015
0.2719611848825332,0.6141541444498303,0.4542996072757487
0.2719611848825332,0.6142753271934076,0.4542630249441083
0.27213142662580864,0.6142753271934076,0.4540967085318129
0.27213142662580864,0.614396509936985,0.4540904987334484
0.27238678924072185,0.614396509936985,0.45391278155263093
0.27238678924072185,0.6152447891420262,0.45365151598662623
0.27247191011235955,0.6152447891420262,0.4535249231583235
0.27247191011235955,0.61597188560349,0.4530082842924558
0.2732379979570991,0.61597188560349,0.4528267572960359
0.2732379979570991,0.616335433834222,0.4525093943878318
0.27332311882873683,0.616335433834222,0.4524312044151366
0.27332311882873683,0.6164566165777994,0.45240384497781694
0.27340823970037453,0.6164566165777994,0.4523338853890776
0.27340823970037453,0.616698982064954,0.45220369452381326
0.2736636023152877,0.616698982064954,0.45204710812286314
0.2736636023152877,0.6169413475521086,0.45201570896001336
0.27374872318692545,0.6169413475521086,0.4519688979321577
0.27374872318692545,0.6171837130392632,0.451906327347414
0.2739189649302009,0.6171837130392632,0.4518287063744491
0.2739189649302009,0.6173048957828405,0.45178840861368186
0.27417432754511406,0.6173048957828405,0.45161429702141154
0.27417432754511406,0.6174260785264178,0.4515675671739511
0.2744296901600272,0.6174260785264178,0.45144111212082993
0.2744296901600272,0.6175472612699952,0.4513637585790227
0.2745999319033027,0.6175472612699952,0.45130199566431095
0.2745999319033027,0.6181531749878817,0.4510912708844286
0.2749404153898536,0.6181531749878817,0.4507314427525824
0.2749404153898536,0.618274357731459,0.4507047641118607
0.27511065713312904,0.618274357731459,0.45065098536538123
0.27511065713312904,0.6185167232186136,0.4506054258619721
0.27519577800476674,0.6185167232186136,0.45058537100884827
0.27519577800476674,0.618637905962191,0.45050696047830746
0.27579162410623087,0.618637905962191,0.4502852476797648
0.27579162410623087,0.6191226369365003,0.450196367941333
0.2762172284644195,0.6191226369365003,0.45005658410243604
0.2762172284644195,0.6193650024236549,0.44985421798914516
0.27638747020769494,0.6193650024236549,0.4496395031276017
0.27638747020769494,0.6196073679108095,0.44956864490001325
0.27647259107933264,0.6196073679108095,0.4495497716164582
0.27647259107933264,0.6198497333979641,0.4495029933063142
0.2765577119509704,0.6198497333979641,0.44947452948281047
0.2765577119509704,0.6199709161415414,0.44941014411975083
0.2766428328226081,0.6199709161415414,0.44939091189539543
0.2766428328226081,0.6200920988851187,0.4493759926129561
0.27681307456588355,0.6200920988851187,0.44927469963482874
0.27681307456588355,0.620213281628696,0.4492725433137478
0.27689819543752126,0.620213281628696,0.4492677179424218
0.27689819543752126,0.6203344643722734,0.44926759949172934
0.276983316309159,0.6203344643722734,0.4492643064033095
0.276983316309159,0.6204556471158507,0.44912117057838374
0.2770684371807967,0.6204556471158507,0.4490630070065173
0.2770684371807967,0.620576829859428,0.44905524489420573
0.2774089206673476,0.620576829859428,0.44884044359170633
0.2774089206673476,0.6208191953465827,0.4488063821356906
0.2774940415389854,0.6208191953465827,0.44880044367455674
0.2774940415389854,0.6211827435773146,0.44867979444141975
0.2775791624106231,0.6211827435773146,0.448550773161674
0.2775791624106231,0.6219098400387785,0.448284315423265
0.27766428328226084,0.6219098400387785,0.4482407758945922
0.27766428328226084,0.6220310227823558,0.44816487080252854
0.27783452502553624,0.6220310227823558,0.44812921805957656
0.27783452502553624,0.6221522055259331,0.44807811404356285
0.2780047667688117,0.6221522055259331,0.44780325657425685
0.2780047667688117,0.6222733882695104,0.44778728798220185
0.27808988764044945,0.6222733882695104,0.44777878275981936
0.27808988764044945,0.6227581192438196,0.4475702695277963
0.27817500851208715,0.6227581192438196,0.4473931621964079
0.27817500851208715,0.6231216674745517,0.4469893052455055
0.2783452502553626,0.6231216674745517,0.44694154639303807
0.2783452502553626,0.623242850218129,0.44693132031114685
0.27843037112700036,0.623242850218129,0.4469239641524039
0.27843037112700036,0.6234852157052836,0.4467739443347889
0.27851549199863807,0.6234852157052836,0.4467127072786479
0.27851549199863807,0.6236063984488609,0.4466020491146966
0.27860061287027577,0.6236063984488609,0.4465625539744842
0.27860061287027577,0.6237275811924382,0.44655927190532047
0.278855975485189,0.6237275811924382,0.4463797328932438
0.278855975485189,0.6238487639360155,0.44636561045904066
0.2789410963568267,0.6238487639360155,0.44631995262540425
0.2789410963568267,0.6239699466795928,0.44628886210855784
0.27902621722846443,0.6239699466795928,0.4462307030990723
0.27902621722846443,0.6243334949103247,0.4458228419881849
0.27911133810010214,0.6243334949103247,0.4457892859655958
0.27911133810010214,0.6244546776539021,0.445767751607909
0.2792815798433776,0.6244546776539021,0.4456819969155
0.2792815798433776,0.6245758603974794,0.445634217818144
0.27936670071501535,0.6245758603974794,0.4456297698714584
0.27936670071501535,0.6246970431410567,0.4456079240615595
0.2796220633299285,0.6246970431410567,0.44542343137574986
0.2796220633299285,0.6249394086282113,0.44500515556893655
0.2797071842015662,0.6249394086282113,0.44497866745598347
0.2797071842015662,0.6250605913717887,0.4449206973518484
0.2800476676881171,0.6250605913717887,0.4447812431650515
0.2800476676881171,0.625181774115366,0.44477788086539105
0.2801327885597549,0.625181774115366,0.44473757305720385
0.2801327885597549,0.6254241396025206,0.4446219920503479
0.2802179094313926,0.6254241396025206,0.44460213831863366
0.2802179094313926,0.6257876878332526,0.44455085256735927
0.2803030303030303,0.6257876878332526,0.4445448865522443
0.2803030303030303,0.6260300533204072,0.44447508650857215
0.28038815117466803,0.6260300533204072,0.4443955168009781
0.28038815117466803,0.6261512360639845,0.444351439199429
0.2805583929179435,0.6261512360639845,0.44417392345719
0.2805583929179435,0.6265147842947164,0.4440312598534565
0.2814096016343207,0.6265147842947164,0.44370401261766784
0.2814096016343207,0.6266359670382937,0.44369938315015406
0.2815798433775962,0.6266359670382937,0.44365756103733295
0.2815798433775962,0.626757149781871,0.4435261399986211
0.28175008512087163,0.626757149781871,0.44347095171885004
0.28175008512087163,0.6268783325254483,0.4433816979637045
0.28200544773578484,0.6268783325254483,0.4432307787663455
0.28200544773578484,0.6272418807561804,0.44314216475799534
0.28217568947906024,0.6272418807561804,0.44304923283056385
0.28217568947906024,0.627484246243335,0.4429911370031576
0.28277153558052437,0.627484246243335,0.4422948915507901
0.28277153558052437,0.6276054289869123,0.4422325046086277
0.28294177732379977,0.6276054289869123,0.4421009024989925
0.28294177732379977,0.6278477944740669,0.4420598419666457
0.2831120190670752,0.6278477944740669,0.44199456180809565
0.2831120190670752,0.6279689772176442,0.4419911443058064
0.283197139938713,0.6279689772176442,0.44176830431609504
0.283197139938713,0.6282113427047988,0.44153573527345974
0.2836227442969016,0.6282113427047988,0.4409064886801171
0.2836227442969016,0.6283325254483761,0.4408890629037252
0.28370786516853935,0.6283325254483761,0.4406317313496879
0.28370786516853935,0.6286960736791081,0.4404447912413608
0.2839632277834525,0.6286960736791081,0.44037963196602775
0.2839632277834525,0.6289384391662627,0.4401493909411577
0.2840483486550902,0.6289384391662627,0.4401465913121569
0.2840483486550902,0.6291808046534173,0.4398897881507056
0.28413346952672797,0.6291808046534173,0.43988002705654056
0.28413346952672797,0.6293019873969947,0.4398535933566124
0.2843037112700034,0.6293019873969947,0.43973132615436444
0.2843037112700034,0.629423170140572,0.43971385252646855
0.2843888321416411,0.629423170140572,0.4394638683706083
0.2843888321416411,0.6295443528841493,0.43944964014918836
0.28472931562819204,0.6295443528841493,0.43931448344117446
0.28472931562819204,0.629786718371304,0.43916701747789916
0.28506979911474295,0.629786718371304,0.43906574569412454
0.28506979911474295,0.6299079011148813,0.43906335408264974
0.2852400408580184,0.6299079011148813,0.43904884017188844
0.2852400408580184,0.6300290838584586,0.43892155143797734
0.28558052434456926,0.6300290838584586,0.4387368187749308
0.28558052434456926,0.6303926320891905,0.4386100246513451
0.2857507660878447,0.6303926320891905,0.43829162358825224
0.2857507660878447,0.6305138148327678,0.43828965783831003
0.2858358869594825,0.6305138148327678,0.438092646629763
0.2858358869594825,0.6306349975763451,0.4380662884476243
0.28600612870275793,0.6306349975763451,0.438053874337617
0.28600612870275793,0.6311197285506543,0.43762678561821616
0.28643173306094655,0.6311197285506543,0.43729264649082367
0.28643173306094655,0.6316044595249637,0.43713575339590643
0.28651685393258425,0.6316044595249637,0.4371001883662353
0.28651685393258425,0.6318468250121183,0.43700125469229556
0.2866870956758597,0.6318468250121183,0.4367997344641912
0.2866870956758597,0.6319680077556956,0.4367419081514382
0.2869424582907729,0.6319680077556956,0.4364087984702215
0.2869424582907729,0.6324527387300048,0.43618268120207004
0.28745318352059923,0.6324527387300048,0.43601611943109364
0.28745318352059923,0.6325739214735822,0.43579992001009416
0.2878787878787879,0.6325739214735822,0.4353381776642415
0.2878787878787879,0.6326951042171595,0.43529606281859096
0.2879639087504256,0.6326951042171595,0.4352786829667788
0.2879639087504256,0.6330586524478914,0.4351453405958634
0.28804902962206336,0.6330586524478914,0.43505951043870983
0.28804902962206336,0.6331798351914687,0.43499995756430004
0.2883895131086142,0.6331798351914687,0.434746225393894
0.2883895131086142,0.6335433834222006,0.43450191614301586
0.28847463398025197,0.6335433834222006,0.43445545218533355
0.28847463398025197,0.6337857489093554,0.4344299170013204
0.28855975485188967,0.6337857489093554,0.4344151265967695
0.28855975485188967,0.6339069316529327,0.43440129548960044
0.2886448757235274,0.6339069316529327,0.4343744065772282
0.2886448757235274,0.63402811439651,0.43435658580904646
0.28872999659516513,0.63402811439651,0.43434752237218976
0.28872999659516513,0.6342704798836646,0.43421222989376973
0.2889002383384406,0.6342704798836646,0.4341816028506565
0.2889002383384406,0.6348763936015511,0.43390852005469155
0.2889853592100783,0.6348763936015511,0.4337941020016133
0.2889853592100783,0.6351187590887057,0.433554585469264
0.2896663261831801,0.6351187590887057,0.4333372471008603
0.2896663261831801,0.635239941832283,0.4332999359878003
0.28992168879809327,0.635239941832283,0.43308184246973874
0.28992168879809327,0.6353611245758604,0.433079543254295
0.2900919305413687,0.6353611245758604,0.43301466567373614
0.2900919305413687,0.6357246728065924,0.4329121229446315
0.2902621722846442,0.6357246728065924,0.4328943014377022
0.2902621722846442,0.6358458555501697,0.43288343706432286
0.29043241402791964,0.6358458555501697,0.4327305628665273
0.29043241402791964,0.635967038293747,0.4327010059976062
0.2905175348995574,0.635967038293747,0.4326740644360952
0.2905175348995574,0.6360882210373243,0.4326080611441141
0.2906026557711951,0.6360882210373243,0.43253755018573287
0.2906026557711951,0.6362094037809016,0.4324803267280211
0.2906877766428328,0.6362094037809016,0.43239628252526163
0.2906877766428328,0.6363305865244789,0.4321958390462796
0.29077289751447055,0.6363305865244789,0.4321932380141486
0.29077289751447055,0.6365729520116336,0.4321779481122897
0.29085801838610825,0.6365729520116336,0.43210085769294543
0.29085801838610825,0.6368153174987882,0.4320411700622776
0.2910282601293837,0.6368153174987882,0.4319267186575546
0.2910282601293837,0.6370576829859428,0.43172497127318127
0.29119850187265917,0.6370576829859428,0.43168003991510284
0.29119850187265917,0.6371788657295201,0.431670672400167
0.2912836227442969,0.6371788657295201,0.4316405580317474
0.2912836227442969,0.6374212312166747,0.43160804580411727
0.2919645897173987,0.6374212312166747,0.43123767142779923
0.2919645897173987,0.637542413960252,0.43120090657176813
0.2923901940755873,0.637542413960252,0.43075023812684643
0.2923901940755873,0.6376635967038293,0.4307494921240707
0.29247531494722506,0.6376635967038293,0.4307095829942028
0.29247531494722506,0.6380271449345614,0.43058255612960566
0.2926455566905005,0.6380271449345614,0.43054254823513105
0.2926455566905005,0.6381483276781387,0.4304507521729803
0.292815798433776,0.6381483276781387,0.4303184645423553
0.292815798433776,0.6386330586524479,0.4301136792021472
0.2931562819203269,0.6386330586524479,0.4300896583562998
0.2931562819203269,0.6392389723703344,0.4298823339162669
0.2932414027919646,0.6392389723703344,0.42985714734240493
0.2932414027919646,0.6393601551139118,0.42984397797172014
0.2935818862785155,0.6393601551139118,0.42959420070101845
0.2935818862785155,0.6394813378574891,0.42939041910599485
0.2936670071501532,0.6394813378574891,0.42937290081624513
0.2936670071501532,0.6396025206010664,0.42937038865378974
0.29375212802179096,0.6396025206010664,0.4293638159783735
0.29375212802179096,0.6397237033446437,0.42929501271567894
0.2940926115083419,0.6397237033446437,0.42906944353122795
0.2940926115083419,0.639844886088221,0.42905788116879967
0.29434797412325503,0.639844886088221,0.42895420119267036
0.29434797412325503,0.6399660688317984,0.4289144755968294
0.2945182158665305,0.6399660688317984,0.428776793078575
0.2945182158665305,0.6400872515753757,0.42877545204427153
0.2946033367381682,0.6400872515753757,0.4287120597970721
0.2946033367381682,0.640208434318953,0.42869422437798144
0.29477357848144364,0.640208434318953,0.4285998324111267
0.29477357848144364,0.6403296170625303,0.4285493140441983
0.2950289410963568,0.6403296170625303,0.4283926341099026
0.2950289410963568,0.6404507998061076,0.42835929616213536
0.29545454545454547,0.6404507998061076,0.42801714203569263
0.29545454545454547,0.640571982549685,0.42795311877275605
0.29553966632618317,0.640571982549685,0.42786399362995753
0.29553966632618317,0.6406931652932623,0.4278487628160867
0.2956247871978209,0.6406931652932623,0.4278466199880333
0.2956247871978209,0.6415414444983034,0.4275132434024264
0.2959652706843718,0.6415414444983034,0.4273539945173356
0.2959652706843718,0.6419049927290353,0.4272054027134506
0.29605039155600954,0.6419049927290353,0.4272040669310203
0.29605039155600954,0.6420261754726126,0.42709688365156934
0.296220633299285,0.6420261754726126,0.4270403500624305
0.296220633299285,0.6421473582161901,0.42701570535092864
0.2963057541709227,0.6421473582161901,0.426883768646205
0.2963057541709227,0.6422685409597674,0.42687197329255344
0.29647599591419815,0.6422685409597674,0.42683316736869575
0.29647599591419815,0.6423897237033447,0.42678860801998386
0.2969867211440245,0.6423897237033447,0.42665823949970355
0.2969867211440245,0.642510906446922,0.42662550470614863
0.2970718420156622,0.642510906446922,0.42662429251782436
0.2970718420156622,0.6428744546776539,0.4265548158502347
0.2972420837589377,0.6428744546776539,0.4264080212721737
0.2972420837589377,0.6431168201648085,0.4263208812890375
0.2974974463738509,0.6431168201648085,0.4262508125198554
0.2974974463738509,0.6432380029083858,0.42618494984637767
0.2976676881171263,0.6432380029083858,0.42615087909574556
0.2976676881171263,0.6434803683955405,0.4260590617200783
0.2979230507320395,0.6434803683955405,0.42600014810197573
0.2979230507320395,0.6437227338826951,0.4259040701656238
0.2980081716036772,0.6437227338826951,0.42590128017732914
0.2980081716036772,0.6438439166262724,0.42587879378044036
0.2982635342185904,0.6438439166262724,0.4257985709332784
0.2982635342185904,0.6439650993698497,0.4257952331307226
0.2984337759618659,0.6439650993698497,0.4257779141049168
0.2984337759618659,0.6442074648570043,0.4256840766104059
0.2986040177051413,0.6442074648570043,0.4254804497909281
0.2986040177051413,0.6443286476005817,0.42547326791259665
0.2988593803200545,0.6443286476005817,0.42535828598022457
0.2988593803200545,0.6445710130877363,0.4253329590206867
0.29902962206332995,0.6445710130877363,0.4252038807696791
0.29902962206332995,0.6446921958313137,0.4250935732457134
0.29911474293496765,0.6446921958313137,0.4250125228227983
0.29911474293496765,0.644813378574891,0.42485684286902997
0.2992849846782431,0.644813378574891,0.424700079894462
0.2992849846782431,0.6449345613184683,0.4246873106691642
0.29954034729315626,0.6449345613184683,0.4243742576742714
0.29954034729315626,0.6450557440620456,0.4243185215898572
0.299625468164794,0.6450557440620456,0.4242856943067164
0.299625468164794,0.6452981095492002,0.42404753861584443
0.2998808307797072,0.6452981095492002,0.4240051748204947
0.2998808307797072,0.6454192922927775,0.4240000341554338
0.3001361933946204,0.6454192922927775,0.423856500513856
0.3001361933946204,0.6455404750363548,0.4237870740893973
0.3003064351378958,0.6455404750363548,0.42363240249416184
0.3003064351378958,0.6456616577799321,0.4235880540437195
0.30115764385427307,0.6456616577799321,0.4229558098444756
0.30115764385427307,0.646025206010664,0.42264034223597846
0.30124276472591077,0.646025206010664,0.42256993381446456
0.30124276472591077,0.6461463887542414,0.42250368430202145
0.3015832482124617,0.6461463887542414,0.4223379050959655
0.3015832482124617,0.6463887542413961,0.42225058292566525
0.3020088525706503,0.6463887542413961,0.4220466142050419
0.3020088525706503,0.6465099369849734,0.4219863461363019
0.3022642151855635,0.6465099369849734,0.42193540147088254
0.3022642151855635,0.646752302472128,0.4218051022793442
0.30251957780047667,0.646752302472128,0.42162391480633005
0.30251957780047667,0.6472370334464372,0.42124466384014375
0.3026898195437521,0.6472370334464372,0.4211994825820851
0.3026898195437521,0.6473582161900145,0.4211420986979564
0.3028600612870276,0.6473582161900145,0.4210442170875484
0.3028600612870276,0.6474793989335919,0.42101206311917316
0.30303030303030304,0.6474793989335919,0.4208725301315553
0.30303030303030304,0.6476005816771692,0.42085396819008625
0.30337078651685395,0.6476005816771692,0.42072477119166934
0.30337078651685395,0.6477217644207465,0.4206442059742616
0.30379639087504257,0.6477217644207465,0.4202638743901977
0.30379639087504257,0.6478429471643238,0.42024807397150554
0.303966632618318,0.6478429471643238,0.4201994959435407
0.303966632618318,0.6479641299079011,0.4200901972189862
0.3041368743615935,0.6479641299079011,0.41993716510946333
0.3041368743615935,0.6482064953950557,0.41987914504781443
0.3042219952332312,0.6482064953950557,0.41969893231994587
0.3042219952332312,0.648327678138633,0.41968425796297143
0.3049880830779707,0.648327678138633,0.41927712813863394
0.3049880830779707,0.6485700436257877,0.4192500891991182
0.30515832482124616,0.6485700436257877,0.41923293480156215
0.30515832482124616,0.648691226369365,0.41921637090741176
0.3054136874361593,0.648691226369365,0.4191095296212361
0.3054136874361593,0.6489335918565197,0.41903645150596325
0.3054988083077971,0.6489335918565197,0.419031808433393
0.3054988083077971,0.6491759573436743,0.4189640442991853
0.30566905005107253,0.6491759573436743,0.4188878584534051
0.30566905005107253,0.6494183228308289,0.4188566854509278
0.305839291794348,0.6494183228308289,0.41883303023660534
0.305839291794348,0.6495395055744062,0.41881741527523364
0.3063500170241743,0.6495395055744062,0.4186438017544994
0.3063500170241743,0.6496606883179835,0.4186095651457265
0.30643513789581206,0.6496606883179835,0.4185916374155655
0.30643513789581206,0.6499030538051381,0.4185775496165096
0.3072863466121893,0.6499030538051381,0.41794822463489123
0.3072863466121893,0.6500242365487154,0.4178777831585133
0.30745658835546474,0.6500242365487154,0.4178630013121352
0.30745658835546474,0.6501454192922927,0.4177929938430156
0.3075417092271025,0.6501454192922927,0.41770190669033214
0.3075417092271025,0.6502666020358701,0.4176800357396154
0.3078821927136534,0.6502666020358701,0.41748695460168483
0.3078821927136534,0.6505089675230247,0.4174477029115665
0.3079673135852911,0.6505089675230247,0.4174468656365604
0.3079673135852911,0.6508725157537567,0.4172061860801447
0.30822267620020427,0.6508725157537567,0.4171336932569945
0.30822267620020427,0.6511148812409113,0.41698866402169593
0.308307797071842,0.6511148812409113,0.41695961623591477
0.308307797071842,0.6513572467280659,0.4165898906557779
0.3084780388151175,0.6513572467280659,0.41646473891659336
0.3084780388151175,0.6517207949587979,0.4163918264862004
0.3085631596867552,0.6517207949587979,0.41630497393580596
0.3085631596867552,0.6518419777023752,0.4163044853337712
0.30873340143003064,0.6518419777023752,0.4162505203509369
0.30873340143003064,0.6522055259331071,0.41613364136473247
0.3088185223016684,0.6522055259331071,0.4160589069089266
0.3088185223016684,0.652569074163839,0.4158160089925152
0.3089036431733061,0.652569074163839,0.4157658651647386
0.3089036431733061,0.6526902569074163,0.4157412492212774
0.3089887640449438,0.6526902569074163,0.41570430721409274
0.3089887640449438,0.6529326223945711,0.4155092557457556
0.309244126659857,0.6529326223945711,0.41527879308678173
0.309244126659857,0.6530538051381484,0.4152582325262615
0.30941436840313247,0.6530538051381484,0.41517350656418683
0.30941436840313247,0.6531749878817257,0.4151273488162384
0.30949948927477017,0.6531749878817257,0.4150964883656547
0.30949948927477017,0.6536597188560349,0.41485898083295575
0.3097548518896833,0.6536597188560349,0.4147753528351876
0.3097548518896833,0.6537809015996122,0.4147616534161708
0.3098399727613211,0.6537809015996122,0.41474489399319187
0.3098399727613211,0.6539020843431895,0.41469775811691645
0.3099250936329588,0.6539020843431895,0.4146825612587617
0.3099250936329588,0.6540232670867668,0.41461813249039636
0.31009533537623424,0.6540232670867668,0.4145297819799089
0.31009533537623424,0.6541444498303441,0.41451977205055585
0.310180456247872,0.6541444498303441,0.4144772930894565
0.310180456247872,0.6543868153174988,0.41444371041847594
0.31035069799114745,0.6543868153174988,0.41431459110304325
0.31035069799114745,0.6547503635482307,0.4141322538080254
0.31043581886278515,0.6547503635482307,0.4139723541842599
0.31043581886278515,0.654871546291808,0.4139551860007292
0.3105209397344229,0.654871546291808,0.4139269419722935
0.3105209397344229,0.65523509452254,0.4137090368846342
0.31137214845080013,0.65523509452254,0.4130585638540124
0.31137214845080013,0.655598642753272,0.4129800468431871
0.3115423901940756,0.655598642753272,0.4129091044488611
0.3115423901940756,0.6564469219583131,0.4125330069426855
0.3116275110657133,0.6564469219583131,0.41251878671984765
0.3116275110657133,0.6565681047018904,0.41247418570939925
0.3123084780388151,0.6565681047018904,0.41194152406728457
0.3123084780388151,0.6572952011633544,0.41158374160772804
0.3124787197820906,0.6572952011633544,0.4115547867669311
0.3124787197820906,0.657537566650509,0.4113521360621693
0.3125638406537283,0.657537566650509,0.41127708887159115
0.3125638406537283,0.6576587493940863,0.41124635913937563
0.3128192032686415,0.6576587493940863,0.41114356817973885
0.3128192032686415,0.6577799321376636,0.4110309397633128
0.31298944501191694,0.6577799321376636,0.41096527063083615
0.31298944501191694,0.6579011148812409,0.41091944782170475
0.31315968675519235,0.6579011148812409,0.4108001819833063
0.31315968675519235,0.6580222976248182,0.41079097275626025
0.3132448076268301,0.6580222976248182,0.41073034813825
0.3132448076268301,0.6582646631119728,0.410650993222556
0.313585291113381,0.6582646631119728,0.41027651172470747
0.313585291113381,0.6586282113427048,0.4101070048177471
0.31375553285665647,0.6586282113427048,0.4099511158405005
0.31375553285665647,0.6587493940862821,0.4099252890694272
0.31384065372829417,0.6587493940862821,0.40990137766278373
0.31384065372829417,0.6589917595734367,0.4096201401228148
0.31401089547156963,0.6589917595734367,0.40955779651380636
0.31401089547156963,0.6592341250605914,0.4091651916272751
0.3142662580864828,0.6592341250605914,0.4089429152419961
0.3142662580864828,0.6593553078041687,0.4089411478971917
0.31435137895812054,0.6593553078041687,0.40893246934796046
0.31435137895812054,0.659476490547746,0.40888590579425493
0.31469186244467146,0.659476490547746,0.40868428887291414
0.31469186244467146,0.6595976732913233,0.40861354427114815
0.315457950289411,0.6595976732913233,0.4078234422253652
0.315457950289411,0.6597188560349007,0.40777976763183044
0.31562819203268644,0.6597188560349007,0.40768943173186606
0.31562819203268644,0.6599612215220553,0.4074939443500826
0.31571331290432414,0.6599612215220553,0.4074603898929165
0.31571331290432414,0.6602035870092099,0.40734115755629835
0.31579843377596184,0.6602035870092099,0.40733197798188897
0.31579843377596184,0.6604459524963645,0.4072111573037147
0.3158835546475996,0.6604459524963645,0.40716562214271446
0.3158835546475996,0.6605671352399418,0.40715686327421985
0.3159686755192373,0.6605671352399418,0.4071404220770803
0.3159686755192373,0.6606883179835191,0.4070994351630619
0.31613891726251275,0.6606883179835191,0.4069351588719731
0.31613891726251275,0.6608095007270964,0.40691802370725544
0.3162240381341505,0.6608095007270964,0.4069019765531576
0.3162240381341505,0.661051866214251,0.4067344276963363
0.3163091590057882,0.661051866214251,0.406683573621725
0.3163091590057882,0.6612942317014057,0.406649822317491
0.31639427987742597,0.6612942317014057,0.4066088336860413
0.31639427987742597,0.6614154144449831,0.40659373393830667
0.31699012597889004,0.6614154144449831,0.4060436931818413
0.31699012597889004,0.6615365971885604,0.40598896310553606
0.31707524685052774,0.6615365971885604,0.4059885374419313
0.31707524685052774,0.6616577799321377,0.40597478945156124
0.3171603677221655,0.6616577799321377,0.4059410238602954
0.3171603677221655,0.661778962675715,0.4057747905329813
0.31775621382362956,0.661778962675715,0.40548811622271586
0.31775621382362956,0.6622636936500242,0.40519991130763555
0.3180115764385427,0.6622636936500242,0.4051635208083207
0.3180115764385427,0.6625060591371789,0.40507521207177793
0.31843718079673133,0.6625060591371789,0.40471138620721114
0.31843718079673133,0.6627484246243335,0.4046590370097108
0.3185223016683691,0.6627484246243335,0.4046536093137382
0.3185223016683691,0.6631119728550654,0.4045405789092125
0.31869254341164455,0.6631119728550654,0.404497317997533
0.31869254341164455,0.66335433834222,0.404353792962608
0.31886278515492,0.66335433834222,0.40420660314782725
0.31886278515492,0.6635967038293747,0.4041959217855802
0.31903302689819546,0.6635967038293747,0.4041715798606642
0.31903302689819546,0.6638390693165294,0.40416786192637627
0.3192032686414709,0.6638390693165294,0.403937008892921
0.3192032686414709,0.664081434803684,0.4038863364192717
0.3194586312563841,0.664081434803684,0.4036303403502314
0.3194586312563841,0.6643238002908386,0.40356063597131503
0.31962887299965953,0.6643238002908386,0.40343929271157797
0.31962887299965953,0.6644449830344159,0.40330081202504836
0.319799114742935,0.6644449830344159,0.40328010059549246
0.319799114742935,0.6645661657779932,0.40314797725843793
0.3203098399727613,0.6645661657779932,0.40298523268568337
0.3203098399727613,0.6648085312651478,0.4029799803919926
0.32048008171603676,0.6648085312651478,0.4029356886864763
0.32048008171603676,0.6650508967523024,0.40282881482986604
0.32082056520258767,0.6650508967523024,0.4025815567907221
0.32082056520258767,0.6655356277266117,0.4024145264129995
0.3211610486891386,0.6655356277266117,0.40224225660304225
0.3211610486891386,0.6661415414444983,0.4021268059757415
0.3212461695607763,0.6661415414444983,0.4019578072101525
0.3212461695607763,0.6666262724188076,0.40155851760684036
0.3215015321756895,0.6666262724188076,0.4014600407830915
0.3215015321756895,0.6668686379059622,0.40140148982166673
0.3219271365338781,0.6668686379059622,0.4011730248994059
0.3219271365338781,0.6669898206495395,0.40104687046817955
0.3223527408920667,0.6669898206495395,0.4008890976043425
0.3223527408920667,0.6671110033931168,0.4008670471899207
0.32269322437861764,0.6671110033931168,0.4005403846670101
0.32269322437861764,0.6672321861366941,0.40048663493657427
0.3228634661218931,0.6672321861366941,0.40038072715156153
0.3228634661218931,0.6673533688802714,0.4003449264502769
0.32303370786516855,0.6673533688802714,0.40032602228888275
0.32303370786516855,0.6674745516238487,0.4001700959223025
0.32311882873680625,0.6674745516238487,0.4001514070286378
0.32311882873680625,0.667595734367426,0.4001151763579878
0.3232890704800817,0.667595734367426,0.39995232912569767
0.3232890704800817,0.6677169171110033,0.39992227514935536
0.32345931222335716,0.6677169171110033,0.3997812864524556
0.32345931222335716,0.6678380998545808,0.39977933296936813
0.3237146748382703,0.6678380998545808,0.3996829422400748
0.3237146748382703,0.6680804653417354,0.3996541318198396
0.32405515832482124,0.6680804653417354,0.3993882548453448
0.32405515832482124,0.6682016480853127,0.39938584860968973
0.324140279196459,0.6682016480853127,0.3993375016215638
0.324140279196459,0.66832283082889,0.3992727832542894
0.3245658835546476,0.66832283082889,0.3991280896251158
0.3245658835546476,0.6684440135724673,0.39909560410005224
0.32473612529792306,0.6684440135724673,0.3989591165085966
0.32473612529792306,0.6686863790596219,0.39884145323574266
0.3249914879128362,0.6686863790596219,0.39880525992605564
0.325076608784474,0.6688075618031992,0.39877495315009587
0.3251617296561117,0.6688075618031992,0.39877334724334124
0.3251617296561117,0.6690499272903538,0.3986378970123602
0.32541709227102483,0.6690499272903538,0.39846132857929123
0.32541709227102483,0.6691711100339311,0.3983560027573792
0.3255022131426626,0.6691711100339311,0.3983322475295004
0.3255022131426626,0.6694134755210858,0.3982870581519282
0.3255873340143003,0.6694134755210858,0.39827588352557425
0.3255873340143003,0.6695346582646631,0.398271315684878
0.32575757575757575,0.6695346582646631,0.39815369262288663
0.32575757575757575,0.6696558410082404,0.39807290320395883
0.3258426966292135,0.6696558410082404,0.3980492286037941
0.3258426966292135,0.6698982064953951,0.3979949040232381
0.32601293837248896,0.6698982064953951,0.39783804753348295
0.32601293837248896,0.6700193892389724,0.39780943829659904
0.32618318011576436,0.6700193892389724,0.39771029524988266
0.32618318011576436,0.6701405719825497,0.39769132358545517
0.3265236636023153,0.6701405719825497,0.3974744141470719
0.3265236636023153,0.670261754726127,0.3973508030019197
0.32660878447395303,0.670261754726127,0.3973361270558184
0.32660878447395303,0.6703829374697043,0.39723524985737535
0.32703438883214164,0.6703829374697043,0.396952972607024
0.32703438883214164,0.6705041202132817,0.39694129889658386
0.327545114061968,0.6705041202132817,0.39689107924615863
0.327545114061968,0.670625302956859,0.3968488955073212
0.3276302349336057,0.670625302956859,0.39682799245051187
0.3276302349336057,0.6711100339311682,0.39673341918683
0.32771535580524347,0.6711100339311682,0.3966990276969202
0.32771535580524347,0.6712312166747455,0.3966979954750142
0.32788559754851887,0.6712312166747455,0.3966266647637872
0.32788559754851887,0.6713523994183228,0.3965698881947885
0.3281409601634321,0.6713523994183228,0.39639461119318187
0.3281409601634321,0.6714735821619001,0.39632254840373626
0.3282260810350698,0.6714735821619001,0.3963150771101794
0.3282260810350698,0.6715947649054774,0.3962778989056945
0.3285665645216207,0.6715947649054774,0.3959916217621634
0.3285665645216207,0.6719583131362094,0.3959102720955091
0.32882192713653385,0.6719583131362094,0.39563365263659184
0.32882192713653385,0.6722006786233641,0.3955632196481542
0.3289070480081716,0.6722006786233641,0.395462454149949
0.3289070480081716,0.6723218613669414,0.39522596859541786
0.3289921688798093,0.6723218613669414,0.3952100440564279
0.3289921688798093,0.6724430441105187,0.3951870774399499
0.32916241062308477,0.6724430441105187,0.39509383832112893
0.32916241062308477,0.6726854095976733,0.3949791517462318
0.3292475314947225,0.6726854095976733,0.3949591275664112
0.3292475314947225,0.6730489578284052,0.39492024726535024
0.3293326523663602,0.6730489578284052,0.39491757650827497
0.3293326523663602,0.6731701405719825,0.3947682097976222
0.329417773237998,0.6731701405719825,0.39474837697892284
0.329417773237998,0.6732913233155599,0.3947177664873979
0.32967313585291114,0.6732913233155599,0.39463472244581965
0.32967313585291114,0.6734125060591372,0.3946162889046982
0.3298433775961866,0.6734125060591372,0.3944952737621035
0.3298433775961866,0.6735336888027145,0.39449095694181946
0.3301838610827375,0.6735336888027145,0.39430431359341844
0.3301838610827375,0.6737760542898691,0.39421004166800266
0.3302689819543752,0.6737760542898691,0.39418576022213614
0.3302689819543752,0.6738972370334464,0.39417977147537575
0.33043922369765066,0.6738972370334464,0.39410855458328087
0.33043922369765066,0.6742607852641784,0.3939393270694352
0.33052434456928836,0.6742607852641784,0.39393139448006376
0.33052434456928836,0.6743819680077557,0.39389333980684593
0.3306094654409261,0.6743819680077557,0.3938595374859763
0.3306094654409261,0.6747455162384877,0.3937410056260317
0.3306945863125638,0.6747455162384877,0.39371567470525054
0.3306945863125638,0.6749878817256423,0.39366627752129213
0.33103506979911473,0.6749878817256423,0.39351025596305694
0.33103506979911473,0.6751090644692196,0.39350196611687055
0.33129043241402795,0.6751090644692196,0.3932173536144993
0.33129043241402795,0.6753514299563742,0.39302362499539467
0.33137555328566565,0.6753514299563742,0.39299822303585763
0.33137555328566565,0.6758361609306834,0.39288348667751655
0.3315457950289411,0.6758361609306834,0.39276208701235177
0.3315457950289411,0.6761997091614154,0.392701869988415
0.3316309159005788,0.6761997091614154,0.39267624158456066
0.3316309159005788,0.6763208919049928,0.39267009430566097
0.33171603677221656,0.6763208919049928,0.3926403487052923
0.33171603677221656,0.6765632573921474,0.3924991882064739
0.33171603677221656,0.6766844401357247,0.3924634580321745
0.331886278515492,0.6766844401357247,0.3923961666753011
0.331886278515492,0.676805622879302,0.3923335511631752
0.3321416411304052,0.676805622879302,0.39214924311511484
0.3321416411304052,0.6770479883664566,0.392068512658213
0.3322267620020429,0.6770479883664566,0.39205723513261437
0.3322267620020429,0.6772903538536112,0.3919944209976815
0.33231188287368063,0.6772903538536112,0.39198441383717886
0.33231188287368063,0.6775327193407659,0.3918295846936884
0.33239700374531833,0.6775327193407659,0.39172291308161744
0.33239700374531833,0.6776539020843432,0.3916637421351689
0.3324821246169561,0.6776539020843432,0.39164578755185003
0.3324821246169561,0.6778962675714978,0.39157550574081484
0.3325672454885938,0.6778962675714978,0.3915753586580348
0.3325672454885938,0.6780174503150751,0.3915707581149915
0.332822608103507,0.6780174503150751,0.39128025966077334
0.332822608103507,0.6782598158022297,0.3911665405254279
0.3329077289751447,0.6782598158022297,0.3911211419282374
0.3329077289751447,0.678380998545807,0.39111552508067754
0.3333333333333333,0.678380998545807,0.3907894290625889
0.3333333333333333,0.6785021812893844,0.3907532623945411
0.33350357507660877,0.6785021812893844,0.3906784703669844
0.33350357507660877,0.6786233640329618,0.3906596756978642
0.3335886959482465,0.6786233640329618,0.3906310149726387
0.3335886959482465,0.6787445467765391,0.3906081798798283
0.33367381681988423,0.6787445467765391,0.3905848138646397
0.33367381681988423,0.6788657295201164,0.39058458556570874
0.3339291794347974,0.6788657295201164,0.39049445552458645
0.3339291794347974,0.6792292777508483,0.3903746162173852
0.33401430030643514,0.6792292777508483,0.3903725272357778
0.33401430030643514,0.6793504604944256,0.39006098395363664
0.33409942117807284,0.6793504604944256,0.39003663384026277
0.33409942117807284,0.6794716432380029,0.3899790577647594
0.3346101464078992,0.6794716432380029,0.3898024078937868
0.3346101464078992,0.6795928259815802,0.3897977854729354
0.33478038815117467,0.6795928259815802,0.38973739222307363
0.33478038815117467,0.6797140087251575,0.3896462968724166
0.33486550902281237,0.6797140087251575,0.3895650136732017
0.33486550902281237,0.6798351914687348,0.3895256598113045
0.3349506298944501,0.6798351914687348,0.38949685846943155
0.3349506298944501,0.6800775569558895,0.3893605248685992
0.3351208716377256,0.6800775569558895,0.3891944002106319
0.3351208716377256,0.6801987396994668,0.38917418447615915
0.33529111338100104,0.6801987396994668,0.3890793957919972
0.33529111338100104,0.6804411051866214,0.3888067229918646
0.3354613551242765,0.6804411051866214,0.38843853506114645
0.3354613551242765,0.6805622879301988,0.38842300641163763
0.3358869594824651,0.6805622879301988,0.3882447969973585
0.3358869594824651,0.6808046534173534,0.3880900711983431
0.3359720803541028,0.6808046534173534,0.38790975264134264
0.3359720803541028,0.6809258361609307,0.3877194491156237
0.33605720122574056,0.6809258361609307,0.3876857927764535
0.33605720122574056,0.681047018904508,0.38756531889873364
0.3363125638406537,0.681047018904508,0.38739518695651404
0.3363125638406537,0.6811682016480853,0.38730392142642983
0.33665304732720464,0.6811682016480853,0.3871495113211771
0.33665304732720464,0.68141056713524,0.38708083743024657
0.3369084099421178,0.68141056713524,0.38704381572096197
0.3369084099421178,0.6815317498788173,0.3870276919864451
0.3372488934286687,0.6815317498788173,0.38679097524842365
0.3372488934286687,0.6817741153659719,0.38668146849400076
0.33750425604358186,0.6817741153659719,0.3865969708897748
0.33750425604358186,0.6818952981095492,0.38659132115825295
0.3376744977868573,0.6818952981095492,0.3864881521282227
0.3376744977868573,0.6820164808531265,0.38646815689775427
0.33801498127340823,0.6820164808531265,0.38619036238046456
0.33801498127340823,0.6821376635967038,0.3861823772891298
0.33835546475995915,0.6821376635967038,0.3858250904970288
0.33835546475995915,0.6823800290838584,0.38566230873459856
0.3385257065032346,0.6823800290838584,0.3855509913074688
0.3385257065032346,0.6825012118274357,0.3854901733672759
0.3386108273748723,0.6825012118274357,0.3854725307699108
0.3386108273748723,0.682622394571013,0.38537849051055106
0.33869594824651006,0.682622394571013,0.3852889034533507
0.33869594824651006,0.6829859428017451,0.3852284610565588
0.3392066734763364,0.6829859428017451,0.38476606740512026
0.3392066734763364,0.6831071255453224,0.3847537450941563
0.3395471569628873,0.6831071255453224,0.38442901871551466
0.3395471569628873,0.6832283082888997,0.3843876009746591
0.33963227783452504,0.6832283082888997,0.38435318761514337
0.33963227783452504,0.683349491032477,0.3843047937379365
0.33971739870616274,0.683349491032477,0.38426201097087864
0.33971739870616274,0.6838342220067862,0.3839682387514168
0.3398876404494382,0.6838342220067862,0.38391263184365537
0.3398876404494382,0.6840765874939408,0.3838465379262728
0.3399727613210759,0.6840765874939408,0.38382224266401344
0.3399727613210759,0.6841977702375182,0.38381932862980545
0.34005788219271366,0.6841977702375182,0.3837985992265556
0.34005788219271366,0.6845613184682501,0.3835964089208502
0.3402281239359891,0.6845613184682501,0.38356071294693594
0.3402281239359891,0.6846825012118274,0.38349259362329025
0.3403132448076268,0.6846825012118274,0.38344678137223076
0.3403132448076268,0.6849248666989821,0.3833193243501472
0.34039836567926457,0.6849248666989821,0.38331104133090427
0.34039836567926457,0.6851672321861367,0.3832082316944272
0.34056860742254,0.6851672321861367,0.38313239513585584
0.34056860742254,0.6854095976732913,0.38310507440860264
0.3411644535240041,0.6854095976732913,0.3825846639833181
0.3411644535240041,0.685651963160446,0.3824575976087545
0.341504937010555,0.685651963160446,0.3821102925173279
0.341504937010555,0.6857731459040233,0.3819675572999007
0.34184542049710587,0.6857731459040233,0.3817496914530191
0.34184542049710587,0.6860155113911779,0.3817057812296155
0.3421007831120191,0.6860155113911779,0.38163062735732717
0.3421007831120191,0.6861366941347552,0.3816138853409283
0.3421859039836568,0.6861366941347552,0.38160106515410575
0.3421859039836568,0.6863790596219098,0.3815131359168521
0.34227102485529454,0.6863790596219098,0.3815002737850911
0.34227102485529454,0.6867426078526417,0.3812333084938577
0.34235614572693224,0.6867426078526417,0.3812215832661363
0.34235614572693224,0.686863790596219,0.38121494188981336
0.34244126659857,0.686863790596219,0.3812091294674734
0.34244126659857,0.6869849733397965,0.3811461134198395
0.3425263874702077,0.6869849733397965,0.38113237217210205
0.3425263874702077,0.6871061560833738,0.38104201679019084
0.34269662921348315,0.6871061560833738,0.38080715427467676
0.34269662921348315,0.6873485215705284,0.38072410006641516
0.34278175008512085,0.6873485215705284,0.3806796177046364
0.34278175008512085,0.687590887057683,0.38067086911794734
0.3432924753149472,0.687590887057683,0.38045905252363255
0.3432924753149472,0.6877120698012603,0.38045540384594717
0.3441436840313245,0.6877120698012603,0.3798659716258718
0.3441436840313245,0.6880756180319922,0.37974110743060213
0.3442288049029622,0.6880756180319922,0.37973950191151223
0.3442288049029622,0.6881968007755696,0.37963548174038475
0.34439904664623766,0.6881968007755696,0.37953376986209914
0.34439904664623766,0.6883179835191469,0.37953177399650195
0.3448246510044263,0.6883179835191469,0.37933251674804946
0.3448246510044263,0.6884391662627242,0.37910564417463316
0.34499489274770173,0.6884391662627242,0.379086865162516
0.34499489274770173,0.6889238972370334,0.3789297937287058
0.3450800136193395,0.6889238972370334,0.3787796884380234
0.3450800136193395,0.6890450799806107,0.378672653071138
0.3451651344909772,0.6890450799806107,0.37863366302138834
0.3451651344909772,0.6891662627241881,0.3785916665894371
0.3452502553626149,0.6891662627241881,0.3785805646339225
0.3452502553626149,0.6892874454677654,0.37856510773656693
0.34533537623425264,0.6892874454677654,0.3785315119617922
0.34533537623425264,0.6896509936984974,0.378316878081798
0.3455056179775281,0.6896509936984974,0.3781970409221185
0.3455056179775281,0.6897721764420747,0.37806005965863737
0.3455907388491658,0.6897721764420747,0.378004691942352
0.3455907388491658,0.689893359185652,0.3778789050707787
0.34576098059244126,0.689893359185652,0.37784476647507226
0.34576098059244126,0.6900145419292293,0.37775717076690285
0.34601634320735447,0.6900145419292293,0.3777152252650696
0.34601634320735447,0.6901357246728066,0.3777105766796515
0.34610146407899217,0.6901357246728066,0.3776621361726451
0.34610146407899217,0.6903780901599612,0.3774632341079364
0.34627170582226763,0.6903780901599612,0.377292960160348
0.34627170582226763,0.6904992729035385,0.37727011506095526
0.34635682669390533,0.6904992729035385,0.37714929299908
0.34635682669390533,0.6907416383906931,0.37711483496451254
0.3464419475655431,0.6907416383906931,0.3770825782240396
0.3464419475655431,0.6908628211342704,0.377043725447274
0.34661218930881854,0.6908628211342704,0.37673740222972607
0.34661218930881854,0.6913475521085798,0.3764992304338135
0.34712291453864486,0.6913475521085798,0.3763459436949068
0.34712291453864486,0.6915899175957344,0.3762477649267986
0.3476336397684712,0.6915899175957344,0.3759736371056699
0.3476336397684712,0.6917111003393117,0.3759656068365669
0.3478038815117467,0.6917111003393117,0.3758350288474153
0.3478038815117467,0.6920746485700436,0.3757475462848855
0.34805924412665984,0.6920746485700436,0.37560398991704624
0.34805924412665984,0.6929229277750848,0.37508385172301806
0.34839972761321075,0.6929229277750848,0.37505086742326305
0.34839972761321075,0.6934076587493941,0.3749696785395966
0.3484848484848485,0.6934076587493941,0.37494281889028014
0.3484848484848485,0.6937712069801261,0.3743630765413883
0.3485699693564862,0.6937712069801261,0.37435955713892966
0.3485699693564862,0.6938923897237034,0.374343409484406
0.34882533197139937,0.6938923897237034,0.374239207206569
0.34882533197139937,0.6940135724672807,0.3740935611377437
0.3489955737146748,0.6940135724672807,0.3737998070569812
0.3489955737146748,0.694134755210858,0.37375735776422236
0.3490806945863126,0.694134755210858,0.3737271890017026
0.3490806945863126,0.6943771206980126,0.3735431825994365
0.34925093632958804,0.6943771206980126,0.37349772310875423
0.34925093632958804,0.6944983034415899,0.3734122987985717
0.34933605720122574,0.6944983034415899,0.3733111664790684
0.34933605720122574,0.6946194861851672,0.37330159119675904
0.3495062989445012,0.6946194861851672,0.37305605946709997
0.3495062989445012,0.6948618516723218,0.3727670928437388
0.34967654068777665,0.6948618516723218,0.3727455170088904
0.34967654068777665,0.6949830344158991,0.3727317915397251
0.3499319033026898,0.6949830344158991,0.37242704568823287
0.3499319033026898,0.6952253999030538,0.3721642196513115
0.3504426285325162,0.6952253999030538,0.3718515151180571
0.3504426285325162,0.6953465826466311,0.37184880989728275
0.35069799114742933,0.6953465826466311,0.37168243302916343
0.35069799114742933,0.6957101308773631,0.37158361644444615
0.3507831120190671,0.6957101308773631,0.3714046162126598
0.3507831120190671,0.6958313136209404,0.37139244445044073
0.3508682328907048,0.6958313136209404,0.3713644044543238
0.3508682328907048,0.6965584100824043,0.37067852119507677
0.35103847463398025,0.6965584100824043,0.3706238007398307
0.35103847463398025,0.6966795928259816,0.3705636710654455
0.351123595505618,0.6966795928259816,0.3705279208892443
0.351123595505618,0.6968007755695589,0.37045229948444713
0.35137895812053116,0.6968007755695589,0.37021552433566174
0.35137895812053116,0.6969219583131362,0.3702058135052783
0.3515491998638066,0.6969219583131362,0.37013224816289414
0.3515491998638066,0.6970431410567135,0.37002966581683244
0.35188968335035753,0.6970431410567135,0.3699389162978184
0.35188968335035753,0.6971643238002908,0.36979888702692304
0.35240040858018384,0.6971643238002908,0.3695427017899294
0.35240040858018384,0.6977702375181775,0.3692424839529353
0.3525706503234593,0.6977702375181775,0.3692012421223772
0.3525706503234593,0.6978914202617548,0.36911802684833694
0.35265577119509706,0.6978914202617548,0.36901240996012097
0.35265577119509706,0.6980126030053321,0.36900433418302686
0.35274089206673476,0.6980126030053321,0.36895746440776506
0.35274089206673476,0.6981337857489094,0.36888889519785284
0.3528260129383725,0.6981337857489094,0.36880623717350086
0.3528260129383725,0.6982549684924867,0.3687293852839031
0.35401770514130065,0.6982549684924867,0.36782444981908763
0.35401770514130065,0.6984973339796413,0.36777329770993694
0.35410282601293835,0.6984973339796413,0.36773854091093067
0.35410282601293835,0.6986185167232186,0.36772162990693535
0.3542730677562138,0.6986185167232186,0.3676509573565375
0.3542730677562138,0.6988608822103732,0.36752481730773157
0.35435818862785157,0.6988608822103732,0.367430929218915
0.35435818862785157,0.6991032476975279,0.36717870808442343
0.354528430371127,0.6991032476975279,0.36708553893012386
0.354528430371127,0.6992244304411052,0.3670525894631859
0.3548689138576779,0.6992244304411052,0.3667860969338599
0.3548689138576779,0.6994667959282598,0.3667262513280098
0.35503915560095334,0.6994667959282598,0.36665658191547995
0.35503915560095334,0.6995879786718371,0.36664391465140617
0.3556350017024174,0.6995879786718371,0.36630632088591525
0.3556350017024174,0.6998303441589918,0.3661641225381641
0.3558903643173306,0.6998303441589918,0.36609341431597825
0.3558903643173306,0.7000727096461464,0.36603355136595145
0.35623084780388153,0.7000727096461464,0.3660115766405162
0.35623084780388153,0.7004362578768784,0.36586070498484646
0.35631596867551923,0.7004362578768784,0.36584302657165807
0.35631596867551923,0.7005574406204557,0.3658193148392557
0.3573374191351719,0.7005574406204557,0.3651201281409167
0.3573374191351719,0.7009209888511876,0.3649270992253037
0.35759278175008513,0.7009209888511876,0.3647585189196701
0.35759278175008513,0.7012845370819195,0.36469239236372913
0.3577630234933606,0.7012845370819195,0.3644142763725482
0.3577630234933606,0.7014057198254968,0.3643300199079298
0.3581035069799115,0.7014057198254968,0.3641729823413307
0.3581035069799115,0.7015269025690741,0.36407148937101497
0.35835886959482466,0.7015269025690741,0.3637748851212759
0.35835886959482466,0.7016480853126514,0.3636921140134966
0.3586142322097378,0.7016480853126514,0.36354406713672394
0.3586142322097378,0.701890450799806,0.36349543604606316
0.35869935308137557,0.701890450799806,0.36346266863175625
0.35869935308137557,0.7020116335433835,0.36342594502530906
0.35938032005447734,0.7020116335433835,0.3630531974617733
0.35938032005447734,0.7021328162869608,0.36296551257333665
0.3594654409261151,0.7021328162869608,0.3629306135616829
0.3594654409261151,0.7022539990305381,0.36289351811259885
0.359805924412666,0.7022539990305381,0.36259111810739697
0.359805924412666,0.7024963645176927,0.3623011669811704
0.3598910452843037,0.7024963645176927,0.3622525439351965
0.3598910452843037,0.7027387300048473,0.36210755781779563
0.36006128702757917,0.7027387300048473,0.3619293343776829
0.36006128702757917,0.7035870092098885,0.3615139171193097
0.3603166496424923,0.7035870092098885,0.36140001996228177
0.3603166496424923,0.7037081919534658,0.3613902977531143
0.3604868913857678,0.7037081919534658,0.3612627680407809
0.3604868913857678,0.7038293746970431,0.3612560651947701
0.3608273748723187,0.7038293746970431,0.36102109212142575
0.3608273748723187,0.7039505574406204,0.36100085936545023
0.3609124957439564,0.7039505574406204,0.3609662493811521
0.3609124957439564,0.7043141056713524,0.36086883596326025
0.3612529792305073,0.7043141056713524,0.3607628178606993
0.3612529792305073,0.7044352884149298,0.3607512544054282
0.36133810010214507,0.7044352884149298,0.36065668751270435
0.36133810010214507,0.7046776539020844,0.36050709091882266
0.3616785835886959,0.7046776539020844,0.36042130997732347
0.3616785835886959,0.7050412021328163,0.3601922829815022
0.3621041879468846,0.7050412021328163,0.35991672086854704
0.3621041879468846,0.7052835676199709,0.35975104795491425
0.36227442969016005,0.7052835676199709,0.35973516715550957
0.36227442969016005,0.7055259331071255,0.35972678842386346
0.3625297923050732,0.7055259331071255,0.35966126784277547
0.3625297923050732,0.7056471158507028,0.35960369016713223
0.3626149131767109,0.7056471158507028,0.3595989318484899
0.3626149131767109,0.7057682985942801,0.3595548548597091
0.3629553966632618,0.7057682985942801,0.3594435761647067
0.3629553966632618,0.7058894813378574,0.35941908476302975
0.3631256384065373,0.7058894813378574,0.35929735230027227
0.3631256384065373,0.7061318468250121,0.35929069215020043
0.3634661218930882,0.7061318468250121,0.35927037927222316
0.3634661218930882,0.7062530295685895,0.35919701687843697
0.36372148450800135,0.7062530295685895,0.35914552432456
0.36372148450800135,0.7063742123121668,0.35905981759893485
0.3638917262512768,0.7063742123121668,0.35891351814017447
0.3638917262512768,0.7064953950557441,0.358886721593135
0.36397684712291456,0.7064953950557441,0.3588580501353959
0.36397684712291456,0.7067377605428987,0.3588098095737462
0.3642322097378277,0.7067377605428987,0.35850730912765266
0.3642322097378277,0.7069801260300533,0.35842165331379633
0.3644875723527409,0.7069801260300533,0.35824707985551535
0.3644875723527409,0.707222491517208,0.35799980544955295
0.3651685393258427,0.707222491517208,0.3575188587409725
0.3651685393258427,0.7075860397479399,0.35733655294218675
0.36533878106911816,0.7075860397479399,0.35717176755113494
0.36533878106911816,0.7078284052350945,0.35705618557691843
0.3655941436840313,0.7078284052350945,0.3569247499679249
0.3655941436840313,0.7081919534658264,0.35681331320505527
0.3659346271705822,0.7081919534658264,0.3566320906999241
0.3659346271705822,0.7083131362094037,0.3565414407305714
0.36636023152877084,0.7083131362094037,0.35623237412616604
0.36636023152877084,0.7084343189529811,0.3561931299318528
0.3664453524004086,0.7084343189529811,0.35617736254323334
0.3664453524004086,0.7086766844401358,0.35608456311372594
0.3669560776302349,0.7086766844401358,0.35569080577425904
0.3669560776302349,0.7090402326708677,0.3554195332372544
0.36704119850187267,0.7090402326708677,0.35533815029845056
0.36704119850187267,0.709161415414445,0.35524893840295513
0.3672965611167858,0.709161415414445,0.3550614464568947
0.3672965611167858,0.7094037809015996,0.3549983446160123
0.36797752808988765,0.7094037809015996,0.35455243293382943
0.36797752808988765,0.7095249636451769,0.3545070318828558
0.36806264896152535,0.7095249636451769,0.354438408081917
0.36806264896152535,0.7098885118759088,0.3543598520227288
0.36831801157643856,0.7098885118759088,0.3542865830426697
0.36831801157643856,0.7100096946194862,0.35428584683569164
0.36840313244807626,0.7100096946194862,0.35426655001993024
0.36840313244807626,0.7101308773630635,0.3542318271813195
0.3685733741913517,0.7101308773630635,0.3542040361404676
0.3685733741913517,0.7104944255937955,0.35405891528551137
0.3686584950629894,0.7104944255937955,0.35402000065077793
0.3686584950629894,0.7107367910809501,0.3539293632441977
0.3687436159346272,0.7107367910809501,0.3539283460965321
0.3687436159346272,0.7108579738245274,0.35390855353984363
0.36891385767790263,0.7108579738245274,0.35381506414333963
0.36891385767790263,0.711100339311682,0.3537694414561603
0.3690840994211781,0.711100339311682,0.35370571675550194
0.3690840994211781,0.7112215220552593,0.3536831172114151
0.3691692202928158,0.7112215220552593,0.35344987434684827
0.3691692202928158,0.7113427047988367,0.35334701820829306
0.36933946203609125,0.7113427047988367,0.3531481707174637
0.36933946203609125,0.7118274357731459,0.3529784164537263
0.36942458290772895,0.7118274357731459,0.3528228196848926
0.36942458290772895,0.7119486185167232,0.3527762874609899
0.36967994552264216,0.7119486185167232,0.3526886146052757
0.36967994552264216,0.7123121667474551,0.3526499676844335
0.3700204290091931,0.7123121667474551,0.35247701233055795
0.3700204290091931,0.7126757149781872,0.3524074284098301
0.37019067075246853,0.7126757149781872,0.352370184583949
0.37019067075246853,0.7129180804653418,0.3522034083940965
0.3705311542390194,0.7129180804653418,0.35198435425707614
0.3705311542390194,0.7130392632089191,0.35193005801795263
0.37070139598229485,0.7130392632089191,0.351757991747367
0.37070139598229485,0.713402811439651,0.35163081016542036
0.3708716377255703,0.713402811439651,0.3515266902118734
0.3708716377255703,0.7135239941832283,0.35151484411469286
0.37095675859720806,0.7135239941832283,0.35151270608515794
0.37095675859720806,0.7138875424139602,0.3512964790240744
0.37104187946884576,0.7138875424139602,0.3512409102928534
0.37104187946884576,0.7140087251575375,0.3512152618866826
0.37138236295539667,0.7140087251575375,0.35090277801422354
0.37138236295539667,0.7142510906446922,0.35061667700890103
0.3714674838270344,0.7142510906446922,0.3504778399620987
0.3714674838270344,0.7143722733882695,0.35040436832833
0.37155260469867213,0.7143722733882695,0.3503173545957964
0.37155260469867213,0.7144934561318468,0.35017000291519373
0.37197820905686074,0.7144934561318468,0.34986128261096294
0.37197820905686074,0.7146146388754241,0.3498175209713728
0.37206332992849844,0.7146146388754241,0.3497640539307135
0.37206332992849844,0.7149781871061561,0.34970956076839554
0.3721484508001362,0.7149781871061561,0.3496019788145134
0.3721484508001362,0.7152205525933107,0.3495172725452845
0.3722335716717739,0.7152205525933107,0.3495136035319751
0.3722335716717739,0.71570528356762,0.34949157773866396
0.37231869254341166,0.71570528356762,0.34946710897473054
0.37231869254341166,0.7159476490547746,0.34939019332892446
0.37265917602996257,0.7159476490547746,0.349239536689909
0.37265917602996257,0.7161900145419292,0.34914115284121966
0.3729996595165134,0.7161900145419292,0.34895049934161987
0.3729996595165134,0.7163111972855065,0.3489129610761329
0.3734252638747021,0.7163111972855065,0.34859513663951636
0.3734252638747021,0.7165535627726611,0.34854533822008316
0.3739359891045284,0.7165535627726611,0.34799219950275423
0.3739359891045284,0.7166747455162384,0.34797292672682645
0.3744467143343548,0.7166747455162384,0.34765929534152956
0.3744467143343548,0.7169171110033932,0.34744113343141836
0.37470207694926794,0.7169171110033932,0.3472541384368676
0.37470207694926794,0.7171594764905478,0.34714629085708193
0.37495743956418115,0.7171594764905478,0.34711935169684865
0.37495743956418115,0.7172806592341251,0.3470665944531099
0.3751276813074566,0.7172806592341251,0.34697886733555133
0.3751276813074566,0.7177653902084343,0.3468674005633453
0.37538304392236976,0.7177653902084343,0.3463069866242422
0.37538304392236976,0.7178865729520116,0.3462855645069488
0.37546816479400746,0.7178865729520116,0.3462511996608971
0.37546816479400746,0.7181289384391663,0.3459225695035773
0.3756384065372829,0.7181289384391663,0.3457986302716233
0.3756384065372829,0.7182501211827436,0.345775194527693
0.37589376915219613,0.7182501211827436,0.34559955474404375
0.37589376915219613,0.7183713039263209,0.3455935269964577
0.3760640108954716,0.7183713039263209,0.34541267855572216
0.3760640108954716,0.7184924866698982,0.34538955806934274
0.37631937351038475,0.7184924866698982,0.34520286521869836
0.37631937351038475,0.7187348521570528,0.34506342749259195
0.37640449438202245,0.7187348521570528,0.3450594368472525
0.37640449438202245,0.7189772176442074,0.3449426428833877
0.3765747361252979,0.7189772176442074,0.34492710753208417
0.3765747361252979,0.7190984003877848,0.34480484475434403
0.37665985699693566,0.7190984003877848,0.3447646221095608
0.37665985699693566,0.7192195831313621,0.34475796547779647
0.37674497786857336,0.7192195831313621,0.3447190477405708
0.37674497786857336,0.7194619486185168,0.34456611738963877
0.3770003404834866,0.7194619486185168,0.3443837387455619
0.3770003404834866,0.7195831313620941,0.34426290404148324
0.3770854613551243,0.7195831313620941,0.34423446433695826
0.3770854613551243,0.7197043141056714,0.34419702285054626
0.37759618658495064,0.7197043141056714,0.3437533142135614
0.37759618658495064,0.7204314105671352,0.343609222317187
0.3778515491998638,0.7204314105671352,0.34351666660985736
0.3778515491998638,0.7205525933107125,0.34350633084837456
0.37793667007150156,0.7205525933107125,0.3434693800674452
0.37793667007150156,0.7207949587978671,0.3433961748308303
0.3781920326864147,0.7207949587978671,0.34331201780395026
0.3781920326864147,0.7209161415414445,0.343296536931215
0.3785325161729656,0.7209161415414445,0.3430193062302438
0.3785325161729656,0.7211585070285992,0.34295873260228804
0.37861763704460333,0.7211585070285992,0.3429495291911079
0.37861763704460333,0.7212796897721765,0.3428971132967218
0.3787027579162411,0.7212796897721765,0.34288230452474083
0.3787027579162411,0.7214008725157538,0.34282960378185956
0.3787878787878788,0.7214008725157538,0.34278966675295286
0.3787878787878788,0.7217644207464857,0.34267469979419957
0.3795539666326183,0.7217644207464857,0.341844695250512
0.3795539666326183,0.721885603490063,0.3417948050164921
0.37963908750425607,0.721885603490063,0.34178878294603215
0.37963908750425607,0.7220067862336403,0.3417809360717477
0.38032005447735784,0.7220067862336403,0.3413649810590185
0.38032005447735784,0.7221279689772176,0.3413432666768032
0.3804051753489956,0.7221279689772176,0.34134299823365966
0.3804051753489956,0.722249151720795,0.3413413726184174
0.38066053796390875,0.722249151720795,0.34125403197052506
0.38066053796390875,0.7223703344643723,0.34125212392743753
0.38074565883554645,0.7223703344643723,0.34123674810783416
0.38074565883554645,0.7224915172079496,0.3412001492356259
0.3808307797071842,0.7224915172079496,0.34119190919946957
0.3808307797071842,0.7226126999515269,0.34115102312231993
0.3809159005788219,0.7226126999515269,0.3411218225640541
0.3809159005788219,0.7228550654386815,0.34102197429548686
0.38100102145045966,0.7228550654386815,0.3409658483679049
0.38100102145045966,0.7229762481822588,0.34090711221051817
0.3814266258086483,0.7229762481822588,0.3407593326861788
0.3814266258086483,0.7230974309258361,0.34075404488946703
0.3818522301668369,0.7230974309258361,0.340503949508797
0.3818522301668369,0.7232186136694134,0.34039205875227596
0.38193735103847465,0.7232186136694134,0.34037504292791104
0.38193735103847465,0.7233397964129908,0.3403712998417683
0.38202247191011235,0.7233397964129908,0.3403606386362498
0.38202247191011235,0.7234609791565682,0.34035869574076116
0.3821927136533878,0.7234609791565682,0.3402850685257588
0.3821927136533878,0.7239457101308774,0.3399956131260215
0.38227783452502556,0.7239457101308774,0.33987261604896263
0.38227783452502556,0.724188075618032,0.33983214646727505
0.3825331971399387,0.724188075618032,0.33972008140847965
0.3825331971399387,0.7247939893359185,0.3394986724438885
0.3826183180115764,0.7247939893359185,0.33937992430084674
0.3826183180115764,0.7249151720794959,0.33929482485925794
0.38287368062648963,0.7249151720794959,0.33919006995813106
0.38287368062648963,0.7250363548230732,0.3391899472078418
0.3831290432414028,0.7250363548230732,0.3391013861984601
0.3831290432414028,0.7252787203102278,0.33907461035213976
0.38329928498467825,0.7252787203102278,0.33905224362993647
0.38329928498467825,0.7253999030538051,0.3390400552187479
0.38338440585631595,0.7253999030538051,0.3390108494708464
0.38338440585631595,0.7255210857973825,0.3389974606965126
0.3834695267279537,0.7255210857973825,0.3389329657526029
0.3834695267279537,0.7260058167716917,0.3387830900703337
0.3835546475995914,0.7260058167716917,0.3387372178917993
0.3835546475995914,0.726126999515269,0.3387139225483743
0.38363976847122916,0.726126999515269,0.3386755656392084
0.38363976847122916,0.7262481822588464,0.3386649209691631
0.38372488934286686,0.7262481822588464,0.33864763963287375
0.38372488934286686,0.7267329132331556,0.3384088954193146
0.3841504937010555,0.7267329132331556,0.3382758310514995
0.3841504937010555,0.7268540959767329,0.3382587347005524
0.38423561457269323,0.7268540959767329,0.33820989616569286
0.38423561457269323,0.7269752787203102,0.33819632818970563
0.3844909771876064,0.7269752787203102,0.33787000150977775
0.3844909771876064,0.7278235579253515,0.3374302963806383
0.38457609805924414,0.7278235579253515,0.3372714709616241
0.38457609805924414,0.7280659234125061,0.3372097370390599
0.38466121893088184,0.7280659234125061,0.33720647546819643
0.38466121893088184,0.7285506543868153,0.33701854004839316
0.3847463398025196,0.7285506543868153,0.33688404621331774
0.3847463398025196,0.7286718371303926,0.3367946244084219
0.38491658154579506,0.7286718371303926,0.3365747092907178
0.38491658154579506,0.7290353853611246,0.3365088445709586
0.38500170241743276,0.7290353853611246,0.33649494758195486
0.38500170241743276,0.7291565681047019,0.33646629835191155
0.38508682328907046,0.7291565681047019,0.33645255353752435
0.38508682328907046,0.7292777508482792,0.3364484188114354
0.3851719441607082,0.7292777508482792,0.33642842180183596
0.3851719441607082,0.7298836645661658,0.3359357054841632
0.38534218590398367,0.7298836645661658,0.3359180674232406
0.38534218590398367,0.7300048473097431,0.33588078012463635
0.3855124276472591,0.7300048473097431,0.3358077291943418
0.3855124276472591,0.7302472127968977,0.3357496129515525
0.3856826693905346,0.7302472127968977,0.3354082447804314
0.3856826693905346,0.7304895782840524,0.3351663930357248
0.3861082737487232,0.7304895782840524,0.3350021822508128
0.3861082737487232,0.7308531265147843,0.3348515746569148
0.3861933946203609,0.7308531265147843,0.33480337986307646
0.3861933946203609,0.7309743092583616,0.3347586909272139
0.38636363636363635,0.7309743092583616,0.3346968392886189
0.38636363636363635,0.7312166747455162,0.3345690831559451
0.3864487572352741,0.7312166747455162,0.33452955799741835
0.3864487572352741,0.7314590402326708,0.33445267474981966
0.3865338781069118,0.7314590402326708,0.3344333277362037
0.3865338781069118,0.7315802229762481,0.334365750453186
0.38661899897854957,0.7315802229762481,0.3343054071159607
0.38661899897854957,0.7318225884634028,0.33403574032040345
0.38670411985018727,0.7318225884634028,0.3339514845613203
0.38670411985018727,0.7319437712069802,0.3338976115325433
0.3874702076949268,0.7319437712069802,0.3331382981050583
0.3874702076949268,0.7321861366941348,0.3331257665809444
0.38764044943820225,0.7321861366941348,0.3330036598769487
0.38764044943820225,0.7323073194377121,0.3330023034451642
0.38772557030983995,0.7323073194377121,0.33290028403625993
0.38772557030983995,0.7324285021812894,0.3328220803262581
0.3878106911814777,0.7324285021812894,0.3328102139218573
0.3878106911814777,0.733034415899176,0.332450721537779
0.3878958120531154,0.733034415899176,0.3324271672586767
0.3878958120531154,0.7332767813863306,0.33224836502924
0.3881511746680286,0.7332767813863306,0.3321244255573357
0.3881511746680286,0.7335191468734852,0.3319562758508731
0.3883214164113041,0.7335191468734852,0.3318302547080806
0.3883214164113041,0.7337615123606398,0.33157226128774697
0.3884916581545795,0.7337615123606398,0.3315357501757492
0.3884916581545795,0.7338826951042171,0.33143070505452615
0.38857677902621723,0.7338826951042171,0.33141976095393666
0.38857677902621723,0.7341250605913718,0.3314089725708138
0.38866189989785493,0.7341250605913718,0.3313404552036076
0.38866189989785493,0.7342462433349491,0.3313138473455851
0.3888321416411304,0.7342462433349491,0.3312587383586348
0.3888321416411304,0.7343674260785265,0.3312372181266803
0.38925774599931906,0.7343674260785265,0.33095524470626697
0.38925774599931906,0.7347309743092584,0.3307784395300581
0.38934286687095676,0.7347309743092584,0.33073302792161835
0.38934286687095676,0.734973339796413,0.3306550957728061
0.3896833503575077,0.734973339796413,0.33052494193787524
0.3896833503575077,0.7350945225399903,0.3304374907724409
0.38985359210078313,0.7350945225399903,0.3304095613065266
0.38985359210078313,0.7353368880271449,0.3302928864040392
0.38993871297242083,0.7353368880271449,0.3302500562880814
0.38993871297242083,0.7354580707707222,0.33020990284237034
0.3900238338440586,0.7354580707707222,0.3301460646277161
0.3900238338440586,0.7355792535142995,0.3300364787211001
0.390194075587334,0.7355792535142995,0.3298982201710546
0.390194075587334,0.7357004362578768,0.329558116358789
0.3908750425604358,0.7357004362578768,0.32906662129559083
0.3908750425604358,0.7358216190014542,0.32900863156942145
0.39096016343207357,0.7358216190014542,0.3289872761796346
0.39096016343207357,0.7359428017450315,0.328914906904705
0.39113040517534897,0.7359428017450315,0.32854017833543353
0.39113040517534897,0.7361851672321862,0.3281982216979967
0.3918113721484508,0.7361851672321862,0.3276220961095902
0.3918113721484508,0.7364275327193408,0.3274960246675169
0.39206673476336396,0.7364275327193408,0.3272819785145885
0.39206673476336396,0.7365487154629181,0.3272254740160149
0.3921518556350017,0.7365487154629181,0.3272112455970773
0.3921518556350017,0.7367910809500727,0.3270792781116732
0.3922369765066394,0.7367910809500727,0.3270586774795039
0.3922369765066394,0.7371546291808047,0.32671453211478213
0.39232209737827717,0.7371546291808047,0.32666537776081905
0.39232209737827717,0.7376393601551139,0.32623643265127106
0.39240721824991487,0.7376393601551139,0.32613746898239643
0.39240721824991487,0.7382452738730004,0.3258003906427385
0.3924923391215526,0.7382452738730004,0.3257438998837383
0.3924923391215526,0.7383664566165778,0.32561444729008443
0.3927477017364658,0.7383664566165778,0.3255359545148032
0.3927477017364658,0.7384876393601552,0.3254608430282998
0.3930881852230167,0.7384876393601552,0.325027523706236
0.3930881852230167,0.7386088221037325,0.32491094450365604
0.3931733060946544,0.7386088221037325,0.324855549275702
0.3931733060946544,0.7388511875908871,0.32473323165859397
0.39334354783792985,0.7388511875908871,0.3246548502472087
0.39334354783792985,0.7389723703344644,0.3245322328165943
0.3934286687095676,0.7389723703344644,0.32443830388356315
0.3934286687095676,0.7393359185651963,0.3241937682580454
0.3938542730677562,0.7393359185651963,0.32376764419587184
0.3938542730677562,0.7394571013087736,0.32376016611196595
0.3940245148110317,0.7394571013087736,0.32362006547737543
0.3940245148110317,0.7395782840523509,0.3235142576038397
0.3941096356826694,0.7395782840523509,0.32350104621456666
0.3941096356826694,0.7396994667959282,0.32347296186989216
0.39419475655430714,0.7396994667959282,0.3234670135421747
0.39419475655430714,0.7399418322830829,0.32344487271860484
0.39470548178413345,0.7399418322830829,0.3230847041864678
0.39470548178413345,0.7403053805138148,0.3229666239882305
0.39496084439904666,0.7403053805138148,0.3228845072097126
0.39496084439904666,0.7405477460009695,0.3227566185289792
0.395471569628873,0.7405477460009695,0.3221874556089221
0.395471569628873,0.7407901114881241,0.32216263425396174
0.39555669050051073,0.7407901114881241,0.3220996452863174
0.39555669050051073,0.7409112942317014,0.32208119920521716
0.39564181137214843,0.7409112942317014,0.3220604912904147
0.39564181137214843,0.741153659718856,0.3219774380748128
0.3962376574736125,0.741153659718856,0.32145429893470956
0.3962376574736125,0.7412748424624334,0.32128716672314184
0.3965781409601634,0.7412748424624334,0.32088198922558514
0.3965781409601634,0.7413960252060107,0.3206995438657059
0.3970888661899898,0.7413960252060107,0.32028388298046967
0.3970888661899898,0.741517207949588,0.32025199636334845
0.39725910793326524,0.741517207949588,0.3201891550862227
0.39725910793326524,0.7416383906931653,0.320157920022579
0.39768471229145386,0.7416383906931653,0.32008697144778614
0.39768471229145386,0.7417595734367426,0.32008593393212026
0.3977698331630916,0.7417595734367426,0.32006375688826993
0.3977698331630916,0.7418807561803199,0.31996796026859126
0.3978549540347293,0.7418807561803199,0.31979821606449177
0.3978549540347293,0.7420019389238972,0.319772291205837
0.39802519577800477,0.7420019389238972,0.31970544249203325
0.39802519577800477,0.7422443044110518,0.319630874959392
0.3981954375212802,0.7422443044110518,0.31946203359032266
0.3981954375212802,0.7423654871546291,0.3194531173396169
0.3982805583929179,0.7423654871546291,0.31944848946464455
0.3982805583929179,0.7424866698982064,0.31941932064256484
0.3984508001361934,0.7424866698982064,0.3193867732039298
0.3984508001361934,0.7428502181289385,0.31929112149240896
0.3987912836227443,0.7428502181289385,0.3191616233449945
0.3987912836227443,0.7433349491032477,0.3189270006846545
0.398876404494382,0.7433349491032477,0.3189258730001886
0.398876404494382,0.743456131846825,0.3188998102827865
0.3991317671092952,0.743456131846825,0.3187309618919312
0.3991317671092952,0.7436984973339796,0.31834260646827606
0.39930200885257067,0.7436984973339796,0.31828126462020756
0.39930200885257067,0.7443044110518662,0.3181734123358368
0.39938712972420837,0.7443044110518662,0.31817077776216535
0.39938712972420837,0.7445467765390208,0.31813282769322454
0.3995573714674838,0.7445467765390208,0.3180485633661746
0.3995573714674838,0.7446679592825982,0.31798078810392916
0.3997276132107593,0.7446679592825982,0.31794372056283793
0.3997276132107593,0.7447891420261755,0.31790717260306683
0.39998297582567244,0.7447891420261755,0.3178376455984907
0.39998297582567244,0.7449103247697528,0.3176627400874164
0.4001532175689479,0.7449103247697528,0.31754206440166166
0.4001532175689479,0.7451526902569074,0.31749118674602056
0.4004085801838611,0.7451526902569074,0.3173424487383448
0.4004085801838611,0.7453950557440621,0.3172473429017332
0.4005788219271365,0.7453950557440621,0.317234299670634
0.4005788219271365,0.7455162384876394,0.31722967914068434
0.40066394279877426,0.7455162384876394,0.3171440527738734
0.40066394279877426,0.7456374212312167,0.3171430259918665
0.4010044262853252,0.7456374212312167,0.3169274500589564
0.4010044262853252,0.745758603974794,0.3169040887685934
0.40117466802860063,0.745758603974794,0.31676691420584024
0.40117466802860063,0.7460009694619486,0.3166595685800504
0.4014300306435138,0.7460009694619486,0.3165739927407756
0.4014300306435138,0.7462433349491032,0.3164841428281384
0.40160027238678925,0.7462433349491032,0.31636862289734263
0.40160027238678925,0.7463645176926805,0.31633258442934087
0.40194075587334016,0.7463645176926805,0.3161342925113503
0.40194075587334016,0.7467280659234125,0.31584622155447545
0.4023663602315288,0.7467280659234125,0.3156524312974891
0.4023663602315288,0.7469704314105672,0.3155861410327948
0.40262172284644193,0.7469704314105672,0.31553295865570974
0.40262172284644193,0.7470916141541445,0.31551865997092743
0.40296220633299284,0.7470916141541445,0.3152275386974169
0.40296220633299284,0.7473339796412991,0.3151619740105005
0.4031324480762683,0.7473339796412991,0.31504895163045754
0.4031324480762683,0.7474551623848764,0.3150297768768395
0.403217568947906,0.7474551623848764,0.3149451356908296
0.403217568947906,0.7475763451284537,0.3148881425253086
0.40330268981954376,0.7475763451284537,0.3148709328308015
0.40330268981954376,0.7479398933591856,0.31461941021953915
0.4034729315628192,0.7479398933591856,0.31455076964411627
0.4034729315628192,0.7481822588463403,0.3145075071061999
0.40364317330609467,0.7481822588463403,0.31441630107866847
0.40364317330609467,0.7483034415899176,0.3142704613003348
0.40389853592100783,0.7483034415899176,0.314025617838316
0.40389853592100783,0.7484246243334949,0.31400069977668466
0.40398365679264553,0.7484246243334949,0.3139800422215717
0.40398365679264553,0.7486669898206495,0.31388432402039784
0.4040687776642833,0.7486669898206495,0.31388246194253283
0.4040687776642833,0.7491517207949588,0.31372403017045686
0.404153898535921,0.7491517207949588,0.3137173488207414
0.404153898535921,0.7493940862821135,0.3136878051996053
0.40457950289410965,0.7493940862821135,0.31335370167438853
0.40457950289410965,0.7496364517692681,0.3131596508165039
0.40466462376574736,0.7496364517692681,0.3131123305130873
0.40466462376574736,0.7497576345128454,0.31297003500931836
0.4047497446373851,0.7497576345128454,0.31290550970055786
0.4047497446373851,0.75,0.3128795912815711
0.4048348655090228,0.75,0.3128317784550792
0.4048348655090228,0.7501211827435773,0.3128012039129509
0.4049199863806605,0.7501211827435773,0.31272328918175335
0.4049199863806605,0.7502423654871546,0.31268692786334573
0.40500510725229827,0.7502423654871546,0.31263440918431434
0.40500510725229827,0.7503635482307319,0.31262936395545093
0.40509022812393597,0.7503635482307319,0.3124175428986024
0.40509022812393597,0.7504847309743092,0.3123766726395056
0.4051753489955737,0.7504847309743092,0.31234573768174223
0.4051753489955737,0.7507270964614638,0.3121708148527144
0.4052604698672114,0.7507270964614638,0.31207140068530165
0.4052604698672114,0.7510906446921959,0.31195842465181717
0.40560095335376234,0.7510906446921959,0.3118067942231437
0.40560095335376234,0.7512118274357732,0.311766971987711
0.4057711950970378,0.7512118274357732,0.3116384381220745
0.4057711950970378,0.7514541929229278,0.3114559113860287
0.4058563159686755,0.7514541929229278,0.31143758260343274
0.4058563159686755,0.7515753756665051,0.3114368585975563
0.4064521620701396,0.7515753756665051,0.3112388724302761
0.4064521620701396,0.7518177411536597,0.3108756016702495
0.4067075246850528,0.7518177411536597,0.3108382772997739
0.4067075246850528,0.7520601066408144,0.3108177734661909
0.4071331290432414,0.7520601066408144,0.3103170521634045
0.4071331290432414,0.752302472127969,0.3101363179365115
0.40721824991487915,0.752302472127969,0.3101087597755858
0.40721824991487915,0.7524236548715463,0.3100726693049299
0.40730337078651685,0.7524236548715463,0.3097946006245567
0.40730337078651685,0.7526660203587009,0.3096853902470136
0.40772897514470546,0.7526660203587009,0.3095722810377149
0.40772897514470546,0.7527872031022782,0.3095258692664608
0.4079843377596187,0.7527872031022782,0.3093153722892289
0.4079843377596187,0.7529083858458555,0.3092740183196986
0.4080694586312564,0.7529083858458555,0.3092428658420786
0.4080694586312564,0.7531507513330101,0.3092057883231326
0.40832482124616953,0.7531507513330101,0.3091560846633052
0.40832482124616953,0.7532719340765875,0.3089295207585061
0.40858018386108275,0.7532719340765875,0.30889584887791316
0.40858018386108275,0.7536354823073195,0.3086799151848502
0.4087504256043582,0.7536354823073195,0.3086321593587011
0.4087504256043582,0.7537566650508968,0.3085664750073955
0.4092611508341845,0.7537566650508968,0.3082722979661394
0.4092611508341845,0.7539990305380514,0.30813720811714673
0.4093462717058223,0.7539990305380514,0.30807215559832635
0.4093462717058223,0.7546049442559379,0.30791341824775237
0.40951651344909773,0.7546049442559379,0.30779221729251677
0.40951651344909773,0.7547261269995152,0.30767239249135403
0.4096867551923732,0.7547261269995152,0.3075835786675919
0.4096867551923732,0.7548473097430926,0.307496000826497
0.4097718760640109,0.7548473097430926,0.3074697077007599
0.4097718760640109,0.7549684924866699,0.3074435742119826
0.40994211780728634,0.7549684924866699,0.30736747979169593
0.40994211780728634,0.7550896752302472,0.3073446098567189
0.4100272386789241,0.7550896752302472,0.30732415868783175
0.4100272386789241,0.7552108579738245,0.3072396059450678
0.41036772216547496,0.7552108579738245,0.3071572004625222
0.41036772216547496,0.7556955889481338,0.30696033327616346
0.41070820565202587,0.7556955889481338,0.306774364854104
0.41070820565202587,0.7559379544352884,0.3066849054347446
0.4107933265236636,0.7559379544352884,0.3065073205211585
0.4107933265236636,0.7561803199224431,0.30647424564188414
0.410963568266939,0.7561803199224431,0.3063868214427842
0.410963568266939,0.7564226854095977,0.306135484462048
0.4110486891385768,0.7564226854095977,0.3061173603357774
0.4110486891385768,0.756543868153175,0.3060768234097733
0.41130405175348994,0.756543868153175,0.30584781667764027
0.41130405175348994,0.7567862336403296,0.3056963081481396
0.4113891726251277,0.7567862336403296,0.305682028765219
0.4113891726251277,0.7570285991274842,0.3056504389271711
0.41155941436840315,0.7570285991274842,0.30540283257104944
0.41155941436840315,0.7571497818710615,0.30537839909462816
0.4117296561116786,0.7571497818710615,0.30520500413789564
0.4117296561116786,0.7572709646146388,0.30511043318807746
0.4121552604698672,0.7572709646146388,0.304686001507412
0.4121552604698672,0.7573921473582161,0.3046534142692931
0.41249574395641814,0.7573921473582161,0.30422169779605646
0.41249574395641814,0.7576345128453709,0.3041197808650947
0.41266598569969354,0.7576345128453709,0.3040988067257373
0.41266598569969354,0.7581192438196801,0.30388230146913014
0.4127511065713313,0.7581192438196801,0.30384187244822003
0.4127511065713313,0.7582404265632574,0.30379968166049715
0.41292134831460675,0.7582404265632574,0.3036712425648558
0.41292134831460675,0.7583616093068347,0.30355103978209763
0.41300646918624445,0.7583616093068347,0.30351463917259347
0.41300646918624445,0.758482792050412,0.30350601577320574
0.4130915900578822,0.758482792050412,0.3032849031480282
0.4130915900578822,0.7586039747939893,0.30328188140874884
0.4136023152877085,0.7586039747939893,0.30303154023336254
0.4136023152877085,0.7589675230247213,0.30301112080626524
0.41394279877425944,0.7589675230247213,0.30272444134533216
0.41394279877425944,0.7590887057682986,0.30253908875779006
0.4140279196458972,0.7590887057682986,0.3024974129044571
0.4140279196458972,0.7594522539990305,0.3021443962982961
0.41428328226081035,0.7594522539990305,0.3020671829056061
0.41428328226081035,0.7595734367426078,0.3018918677061344
0.4144535240040858,0.7595734367426078,0.30172479034755817
0.4144535240040858,0.7596946194861852,0.30172325206038947
0.4147940074906367,0.7596946194861852,0.3015443607974973
0.4147940074906367,0.7598158022297625,0.3014986602496363
0.4154749744637385,0.7598158022297625,0.3008690307537903
0.4154749744637385,0.7599369849733398,0.30083225303118766
0.4158154579502894,0.7599369849733398,0.3006553533307109
0.4158154579502894,0.7600581677169171,0.3005597572686896
0.41590057882192716,0.7600581677169171,0.30050927374151415
0.41590057882192716,0.7601793504604945,0.30045582819276595
0.416241062308478,0.7601793504604945,0.3001182114461874
0.416241062308478,0.7604217159476491,0.29998744305453107
0.41632618318011577,0.7604217159476491,0.299981333784953
0.41632618318011577,0.7606640814348037,0.2998358106880408
0.4166666666666667,0.7606640814348037,0.29958997099565565
0.4166666666666667,0.760785264178381,0.29953139459517575
0.4167517875383044,0.760785264178381,0.29947407444006213
0.4167517875383044,0.7610276296655356,0.29938158077777466
0.41683690840994214,0.7610276296655356,0.29935582721603343
0.41683690840994214,0.7613911778962675,0.2990237151815571
0.4179434797412325,0.7613911778962675,0.2985631741427239
0.4179434797412325,0.7616335433834222,0.2985013900335066
0.418113721484508,0.7616335433834222,0.2982436038109131
0.418113721484508,0.7617547261269996,0.29821322502970593
0.41819884235614574,0.7617547261269996,0.29810257021840325
0.41819884235614574,0.7618759088705769,0.29807608782713735
0.4183690840994212,0.7618759088705769,0.29800890186014156
0.4183690840994212,0.7619970916141542,0.2979013964042037
0.4184542049710589,0.7619970916141542,0.2978874766421265
0.4184542049710589,0.7621182743577315,0.297871165423742
0.41853932584269665,0.7621182743577315,0.2977691939679033
0.41853932584269665,0.7623606398448861,0.2975752052843108
0.41870956758597205,0.7623606398448861,0.2974400666306831
0.41870956758597205,0.7624818225884634,0.2974351667250772
0.41896493020088527,0.7624818225884634,0.2972217759006234
0.41896493020088527,0.7626030053320407,0.2971399117124696
0.41956077630234934,0.7626030053320407,0.2969201814873335
0.41956077630234934,0.762724188075618,0.29689367189547583
0.41964589717398704,0.762724188075618,0.296842714394259
0.41964589717398704,0.7628453708191953,0.2968103841817364
0.4197310180456248,0.7628453708191953,0.2968100594016563
0.4197310180456248,0.7629665535627727,0.2968070124333438
0.4198161389172625,0.7629665535627727,0.2967944816994457
0.4198161389172625,0.7634512845370819,0.2965326258419936
0.41990125978890025,0.7634512845370819,0.29652007182057233
0.41990125978890025,0.7636936500242365,0.29646913996952295
0.4201566224038134,0.7636936500242365,0.29631061003101644
0.4201566224038134,0.7639360155113912,0.29607854295449626
0.42032686414708886,0.7639360155113912,0.29593477123727263
0.42032686414708886,0.7640571982549685,0.29578602185726255
0.4204971058903643,0.7640571982549685,0.29574159470495204
0.4204971058903643,0.7642995637421232,0.29572051631748614
0.4207524685052775,0.7642995637421232,0.2955229362418317
0.4207524685052775,0.7645419292292778,0.29534025368857025
0.4210078311201907,0.7645419292292778,0.29516650936360933
0.4210078311201907,0.7646631119728551,0.2951449868321318
0.42117807286346615,0.7646631119728551,0.2950748051408979
0.42117807286346615,0.7647842947164324,0.295062535830156
0.4214334354783793,0.7647842947164324,0.29469461616284953
0.4214334354783793,0.7649054774600097,0.294666878881853
0.421518556350017,0.7649054774600097,0.29462709094828643
0.421518556350017,0.765026660203587,0.29461251682227985
0.42160367722165476,0.765026660203587,0.2945977749502605
0.42160367722165476,0.7655113911778962,0.29445621332603156
0.4217739189649302,0.7655113911778962,0.29440129197983267
0.4217739189649302,0.7658749394086282,0.2941804016906686
0.4218590398365679,0.7658749394086282,0.2940918382579605
0.4218590398365679,0.7659961221522055,0.2940753947087684
0.42211440245148113,0.7659961221522055,0.2939602850716532
0.42211440245148113,0.7661173048957829,0.2937954771699413
0.42228464419475653,0.7661173048957829,0.29363170875416367
0.42228464419475653,0.7662384876393602,0.2935501256436129
0.422454885938032,0.7662384876393602,0.29330025445363933
0.422454885938032,0.7663596703829375,0.29320144797585485
0.42254000680966974,0.7663596703829375,0.2931686358791832
0.42254000680966974,0.7666020358700921,0.2931412212743526
0.42262512768130744,0.7666020358700921,0.2931362717297222
0.42262512768130744,0.7667232186136694,0.2931168475013986
0.4227953694245829,0.7667232186136694,0.2929489128129039
0.4227953694245829,0.766965584100824,0.29290574469130537
0.42305073203949606,0.766965584100824,0.29266149646264317
0.42305073203949606,0.7670867668444014,0.2926368187183216
0.4232209737827715,0.7670867668444014,0.2925595228875592
0.4232209737827715,0.7672079495879787,0.2925514960379756
0.42330609465440927,0.7672079495879787,0.2925003353664313
0.42330609465440927,0.767329132331556,0.2924887685026535
0.42356145726932243,0.767329132331556,0.2923189164532483
0.42356145726932243,0.7676926805622879,0.2921932796255789
0.4236465781409602,0.7676926805622879,0.29217582383482416
0.4236465781409602,0.7678138633058652,0.29217253260988435
0.4250936329588015,0.7678138633058652,0.2914082983314149
0.4250936329588015,0.7680562287930198,0.29138508892403475
0.42551923731699015,0.7680562287930198,0.2910918085999324
0.42551923731699015,0.7681774115365972,0.2910553318967914
0.42602996254681647,0.7681774115365972,0.2904574701698774
0.42602996254681647,0.7689045079980611,0.2901173913495934
0.42662580864828054,0.7689045079980611,0.2896784378542813
0.42662580864828054,0.7690256907416384,0.28967184143227426
0.426796050391556,0.7690256907416384,0.28953118979913933
0.426796050391556,0.7691468734852157,0.2894562179781851
0.42688117126319375,0.7691468734852157,0.2894562072417038
0.42688117126319375,0.769268056228793,0.2894359206006579
0.42696629213483145,0.769268056228793,0.2894051863755168
0.42696629213483145,0.7693892389723703,0.28938305430624617
0.42730677562138236,0.7693892389723703,0.28914504233820515
0.42730677562138236,0.7697527872031023,0.28912908925504494
0.42739189649302006,0.7697527872031023,0.2891273714299072
0.42739189649302006,0.7698739699466796,0.28912543617528047
0.42815798433775965,0.7698739699466796,0.28846099544625814
0.42815798433775965,0.7699951526902569,0.2883733221972443
0.42858358869594826,0.7699951526902569,0.28803597333170816
0.42858358869594826,0.7701163354338342,0.287979214159166
0.4287538304392237,0.7701163354338342,0.28787428219785854
0.4287538304392237,0.7704798836645662,0.2877615259651182
0.42892407218249917,0.7704798836645662,0.28753622793035527
0.42892407218249917,0.7706010664081435,0.2874582193852302
0.4290943139257746,0.7706010664081435,0.2874043477118054
0.4290943139257746,0.7707222491517208,0.28739844441253504
0.42917943479741233,0.7707222491517208,0.2873539737582541
0.42917943479741233,0.7708434318952981,0.2872122070989383
0.4293496765406878,0.7708434318952981,0.28684935677373585
0.4293496765406878,0.7709646146388754,0.28678663935612786
0.42960503915560094,0.7709646146388754,0.28654476995459865
0.42960503915560094,0.7710857973824528,0.286508762817699
0.42986040177051416,0.7710857973824528,0.28627110358224295
0.42986040177051416,0.7712069801260301,0.28617186221521695
0.4301157643854273,0.7712069801260301,0.28604038223534184
0.4301157643854273,0.7713281628696074,0.28598128545791807
0.430200885257065,0.7713281628696074,0.2859002863876774
0.430200885257065,0.7719340765874939,0.28558735425197146
0.4304562478719782,0.7719340765874939,0.28547238025864713
0.4304562478719782,0.7720552593310712,0.2854330652282658
0.4306264896152537,0.7720552593310712,0.2851903003970354
0.4306264896152537,0.7721764420746485,0.2851539772302829
0.4310520939734423,0.7721764420746485,0.28491211517096066
0.4310520939734423,0.7722976248182258,0.2848577687598153
0.4314776983316309,0.7722976248182258,0.2845675742046333
0.4314776983316309,0.7726611730489579,0.2843786230817954
0.4319033026898195,0.7726611730489579,0.2842390069346016
0.4319033026898195,0.7729035385361125,0.28385470928183
0.432073544433095,0.7729035385361125,0.283846422192631
0.432073544433095,0.7730247212796898,0.28384532629187476
0.43215866530473274,0.7730247212796898,0.2837683992246079
0.43215866530473274,0.7731459040232671,0.2837332290056852
0.43258426966292135,0.7731459040232671,0.283499739471656
0.43258426966292135,0.7736306349975763,0.283318458954306
0.4327545114061968,0.7736306349975763,0.28321600258695917
0.4327545114061968,0.7737518177411536,0.2830638581252386
0.43300987402110996,0.7737518177411536,0.2829983554248207
0.43300987402110996,0.7741153659718856,0.28284857549340475
0.4330949948927477,0.7741153659718856,0.2828385439214193
0.4330949948927477,0.7742365487154629,0.2827658522713814
0.4334354783792986,0.7742365487154629,0.28251767457567306
0.4334354783792986,0.7743577314590402,0.2824578578548704
0.43420156622403816,0.7743577314590402,0.2820729411583724
0.43420156622403816,0.7744789142026175,0.28205307956160136
0.4346271705822268,0.7744789142026175,0.2818933564597421
0.4346271705822268,0.7748424624333495,0.28169700703065087
0.4351378958120531,0.7748424624333495,0.2814517938244515
0.4351378958120531,0.7749636451769268,0.281382210822636
0.435478379298604,0.7749636451769268,0.28132693002251796
0.435478379298604,0.7752060106640815,0.2812432403623047
0.43556350017024176,0.7752060106640815,0.28119699703060935
0.43556350017024176,0.7753271934076588,0.28118197069066425
0.4357337419135172,0.7753271934076588,0.28102273429915786
0.4357337419135172,0.7755695588948134,0.2809826100077631
0.4358188627851549,0.7755695588948134,0.2809070829544253
0.4358188627851549,0.7756907416383907,0.2809037627885322
0.43598910452843037,0.7756907416383907,0.2807578751231726
0.43598910452843037,0.775811924381968,0.28070017623651994
0.43615934627170583,0.775811924381968,0.28067074530461644
0.43615934627170583,0.7759331071255453,0.2805930280152271
0.43658495062989444,0.7759331071255453,0.2804583074604637
0.43658495062989444,0.7761754726126999,0.2804351311736225
0.4370956758597208,0.7761754726126999,0.2800315235119955
0.4370956758597208,0.7762966553562772,0.27998570128777006
0.43726591760299627,0.7762966553562772,0.2799758712810575
0.43726591760299627,0.7764178380998545,0.27996783360554023
0.4374361593462717,0.7764178380998545,0.2798915416311327
0.4374361593462717,0.7765390208434318,0.2797695703182549
0.4381171263193735,0.7765390208434318,0.27897183060565406
0.4381171263193735,0.7766602035870092,0.27887105978024473
0.4384576098059244,0.7766602035870092,0.2788088374428745
0.4384576098059244,0.7769025690741639,0.2786754221293378
0.43854273067756216,0.7769025690741639,0.27867533448263865
0.43854273067756216,0.7771449345613185,0.27851306286531385
0.4394790602655771,0.7771449345613185,0.2778324703236391
0.4394790602655771,0.7772661173048958,0.2777396222417154
0.43964930200885255,0.7772661173048958,0.27768261415245016
0.43964930200885255,0.7773873000484731,0.27766691602629195
0.4404153898535921,0.7773873000484731,0.2772211050391063
0.4404153898535921,0.7775084827920504,0.2771933246353535
0.44135171944160706,0.7775084827920504,0.2764915881082908
0.44135171944160706,0.7776296655356277,0.2764593133450936
0.4414368403132448,0.7776296655356277,0.2763952588536278
0.4414368403132448,0.7778720310227824,0.2761960365483296
0.441692202928158,0.7778720310227824,0.27606310193128275
0.441692202928158,0.7779932137663597,0.2760262330188491
0.4420326864147089,0.7779932137663597,0.27583347460472457
0.4420326864147089,0.778114396509937,0.275821744231226
0.4421178072863466,0.778114396509937,0.27577450021752703
0.4421178072863466,0.7782355792535143,0.2757002317616715
0.44228804902962204,0.7782355792535143,0.27559869589068803
0.44228804902962204,0.7783567619970916,0.27549170308110943
0.4427987742594484,0.7783567619970916,0.2751360378004375
0.4427987742594484,0.7790838584585555,0.2745852715427108
0.44288389513108617,0.7790838584585555,0.274542803421912
0.44288389513108617,0.7792050412021329,0.27453840519048717
0.44347974123255024,0.7792050412021329,0.27405938933733004
0.44347974123255024,0.7793262239457102,0.2739512212567968
0.44356486210418794,0.7793262239457102,0.27394019858488367
0.44356486210418794,0.7794474066892875,0.2739025345792071
0.4436499829758257,0.7794474066892875,0.27390173886475994
0.4436499829758257,0.7795685894328648,0.2738925662958772
0.4438202247191011,0.7795685894328648,0.2738145532872782
0.4438202247191011,0.7796897721764421,0.27380913670859364
0.44399046646237655,0.7796897721764421,0.2736261842184749
0.44399046646237655,0.7801745031507513,0.273504715160226
0.4440755873340143,0.7801745031507513,0.2734586647500148
0.4440755873340143,0.7805380513814832,0.2733517943993304
0.444160708205652,0.7805380513814832,0.27334332530910144
0.444160708205652,0.7807804168686379,0.273316117976892
0.44433094994892747,0.7807804168686379,0.2733026385500278
0.44433094994892747,0.7809015996122152,0.2733015753225276
0.4444160708205652,0.7809015996122152,0.27323766904902647
0.4444160708205652,0.7812651478429472,0.2729211383272389
0.4445011916922029,0.7812651478429472,0.272918475349635
0.4445011916922029,0.7813863305865245,0.27285591934254033
0.4446714334354784,0.7813863305865245,0.27269560101896007
0.4446714334354784,0.7815075133301018,0.27259353886238424
0.4447565543071161,0.7815075133301018,0.2725897278328562
0.4447565543071161,0.782355792535143,0.27226642772031884
0.44484167517875384,0.782355792535143,0.2722469579409352
0.44484167517875384,0.7827193407658749,0.2721400398818445
0.44492679605039154,0.7827193407658749,0.271902795615575
0.44492679605039154,0.7829617062530295,0.2718401680238464
0.44518215866530475,0.7829617062530295,0.2717013109313391
0.44518215866530475,0.7830828889966068,0.2716500278997079
0.4453524004085802,0.7830828889966068,0.27155781147589203
0.4453524004085802,0.7832040717401842,0.2714970193676109
0.44569288389513106,0.7832040717401842,0.27129004862010414
0.44569288389513106,0.7833252544837616,0.27129003874012864
0.4457780047667688,0.7833252544837616,0.2712694554849614
0.4457780047667688,0.7834464372273389,0.271263312888757
0.4464589717398706,0.7834464372273389,0.2710905252253992
0.4464589717398706,0.7835676199709162,0.27108976614121844
0.4467994552264215,0.7835676199709162,0.2708076280656283
0.4467994552264215,0.7836888027144935,0.2707342827527176
0.4477357848144365,0.7836888027144935,0.27022612683898983
0.4477357848144365,0.7840523509452254,0.270026074073808
0.44782090568607424,0.7840523509452254,0.2700027446543877
0.44782090568607424,0.7841735336888027,0.26996929778955087
0.44790602655771194,0.7841735336888027,0.2698776867865244
0.44790602655771194,0.7844158991759573,0.26982424442985525
0.4481613891726251,0.7844158991759573,0.2695515743398642
0.4481613891726251,0.7847794474066893,0.26948008661016776
0.448501872659176,0.7847794474066893,0.26936989216523594
0.448501872659176,0.7850218128938439,0.2693563869246544
0.44858699353081377,0.7850218128938439,0.2693034090851951
0.44858699353081377,0.7851429956374212,0.26929742963894265
0.44867211440245147,0.7851429956374212,0.26924886097256695
0.44867211440245147,0.7852641783809986,0.26913650019150936
0.44884235614572693,0.7852641783809986,0.269120297738546
0.44884235614572693,0.7853853611245759,0.26905968352201043
0.4489274770173647,0.7853853611245759,0.26899945919195367
0.4489274770173647,0.7855065438681532,0.2689796935321041
0.44918283963227784,0.7855065438681532,0.26881140003345677
0.44918283963227784,0.7856277266117305,0.26878017603436477
0.44926796050391554,0.7856277266117305,0.26870771821284845
0.44926796050391554,0.7858700920988851,0.26870126486953183
0.44952332311882875,0.7858700920988851,0.2686374345187139
0.44952332311882875,0.7861124575860398,0.2685700941680172
0.44960844399046646,0.7861124575860398,0.26856188557379207
0.44960844399046646,0.7862336403296171,0.26842476751184197
0.4496935648621042,0.7862336403296171,0.26841833439610224
0.4496935648621042,0.7864760058167717,0.2683556467631488
0.44994892747701737,0.7864760058167717,0.2682577080431197
0.44994892747701737,0.786597188560349,0.2680565022683415
0.4501191692202928,0.786597188560349,0.2679844392671134
0.4501191692202928,0.7867183713039263,0.26798034267834436
0.4502894109635683,0.7867183713039263,0.2678688314154717
0.4502894109635683,0.7868395540475036,0.26780065859858077
0.4506298944501192,0.7868395540475036,0.2676357699046138
0.4506298944501192,0.7869607367910809,0.26763373118017386
0.4510554988083078,0.7869607367910809,0.2674953007028614
0.4510554988083078,0.7870819195346582,0.2674803423653351
0.45122574055158327,0.7870819195346582,0.267441325542698
0.45122574055158327,0.7872031022782355,0.2673905378055586
0.4513959822948587,0.7872031022782355,0.26732091514927747
0.4513959822948587,0.7873242850218128,0.2672200189792591
0.4516513449097719,0.7873242850218128,0.2671602327715065
0.4516513449097719,0.7874454677653903,0.2670573766136452
0.4517364657814096,0.7874454677653903,0.2670327251518549
0.4517364657814096,0.7875666505089676,0.26700108580299664
0.45190670752468504,0.7875666505089676,0.26697189697018264
0.45190670752468504,0.7876878332525449,0.266921901886255
0.4519918283963228,0.7876878332525449,0.26686662255172006
0.4519918283963228,0.7878090159961222,0.26685969038026547
0.45224719101123595,0.7878090159961222,0.2668014290636303
0.45224719101123595,0.7879301987396995,0.2667636608420998
0.4524174327545114,0.7879301987396995,0.26669111055010786
0.4524174327545114,0.7880513814832768,0.2666558807797809
0.45258767449778686,0.7880513814832768,0.26654122113144274
0.45258767449778686,0.7881725642268541,0.2665052522592348
0.45267279536942456,0.7881725642268541,0.26637251233045456
0.45267279536942456,0.7882937469704314,0.26633066583652426
0.4528430371127,0.7882937469704314,0.2662662539091659
0.4528430371127,0.7884149297140087,0.2662294144924793
0.45352400408580185,0.7884149297140087,0.2658509477019705
0.45352400408580185,0.7886572952011633,0.26566414719608406
0.45360912495743955,0.7886572952011633,0.2656581124224244
0.45360912495743955,0.7887784779447407,0.2656491471991349
0.4536942458290773,0.7887784779447407,0.2656441001160324
0.4536942458290773,0.7890208434318953,0.26557045860098205
0.45394960844399046,0.7890208434318953,0.2655343889289325
0.45394960844399046,0.7891420261754726,0.26550632804955404
0.4542049710589036,0.7891420261754726,0.2652308885759607
0.4542049710589036,0.7893843916626272,0.26507215691475355
0.4542900919305414,0.7893843916626272,0.26501141545255813
0.4542900919305414,0.7895055744062045,0.2650030415422421
0.45454545454545453,0.7895055744062045,0.2649051350709174
0.45454545454545453,0.7901114881240912,0.26479392917541444
0.4546305754170923,0.7901114881240912,0.26477660778741763
0.4546305754170923,0.7902326708676685,0.26474533521411564
0.45471569628873,0.7902326708676685,0.2647385626097849
0.45471569628873,0.7903538536112458,0.26473198472442344
0.4551413006469186,0.7903538536112458,0.26446142859580174
0.4551413006469186,0.790838584585555,0.2642001218947429
0.4553966632618318,0.790838584585555,0.26416983013889894
0.4553966632618318,0.7909597673291323,0.2641269812558137
0.4558222676200204,0.7909597673291323,0.26382966072736214
0.4558222676200204,0.7912021328162869,0.26381423306284746
0.4559073884916581,0.7912021328162869,0.263776633071324
0.4559073884916581,0.7918080465341736,0.2636308828335187
0.4559925093632959,0.7918080465341736,0.2636020635816506
0.4559925093632959,0.7919292292777509,0.26355759853698923
0.45624787197820904,0.7919292292777509,0.26318595840646797
0.45624787197820904,0.7920504120213282,0.26313357396642806
0.45658835546475995,0.7920504120213282,0.2630509768793178
0.45658835546475995,0.7921715947649055,0.26289792410519
0.4566734763363977,0.7921715947649055,0.262726251757303
0.4566734763363977,0.7924139602520601,0.2625708220171623
0.45692883895131087,0.7924139602520601,0.2624729795470773
0.45692883895131087,0.7926563257392147,0.2624349840240979
0.4570990806945863,0.7926563257392147,0.26229285168160854
0.4570990806945863,0.792777508482792,0.2622366865684174
0.4576949267960504,0.792777508482792,0.2619206126866641
0.4576949267960504,0.7928986912263694,0.261912517077869
0.45795028941096355,0.7928986912263694,0.2617527936403167
0.45795028941096355,0.793141056713524,0.2616261801743205
0.458120531154239,0.793141056713524,0.26148718420620737
0.458120531154239,0.7932622394571013,0.2614656683457521
0.45820565202587676,0.7932622394571013,0.2614617634643877
0.45820565202587676,0.7933834222006786,0.26137475825469497
0.45829077289751446,0.7933834222006786,0.2613145966423415
0.45829077289751446,0.7936257876878332,0.26129806903462743
0.4583758937691522,0.7936257876878332,0.2612747219532664
0.4583758937691522,0.7937469704314105,0.26124805180685057
0.45888661899897853,0.7937469704314105,0.2608626407755432
0.45888661899897853,0.7938681531749879,0.26074792525155016
0.4589717398706163,0.7938681531749879,0.26060307161865964
0.4589717398706163,0.7939893359185652,0.260565476252143
0.4593122233571672,0.7939893359185652,0.2603771052775509
0.4593122233571672,0.7942317014057199,0.26024227116392623
0.4594824651004426,0.7942317014057199,0.26006987637615964
0.4594824651004426,0.7943528841492972,0.2600580571552041
0.4599080694586313,0.7943528841492972,0.25979536805820114
0.4599080694586313,0.7944740668928745,0.2597931767272295
0.459993190330269,0.7944740668928745,0.25973194869818383
0.459993190330269,0.7947164323800291,0.2596920600476572
0.46007831120190673,0.7947164323800291,0.25964041773578256
0.46007831120190673,0.7948376151236064,0.25963126491791255
0.46016343207354443,0.7948376151236064,0.2595922639930097
0.46016343207354443,0.795079980610761,0.2595137076417914
0.4606741573033708,0.795079980610761,0.25910328207957656
0.4606741573033708,0.7952011633543383,0.25901946968354767
0.4613551242764726,0.7952011633543383,0.2586373837779757
0.4613551242764726,0.7954435288414929,0.2585780706269903
0.4616104868913858,0.7954435288414929,0.25848391477467897
0.4616104868913858,0.7955647115850702,0.25843488629639977
0.462461695607763,0.7955647115850702,0.2581660506210862
0.462461695607763,0.7956858943286476,0.25808525631371165
0.4628872999659516,0.7956858943286476,0.25767844212356955
0.4628872999659516,0.7960494425593796,0.25762218712989704
0.4629724208375894,0.7960494425593796,0.2576042227997274
0.46314266258086484,0.7960494425593796,0.2576023467768834
0.46314266258086484,0.7961706253029569,0.25759864264999033
0.46322778345250254,0.7961706253029569,0.25747534073147293
0.46322778345250254,0.7962918080465342,0.2574451276830223
0.4633129043241403,0.7962918080465342,0.2573804927654879
0.4633129043241403,0.7964129907901115,0.2573735686592378
0.4638236295539666,0.7964129907901115,0.25694245510284514
0.4638236295539666,0.7966553562772661,0.2566429744030259
0.4640789921688798,0.7966553562772661,0.2564112822878863
0.4640789921688798,0.7967765390208434,0.25611484621898806
0.4642492339121553,0.7967765390208434,0.25600751293088114
0.4642492339121553,0.7968977217644208,0.2559925007562128
0.46450459652706844,0.7968977217644208,0.2557686476231444
0.46450459652706844,0.7971400872515754,0.2556817354797925
0.4646748382703439,0.7971400872515754,0.2555257149128968
0.4646748382703439,0.79738245273873,0.2552842674247021
0.4650153217568948,0.79738245273873,0.25491914441799196
0.4650153217568948,0.7975036354823073,0.2548733450139989
0.4653558052434457,0.7975036354823073,0.2546382253777753
0.4653558052434457,0.7976248182258846,0.2545477137598662
0.4654409261150834,0.7976248182258846,0.25453828599066064
0.4654409261150834,0.7979883664566165,0.25429048738498966
0.46586653047327203,0.7979883664566165,0.25412676442058835
0.46586653047327203,0.798109549200194,0.25405376053842005
0.4660367722165475,0.798109549200194,0.25394892829083116
0.4660367722165475,0.7982307319437713,0.2537964330349361
0.46629213483146065,0.7982307319437713,0.25370843868572646
0.46629213483146065,0.7983519146873486,0.253667449802653
0.466802860061287,0.7983519146873486,0.2533994031399536
0.466802860061287,0.7984730974309259,0.25333679717272267
0.4668879809329248,0.7984730974309259,0.2533333564614538
0.4668879809329248,0.7988366456616578,0.2532078771829744
0.4669731018045625,0.7988366456616578,0.2531344726877952
0.4669731018045625,0.7989578284052351,0.2530301389538169
0.46714334354783793,0.7989578284052351,0.25267316433085996
0.46714334354783793,0.7992001938923897,0.25248966079926677
0.4673135852911134,0.7992001938923897,0.2523432606668384
0.4673135852911134,0.799321376635967,0.2523219405716851
0.4673987061627511,0.799321376635967,0.25216272416714713
0.4673987061627511,0.7994425593795443,0.25214271562092366
0.46748382703438884,0.7994425593795443,0.2521424092186902
0.46748382703438884,0.7995637421231216,0.25207040468329883
0.4676540687776643,0.7995637421231216,0.2520493706236484
0.4676540687776643,0.799684924866699,0.2520205000987433
0.4681647940074906,0.799684924866699,0.2516967091251999
0.4681647940074906,0.7998061076102763,0.25163078792765986
0.46833503575076607,0.7998061076102763,0.2515667521309175
0.46833503575076607,0.8000484730974309,0.25148406990885075
0.4684201566224038,0.8000484730974309,0.2514047560484425
0.4684201566224038,0.8001696558410082,0.2513981296065994
0.4685903983656793,0.8001696558410082,0.2513182059285188
0.4685903983656793,0.8005332040717402,0.25102846285027036
0.46876064010895474,0.8005332040717402,0.2508849520123998
0.46876064010895474,0.8007755695588948,0.2508586702342133
0.46884576098059244,0.8007755695588948,0.2508261488516436
0.46884576098059244,0.8010179350460495,0.2507668886431122
0.4690160027238679,0.8010179350460495,0.25069398462964565
0.4690160027238679,0.8011391177896268,0.2505053119351918
0.4691011235955056,0.8011391177896268,0.2504750801578233
0.4691011235955056,0.8012603005332041,0.2504738203227605
0.46927136533878105,0.8012603005332041,0.2504642128423616
0.46927136533878105,0.8013814832767814,0.2503689076171659
0.4698672114402451,0.8013814832767814,0.25003332297296016
0.4698672114402451,0.8015026660203587,0.2499674483887058
0.47063329928498465,0.8015026660203587,0.24936358291735158
0.47063329928498465,0.801623848763936,0.24931438198200573
0.4707184201566224,0.801623848763936,0.24919030978911444
0.4707184201566224,0.8017450315075133,0.2491730835100781
0.471144024514811,0.8017450315075133,0.24885958511508371
0.471144024514811,0.8018662142510906,0.24875178369671264
0.47139938712972423,0.8018662142510906,0.24866389669132383
0.47139938712972423,0.8019873969946679,0.24858740159514323
0.4716547497446374,0.8019873969946679,0.24846745642258022
0.4716547497446374,0.8021085797382452,0.2484501197745275
0.47182499148791285,0.8021085797382452,0.24839667840800483
0.47182499148791285,0.8022297624818225,0.24838236229861205
0.47191011235955055,0.8022297624818225,0.24835157117178952
0.47191011235955055,0.8024721279689773,0.24823801311089772
0.4719952332311883,0.8024721279689773,0.248127132654066
0.4719952332311883,0.8027144934561319,0.2480447241838097
0.47225059584610146,0.8027144934561319,0.24799878625538163
0.47225059584610146,0.8031992244304411,0.24791556286493088
0.4725059584610146,0.8031992244304411,0.24786097341355529
0.4725059584610146,0.8033204071740184,0.2478586821271637
0.4725910793326524,0.8033204071740184,0.24779060952497803
0.4725910793326524,0.8034415899175957,0.2477792997357277
0.47310180456247874,0.8034415899175957,0.24737044732805863
0.47310180456247874,0.8038051381483277,0.24719514246894156
0.47327204630575415,0.8038051381483277,0.24714835305153607
0.47327204630575415,0.8040475036354823,0.24712378596126883
0.4733571671773919,0.8040475036354823,0.24709475108406867
0.4733571671773919,0.8044110518662142,0.24691495426534213
0.4734422880490296,0.8044110518662142,0.24686375542605474
0.4734422880490296,0.8045322346097916,0.24676639186647864
0.47352740892066736,0.8045322346097916,0.2467603376936789
0.47352740892066736,0.8046534173533689,0.2467454172168915
0.47361252979230506,0.8046534173533689,0.24659245837624813
0.47361252979230506,0.8047746000969462,0.246582121113116
0.47386789240721827,0.8047746000969462,0.24650459395864333
0.47386789240721827,0.8050169655841009,0.24643475451930794
0.473953013278856,0.8050169655841009,0.24639066941513013
0.473953013278856,0.8052593310712555,0.24632521134004634
0.47480422199523326,0.8052593310712555,0.2456684778647062
0.47480422199523326,0.8055016965584101,0.2455750577937909
0.47522982635342187,0.8055016965584101,0.24541152249714393
0.47522982635342187,0.805865244789142,0.24517975091899175
0.4754000680966973,0.805865244789142,0.2449480431705947
0.4754000680966973,0.8063499757634512,0.24467677450303485
0.475485188968335,0.8063499757634512,0.24465281907779501
0.475485188968335,0.8065923412506059,0.24459764207883997
0.4756554307116105,0.8065923412506059,0.24458788051986932
0.4756554307116105,0.8067135239941833,0.244486896618966
0.47591079332652364,0.8067135239941833,0.2444250497214786
0.47591079332652364,0.8068347067377606,0.24436421813615425
0.47616615594143685,0.8068347067377606,0.244198722800179
0.47616615594143685,0.8069558894813379,0.24414126180951828
0.47625127681307455,0.8069558894813379,0.24410371763985986
0.47625127681307455,0.8070770722249152,0.24404689747305702
0.4767620020429009,0.8070770722249152,0.2435493260946332
0.4767620020429009,0.8071982549684925,0.24350192071472568
0.477357848144365,0.8071982549684925,0.24299089748096145
0.477357848144365,0.8075618031992244,0.2428524686643747
0.4776983316309159,0.8075618031992244,0.2426303982500337
0.4776983316309159,0.8076829859428017,0.24250807646015207
0.47786857337419136,0.8076829859428017,0.24237058298088623
0.47786857337419136,0.807804168686379,0.24231374122110058
0.4780388151174668,0.807804168686379,0.24224406267489873
0.4780388151174668,0.8085312651478429,0.24214026036137712
0.4781239359891045,0.8085312651478429,0.24209348652600818
0.4781239359891045,0.8087736306349976,0.24199896198270854
0.4783792986040177,0.8087736306349976,0.24192730111898844
0.4783792986040177,0.8088948133785749,0.2418961228444554
0.47854954034729313,0.8088948133785749,0.24175507087939938
0.47854954034729313,0.8090159961221522,0.24173201047228726
0.4787197820905686,0.8090159961221522,0.24151837363715684
0.4787197820905686,0.8093795443528842,0.24146250292898758
0.4790602655771195,0.8093795443528842,0.24133258833729515
0.4790602655771195,0.8095007270964615,0.241326419000194
0.47931562819203266,0.8095007270964615,0.24120354692860368
0.47931562819203266,0.8096219098400388,0.24120206238157202
0.4794858699353081,0.8096219098400388,0.24103665494010434
0.4794858699353081,0.8097430925836161,0.2410302906182229
0.4795709908069459,0.8097430925836161,0.24099515716591316
0.4795709908069459,0.8098642753271934,0.24090651015186706
0.4799965951651345,0.8098642753271934,0.2405375178326802
0.4799965951651345,0.8099854580707707,0.2405323883855557
0.48008171603677224,0.8099854580707707,0.24051968160071202
0.48008171603677224,0.810106640814348,0.2405124463712509
0.48084780388151177,0.810106640814348,0.24018277774192548
0.48084780388151177,0.8102278235579253,0.24013862910207848
0.48101804562478717,0.8102278235579253,0.23992000625887372
0.48101804562478717,0.8105913717886573,0.2398264594267721
0.4812734082397004,0.8105913717886573,0.23979015067658366
0.4812734082397004,0.8107125545322346,0.2397620552488553
0.48186925434116445,0.8107125545322346,0.23942984622620564
0.48186925434116445,0.8108337372758119,0.23923733275792225
0.48195437521280216,0.8108337372758119,0.23921443739918785
0.48195437521280216,0.8109549200193893,0.23911872298384057
0.4821246169560776,0.8109549200193893,0.23891305943403207
0.4821246169560776,0.8110761027629666,0.2387644135176577
0.4823799795709908,0.8110761027629666,0.2386716967400533
0.4823799795709908,0.8113184682501212,0.23851416888588625
0.4825502213142663,0.8113184682501212,0.23835804250853485
0.4825502213142663,0.8114396509936985,0.23830130706928096
0.4827204630575417,0.8114396509936985,0.23818446230400692
0.4827204630575417,0.8115608337372758,0.2381485871761768
0.4829758256724549,0.8115608337372758,0.23783372618240542
0.4829758256724549,0.8116820164808531,0.23776866843607003
0.48314606741573035,0.8116820164808531,0.23773857355877068
0.48314606741573035,0.8118031992244304,0.23768501924674437
0.4833163091590058,0.8118031992244304,0.23761646762020255
0.4833163091590058,0.8119243819680078,0.23727954768959456
0.4834014300306435,0.8119243819680078,0.23727028555319907
0.4834014300306435,0.8120455647115851,0.23723694037472431
0.4839121552604699,0.8120455647115851,0.23676764896294294
0.4839121552604699,0.8121667474551624,0.23669768816010606
0.48408239700374533,0.8121667474551624,0.23637563938951803
0.48408239700374533,0.8122879301987397,0.2363395119373849
0.48416751787538304,0.8122879301987397,0.23625520136054332
0.48416751787538304,0.8125302956858943,0.2361810292248284
0.4847633639768471,0.8125302956858943,0.23575028033525353
0.4847633639768471,0.8126514784294716,0.23573570272139815
0.48493360572012256,0.8126514784294716,0.23567330926110244
0.48493360572012256,0.8132573921473583,0.23521149428782964
0.485103847463398,0.8132573921473583,0.23492971280486988
0.485103847463398,0.8133785748909356,0.23488602336674919
0.4851889683350358,0.8133785748909356,0.23483122680190363
0.4851889683350358,0.8134997576345129,0.23477386505307957
0.48544433094994893,0.8134997576345129,0.2345120526699347
0.48544433094994893,0.8136209403780902,0.23444370212323698
0.4856996935648621,0.8136209403780902,0.23431925392868966
0.4856996935648621,0.8139844886088221,0.2342221745936159
0.4859550561797753,0.8139844886088221,0.23410374326037442
0.4859550561797753,0.8141056713523994,0.2340276296142582
0.486040177051413,0.8141056713523994,0.23399077417653727
0.486040177051413,0.8142268540959767,0.23398071208587565
0.48612529792305076,0.8142268540959767,0.23394322875639156
0.48612529792305076,0.814348036839554,0.23391049237136502
0.48629553966632616,0.814348036839554,0.23377224407192457
0.48629553966632616,0.8144692195831313,0.2337424338131588
0.4864657814096016,0.8144692195831313,0.23368689865256567
0.4864657814096016,0.814711585070286,0.2336766332102329
0.4866360231528771,0.814711585070286,0.23365296940597763
0.4866360231528771,0.8149539505574406,0.23360509161349058
0.48672114402451483,0.8149539505574406,0.23351800523361793
0.48672114402451483,0.8150751333010179,0.23350941979078835
0.48680626489615253,0.8150751333010179,0.23350601150828124
0.48680626489615253,0.8151963160445953,0.23338994577190952
0.4868913857677903,0.8151963160445953,0.23336048793052763
0.4868913857677903,0.8153174987881726,0.23324124857920284
0.486976506639428,0.8153174987881726,0.23323955981011582
0.486976506639428,0.8154386815317499,0.2332127636104512
0.48714674838270344,0.8154386815317499,0.23316612488593438
0.48714674838270344,0.8155598642753272,0.23312854405666147
0.48748723186925436,0.8155598642753272,0.23304605736868678
0.48748723186925436,0.8156810470189045,0.23303609040913947
0.4876574736125298,0.8156810470189045,0.23298122026432366
0.4876574736125298,0.8158022297624818,0.2328557432380369
0.4880830779707184,0.8158022297624818,0.23267034166780437
0.4880830779707184,0.8159234125060592,0.23265048385208734
0.4883384405856316,0.8159234125060592,0.23260384923941063
0.4883384405856316,0.8160445952496365,0.23257621273534915
0.48850868232890704,0.8160445952496365,0.23251114613728882
0.48850868232890704,0.8161657779932138,0.23245737566343025
0.4886789240721825,0.8161657779932138,0.2324156025046872
0.4886789240721825,0.8162869607367911,0.232365850794387
0.48918964930200887,0.8162869607367911,0.2321856970445183
0.48918964930200887,0.8164081434803684,0.23212740375238738
0.48927477017364657,0.8164081434803684,0.2321226658378542
0.48927477017364657,0.8165293262239457,0.23209661786752125
0.4896152536601975,0.8165293262239457,0.23185051922910235
0.4896152536601975,0.816650508967523,0.2317740345919737
0.49021109976166155,0.816650508967523,0.23155458787398034
0.49021109976166155,0.8167716917111003,0.2315538343669695
0.4902962206332993,0.8167716917111003,0.23152810750032068
0.4902962206332993,0.8168928744546776,0.2315118565561109
0.4907218249914879,0.8168928744546776,0.2311845898139889
0.4907218249914879,0.8171352399418322,0.2311346225520782
0.4908069458631256,0.8171352399418322,0.23111047906642776
0.4908069458631256,0.8172564226854095,0.23109959633985358
0.4909771876064011,0.8172564226854095,0.23108181478760628
0.4909771876064011,0.817377605428987,0.23101403224853256
0.49106230847803883,0.817377605428987,0.2309879490379874
0.49106230847803883,0.8174987881725643,0.23092434303278558
0.49114742934967653,0.8174987881725643,0.23078722477362815
0.49114742934967653,0.8176199709161416,0.23074461540915725
0.491317671092952,0.8176199709161416,0.23067761201755063
0.491317671092952,0.8177411536597189,0.23060728123562593
0.4917432754511406,0.8177411536597189,0.2303136461239455
0.4917432754511406,0.8178623364032962,0.23024822632989506
0.49182839632277836,0.8178623364032962,0.2302337604387818
0.49182839632277836,0.8179835191468735,0.23017012959493546
0.49191351719441606,0.8179835191468735,0.23011463768862905
0.49191351719441606,0.8181047018904508,0.23007721124355912
0.4919986380660538,0.8181047018904508,0.23007576551991565
0.4919986380660538,0.8182258846340281,0.23005975005138493
0.4921688798093293,0.8182258846340281,0.22975053731147127
0.4921688798093293,0.8184682501211827,0.22962180739530796
0.492254000680967,0.8184682501211827,0.2294604415178243
0.492254000680967,0.81858943286476,0.229413645674001
0.49242424242424243,0.81858943286476,0.22929203689772146
0.49242424242424243,0.8187106156083374,0.22921972033782373
0.49250936329588013,0.8187106156083374,0.2292146418264197
0.49250936329588013,0.8188317983519147,0.22913725760308717
0.4926796050391556,0.8188317983519147,0.22911842907276866
0.4926796050391556,0.8190741638390693,0.2289821911040979
0.49276472591079334,0.8190741638390693,0.2289283976651221
0.49276472591079334,0.8191953465826466,0.22884565860224784
0.49284984678243104,0.8191953465826466,0.22877422116603804
0.49284984678243104,0.8195588948133786,0.22863097948692757
0.4931052093973442,0.8195588948133786,0.2284733114629319
0.4931052093973442,0.8196800775569559,0.22847304078050357
0.4938712972420838,0.8196800775569559,0.22792870964376974
0.4938712972420838,0.8200436257876879,0.22775264903711676
0.4942969016002724,0.8200436257876879,0.22736808885854798
0.4942969016002724,0.8205283567619971,0.22719225613288369
0.494722505958461,0.8205283567619971,0.22713897330787963
0.494722505958461,0.8207707222491517,0.22705625619725037
0.49489274770173647,0.8207707222491517,0.22695841577316025
0.49489274770173647,0.8211342704798836,0.2268655763003553
0.4959993190330269,0.8211342704798836,0.22596340800767378
0.4959993190330269,0.8212554532234609,0.22595619297707192
0.4960844399046646,0.8212554532234609,0.2259429434591586
0.4960844399046646,0.8214978187106156,0.22589235236777058
0.49616956077630237,0.8214978187106156,0.22583323954903683
0.49616956077630237,0.821619001454193,0.22573278309880349
0.4963398025195778,0.821619001454193,0.22565981956349035
0.4963398025195778,0.8217401841977703,0.2256264828211934
0.4964249233912155,0.8217401841977703,0.22556331046525208
0.4964249233912155,0.8218613669413476,0.22535764237240363
0.4965100442628533,0.8218613669413476,0.22535149736496096
0.4965100442628533,0.8219825496849249,0.22533566675872962
0.4966802860061287,0.8219825496849249,0.225100988556847
0.4966802860061287,0.8221037324285022,0.22508541297040258
0.4969356486210419,0.8221037324285022,0.22494829393514076
0.4969356486210419,0.8222249151720795,0.22490542272652497
0.4970207694926796,0.8222249151720795,0.22488188534557493
0.4970207694926796,0.8223460979156568,0.22472702480324463
0.49719101123595505,0.8223460979156568,0.22464124002504543
0.49719101123595505,0.8224672806592341,0.22459249841173118
0.4974463738508682,0.8224672806592341,0.22441143849280384
0.4974463738508682,0.8225884634028114,0.2243448170190455
0.49753149472250596,0.8225884634028114,0.2243442856169367
0.49753149472250596,0.8227096461463888,0.2242864981992447
0.4978719782090569,0.8227096461463888,0.22416588738351645
0.4978719782090569,0.8228308288899661,0.2241344669192917
0.4982124616956078,0.8228308288899661,0.2235683616372105
0.4982124616956078,0.8230731943771207,0.22350278830394257
0.4982975825672455,0.8230731943771207,0.22345803295062167
0.4982975825672455,0.823194377120698,0.22341863977560525
0.49846782431052095,0.823194377120698,0.22336042209334475
0.49846782431052095,0.8233155598642753,0.22328353153010658
0.49855294518215865,0.8233155598642753,0.22327071761677295
0.49855294518215865,0.8234367426078526,0.22325953547478167
0.49880830779707186,0.8234367426078526,0.22303538108590898
0.49880830779707186,0.8235579253514299,0.22290407384328795
0.499063670411985,0.8235579253514299,0.22279582096237568
0.499063670411985,0.8236791080950072,0.22276708138606968
0.4991487912836227,0.8236791080950072,0.22276277833581243
0.4991487912836227,0.8238002908385846,0.22275345442585437
0.4996595165134491,0.8238002908385846,0.22255958221400007
0.4996595165134491,0.8240426563257393,0.2225388368821473
0.49974463738508684,0.8240426563257393,0.22252884633285455
0.49974463738508684,0.8241638390693166,0.22250802739333547
0.49982975825672454,0.8241638390693166,0.22238131069112135
0.49982975825672454,0.8244062045564712,0.2222029651863051
0.4999148791283623,0.8244062045564712,0.22220153693756808
0.4999148791283623,0.8246485700436258,0.22217782648804715
0.5,0.8246485700436258,0.22215684380030426
0.5,0.8247697527872031,0.22215649766192183
0.5000851208716377,0.8247697527872031,0.22212088492659338
0.5000851208716377,0.8250121182743577,0.22203695678062776
0.5003404834865509,0.8250121182743577,0.22193826775956302
0.5003404834865509,0.825133301017935,0.2218140051725567
0.5005107252298263,0.825133301017935,0.22173148065839401
0.5005107252298263,0.8253756665050896,0.22169035081401078
0.5005958461014641,0.8253756665050896,0.2215668073685736
0.5005958461014641,0.8256180319922443,0.22155926174239796
0.5007660878447395,0.8256180319922443,0.22151323696913197
0.5007660878447395,0.8257392147358216,0.22147199307576648
0.5008512087163772,0.8257392147358216,0.2214148554529374
0.5008512087163772,0.825860397479399,0.22136838188760163
0.5010214504596527,0.825860397479399,0.22126792673598583
0.5010214504596527,0.8261027629665536,0.22111515212149274
0.5012768130745658,0.8261027629665536,0.22092478326533135
0.5012768130745658,0.8262239457101309,0.22090524405601764
0.5014470548178414,0.8262239457101309,0.22082032594970943
0.5014470548178414,0.8264663111972855,0.2207351206608001
0.5017024174327546,0.8264663111972855,0.22058092081049444
0.5017024174327546,0.8267086766844401,0.22053220404950238
0.5023833844058563,0.8267086766844401,0.22001772203188982
0.5023833844058563,0.8268298594280175,0.22000820391368375
0.5029792305073204,0.8268298594280175,0.21962394873590046
0.5029792305073204,0.8269510421715948,0.21959671678340298
0.5031494722505958,0.8269510421715948,0.2195052370131066
0.5031494722505958,0.8270722249151721,0.2194736395655883
0.503404834865509,0.8270722249151721,0.2193050424459089
0.503404834865509,0.8271934076587494,0.21925722101641584
0.5037453183520599,0.8271934076587494,0.21903784068754176
0.5037453183520599,0.8273145904023267,0.2190235021059688
0.5040858018386108,0.8273145904023267,0.21885458164136257
0.5040858018386108,0.827435773145904,0.2188140881811135
0.5041709227102485,0.827435773145904,0.21872340329335932
0.5041709227102485,0.8275569558894813,0.21869741174255744
0.5045965270684372,0.8275569558894813,0.21856209648478117
0.5045965270684372,0.8276781386330586,0.21855354798353535
0.5049370105549881,0.8276781386330586,0.21834998503311295
0.5049370105549881,0.8277993213766359,0.21834361455744358
0.5051072522982636,0.8277993213766359,0.21829646672291017
0.5051072522982636,0.8279205041202132,0.21820505144064123
0.505277494041539,0.8279205041202132,0.2181539374171773
0.505277494041539,0.8280416868637906,0.21788741611622933
0.5053626149131767,0.8280416868637906,0.21788596315561445
0.5053626149131767,0.828162869607368,0.21787457331634427
0.5054477357848144,0.828162869607368,0.2178576728372362
0.5054477357848144,0.8282840523509453,0.21783277771949336
0.5055328566564522,0.8282840523509453,0.21781444276248707
0.5055328566564522,0.8284052350945226,0.217795628599068
0.5056179775280899,0.8284052350945226,0.21779539729593175
0.5056179775280899,0.8285264178380999,0.21773628008643628
0.5057882192713653,0.8285264178380999,0.21769487930034215
0.5057882192713653,0.8288899660688318,0.2176300734085023
0.5059584610146408,0.8288899660688318,0.21743939383530939
0.5059584610146408,0.8291323315559864,0.21736483167835033
0.5062989445011917,0.8291323315559864,0.21722677672259622
0.5062989445011917,0.829374697043141,0.21710877011208093
0.5063840653728294,0.829374697043141,0.21701941432150673
0.5063840653728294,0.8296170625302957,0.21687390676903476
0.5064691862444671,0.8296170625302957,0.21680079821803797
0.5064691862444671,0.8299806107610276,0.21657421898080934
0.5065543071161048,0.8299806107610276,0.21656799698873505
0.5065543071161048,0.8302229762481823,0.2163655169637691
0.5067245488593803,0.8302229762481823,0.21634235043768507
0.5067245488593803,0.8303441589917596,0.21622803309488486
0.506809669731018,0.8303441589917596,0.21618722610120533
0.506809669731018,0.8304653417353369,0.216185283877564
0.5075757575757576,0.8304653417353369,0.21534643273278165
0.5075757575757576,0.8309500727096462,0.21495488108051633
0.5076608784473953,0.8309500727096462,0.21489721427313815
0.5076608784473953,0.8311924381968008,0.21472973993650565
0.5077459993190331,0.8311924381968008,0.2147055613290242
0.5077459993190331,0.8313136209403781,0.21456492367170238
0.5078311201906708,0.8313136209403781,0.21454867450880696
0.5078311201906708,0.8315559864275327,0.2144020061795755
0.5079162410623085,0.8315559864275327,0.2143684211319146
0.5079162410623085,0.83167716917111,0.21434855991375595
0.5087674497786857,0.83167716917111,0.2137802916672325
0.5087674497786857,0.8319195346582646,0.21374860794197398
0.5088525706503234,0.8319195346582646,0.21374857869383562
0.5088525706503234,0.8320407174018419,0.21372243055056145
0.5090228123935989,0.8320407174018419,0.21367649530180546
0.5090228123935989,0.8321619001454192,0.21363272846321466
0.5094484167517875,0.8321619001454192,0.21346938509484367
0.5094484167517875,0.8322830828889967,0.21346025613592914
0.5095335376234252,0.8322830828889967,0.2134173804297039
0.5095335376234252,0.8325254483761513,0.21334469346905952
0.5097889002383384,0.8325254483761513,0.2133085943831676
0.5097889002383384,0.8328889966068832,0.21318461220603482
0.5100442628532517,0.8328889966068832,0.21307496572434098
0.5100442628532517,0.8331313620940378,0.21296743501089643
0.5101293837248894,0.8331313620940378,0.21295814197342366
0.5101293837248894,0.8332525448376151,0.21294140967889377
0.5102145045965271,0.8332525448376151,0.21292434084964848
0.5102145045965271,0.8333737275811924,0.21286433688152132
0.510554988083078,0.8333737275811924,0.21260550967652525
0.510554988083078,0.833616093068347,0.2124048420023711
0.5106401089547157,0.833616093068347,0.21237810669566892
0.5106401089547157,0.8337372758119244,0.21222093923183596
0.5107252298263534,0.8337372758119244,0.2121500015022057
0.5107252298263534,0.8338584585555017,0.21213334403938391
0.5108103506979912,0.8338584585555017,0.2121270822050457
0.5108103506979912,0.833979641299079,0.21211247365550168
0.5109805924412666,0.833979641299079,0.2120972638820801
0.5109805924412666,0.8342220067862336,0.2120415736811973
0.5113210759278175,0.8342220067862336,0.21186243894414222
0.5113210759278175,0.8345855550169656,0.21154633286784755
0.5114913176710929,0.8345855550169656,0.21139384790637597
0.5114913176710929,0.8347067377605429,0.21136337749288897
0.5116615594143684,0.8347067377605429,0.21129777611279077
0.5116615594143684,0.8348279205041202,0.2112942482529145
0.5121722846441947,0.8348279205041202,0.21100470039466113
0.5121722846441947,0.8350702859912749,0.2109467128162639
0.5125127681307456,0.8350702859912749,0.21084594962046319
0.5125127681307456,0.8355550169655841,0.21075211418073264
0.5127681307456589,0.8355550169655841,0.21063714822709625
0.5127681307456589,0.8356761997091614,0.2106228184076338
0.5129383724889343,0.8356761997091614,0.21058823673485821
0.5129383724889343,0.835918565196316,0.21050604114668015
0.5140449438202247,0.835918565196316,0.21003196563826507
0.5140449438202247,0.8360397479398933,0.2100308294240528
0.5142151855635002,0.8360397479398933,0.20994951999645217
0.5142151855635002,0.8361609306834706,0.2098992942082941
0.5143854273067756,0.8361609306834706,0.20986547743840497
0.5143854273067756,0.8364032961706253,0.20982756956214704
0.5144705481784133,0.8364032961706253,0.209802130053755
0.5144705481784133,0.8365244789142026,0.20980182108311532
0.5148961525366019,0.8365244789142026,0.20938276306084386
0.5148961525366019,0.83664566165778,0.20917731795045424
0.5151515151515151,0.83664566165778,0.20893512421964525
0.5151515151515151,0.8367668444013573,0.2086401793819467
0.5152366360231528,0.8367668444013573,0.20859430426792946
0.5152366360231528,0.8368880271449346,0.20855482050494545
0.5153217568947907,0.8368880271449346,0.2085460756178385
0.5153217568947907,0.8370092098885119,0.2084596063468664
0.5155771195097038,0.8370092098885119,0.20803783958429384
0.5155771195097038,0.8372515753756665,0.20802063070742663
0.5160027238678924,0.8372515753756665,0.20768846710155384
0.5160027238678924,0.8377363063499758,0.20754525828166992
0.5162580864828056,0.8377363063499758,0.20741284282911288
0.5162580864828056,0.8378574890935531,0.20740358756674424
0.5164283282260811,0.8378574890935531,0.20711648972557026
0.5164283282260811,0.8379786718371304,0.20708113468429198
0.5165134490977188,0.8379786718371304,0.20703872789027347
0.5165134490977188,0.8383422200678623,0.20694352276251698
0.5165985699693565,0.8383422200678623,0.20684007675477095
0.5165985699693565,0.8385845855550169,0.20675035328224461
0.5166836908409942,0.8385845855550169,0.20668187469679833
0.5166836908409942,0.8388269510421716,0.2066696000562876
0.5167688117126319,0.8388269510421716,0.20661911476636075
0.5167688117126319,0.838948133785749,0.20661482609933907
0.5170241743275451,0.838948133785749,0.20636333659969677
0.5170241743275451,0.8390693165293263,0.20628722653695106
0.517364657814096,0.8390693165293263,0.2061122797640829
0.517364657814096,0.8393116820164809,0.2060445152108833
0.5176200204290092,0.8393116820164809,0.20561452717455808
0.5176200204290092,0.8394328647600582,0.20561238881624438
0.518300987402111,0.8394328647600582,0.20523363920922294
0.518300987402111,0.8395540475036355,0.20514974506379013
0.5186414708886619,0.8395540475036355,0.20502258231718967
0.5186414708886619,0.8397964129907901,0.20497799092485508
0.5188117126319374,0.8397964129907901,0.20483988132565317
0.5188117126319374,0.840159961221522,0.20477688347522793
0.5191521961184883,0.840159961221522,0.2044572963396069
0.5191521961184883,0.8404023267086767,0.20435102304936362
0.5197480422199523,0.8404023267086767,0.20420137803499647
0.5197480422199523,0.840523509452254,0.204198561193055
0.5200034048348655,0.840523509452254,0.20392269269958455
0.5200034048348655,0.8407658749394086,0.2036590340001844
0.5204290091930541,0.8407658749394086,0.20325124988632912
0.5204290091930541,0.8410082404265633,0.20321276495841784
0.5210248552945183,0.8410082404265633,0.20265693715847896
0.5210248552945183,0.8411294231701406,0.20265284507261278
0.5211950970377937,0.8411294231701406,0.20258083718561828
0.5211950970377937,0.8414929714008725,0.20245891611045935
0.5212802179094314,0.8414929714008725,0.2024559942625592
0.5212802179094314,0.8417353368880272,0.20234152575491596
0.5215355805243446,0.8417353368880272,0.20211096867495246
0.5215355805243446,0.8419777023751818,0.20196193178293162
0.5216207013959823,0.8419777023751818,0.2019338160125041
0.5216207013959823,0.8420988851187591,0.20192673143414114
0.52170582226762,0.8420988851187591,0.20190550863721718
0.52170582226762,0.842462433349491,0.20177402262109045
0.5217909431392578,0.842462433349491,0.20176364667156024
0.5217909431392578,0.8425836160930683,0.20176007970206558
0.5220463057541709,0.8425836160930683,0.20164464223281253
0.5220463057541709,0.8427047988366456,0.20160472495355453
0.5223867892407218,0.8427047988366456,0.20147691003925572
0.5223867892407218,0.8428259815802229,0.2014576750194321
0.5225570309839973,0.8428259815802229,0.2013523212644084
0.5225570309839973,0.8430683470673777,0.2012004695165895
0.5228123935989104,0.8430683470673777,0.20104410057415179
0.5228123935989104,0.8433107125545323,0.2009704130738978
0.5228975144705482,0.8433107125545323,0.20096902402104788
0.5228975144705482,0.8434318952981096,0.2009670610287572
0.5229826353421859,0.8434318952981096,0.2008813800515025
0.5229826353421859,0.8435530780416869,0.20087954912329276
0.5231528770854613,0.8435530780416869,0.20073792927178657
0.5231528770854613,0.8437954435288415,0.20063177991530567
0.5233231188287368,0.8437954435288415,0.20048706101368516
0.5233231188287368,0.8440378090159961,0.20025159132339182
0.5235784814436499,0.8440378090159961,0.199895007914136
0.5235784814436499,0.8441589917595734,0.19987041452078289
0.5240040858018387,0.8441589917595734,0.19956574246135678
0.5240040858018387,0.8442801745031507,0.19955858160851767
0.5241743275451141,0.8442801745031507,0.19955485044159957
0.5241743275451141,0.8445225399903054,0.19954135750746854
0.5248552945182159,0.8445225399903054,0.199313083845764
0.5248552945182159,0.8446437227338827,0.19930587314370343
0.5251957780047668,0.8446437227338827,0.19917593779455264
0.5251957780047668,0.8448860882210373,0.199148474914837
0.5257065032345931,0.8448860882210373,0.19882679892342686
0.5257065032345931,0.845128453708192,0.19877370430751304
0.5261321075927817,0.845128453708192,0.19852072552033403
0.5261321075927817,0.8452496364517693,0.1985035901093519
0.5262172284644194,0.8452496364517693,0.1984801988905347
0.5262172284644194,0.8453708191953466,0.19843626166570097
0.5268130745658836,0.8453708191953466,0.19814080991860855
0.5268130745658836,0.8454920019389239,0.19813113418078632
0.526983316309159,0.8454920019389239,0.19801540471968376
0.526983316309159,0.8456131846825012,0.1980000412859577
0.5272386789240722,0.8456131846825012,0.19789126053094938
0.5272386789240722,0.8457343674260785,0.1978683236706474
0.5274089206673477,0.8457343674260785,0.19776446352505095
0.5274089206673477,0.8459767329132332,0.19768626172759135
0.5276642832822608,0.8459767329132332,0.1975662060483338
0.5276642832822608,0.8462190984003878,0.19753856134564438
0.5277494041538985,0.8462190984003878,0.1974945635782703
0.5277494041538985,0.8463402811439651,0.19748915894381586
0.5278345250255363,0.8463402811439651,0.19740364966203938
0.5278345250255363,0.8464614638875424,0.19737289580332176
0.5284303711270003,0.8464614638875424,0.19705290671006492
0.5284303711270003,0.8468250121182743,0.19689786708246862
0.5291113381001021,0.8468250121182743,0.19664474859568845
0.5291113381001021,0.8469461948618516,0.19662628679654073
0.5292815798433776,0.8469461948618516,0.19653928597009754
0.5292815798433776,0.8470673776054289,0.1965100915787671
0.5296220633299284,0.8470673776054289,0.19637687284554192
0.5296220633299284,0.8471885603490062,0.19633578518980102
0.5297071842015663,0.8471885603490062,0.19628621531882479
0.5297071842015663,0.847430925836161,0.19622202481691023
0.530388151174668,0.847430925836161,0.19601793045526097
0.530388151174668,0.8476732913233156,0.19590907758399131
0.5305583929179435,0.8476732913233156,0.19585269599431535
0.5305583929179435,0.8479156568104702,0.1957936175980175
0.5306435137895812,0.8479156568104702,0.1957660436373893
0.5306435137895812,0.8480368395540475,0.1957066509880323
0.5309839972761321,0.8480368395540475,0.19549964259671326
0.5309839972761321,0.8481580222976248,0.19545314313364312
0.5310691181477698,0.8481580222976248,0.19527278267098605
0.5310691181477698,0.8485215705283567,0.19515125844969716
0.5311542390194075,0.8485215705283567,0.19509405854975795
0.5311542390194075,0.8486427532719341,0.195019010213223
0.5314096016343207,0.8486427532719341,0.19489699256778192
0.5314096016343207,0.8487639360155114,0.19478819984989743
0.5316649642492339,0.8487639360155114,0.1947553473254205
0.5316649642492339,0.849006301502666,0.19471912488615148
0.5319203268641471,0.849006301502666,0.19455637928345224
0.5319203268641471,0.8491274842462433,0.19449094111815318
0.5320054477357848,0.8491274842462433,0.1944777600374943
0.5320054477357848,0.8492486669898206,0.19447021554746474
0.5320905686074225,0.8492486669898206,0.19444133136765895
0.5320905686074225,0.849369849733398,0.1943480733740184
0.5321756894790602,0.849369849733398,0.1943448171968579
0.5321756894790602,0.8497333979641299,0.19422093138745689
0.5322608103506979,0.8497333979641299,0.19406726221244314
0.5322608103506979,0.8498545807077073,0.1940388797662225
0.5324310520939735,0.8498545807077073,0.1938142684070977
0.5324310520939735,0.8499757634512846,0.1937866534039224
0.5328566564521621,0.8499757634512846,0.19360642290358132
0.5328566564521621,0.8502181289384392,0.19351368771302185
0.5336227442969016,0.8502181289384392,0.19326919823835673
0.5336227442969016,0.8503393116820165,0.19325902690956837
0.533792986040177,0.8503393116820165,0.1932277290633883
0.533792986040177,0.8504604944255938,0.19303091761495592
0.5340483486550902,0.8504604944255938,0.19281091903618722
0.5340483486550902,0.8505816771691711,0.19280484726326727
0.5342185903983657,0.8505816771691711,0.1927171701338587
0.5342185903983657,0.850945225399903,0.19265781884214267
0.5343037112700034,0.850945225399903,0.19264338039554413
0.5343037112700034,0.851308773630635,0.1925413707236398
0.5343888321416411,0.851308773630635,0.19246355984643973
0.5343888321416411,0.8514299563742123,0.19243987036023646
0.5344739530132788,0.8514299563742123,0.19243797339434654
0.5344739530132788,0.8515511391177897,0.1923668504414347
0.5345590738849166,0.8515511391177897,0.19225755015051835
0.5345590738849166,0.851672321861367,0.19223677126433103
0.5349846782431052,0.851672321861367,0.19204978335837183
0.5349846782431052,0.8517935046049443,0.1920077855417984
0.535069799114743,0.8517935046049443,0.19183416961431807
0.535069799114743,0.8519146873485216,0.1917933343457464
0.5355805243445693,0.8519146873485216,0.1915390986573303
0.5355805243445693,0.8520358700920989,0.19147058237013612
0.5365168539325843,0.8520358700920989,0.19086490480934087
0.5365168539325843,0.8521570528356762,0.19082601939261906
0.536601974804222,0.8521570528356762,0.1907605707140455
0.536601974804222,0.8522782355792535,0.19071727275153175
0.5369424582907729,0.8522782355792535,0.19060372926229788
0.5369424582907729,0.8527629665535628,0.1902656830944598
0.5372829417773238,0.8527629665535628,0.19015511731687926
0.5372829417773238,0.8530053320407174,0.19001628750193353
0.5377936670071501,0.8530053320407174,0.1896340069151662
0.5377936670071501,0.8531265147842947,0.18961541152196482
0.5381341504937011,0.8531265147842947,0.1893041668603259
0.5381341504937011,0.853247697527872,0.18927302757606207
0.5383043922369765,0.853247697527872,0.18921867745522603
0.5383043922369765,0.8533688802714493,0.18916955840814742
0.5386448757235274,0.8533688802714493,0.18885540323195715
0.5386448757235274,0.8534900630150266,0.18882561627541156
0.5388151174668029,0.8534900630150266,0.1887400067001882
0.5388151174668029,0.853974793989336,0.18845365860022179
0.539070480081716,0.853974793989336,0.18838135474605763
0.539070480081716,0.8540959767329133,0.18834296094239675
0.5393258426966292,0.8540959767329133,0.18823379415474453
0.5393258426966292,0.8542171594764906,0.1881687582330355
0.5394109635682669,0.8542171594764906,0.18814346192449366
0.5394109635682669,0.8543383422200679,0.18810600333227448
0.5395812053115424,0.8543383422200679,0.18803845573749833
0.5395812053115424,0.8544595249636452,0.1880373712645452
0.540006809669731,0.8544595249636452,0.18754529279079768
0.540006809669731,0.8545807077072225,0.187495303001986
0.5401770514130064,0.8545807077072225,0.18727131347038828
0.5401770514130064,0.8549442559379544,0.18692443505969172
0.5402621722846442,0.8549442559379544,0.18681643364952405
0.5402621722846442,0.8550654386815317,0.18679562634235863
0.5403472931562819,0.8550654386815317,0.18677693155450156
0.5403472931562819,0.8560349006301503,0.18651943743939456
0.5404324140279196,0.8560349006301503,0.18645963086497452
0.5404324140279196,0.8562772661173049,0.18639413929843326
0.5405175348995573,0.8562772661173049,0.18638096947967336
0.5405175348995573,0.8563984488608822,0.18638005110653466
0.5406026557711952,0.8563984488608822,0.18637374321538952
0.5406026557711952,0.8565196316044595,0.18637221284802594
0.5408580183861083,0.8565196316044595,0.18600161874168103
0.5408580183861083,0.8566408143480368,0.1859772710722558
0.540943139257746,0.8566408143480368,0.18579008848355427
0.540943139257746,0.8567619970916142,0.18577905729759142
0.5411985018726592,0.8567619970916142,0.18559842343303998
0.5411985018726592,0.8568831798351915,0.18549242077612285
0.5413687436159347,0.8568831798351915,0.1854119611886261
0.5413687436159347,0.8570043625787688,0.18537409721840947
0.5415389853592101,0.8570043625787688,0.1853218679086388
0.5415389853592101,0.8572467280659234,0.18526797879354817
0.541879468845761,0.8572467280659234,0.185107977907477
0.541879468845761,0.8573679108095007,0.18501204344159863
0.5420497105890364,0.8573679108095007,0.1849704239419292
0.5420497105890364,0.857489093553078,0.18484959212609284
0.5429860401770514,0.857489093553078,0.1841987271702531
0.5429860401770514,0.8576102762966553,0.18414906228331215
0.5433265236636023,0.8576102762966553,0.18399798629006442
0.5433265236636023,0.8577314590402326,0.18393400172367586
0.5436670071501533,0.8577314590402326,0.18384465590575283
0.5436670071501533,0.8579738245273874,0.18377979342654646
0.543752128021791,0.8579738245273874,0.1837606798715841
0.543752128021791,0.8583373727581193,0.18349850167283374
0.5446033367381682,0.8583373727581193,0.18328558174952125
0.5446033367381682,0.8584585555016966,0.1832459931425009
0.5449438202247191,0.8584585555016966,0.1831424487572606
0.5449438202247191,0.8585797382452739,0.18313891870339744
0.5451140619679945,0.8585797382452739,0.18301030362059917
0.5451140619679945,0.8587009209888512,0.18299173061850785
0.5453694245829077,0.8587009209888512,0.18283195482349548
0.5453694245829077,0.8588221037324285,0.1827170133304157
0.5454545454545454,0.8588221037324285,0.1827076885913597
0.5454545454545454,0.8589432864760058,0.18267775883547607
0.5456247871978209,0.8589432864760058,0.18264364276112222
0.5456247871978209,0.8590644692195831,0.18261060543252344
0.5462206332992849,0.8590644692195831,0.1822952848629322
0.5462206332992849,0.8593068347067377,0.18221710930351184
0.5466462376574737,0.8593068347067377,0.18189195011269538
0.5466462376574737,0.8596703829374697,0.1817948144602929
0.5467313585291114,0.8596703829374697,0.18177548703552115
0.5467313585291114,0.8600339311682016,0.18142455115992534
0.5469016002723868,0.8600339311682016,0.1813510365433112
0.5469016002723868,0.8602762966553563,0.18123223525573637
0.5469867211440245,0.8602762966553563,0.18123079420281119
0.5469867211440245,0.8603974793989336,0.1811568519193228
0.5476676881171263,0.8603974793989336,0.18079089311314386
0.5476676881171263,0.8605186621425109,0.18075169697423077
0.5478379298604018,0.8605186621425109,0.18071190493053432
0.5478379298604018,0.8608822103732429,0.18046251250613016
0.548689138576779,0.8608822103732429,0.17981426579534565
0.548689138576779,0.8610033931168202,0.17969555757412517
0.5491998638066053,0.8610033931168202,0.1793020673687821
0.5491998638066053,0.8611245758603975,0.17930181980199922
0.549625468164794,0.8611245758603975,0.1790564086006709
0.549625468164794,0.8612457586039748,0.17901112973981226
0.5497105890364318,0.8612457586039748,0.17889150906093787
0.5497105890364318,0.8613669413475521,0.1788730763762557
0.5498808307797072,0.8613669413475521,0.17882262530048473
0.5498808307797072,0.8614881240911294,0.1788025693356601
0.5502213142662581,0.8614881240911294,0.17864554956572057
0.5502213142662581,0.8616093068347067,0.17860605088995443
0.5503064351378958,0.8616093068347067,0.17858950370674428
0.5503064351378958,0.861730489578284,0.1784187797529962
0.5503915560095335,0.861730489578284,0.17841308252016433
0.5503915560095335,0.8619728550654386,0.17830683920345566
0.5510725229826353,0.8619728550654386,0.17783437699038657
0.5510725229826353,0.862094037809016,0.17782331763706713
0.551157643854273,0.862094037809016,0.17779287416788725
0.551157643854273,0.8623364032961707,0.1776195670787621
0.5512427647259108,0.8623364032961707,0.1775426087880462
0.5512427647259108,0.8625787687833253,0.17750637128275995
0.5513278855975485,0.8625787687833253,0.17740388726158343
0.5513278855975485,0.8626999515269026,0.1774014084070375
0.5514130064691862,0.8626999515269026,0.17736154635050333
0.5514130064691862,0.8628211342704799,0.17736149569481108
0.5519237316990125,0.8628211342704799,0.1771436255687988
0.5519237316990125,0.8629423170140572,0.17714257746086276
0.5520088525706504,0.8629423170140572,0.17705782071108794
0.5520088525706504,0.8630634997576345,0.17702316364148712
0.552093973442288,0.8630634997576345,0.1770115909675821
0.552093973442288,0.8631846825012118,0.17690771442724695
0.5521790943139258,0.8631846825012118,0.17687409104919322
0.5521790943139258,0.8633058652447891,0.1768134621260549
0.5522642151855635,0.8633058652447891,0.17677941268912406
0.5522642151855635,0.8634270479883664,0.1767663797203159
0.552434456928839,0.8634270479883664,0.17665931773864413
0.552434456928839,0.8636694134755211,0.1764445349123768
0.5526046986721144,0.8636694134755211,0.17643974732407663
0.5526046986721144,0.8637905962190984,0.1764020969683889
0.5527749404153899,0.8637905962190984,0.1763020828869892
0.5527749404153899,0.8639117789626757,0.17628734875792398
0.5532856656452162,0.8639117789626757,0.1760707303476517
0.5532856656452162,0.864032961706253,0.17594990703211852
0.5534559073884917,0.864032961706253,0.17591720827002238
0.5534559073884917,0.8642753271934076,0.175802654028592
0.5536261491317671,0.8642753271934076,0.17577220666971968
0.5536261491317671,0.864396509936985,0.17576026349893023
0.5537112700034048,0.864396509936985,0.17576000699773803
0.5537112700034048,0.8645176926805623,0.17573206666990893
0.5538815117466803,0.8645176926805623,0.17550410082238868
0.5538815117466803,0.864760058167717,0.1754411907275351
0.5541368743615934,0.864760058167717,0.17527405625037698
0.5541368743615934,0.8648812409112943,0.17524151121291115
0.5553285665645217,0.8648812409112943,0.17446196836004083
0.5553285665645217,0.8650024236548716,0.17438454481293714
0.5554988083077971,0.8650024236548716,0.17429816947114238
0.5554988083077971,0.8651236063984489,0.17422041396898164
0.5555839291794348,0.8651236063984489,0.17419745537212372
0.5555839291794348,0.8652447891420262,0.174128252575637
0.555839291794348,0.8652447891420262,0.17391596806005802
0.555839291794348,0.8654871546291808,0.17385522201987932
0.5560095335376234,0.8654871546291808,0.1738174701770397
0.5560095335376234,0.8657295201163354,0.17364369751344616
0.5560946544092612,0.8657295201163354,0.17364206905082114
0.5560946544092612,0.8660930683470673,0.17351377250764868
0.5563500170241743,0.8660930683470673,0.1733676992553797
0.5563500170241743,0.866335433834222,0.17329513808899188
0.556435137895812,0.866335433834222,0.1731535143603004
0.556435137895812,0.8664566165777994,0.1730916451437054
0.5566053796390875,0.8664566165777994,0.17301485472869435
0.5566053796390875,0.8665777993213767,0.17295523667811155
0.5566905005107252,0.8665777993213767,0.1729452124709981
0.5566905005107252,0.8669413475521086,0.17286235701085903
0.5569458631256384,0.8669413475521086,0.17279233618933645
0.5569458631256384,0.8670625302956859,0.17269341550161776
0.5571161048689138,0.8670625302956859,0.17267090265260523
0.5571161048689138,0.8671837130392632,0.17265296014757497
0.5572012257405515,0.8671837130392632,0.172611352740727
0.5572012257405515,0.8675472612699952,0.17254748776197093
0.5572863466121893,0.8675472612699952,0.1724830885697133
0.5572863466121893,0.8677896267571498,0.17243423012832437
0.5574565883554647,0.8677896267571498,0.17232576039060146
0.5574565883554647,0.8679108095007271,0.17230854014077565
0.5577970718420157,0.8679108095007271,0.1721649891897919
0.5577970718420157,0.8680319922443044,0.17215944224997154
0.5579673135852911,0.8680319922443044,0.17207037657673274
0.5579673135852911,0.868274357731459,0.1720010860784772
0.5582226762002043,0.868274357731459,0.17193178096248538
0.5582226762002043,0.8685167232186136,0.17180778175760217
0.5583929179434798,0.8685167232186136,0.17162975079525655
0.5583929179434798,0.868637905962191,0.17160196624621987
0.5585631596867552,0.868637905962191,0.17148629895845455
0.5585631596867552,0.8687590887057683,0.17145839646254227
0.5587334014300307,0.8687590887057683,0.17135083097856427
0.5587334014300307,0.869001454192923,0.171121761353602
0.5590738849165815,0.869001454192923,0.17106995934873884
0.5590738849165815,0.8692438196800776,0.1709200157269674
0.559244126659857,0.8692438196800776,0.17077169662809122
0.559244126659857,0.8693650024236549,0.1707682968550057
0.5595846101464079,0.8693650024236549,0.17063850291652774
0.5595846101464079,0.8694861851672322,0.1706182821322749
0.559839972761321,0.8694861851672322,0.1703661257424928
0.559839972761321,0.8696073679108095,0.17033250664199037
0.5600102145045965,0.8696073679108095,0.17031762530878128
0.5600102145045965,0.8697285506543868,0.17028545789489072
0.5600953353762342,0.8697285506543868,0.17025948320644377
0.5600953353762342,0.8698497333979641,0.17020940004900442
0.5604358188627852,0.8698497333979641,0.17006880226046578
0.5604358188627852,0.8699709161415414,0.16993262219834787
0.5605209397344229,0.8699709161415414,0.16986671625523828
0.5605209397344229,0.870213281628696,0.1696990908270905
0.5607763023493361,0.870213281628696,0.16956556809480025
0.5607763023493361,0.8703344643722734,0.16954756427966855
0.5608614232209738,0.8703344643722734,0.1695459267253823
0.5608614232209738,0.8704556471158507,0.1694290111559307
0.5612019067075247,0.8704556471158507,0.16936324612310147
0.5612019067075247,0.870576829859428,0.16931334226734962
0.5614572693224379,0.870576829859428,0.16925774801244875
0.5614572693224379,0.8708191953465827,0.16921265071500982
0.5619679945522642,0.8708191953465827,0.16877320664340426
0.5619679945522642,0.87094037809016,0.1687059264078705
0.5621382362955397,0.87094037809016,0.1686701080853672
0.5621382362955397,0.8710615608337373,0.1686460424127101
0.5623084780388151,0.8710615608337373,0.16859062570336808
0.5623084780388151,0.8711827435773146,0.16854484987796672
0.5623935989104528,0.8711827435773146,0.1684843254391203
0.5623935989104528,0.8713039263208919,0.16845767016135751
0.5625638406537283,0.8713039263208919,0.16825872710517017
0.5625638406537283,0.8714251090644692,0.16825171532412705
0.5629043241402792,0.8714251090644692,0.16806027068166918
0.5629043241402792,0.8716674745516239,0.16803104046604275
0.56324480762683,0.8716674745516239,0.16792885850912473
0.56324480762683,0.8721522055259331,0.16769517404243195
0.5636704119850188,0.8721522055259331,0.16742737878189667
0.5636704119850188,0.8722733882695104,0.16741825557494194
0.5637555328566565,0.8722733882695104,0.16735220730501327
0.5637555328566565,0.8723945710130877,0.16734367711748668
0.5638406537282942,0.8723945710130877,0.16728866570028741
0.5638406537282942,0.872515753756665,0.1672831640747106
0.5639257745999319,0.872515753756665,0.167271027396233
0.5639257745999319,0.8726369365002423,0.16719697517640436
0.5640960163432074,0.8726369365002423,0.16710355581830094
0.5640960163432074,0.872879301987397,0.16690163288623366
0.5642662580864828,0.872879301987397,0.16689566392395722
0.5642662580864828,0.8730004847309744,0.16689465810842255
0.5644364998297583,0.8730004847309744,0.16676533972041171
0.5644364998297583,0.8731216674745517,0.1667305844847685
0.5647769833163092,0.8731216674745517,0.16642634116086766
0.5647769833163092,0.873242850218129,0.1663993751492683
0.5650323459312223,0.873242850218129,0.16620829773448662
0.5650323459312223,0.8734852157052836,0.1661689401874328
0.56511746680286,0.8734852157052836,0.166124691530125
0.56511746680286,0.8736063984488609,0.16597967195255875
0.5652025876744978,0.8736063984488609,0.165932032038454
0.5652025876744978,0.8737275811924382,0.16590376537622722
0.5653728294177732,0.8737275811924382,0.16585048296777918
0.5653728294177732,0.8738487639360155,0.16582841804810805
0.5654579502894109,0.8738487639360155,0.16579430124773806
0.5654579502894109,0.8739699466795928,0.16577177014691505
0.5656281920326864,0.8739699466795928,0.16570357794340773
0.5656281920326864,0.8740911294231701,0.1657001805094198
0.5657984337759618,0.8740911294231701,0.1655204200427167
0.5657984337759618,0.8743334949103247,0.1655100372305466
0.5659686755192374,0.8743334949103247,0.16540845723465172
0.5659686755192374,0.8745758603974794,0.16538889528929598
0.566394279877426,0.8745758603974794,0.16514369001136547
0.566394279877426,0.8746970431410567,0.16510920421151457
0.56699012597889,0.8746970431410567,0.16485086636561222
0.56699012597889,0.874818225884634,0.1648173778587462
0.5671603677221655,0.874818225884634,0.1646715666243051
0.5671603677221655,0.8749394086282113,0.16465961034773774
0.5673306094654409,0.8749394086282113,0.16446031828884047
0.5673306094654409,0.8750605913717887,0.1644163224454368
0.5674157303370787,0.8750605913717887,0.16441237914960413
0.5674157303370787,0.8753029568589433,0.16436761147606815
0.5675859720803541,0.8753029568589433,0.16430171613643688
0.5675859720803541,0.8754241396025206,0.16429385672922042
0.5682669390534559,0.8754241396025206,0.1637002216172505
0.5682669390534559,0.8755453223460979,0.16359600440649832
0.5692032686414709,0.8755453223460979,0.16260492089197257
0.5692032686414709,0.8756665050896753,0.16259460380041504
0.5694586312563841,0.8756665050896753,0.16249474129023242
0.5694586312563841,0.8757876878332526,0.16239046324003373
0.5695437521280218,0.8757876878332526,0.16235198493701752
0.5695437521280218,0.8759088705768299,0.16230762054972916
0.5696288729996595,0.8759088705768299,0.162180447150108
0.5696288729996595,0.8761512360639845,0.16213632118077953
0.5697139938712973,0.8761512360639845,0.16212929665388356
0.5697139938712973,0.8762724188075618,0.16208592672096797
0.5698842356145727,0.8762724188075618,0.16203496548086221
0.5698842356145727,0.8765147842947164,0.16200837185745795
0.5700544773578482,0.8765147842947164,0.1619083388162346
0.5700544773578482,0.8766359670382937,0.16186561638110028
0.5703098399727613,0.8766359670382937,0.16176108305480755
0.5703098399727613,0.876757149781871,0.16176047848648925
0.5707354443309499,0.876757149781871,0.16151750425980876
0.5707354443309499,0.877120698012603,0.16138811986828874
0.5709908069458631,0.877120698012603,0.16128992498031308
0.5709908069458631,0.8772418807561804,0.1612749580193641
0.5710759278175008,0.8772418807561804,0.16124371716219074
0.5710759278175008,0.8773630634997577,0.16123055588400262
0.571331290432414,0.8773630634997577,0.16101815366132563
0.571331290432414,0.8776054289869123,0.16098964884132555
0.5714164113040517,0.8776054289869123,0.1609077708933117
0.5714164113040517,0.8779689772176442,0.16087775262739237
0.5715866530473273,0.8779689772176442,0.16085325949793908
0.5715866530473273,0.8782113427047988,0.1607628266403249
0.5721824991487913,0.8782113427047988,0.1605111109492814
0.5721824991487913,0.8783325254483761,0.16048443490064637
0.5726081035069799,0.8783325254483761,0.16027328955792192
0.5726081035069799,0.8788172564226854,0.1599434864445729
0.5726932243786176,0.8788172564226854,0.15992923936392497
0.5726932243786176,0.87905962190984,0.15981376021690147
0.5729485869935308,0.87905962190984,0.159782833002001
0.5729485869935308,0.8791808046534173,0.15978211401272993
0.5732890704800817,0.8791808046534173,0.15963920639726564
0.5732890704800817,0.879423170140572,0.15951799335922667
0.5733741913517194,0.879423170140572,0.15934304059593285
0.5733741913517194,0.8796655356277266,0.15925018625097742
0.5734593122233572,0.8796655356277266,0.15915148743228036
0.5734593122233572,0.879786718371304,0.1591268683883168
0.5740551583248212,0.879786718371304,0.1588608227267268
0.5740551583248212,0.8799079011148813,0.1588515516660795
0.5742254000680967,0.8799079011148813,0.15881157995508666
0.5742254000680967,0.8801502666020359,0.1587651052940183
0.5743105209397344,0.8801502666020359,0.15873955687564445
0.5743105209397344,0.8805138148327678,0.15859422503362797
0.5744807626830098,0.8805138148327678,0.15857430461415575
0.5744807626830098,0.8806349975763451,0.1585637958938753
0.5747361252979231,0.8806349975763451,0.15844223120744816
0.5747361252979231,0.8807561803199224,0.1584128922508802
0.5753319713993871,0.8807561803199224,0.15805316509581052
0.5753319713993871,0.8808773630634997,0.15804392067286258
0.5760980592441267,0.8808773630634997,0.15760248879430638
0.5760980592441267,0.880998545807077,0.1574940810874113
0.5761831801157644,0.880998545807077,0.1574776337015572
0.5761831801157644,0.8811197285506543,0.1574690622450175
0.5763534218590398,0.8811197285506543,0.15743825913753987
0.5763534218590398,0.8812409112942317,0.15742495166585813
0.576608784473953,0.8812409112942317,0.15739069071275222
0.576608784473953,0.881362094037809,0.1573017721627139
0.5767790262172284,0.881362094037809,0.15728873122042733
0.5767790262172284,0.8814832767813864,0.15728179411939533
0.5773748723186926,0.8814832767813864,0.1569969856709884
0.5773748723186926,0.8816044595249637,0.15697714038907243
0.5774599931903303,0.8816044595249637,0.15693919877674128
0.5774599931903303,0.881725642268541,0.15690949525193357
0.5778004766768812,0.881725642268541,0.15666842216665716
0.5778004766768812,0.8819680077556956,0.15656000775746462
0.5778855975485189,0.8819680077556956,0.15654972808725146
0.5778855975485189,0.8822103732428502,0.1564599300767428
0.5779707184201566,0.8822103732428502,0.15630897872632266
0.5779707184201566,0.8823315559864275,0.15627248066140792
0.5781409601634321,0.8823315559864275,0.15594459092454363
0.5781409601634321,0.8824527387300048,0.15594329228303658
0.5782260810350698,0.8824527387300048,0.15591893871757925
0.5782260810350698,0.8825739214735822,0.15591438190445536
0.5786516853932584,0.8825739214735822,0.1553130502196114
0.5786516853932584,0.8828162869607368,0.1551941745646546
0.5787368062648961,0.8828162869607368,0.15516684663632702
0.5787368062648961,0.8829374697043141,0.15515424090021052
0.5793326523663602,0.8829374697043141,0.15474917695872734
0.5793326523663602,0.8830586524478914,0.15469077750936092
0.5795880149812734,0.8830586524478914,0.15463600330094815
0.5795880149812734,0.8831798351914687,0.15463480017431444
0.5797582567245488,0.8831798351914687,0.15445368828796735
0.5797582567245488,0.883301017935046,0.15434668103674548
0.5798433775961865,0.883301017935046,0.15433742069964648
0.5798433775961865,0.8835433834222006,0.15433010101639447
0.580354102826013,0.8835433834222006,0.15390949235539422
0.580354102826013,0.883664566165778,0.15390241952726474
0.5804392236976507,0.883664566165778,0.15389173930020775
0.5804392236976507,0.8837857489093554,0.15387164835660824
0.5807797071842016,0.8837857489093554,0.15365672543875888
0.5807797071842016,0.8841492971400873,0.15358421895459368
0.580949948927477,0.8841492971400873,0.15349730829883293
0.580949948927477,0.8842704798836646,0.1534899302588253
0.5811201906707525,0.8842704798836646,0.15335130276702091
0.5811201906707525,0.8845128453708192,0.15323361108917924
0.5812053115423902,0.8845128453708192,0.15318390961611866
0.5812053115423902,0.8847552108579738,0.15307446341742162
0.5814606741573034,0.8847552108579738,0.15283392577570212
0.5814606741573034,0.8848763936015511,0.152824535810539
0.5816309159005788,0.8848763936015511,0.15268080776933443
0.5816309159005788,0.8854823073194377,0.1525283526548662
0.5817160367722165,0.8854823073194377,0.1524673469868702
0.5817160367722165,0.8857246728065924,0.15239087917344918
0.5819713993871297,0.8857246728065924,0.15224290828934056
0.5819713993871297,0.8858458555501697,0.15223728572002154
0.5822267620020429,0.8858458555501697,0.15221308571158396
0.5822267620020429,0.885967038293747,0.15220928987414512
0.5835035750766088,0.885967038293747,0.1513726387572456
0.5835035750766088,0.8860882210373243,0.15130452737560648
0.5838440585631597,0.8860882210373243,0.15107415437110144
0.5838440585631597,0.8862094037809016,0.15101396118598362
0.5840994211780729,0.8862094037809016,0.1507648804537568
0.5840994211780729,0.8864517692680562,0.15049193828283725
0.5842696629213483,0.8864517692680562,0.15037582852791886
0.5842696629213483,0.8865729520116336,0.15029864099776338
0.5847803881511746,0.8865729520116336,0.1498490214248317
0.5847803881511746,0.8866941347552109,0.14983301131561277
0.5849506298944501,0.8866941347552109,0.14981877375749805
0.5849506298944501,0.8869365002423655,0.14966399713306483
0.5850357507660878,0.8869365002423655,0.1496179820248706
0.5850357507660878,0.8871788657295201,0.1493810013564825
0.5851208716377255,0.8871788657295201,0.14937256245335162
0.5851208716377255,0.8873000484730974,0.14931651020317666
0.5852059925093633,0.8873000484730974,0.14924139760190294
0.5852059925093633,0.8874212312166747,0.14922510599734173
0.585291113381001,0.8874212312166747,0.1491904201168996
0.585291113381001,0.887542413960252,0.1491580233467935
0.5855464759959143,0.887542413960252,0.1490850924688994
0.5855464759959143,0.8877847794474066,0.14894121420425696
0.5858018386108274,0.8877847794474066,0.14878755365736765
0.5858018386108274,0.887905962190984,0.14876838660059044
0.5859720803541029,0.887905962190984,0.14871591931195433
0.5859720803541029,0.8880271449345614,0.14867956459600104
0.586227442969016,0.8880271449345614,0.14852866330075776
0.586227442969016,0.8881483276781387,0.14852190847972213
0.5864828055839292,0.8881483276781387,0.14842612368821226
0.5864828055839292,0.888269510421716,0.14842081326255738
0.5868232890704801,0.888269510421716,0.1482965682335551
0.5868232890704801,0.8885118759088706,0.14826531785895222
0.5869935308137555,0.8885118759088706,0.1482100179130333
0.5869935308137555,0.8886330586524479,0.148196763632872
0.5870786516853933,0.8886330586524479,0.1481880911368019
0.5870786516853933,0.8891177896267571,0.14796887712406734
0.5873340143003064,0.8891177896267571,0.14772290834297958
0.5873340143003064,0.8892389723703344,0.14769893453053187
0.5882703438883214,0.8892389723703344,0.14713581231883138
0.5882703438883214,0.8894813378574891,0.14700832689944493
0.5883554647599591,0.8894813378574891,0.14698426749025306
0.5883554647599591,0.8896025206010664,0.14690131125843384
0.5885257065032345,0.8896025206010664,0.14671651173548322
0.5885257065032345,0.8897237033446437,0.14656807379105202
0.5886108273748724,0.8897237033446437,0.14648658021142744
0.5886108273748724,0.889844886088221,0.14648123469112792
0.5887810691181478,0.889844886088221,0.14640916383678226
0.5887810691181478,0.8899660688317984,0.14631413701622017
0.5891215526046987,0.8899660688317984,0.14604647254079609
0.5891215526046987,0.8900872515753757,0.14603607472503696
0.5892066734763364,0.8900872515753757,0.14602082160759222
0.5892066734763364,0.890208434318953,0.14601315804043938
0.5894620360912496,0.890208434318953,0.14580358151660236
0.5894620360912496,0.8904507998061076,0.145707532719635
0.5902281239359891,0.8904507998061076,0.1453049458635907
0.5902281239359891,0.890571982549685,0.14529115628556571
0.5904834865509023,0.890571982549685,0.1450560829823973
0.5904834865509023,0.8906931652932623,0.14500572316320764
0.5907388491658154,0.8906931652932623,0.14459020624365912
0.5907388491658154,0.8908143480368396,0.14457724930105229
0.5908239700374532,0.8908143480368396,0.1444546337027464
0.5908239700374532,0.8909355307804169,0.14445375134112315
0.5909090909090909,0.8909355307804169,0.14438297686180931
0.5909090909090909,0.8910567135239942,0.1443823247906728
0.591164453524004,0.8910567135239942,0.14425199196116942
0.591164453524004,0.8911778962675715,0.14412314923021213
0.5913346952672796,0.8911778962675715,0.14405953136809668
0.5913346952672796,0.8912990790111488,0.14404276427312385
0.5914198161389173,0.8912990790111488,0.1440115169637859
0.5914198161389173,0.8914202617547261,0.14395847496407924
0.5915900578821928,0.8914202617547261,0.14381445673567353
0.5915900578821928,0.8915414444983034,0.14372479655571616
0.5917602996254682,0.8915414444983034,0.14360841941763508
0.5917602996254682,0.8916626272418807,0.14353701622293036
0.5923561457269323,0.8916626272418807,0.14311487425575686
0.5923561457269323,0.891783809985458,0.14307099286230587
0.5929519918283963,0.891783809985458,0.14280592594526978
0.5929519918283963,0.8921473582161901,0.1427476031708533
0.5932073544433095,0.8921473582161901,0.14251342452079235
0.5932073544433095,0.8922685409597674,0.14249200565543454
0.5932924753149472,0.8922685409597674,0.1424355489981253
0.5932924753149472,0.892510906446922,0.14241253532089257
0.5937180796731358,0.892510906446922,0.14217596764116158
0.5937180796731358,0.8926320891904993,0.14213098666257593
0.5938032005447735,0.8926320891904993,0.14210814563929983
0.5938032005447735,0.8927532719340766,0.142108081026837
0.5941436840313244,0.8927532719340766,0.14197637970904894
0.5941436840313244,0.8928744546776539,0.14181383341168943
0.5944841675178754,0.8928744546776539,0.14166012185608304
0.5944841675178754,0.8929956374212312,0.1416549381655067
0.5945692883895131,0.8929956374212312,0.1415203376564085
0.5945692883895131,0.8932380029083858,0.1414838083795535
0.5947395301327886,0.8932380029083858,0.1414571440291686
0.5947395301327886,0.8934803683955405,0.1413984840854262
0.5948246510044263,0.8934803683955405,0.14112855061963311
0.5948246510044263,0.8936015511391178,0.1411197650174211
0.5950800136193395,0.8936015511391178,0.14099342126903996
0.5950800136193395,0.8937227338826951,0.1409174586623979
0.5953353762342526,0.8937227338826951,0.14071749156507707
0.5953353762342526,0.8938439166262724,0.1406162452834309
0.5955056179775281,0.8938439166262724,0.14052524490852758
0.5955056179775281,0.8939650993698497,0.14046092157635706
0.5955907388491658,0.8939650993698497,0.14039870372195248
0.5955907388491658,0.894086282113427,0.14024989141334665
0.595846101464079,0.894086282113427,0.14004667258513404
0.595846101464079,0.8942074648570043,0.13998239471408477
0.5959312223357167,0.8942074648570043,0.13995131502877037
0.5959312223357167,0.8943286476005817,0.1398734915175552
0.5961014640789921,0.8943286476005817,0.13982576035465918
0.5961014640789921,0.894813378574891,0.1396344720770283
0.596441947565543,0.894813378574891,0.13940884765600603
0.596441947565543,0.8949345613184683,0.13938143569365335
0.5968675519237318,0.8949345613184683,0.13912461793686612
0.5968675519237318,0.8951769268056229,0.13903034964937666
0.5971229145386449,0.8951769268056229,0.1389278187630089
0.5971229145386449,0.8956616577799321,0.13861654359941517
0.5972931562819204,0.8956616577799321,0.1384574783318951
0.5972931562819204,0.8957828405235094,0.13842743838893098
0.5976336397684713,0.8957828405235094,0.13837636442033613
0.5976336397684713,0.8959040232670867,0.13823386119502754
0.597718760640109,0.8959040232670867,0.13812089382645315
0.597718760640109,0.8961463887542414,0.13805812981536492
0.5978038815117467,0.8961463887542414,0.13802926087110215
0.5978038815117467,0.8962675714978187,0.13801987880070793
0.5978890023833844,0.8962675714978187,0.13793910524241854
0.5978890023833844,0.8963887542413961,0.13791479656097944
0.5980592441266599,0.8963887542413961,0.13782846350029762
0.5980592441266599,0.8965099369849734,0.1378065388723005
0.5982294858699353,0.8965099369849734,0.13776602646631442
0.5982294858699353,0.896752302472128,0.13772520005572134
0.5987402110997616,0.896752302472128,0.1375653151570836
0.5987402110997616,0.8969946679592826,0.1374558576215293
0.5991658154579503,0.8969946679592826,0.13715403185850114
0.5991658154579503,0.8971158507028599,0.13714451683603643
0.5993360572012257,0.8971158507028599,0.13702619010827974
0.5993360572012257,0.8972370334464372,0.13680920276711955
0.599591419816139,0.8972370334464372,0.1365937988125556
0.599591419816139,0.8974793989335919,0.13653054255168523
0.5997616615594143,0.8974793989335919,0.1364519015134784
0.5997616615594143,0.8978429471643238,0.13627281934683724
0.6001021450459653,0.8978429471643238,0.1360949135144391
0.6001021450459653,0.8979641299079011,0.13604103096841855
0.6005277494041539,0.8979641299079011,0.13564064892511057
0.6005277494041539,0.8982064953950557,0.1356114610231059
0.6006979911474294,0.8982064953950557,0.13551998219723882
0.6006979911474294,0.898327678138633,0.13544191285373197
0.6012938372488934,0.898327678138633,0.135227594852856
0.6012938372488934,0.8985700436257877,0.13504624539253468
0.6014640789921689,0.8985700436257877,0.1349891102389361
0.6014640789921689,0.8988124091129424,0.1348736462086277
0.6016343207354443,0.8988124091129424,0.13479244534802012
0.6016343207354443,0.8989335918565197,0.13457928290960455
0.6021450459652706,0.8989335918565197,0.13437211395192128
0.6021450459652706,0.8992971400872516,0.13433628869862863
0.6024004085801838,0.8992971400872516,0.13427799534311166
0.6024004085801838,0.8994183228308289,0.13423742608603143
0.6024855294518215,0.8994183228308289,0.13422167717728714
0.6024855294518215,0.8996606883179835,0.1338990299554515
0.6030813755532857,0.8996606883179835,0.13358553662696881
0.6030813755532857,0.8999030538051381,0.13353777300803782
0.6031664964249234,0.8999030538051381,0.13351776670440663
0.6031664964249234,0.9001454192922927,0.13325701744405455
0.6036772216547498,0.9001454192922927,0.13272871136140746
0.6036772216547498,0.9002666020358701,0.1326884068790747
0.6038474633980252,0.9002666020358701,0.13261411737584577
0.6038474633980252,0.9003877847794474,0.13257452178876009
0.6039325842696629,0.9003877847794474,0.13245849394667233
0.6039325842696629,0.9008725157537567,0.13209067167813252
0.6041028260129384,0.9008725157537567,0.132004794787269
0.6041028260129384,0.9011148812409113,0.13195251263588287
0.6041879468845761,0.9011148812409113,0.1318325761097316
0.6041879468845761,0.9015996122152206,0.13170403678252654
0.6042730677562138,0.9015996122152206,0.13168839752996736
0.6042730677562138,0.9019631604459525,0.1315335047237962
0.6046135512427647,0.9019631604459525,0.13131906732249857
0.6046135512427647,0.9020843431895298,0.13124131248046356
0.6048689138576779,0.9020843431895298,0.13114531014581035
0.6048689138576779,0.9022055259331071,0.13107599691516472
0.6050391556009533,0.9022055259331071,0.13104816335181504
0.6050391556009533,0.9023267086766844,0.1309668737572022
0.6052945182158666,0.9023267086766844,0.13085182607330595
0.6052945182158666,0.9024478914202617,0.13075964114695546
0.6053796390875043,0.9024478914202617,0.13071791347647044
0.6053796390875043,0.902569074163839,0.13070647613461228
0.6055498808307797,0.902569074163839,0.13069612774035017
0.6055498808307797,0.9026902569074163,0.13068713326208173
0.6064862104187947,0.9026902569074163,0.12993331090098129
0.6064862104187947,0.9030538051381484,0.12991899642496524
0.6065713312904324,0.9030538051381484,0.12988512971717286
0.6065713312904324,0.9031749878817257,0.12976664246382114
0.6068266939053456,0.9031749878817257,0.12963565729814952
0.6068266939053456,0.903296170625303,0.1296241803779247
0.606996935648621,0.903296170625303,0.12955432362806416
0.606996935648621,0.9034173533688803,0.12954342330994448
0.6071671773918965,0.9034173533688803,0.1292126936851301
0.6071671773918965,0.9035385361124576,0.12920921333653126
0.6072522982635342,0.9035385361124576,0.12919917231992473
0.6072522982635342,0.9036597188560349,0.12907037847894204
0.6080183861082737,0.9036597188560349,0.12830673106570795
0.6080183861082737,0.9040232670867668,0.12791810760237138
0.608273748723187,0.9040232670867668,0.12779613239640109
0.608273748723187,0.9041444498303441,0.1277950402650118
0.6084439904664624,0.9041444498303441,0.12761850143814024
0.6084439904664624,0.9043868153174988,0.12753271641508704
0.6087844739530133,0.9043868153174988,0.1273925723368017
0.6087844739530133,0.9046291808046534,0.127337173030644
0.6090398365679265,0.9046291808046534,0.12723023520980525
0.6090398365679265,0.9047503635482307,0.1271868669046453
0.6093803200544774,0.9047503635482307,0.12685774374837963
0.6093803200544774,0.904871546291808,0.12682629780587262
0.6103166496424923,0.904871546291808,0.1264094927649954
0.6103166496424923,0.9049927290353854,0.126258652946113
0.61040177051413,0.9049927290353854,0.12622268208983684
0.61040177051413,0.9051139117789627,0.12621283303599856
0.6106571331290432,0.9051139117789627,0.12615680656399256
0.6106571331290432,0.9053562772661173,0.12611633342535863
0.6109976166155942,0.9053562772661173,0.12595712327533407
0.6109976166155942,0.9054774600096946,0.12594382886873953
0.6110827374872319,0.9054774600096946,0.12573458225854012
0.6110827374872319,0.905598642753272,0.12570964046926736
0.6112529792305074,0.905598642753272,0.12567382674887906
0.6112529792305074,0.9058410082404266,0.12552286510808194
0.611678583588696,0.9058410082404266,0.12519418206234256
0.611678583588696,0.9059621909840039,0.1251125514228135
0.6117637044603337,0.9059621909840039,0.12510569175681666
0.6117637044603337,0.9060833737275812,0.12507493722192994
0.6120190670752469,0.9060833737275812,0.12497724059728442
0.6120190670752469,0.9063257392147358,0.1248781801255728
0.6127000340483486,0.9063257392147358,0.12451956078411994
0.6127000340483486,0.9065681047018904,0.12443763738839604
0.6129553966632618,0.9065681047018904,0.12430830838006916
0.6129553966632618,0.906810470189045,0.12422328831593306
0.6132958801498127,0.906810470189045,0.12405889952834386
0.6132958801498127,0.9069316529326223,0.12395051437641912
0.6133810010214504,0.9069316529326223,0.12384633348081191
0.6133810010214504,0.9070528356761998,0.12368150603163137
0.613551242764726,0.9070528356761998,0.12359824048475966
0.613551242764726,0.9071740184197771,0.12356379287590019
0.61414708886619,0.9071740184197771,0.12301501622748437
0.61414708886619,0.9072952011633544,0.12288969098282186
0.6142322097378277,0.9072952011633544,0.122840830828723
0.6142322097378277,0.9074163839069317,0.12283897347358351
0.6149131767109295,0.9074163839069317,0.12255648827513863
0.6149131767109295,0.907537566650509,0.12241530120662371
0.6149982975825673,0.907537566650509,0.12227477720221347
0.6149982975825673,0.9076587493940863,0.12223366021987463
0.6154239019407559,0.9076587493940863,0.12189173138519124
0.6154239019407559,0.9077799321376636,0.12187030591545943
0.6155941436840313,0.9077799321376636,0.12165489101640878
0.6155941436840313,0.9079011148812409,0.12164952802421204
0.615679264555669,0.9079011148812409,0.12164620526501382
0.615679264555669,0.9081434803683955,0.12156261220872455
0.6159346271705822,0.9081434803683955,0.12147094789252369
0.6159346271705822,0.9082646631119728,0.12139241376407342
0.6161048689138576,0.9082646631119728,0.12133743748112881
0.6161048689138576,0.9083858458555502,0.12131063002313235
0.6163602315287708,0.9083858458555502,0.12120105424113292
0.6163602315287708,0.9085070285991275,0.12108790087006942
0.616956077630235,0.9085070285991275,0.12019032891936879
0.616956077630235,0.9086282113427048,0.1200626787125942
0.6174668028600613,0.9086282113427048,0.1198825378066643
0.6174668028600613,0.9089917595734367,0.11970303124623347
0.6176370446033368,0.9089917595734367,0.11955500569217178
0.6176370446033368,0.9092341250605914,0.1193983074397074
0.6177221654749745,0.9092341250605914,0.1193948615296927
0.6177221654749745,0.9097188560349007,0.1192240608838425
0.6178072863466122,0.9097188560349007,0.11921035637139489
0.6178072863466122,0.909840038778478,0.11918314464014451
0.6178924072182499,0.909840038778478,0.1191329619939987
0.6178924072182499,0.9099612215220553,0.11909311638948093
0.6180626489615254,0.9099612215220553,0.1190414081185407
0.6180626489615254,0.9100824042656326,0.11901439931179737
0.6182328907048008,0.9100824042656326,0.11895114581826126
0.6182328907048008,0.9102035870092099,0.11889045237869347
0.6186584950629894,0.9102035870092099,0.11880005100591177
0.6186584950629894,0.9104459524963645,0.11877448352906558
0.6195948246510045,0.9104459524963645,0.11802432837820441
0.6195948246510045,0.9105671352399418,0.11798489736894142
0.6202757916241062,0.9105671352399418,0.11760648050351974
0.6202757916241062,0.9106883179835191,0.11758473286311351
0.620360912495744,0.9106883179835191,0.11755883258173618
0.620360912495744,0.9108095007270964,0.11750606022800636
0.6204460333673817,0.9108095007270964,0.11742722850234985
0.6204460333673817,0.911051866214251,0.11719464808779767
0.6213823629553966,0.911051866214251,0.11644611151974205
0.6213823629553966,0.9112942317014057,0.11619097047417319
0.6214674838270344,0.9112942317014057,0.1161727137217479
0.6214674838270344,0.9114154144449831,0.11615096656043991
0.6218079673135853,0.9114154144449831,0.11591446132077261
0.6218079673135853,0.9115365971885604,0.11576479360377766
0.6219782090568607,0.9115365971885604,0.11565642591003336
0.6219782090568607,0.9116577799321377,0.11553411787775321
0.6226591760299626,0.9116577799321377,0.11530944951067196
0.6226591760299626,0.911778962675715,0.11517629146508031
0.6232550221314266,0.911778962675715,0.11500607326708549
0.6232550221314266,0.9119001454192923,0.1149236487974392
0.6233401430030644,0.9119001454192923,0.11490336688315464
0.6233401430030644,0.9120213281628696,0.11488632227092295
0.6235103847463398,0.9120213281628696,0.11480888385002971
0.6235103847463398,0.9121425109064469,0.1147996901661798
0.623765747361253,0.9121425109064469,0.11463549730585554
0.623765747361253,0.9123848763936016,0.11458070242217741
0.6240211099761661,0.9123848763936016,0.11448359476576715
0.6240211099761661,0.9125060591371789,0.1143873869655752
0.6241062308478039,0.9125060591371789,0.11431579319616422
0.6241062308478039,0.9127484246243335,0.11423564656098276
0.624361593462717,0.9127484246243335,0.11390494800764196
0.624361593462717,0.9128696073679108,0.11388452408425015
0.6244467143343548,0.9128696073679108,0.11382783104037204
0.6244467143343548,0.9129907901114881,0.11380224388408444
0.6246169560776302,0.9129907901114881,0.11371271777346392
0.6246169560776302,0.9131119728550654,0.11369882798629362
0.6248723186925434,0.9131119728550654,0.11349175756952558
0.6250425604358189,0.9131119728550654,0.11341277560061168
0.6258937691521961,0.9131119728550654,0.11292101834767589
0.6258937691521961,0.9132331555986427,0.1129025800589667
0.6261491317671093,0.9132331555986427,0.11261357148354033
0.6261491317671093,0.91335433834222,0.11258261987860356
0.6265747361252979,0.91335433834222,0.11241879989357846
0.6265747361252979,0.9134755210857974,0.11235203373225909
0.6267449778685734,0.9134755210857974,0.11216854669580097
0.6267449778685734,0.9135967038293747,0.1121667259263057
0.6270003404834865,0.9135967038293747,0.11190091758229297
0.6270003404834865,0.913717886572952,0.1118268632102416
0.6272557030983997,0.913717886572952,0.11177709468242378
0.6272557030983997,0.9138390693165294,0.11176316821893734
0.6276813074565883,0.9138390693165294,0.11154119958330623
0.6276813074565883,0.914081434803684,0.11148000761612695
0.6283622744296902,0.914081434803684,0.11091878576655655
0.6283622744296902,0.9144449830344159,0.11077232354583293
0.6287878787878788,0.9144449830344159,0.11062004435302186
0.6287878787878788,0.9145661657779932,0.11061402103195357
0.6289581205311542,0.9145661657779932,0.11054752507223967
0.6289581205311542,0.9148085312651478,0.11042232144629956
0.629043241402792,0.9148085312651478,0.11032868793768016
0.629043241402792,0.9150508967523024,0.11018675545947704
0.6291283622744297,0.9150508967523024,0.1101730304494379
0.6291283622744297,0.9152932622394571,0.11009575113787834
0.6292986040177051,0.9152932622394571,0.11004870375996163
0.6292986040177051,0.9154144449830344,0.11003658828555596
0.6298093292475315,0.9154144449830344,0.10983313137287787
0.6298093292475315,0.9157779932137664,0.10974011516535583
0.6298944501191692,0.9157779932137664,0.1095205772202349
0.6298944501191692,0.9158991759573437,0.10950143472615205
0.6299795709908069,0.9158991759573437,0.10945161613399763
0.6299795709908069,0.916020358700921,0.10937698806979369
0.6303200544773578,0.916020358700921,0.10931895136659482
0.6303200544773578,0.9162627241880756,0.1091269052050498
0.6304051753489955,0.9162627241880756,0.1091060354358891
0.6304051753489955,0.916383906931653,0.109035012448182
0.6311712631937351,0.916383906931653,0.10866236939498615
0.6311712631937351,0.9165050896752303,0.1086078148426624
0.6316819884235615,0.9165050896752303,0.10844654352287508
0.6316819884235615,0.9166262724188076,0.10842312700587739
0.6317671092951992,0.9166262724188076,0.10831922252576037
0.6317671092951992,0.9167474551623849,0.10831177879726238
0.6318522301668369,0.9167474551623849,0.10826132211427468
0.6318522301668369,0.9168686379059622,0.108243373856822
0.632448076268301,0.9168686379059622,0.10787820779628844
0.632448076268301,0.9171110033931168,0.10781670429201187
0.6327034388832141,0.9171110033931168,0.1076749846322466
0.6327034388832141,0.9172321861366941,0.10766082474762982
0.6334695267279536,0.9172321861366941,0.10710030789322927
0.6334695267279536,0.9174745516238487,0.10694836175604215
0.6336397684712292,0.9174745516238487,0.10692280204370129
0.6336397684712292,0.917595734367426,0.10684355086285678
0.6342356145726932,0.917595734367426,0.1065738426191471
0.6342356145726932,0.9177169171110033,0.10638433122545249
0.634320735444331,0.9177169171110033,0.10624131424898173
0.634320735444331,0.9178380998545808,0.10623433800714455
0.6345760980592441,0.9178380998545808,0.10604663528048015
0.6345760980592441,0.9179592825981581,0.10589550680270146
0.6348314606741573,0.9179592825981581,0.10568664722725524
0.6348314606741573,0.9182016480853127,0.10558336981367084
0.6350868232890705,0.9182016480853127,0.1055024460472157
0.6350868232890705,0.9185651963160446,0.10526528972127148
0.6351719441607082,0.9185651963160446,0.10525565345376181
0.6351719441607082,0.9188075618031992,0.10505383629201333
0.6352570650323459,0.9188075618031992,0.10500866745447757
0.6352570650323459,0.9189287445467765,0.1049813010688544
0.6353421859039836,0.9189287445467765,0.10496147576917003
0.6353421859039836,0.9190499272903538,0.10475435846213219
0.6355124276472591,0.9190499272903538,0.10465119990373442
0.6355124276472591,0.9191711100339311,0.10457788061957335
0.6357677902621723,0.9191711100339311,0.10435475674867781
0.6357677902621723,0.9192922927775085,0.10434731532336006
0.6369594824651005,0.9192922927775085,0.1034642866062202
0.6369594824651005,0.9194134755210858,0.10342532017937137
0.6370446033367382,0.9194134755210858,0.10326612441987902
0.6370446033367382,0.9195346582646631,0.103176818627357
0.6372999659516514,0.9195346582646631,0.10286553507141716
0.6372999659516514,0.9197770237518177,0.10278898531699907
0.6380660537963909,0.9197770237518177,0.10229077567686443
0.6380660537963909,0.9198982064953951,0.10229042528321004
0.6384065372829418,0.9198982064953951,0.10220985132872346
0.6384065372829418,0.9200193892389724,0.10211348508415108
0.6384916581545795,0.9200193892389724,0.10206014812568823
0.6384916581545795,0.9201405719825497,0.10204419335956756
0.6385767790262172,0.9201405719825497,0.10202406016088318
0.6385767790262172,0.9205041202132817,0.10193006729127327
0.6390875042560435,0.9205041202132817,0.1017758446742944
0.6390875042560435,0.9207464857004363,0.1015972889595463
0.6395131086142322,0.9207464857004363,0.10148561009709782
0.6395131086142322,0.9208676684440136,0.10140015409845075
0.6406196799455226,0.9208676684440136,0.10064822492680821
0.6406196799455226,0.9209888511875909,0.10064423928625013
0.6407048008171604,0.9209888511875909,0.10060663137258334
0.6407048008171604,0.9211100339311682,0.100592074317295
0.6410452843037112,0.9211100339311682,0.10037007305982557
0.6410452843037112,0.9212312166747455,0.10010125935537274
0.641130405175349,0.9212312166747455,0.09995249690281646
0.641130405175349,0.9213523994183228,0.09994660702877445
0.6413006469186244,0.9213523994183228,0.09990095311092688
0.6413006469186244,0.9223218613669414,0.09959155469168224
0.6413857677902621,0.9223218613669414,0.0995838930988829
0.6413857677902621,0.9224430441105187,0.09948997191881634
0.641726251276813,0.9224430441105187,0.09898265614509753
0.641726251276813,0.922564226854096,0.09891995537215194
0.6423220973782772,0.922564226854096,0.09869324339720782
0.6423220973782772,0.9230489578284052,0.0983069459326416
0.6425774599931904,0.9230489578284052,0.0980640165849837
0.6425774599931904,0.9232913233155599,0.09790106032767827
0.6429179434797412,0.9232913233155599,0.09776402726086908
0.6429179434797412,0.9235336888027145,0.09774506457582999
0.6430881852230167,0.9235336888027145,0.09770723544126718
0.6430881852230167,0.9236548715462918,0.0976037753809134
0.6433435478379299,0.9236548715462918,0.09736914664457161
0.6433435478379299,0.9237760542898691,0.0973224840964585
0.6434286687095676,0.9237760542898691,0.09732207790700252
0.6434286687095676,0.9238972370334464,0.09729150374982871
0.6435137895812053,0.9238972370334464,0.09726389130857939
0.6435137895812053,0.9240184197770237,0.09723847441594265
0.6436840313244807,0.9240184197770237,0.09697474050531642
0.6436840313244807,0.924139602520601,0.09690046591461231
0.6442798774259448,0.924139602520601,0.09670684661953238
0.6442798774259448,0.9242607852641784,0.09656568560532057
0.6444501191692203,0.9242607852641784,0.09646750359314499
0.6444501191692203,0.9243819680077557,0.09637831522860388
0.644535240040858,0.9243819680077557,0.09637425859937696
0.644535240040858,0.9247455162384877,0.09628002882270992
0.6446203609124957,0.9247455162384877,0.09619799019558116
0.6446203609124957,0.9249878817256423,0.09617637595579993
0.644875723527409,0.9249878817256423,0.09606305887208288
0.644875723527409,0.9252302472127969,0.09576602688396645
0.6449608443990467,0.9252302472127969,0.09569055751070406
0.6449608443990467,0.9253514299563742,0.09555340697980985
0.6453864487572353,0.9253514299563742,0.09525055896757094
0.6453864487572353,0.9254726126999515,0.09520642499123905
0.6456418113721485,0.9254726126999515,0.09501871824532368
0.6456418113721485,0.9257149781871061,0.09493729866354482
0.6461525366019748,0.9257149781871061,0.09483572049984493
0.6461525366019748,0.9258361609306834,0.09471453785011438
0.6463227783452502,0.9258361609306834,0.09469685613749393
0.6463227783452502,0.9259573436742607,0.0946958532436895
0.6466632618318011,0.9259573436742607,0.09453161720161049
0.6466632618318011,0.926078526417838,0.0945113380110288
0.6468335035750766,0.926078526417838,0.09447761539824151
0.6468335035750766,0.9261997091614154,0.09445642956650376
0.647003745318352,0.9261997091614154,0.0943509809224736
0.647003745318352,0.9263208919049928,0.09428622248659824
0.6478549540347294,0.9263208919049928,0.09372349029023518
0.6478549540347294,0.9265632573921474,0.09354158485219854
0.6480251957780048,0.9265632573921474,0.0934428174407115
0.6480251957780048,0.9266844401357247,0.09338395113067208
0.6481954375212802,0.9266844401357247,0.09328693789200906
0.6481954375212802,0.926805622879302,0.09320596729317876
0.6485359210078311,0.926805622879302,0.09307363987896722
0.6485359210078311,0.9269268056228793,0.09299441682060967
0.648876404494382,0.9269268056228793,0.09267276010695712
0.648876404494382,0.9271691711100339,0.09265465355533224
0.6493020088525706,0.9271691711100339,0.09215392177260456
0.6493020088525706,0.9274115365971886,0.09212937728828878
0.6496424923391215,0.9274115365971886,0.09191533816774372
0.6496424923391215,0.9275327193407659,0.09186153851647579
0.650153217568948,0.9275327193407659,0.09154555718005032
0.650153217568948,0.9276539020843432,0.09148879052419832
0.6502383384405857,0.9276539020843432,0.09148618196423534
0.6502383384405857,0.9277750848279205,0.0914542441327575
0.650408580183861,0.9277750848279205,0.09140113300346585
0.650408580183861,0.9278962675714978,0.0913418513279009
0.6505788219271366,0.9278962675714978,0.09121960054819156
0.6505788219271366,0.9280174503150751,0.0911752345689136
0.6508341845420497,0.9280174503150751,0.09075415874388294
0.6508341845420497,0.928380998545807,0.09071690897052961
0.6515151515151515,0.928380998545807,0.09039419764056371
0.6515151515151515,0.9285021812893844,0.09033975574138446
0.6517705141300647,0.9285021812893844,0.09020749003465936
0.6517705141300647,0.9286233640329618,0.09018973916465776
0.6518556350017024,0.9286233640329618,0.09016740911033122
0.6518556350017024,0.9287445467765391,0.09006821776908962
0.6521109976166156,0.9287445467765391,0.08996547635315502
0.6521109976166156,0.9288657295201164,0.08994181833887237
0.6521961184882533,0.9288657295201164,0.08989696101580193
0.6521961184882533,0.9289869122636937,0.08973975570066034
0.652281239359891,0.9289869122636937,0.08971213862912367
0.652281239359891,0.929108095007271,0.08965699147499137
0.6531324480762682,0.929108095007271,0.08922867004178199
0.6531324480762682,0.9292292777508483,0.0892106982568769
0.6537282941777324,0.9292292777508483,0.0889232581290155
0.6537282941777324,0.9293504604944256,0.08876756002479189
0.654153898535921,0.9293504604944256,0.08857869034186984
0.654153898535921,0.9295928259815802,0.08856921925168888
0.6543241402791965,0.9295928259815802,0.08840849732186162
0.6543241402791965,0.9297140087251575,0.08833732436419478
0.6547497446373851,0.9297140087251575,0.08822314847254964
0.6547497446373851,0.9298351914687348,0.08810532169067044
0.6548348655090228,0.9298351914687348,0.08805815001872883
0.6548348655090228,0.9300775569558895,0.08798365701114559
0.6550051072522982,0.9300775569558895,0.08794045388845115
0.6550051072522982,0.9301987396994668,0.08793708845133894
0.6556860742254,0.9301987396994668,0.08754724753510403
0.6556860742254,0.9303199224430441,0.08751582425159354
0.656026557711951,0.9303199224430441,0.0873826161319871
0.656026557711951,0.9305622879301988,0.08727751703776694
0.6564521620701396,0.9305622879301988,0.08693624456530609
0.6564521620701396,0.9306834706737761,0.08691212043923163
0.6567926455566905,0.9306834706737761,0.08661089974782527
0.6567926455566905,0.9309258361609307,0.08653438854763958
0.656962887299966,0.9309258361609307,0.08640788435495854
0.656962887299966,0.931047018904508,0.08638920122866924
0.6570480081716037,0.931047018904508,0.0863144809165707
0.6570480081716037,0.9311682016480853,0.08627844669790466
0.6574736125297923,0.9311682016480853,0.08611695424578447
0.6574736125297923,0.9312893843916626,0.08600633686712514
0.6578992168879809,0.9312893843916626,0.08593312937546535
0.6578992168879809,0.93141056713524,0.0858483220763536
0.658495062989445,0.93141056713524,0.08540993930364296
0.658495062989445,0.9315317498788173,0.08539864263611077
0.6587504256043581,0.9315317498788173,0.08518121727404065
0.6587504256043581,0.9316529326223946,0.08514894074773066
0.6589206673476337,0.9316529326223946,0.0848702882957897
0.6589206673476337,0.9317741153659719,0.08486403133973335
0.6590057882192714,0.9317741153659719,0.0848555575702519
0.6590057882192714,0.9320164808531265,0.08478389456837121
0.6592611508341846,0.9320164808531265,0.08457887567380258
0.6592611508341846,0.9321376635967038,0.08447425060748201
0.6593462717058223,0.9321376635967038,0.084471100173071
0.6593462717058223,0.9322588463402811,0.08435084935009836
0.6596867551923732,0.9322588463402811,0.08421332234343028
0.6596867551923732,0.9323800290838584,0.08419635389386926
0.6600272386789241,0.9323800290838584,0.08410338924777855
0.6600272386789241,0.9327435773145905,0.08398422954149264
0.6601974804221995,0.9327435773145905,0.08391591724783432
0.6601974804221995,0.9328647600581678,0.08389027542826338
0.6602826012938372,0.9328647600581678,0.08388077997574862
0.6602826012938372,0.9329859428017451,0.08378610015843288
0.6605379639087504,0.9329859428017451,0.08360779341422289
0.6605379639087504,0.9331071255453224,0.08359505385679117
0.6606230847803881,0.9331071255453224,0.08354833400731387
0.6606230847803881,0.9332283082888997,0.08345671186878445
0.6607082056520259,0.9332283082888997,0.08338422440214228
0.6607082056520259,0.933349491032477,0.08332622301723264
0.6618998978549541,0.933349491032477,0.08220821758875517
0.6618998978549541,0.9334706737760543,0.0821687078569195
0.6620701395982295,0.9334706737760543,0.08213883879996689
0.6620701395982295,0.9335918565196316,0.08211936489966798
0.6623255022131427,0.9335918565196316,0.08201299495843536
0.6623255022131427,0.9337130392632089,0.08199926004642458
0.6624106230847804,0.9337130392632089,0.08199646220272007
0.6624106230847804,0.9338342220067862,0.08190592851237398
0.6624957439564181,0.9338342220067862,0.0818491299677978
0.6624957439564181,0.9339554047503635,0.08184203847948994
0.6629213483146067,0.9339554047503635,0.08172548597907546
0.6629213483146067,0.9340765874939408,0.08158822582193367
0.6631767109295199,0.9340765874939408,0.08141297115686694
0.6631767109295199,0.9341977702375182,0.08139082311401984
0.6636023152877085,0.9341977702375182,0.08122154931119283
0.6636023152877085,0.9343189529810955,0.08115819201726743
0.6642832822608103,0.9343189529810955,0.08085205602933285
0.6642832822608103,0.9344401357246728,0.08084916137903211
0.664368403132448,0.9344401357246728,0.08082944321433569
0.664368403132448,0.9345613184682501,0.08081702881569493
0.6644535240040857,0.9345613184682501,0.08079740252214039
0.6644535240040857,0.9348036839554047,0.08078068980655002
0.6646237657473613,0.9348036839554047,0.08067264794621554
0.6646237657473613,0.9349248666989821,0.08060374708564663
0.6650493701055499,0.9349248666989821,0.08045968330035938
0.6650493701055499,0.9351672321861367,0.08035732527609138
0.6653898535921008,0.9351672321861367,0.08019994014859765
0.6653898535921008,0.935288414929714,0.08012078916272852
0.665645216207014,0.935288414929714,0.07977541674230738
0.665645216207014,0.9355307804168687,0.07965601123968717
0.6659005788219271,0.9355307804168687,0.07944133596192869
0.6659005788219271,0.9358943286476006,0.07938162913390175
0.6664964249233912,0.9358943286476006,0.07913649987775635
0.6664964249233912,0.9360155113911779,0.07906704780832106
0.6668369084099421,0.9360155113911779,0.07888222594792768
0.6668369084099421,0.9361366941347552,0.07884041204404876
0.6674327545114062,0.9361366941347552,0.0784343936864309
0.6674327545114062,0.9362578768783325,0.07842124634601973
0.6676029962546817,0.9362578768783325,0.07839526565652505
0.6676029962546817,0.9366214251090644,0.07832651293208119
0.6678583588695948,0.9366214251090644,0.07826025481355807
0.6678583588695948,0.9367426078526417,0.07819505274231546
0.6685393258426966,0.9367426078526417,0.07780429054312987
0.6685393258426966,0.936863790596219,0.07778365474529877
0.6686244467143344,0.936863790596219,0.0777142425377465
0.6686244467143344,0.9369849733397965,0.077705036468694
0.6689649302008852,0.9369849733397965,0.07751805767983612
0.6689649302008852,0.9371061560833738,0.07750741917575857
0.669986380660538,0.9371061560833738,0.07700745339481978
0.669986380660538,0.937590887057683,0.07689458062549581
0.6700715015321757,0.937590887057683,0.07685323515758458
0.6700715015321757,0.9378332525448376,0.07680323989120921
0.6701566224038135,0.9378332525448376,0.07676432714189642
0.6701566224038135,0.9379544352884149,0.07667607555133889
0.6703268641470889,0.9379544352884149,0.07663978116555595
0.6703268641470889,0.9380756180319922,0.07653388394652609
0.6705822267620021,0.9380756180319922,0.07632335817539224
0.6705822267620021,0.9384391662627242,0.07622144155399438
0.6706673476336398,0.9384391662627242,0.07617872790587919
0.6706673476336398,0.9385603490063015,0.07611852597911334
0.6708375893769152,0.9385603490063015,0.07609307995993432
0.6708375893769152,0.9386815317498788,0.07599151874152474
0.6713483146067416,0.9386815317498788,0.07584765988458705
0.6713483146067416,0.9390450799806107,0.07580955505651407
0.6714334354783793,0.9390450799806107,0.07575525833846784
0.6714334354783793,0.9391662627241881,0.07573704604411417
0.6717739189649302,0.9391662627241881,0.07562325049304544
0.6717739189649302,0.9392874454677654,0.0755822436683561
0.6719441607082056,0.9392874454677654,0.07548319806790302
0.6719441607082056,0.93952981095492,0.07537907380662832
0.6721995233231188,0.93952981095492,0.07523221232792612
0.6721995233231188,0.9400145419292293,0.07509165850403636
0.6726251276813074,0.9400145419292293,0.07492631922437273
0.6726251276813074,0.9402569074163839,0.07483894988597008
0.672795369424583,0.9402569074163839,0.07479673064596044
0.672795369424583,0.9403780901599612,0.07479419530913897
0.6733060946544093,0.9403780901599612,0.07435812840589817
0.6733060946544093,0.9404992729035385,0.07424950625020132
0.6735614572693225,0.9404992729035385,0.07413925762610599
0.6735614572693225,0.9406204556471158,0.07413731712650216
0.6740721824991488,0.9406204556471158,0.0735594011319542
0.6740721824991488,0.9407416383906931,0.07352164559469763
0.674327545114062,0.9407416383906931,0.07346972749829911
0.674327545114062,0.9408628211342704,0.07336551917136584
0.674923391215526,0.9408628211342704,0.07324541386435104
0.674923391215526,0.9409840038778478,0.07323724269105876
0.6753489955737146,0.9409840038778478,0.07297195540374199
0.6753489955737146,0.9411051866214251,0.07292507198145542
0.6757745999319033,0.9411051866214251,0.07270820501092692
0.6757745999319033,0.9412263693650024,0.07267141335790099
0.6758597208035411,0.9412263693650024,0.07261955120998426
0.6758597208035411,0.9415899175957344,0.07251537846378048
0.6760299625468165,0.9415899175957344,0.0724685229173455
0.6760299625468165,0.9417111003393117,0.07243084775254861
0.6762853251617297,0.9417111003393117,0.07228645127264452
0.6762853251617297,0.941832283082889,0.07221351552250482
0.6764555669050051,0.941832283082889,0.07217865654976276
0.6764555669050051,0.9419534658264663,0.07214808611114916
0.6765406877766428,0.9419534658264663,0.07210210585197102
0.6765406877766428,0.9420746485700436,0.07208325086216022
0.6766258086482806,0.9420746485700436,0.07205003840717426
0.6766258086482806,0.942195831313621,0.07199734172968258
0.6767109295199183,0.942195831313621,0.07196217908567795
0.6767109295199183,0.9424381968007756,0.07191741360808696
0.6773067756213824,0.9424381968007756,0.07150868563513642
0.6773067756213824,0.9425593795443529,0.07150452529234724
0.6774770173646578,0.9425593795443529,0.07142197323264586
0.6774770173646578,0.9426805622879302,0.07139480237472144
0.6776472591079332,0.9426805622879302,0.07130510304824426
0.6776472591079332,0.9428017450315075,0.07127515909346528
0.6781579843377596,0.9428017450315075,0.07107818659204643
0.6781579843377596,0.9429229277750848,0.07106117081328689
0.6787538304392237,0.9429229277750848,0.07079048264278226
0.6787538304392237,0.9430441105186621,0.07078059916473323
0.6789240721824992,0.9430441105186621,0.07074409786849246
0.6789240721824992,0.9431652932622394,0.07070446122495079
0.6792645556690501,0.9431652932622394,0.07057395721794055
0.6792645556690501,0.9432864760058167,0.07052993055292335
0.679605039155601,0.9432864760058167,0.07040236948059804
0.679605039155601,0.9434076587493941,0.07039469175290967
0.6798604017705141,0.9434076587493941,0.0703575449007878
0.6798604017705141,0.9435288414929714,0.07024177390759168
0.6805413687436159,0.9435288414929714,0.06994591398527779
0.6805413687436159,0.9436500242365488,0.06983208602327784
0.6813074565883555,0.9436500242365488,0.06938140204409504
0.6813074565883555,0.9440135724672807,0.06932838711172362
0.6815628192032687,0.9440135724672807,0.069275342100747
0.6815628192032687,0.9442559379544353,0.06923352957049192
0.6819033026898196,0.9442559379544353,0.06896032806668927
0.6819033026898196,0.9443771206980126,0.06895660644597743
0.6819884235614573,0.9443771206980126,0.06892095106550862
0.6819884235614573,0.9444983034415899,0.06890713378008441
0.6823289070480082,0.9444983034415899,0.06858126719498078
0.6823289070480082,0.9446194861851672,0.06854354687012304
0.6824991487912836,0.9446194861851672,0.06835432271752881
0.6824991487912836,0.9448618516723218,0.06819135808863641
0.6826693905345591,0.9448618516723218,0.06806519820574974
0.6826693905345591,0.9451042171594765,0.06803008159766723
0.6827545114061968,0.9451042171594765,0.06800843798554665
0.6827545114061968,0.9452253999030538,0.06797035086354374
0.6829247531494722,0.9452253999030538,0.06788986289630329
0.6829247531494722,0.9454677653902084,0.06785449222843334
0.6837759618658495,0.9454677653902084,0.06746508134158849
0.6837759618658495,0.9455889481337858,0.06724421569903834
0.6844569288389513,0.9455889481337858,0.06687601703144168
0.6844569288389513,0.9458313136209404,0.06684808947955181
0.6853081375553286,0.9458313136209404,0.06656600252961424
0.6853081375553286,0.9459524963645177,0.06655768403764181
0.6856486210418795,0.9459524963645177,0.06631478841681684
0.6856486210418795,0.946073679108095,0.0662724391489139
0.6857337419135172,0.946073679108095,0.06615323071049217
0.6857337419135172,0.946437227338827,0.06601729697107146
0.6861593462717058,0.946437227338827,0.06577332053017164
0.6861593462717058,0.9465584100824043,0.06574055481925613
0.686414708886619,0.9465584100824043,0.06570967973076122
0.686414708886619,0.9469219583131362,0.06553128742399887
0.6864998297582567,0.9469219583131362,0.0655284746357851
0.6864998297582567,0.9470431410567135,0.06549742032130482
0.6868403132448077,0.9470431410567135,0.06532008070258838
0.6868403132448077,0.9472855065438681,0.06511864448943082
0.6869254341164454,0.9472855065438681,0.06502228662172012
0.6869254341164454,0.9474066892874454,0.06500499983039745
0.6872659176029963,0.9474066892874454,0.06490726883957595
0.6872659176029963,0.9475278720310227,0.06484236431686431
0.6874361593462717,0.9475278720310227,0.06476690793128151
0.6874361593462717,0.9476490547746,0.06471816056853832
0.6877766428328226,0.9476490547746,0.06464445649019263
0.6877766428328226,0.9478914202617548,0.06457509488587486
0.6880320054477358,0.9478914202617548,0.06447989510628367
0.6880320054477358,0.9480126030053321,0.06442091375910416
0.6884576098059244,0.9480126030053321,0.06404633424731408
0.6884576098059244,0.9481337857489094,0.06400786090647997
0.6885427306775621,0.9481337857489094,0.06399049155444383
0.6885427306775621,0.9482549684924867,0.06397983296133616
0.6887980932924753,0.9482549684924867,0.06371039910616423
0.6887980932924753,0.948376151236064,0.06367254701534424
0.6889683350357507,0.948376151236064,0.06358495642791062
0.6889683350357507,0.9486185167232186,0.06343964393576414
0.6892236976506639,0.9486185167232186,0.06312055514666884
0.6892236976506639,0.9487396994667959,0.06311351835530979
0.6893088185223016,0.9487396994667959,0.06309046864489173
0.6893088185223016,0.9488608822103732,0.06308245340496299
0.6899897854954035,0.9488608822103732,0.06282763506102898
0.6899897854954035,0.9489820649539505,0.06279210212600536
0.6902451481103167,0.9489820649539505,0.062449393887861075
0.6902451481103167,0.9491032476975279,0.062390266212542574
0.6903302689819544,0.9491032476975279,0.06230218387296485
0.6903302689819544,0.9492244304411052,0.062291970789571924
0.6905005107252298,0.9492244304411052,0.06213195667658929
0.6905005107252298,0.9495879786718371,0.062016439857600573
0.6905856315968676,0.9495879786718371,0.06196255350023771
0.6905856315968676,0.9498303441589918,0.06182397460749805
0.6908409942117807,0.9498303441589918,0.0617174633863473
0.6908409942117807,0.9499515269025691,0.06171393398923744
0.6910112359550562,0.9499515269025691,0.06157306536104939
0.6910112359550562,0.9504362578768784,0.06147211206615116
0.6915219611848825,0.9504362578768784,0.0613267235963871
0.6915219611848825,0.950678623364033,0.06125160741639469
0.6918624446714334,0.950678623364033,0.06115026640632515
0.6918624446714334,0.9507998061076103,0.061094064585951666
0.6930541368743616,0.9507998061076103,0.0607222089670443
0.6930541368743616,0.9510421715947649,0.06067825567731139
0.6931392577459993,0.9510421715947649,0.06064417887710849
0.6931392577459993,0.9512845370819195,0.06063781737447754
0.6939904664623766,0.9512845370819195,0.059942792924575126
0.6939904664623766,0.9515269025690741,0.05982761300146743
0.6942458290772897,0.9515269025690741,0.059805188957805046
0.6942458290772897,0.9516480853126514,0.05971021409574474
0.6950119169220292,0.9516480853126514,0.059272617124394376
0.6950119169220292,0.9521328162869608,0.05915096990062434
0.6951821586653048,0.9521328162869608,0.05909323726901106
0.6951821586653048,0.9523751817741154,0.058974608750262295
0.6958631256384066,0.9523751817741154,0.05864883462005735
0.6958631256384066,0.9524963645176927,0.05863798687973024
0.6961184882533197,0.9524963645176927,0.05857777636570026
0.6961184882533197,0.9528599127484246,0.05847797952793467
0.6965440926115083,0.9528599127484246,0.058338681616013986
0.6965440926115083,0.9529810954920019,0.05831831941205373
0.6966292134831461,0.9529810954920019,0.05817804827200632
0.6966292134831461,0.9532234609791566,0.05815463575757488
0.6979911474293496,0.9532234609791566,0.05727861622635186
0.6979911474293496,0.9533446437227339,0.057132872094231665
0.6982465100442629,0.9533446437227339,0.05699232454617384
0.6982465100442629,0.9534658264663112,0.0569737483086288
0.6983316309159006,0.9534658264663112,0.056963157183274625
0.6983316309159006,0.9538293746970431,0.05680753460254881
0.6984167517875383,0.9538293746970431,0.05679351144249343
0.6984167517875383,0.9539505574406204,0.05673377562667168
0.6985018726591761,0.9539505574406204,0.05669581842176583
0.6985018726591761,0.9540717401841978,0.056690427918714016
0.6986721144024515,0.9540717401841978,0.0565809386803217
0.6986721144024515,0.9541929229277751,0.05654079888781094
0.6990125978890024,0.9541929229277751,0.05635199028369485
0.6990125978890024,0.9543141056713524,0.05634699161908309
0.6998638066053796,0.9543141056713524,0.05580858996004311
0.6998638066053796,0.9544352884149298,0.05575556782371575
0.7004596527068437,0.9544352884149298,0.055488383530583246
0.7004596527068437,0.9546776539020844,0.05530787496496116
0.7012257405515833,0.9546776539020844,0.05496232809540087
0.7012257405515833,0.9547988366456617,0.05495864432206242
0.701310861423221,0.9547988366456617,0.05489338667170868
0.701310861423221,0.9550412021328163,0.054785669978832614
0.7024174327545114,0.9550412021328163,0.05397123686194074
0.7024174327545114,0.9551623848763936,0.05393125168090928
0.7025025536261491,0.9551623848763936,0.05392538690921933
0.7025025536261491,0.9552835676199709,0.053912117617869966
0.7028430371127,0.9552835676199709,0.05370375069063149
0.7028430371127,0.9554047503635482,0.05368680337050223
0.7030132788559755,0.9554047503635482,0.05353408027070434
0.7030132788559755,0.9555259331071255,0.05351309934367352
0.7037793667007151,0.9555259331071255,0.053045179923965534
0.7037793667007151,0.9556471158507028,0.05295073275726076
0.7038644875723528,0.9556471158507028,0.05290526325127692
0.7038644875723528,0.9557682985942801,0.05286109754587614
0.704119850187266,0.9557682985942801,0.05273081437215395
0.704119850187266,0.9558894813378574,0.05263556413260192
0.7049710589036432,0.9558894813378574,0.05228475555605421
0.7049710589036432,0.9560106640814348,0.05228393244622274
0.7051413006469186,0.9560106640814348,0.05224343518399104
0.7051413006469186,0.9561318468250121,0.052211319442612564
0.7053115423901941,0.9561318468250121,0.05216680031789997
0.7053115423901941,0.9562530295685895,0.0521286161690839
0.7054817841334695,0.9562530295685895,0.05207349327076999
0.7054817841334695,0.9564953950557441,0.05197617675385426
0.705652025876745,0.9564953950557441,0.05185831860699989
0.705652025876745,0.9566165777993214,0.05178107876948055
0.7057371467483827,0.9566165777993214,0.051777882590864445
0.7057371467483827,0.9567377605428987,0.05170170816262671
0.706247871978209,0.9567377605428987,0.05127453414411265
0.706247871978209,0.956858943286476,0.051255794693664286
0.7070990806945863,0.956858943286476,0.05069302053172166
0.7070990806945863,0.9569801260300533,0.050665827481465565
0.7074395641811372,0.9569801260300533,0.050536475601903885
0.7074395641811372,0.9573436742607853,0.05030615803870155
0.707524685052775,0.9573436742607853,0.05027316496508371
0.707524685052775,0.9574648570043626,0.05024752753821441
0.7076098059244127,0.9574648570043626,0.0501475974001421
0.7076098059244127,0.9577072224915172,0.05008058261644908
0.7077800476676881,0.9577072224915172,0.0500227293744444
0.7077800476676881,0.9579495879786718,0.04988039475992309
0.7078651685393258,0.9579495879786718,0.04984213132716348
0.7078651685393258,0.9580707707222491,0.049841568675640595
0.7083758937691522,0.9580707707222491,0.04967965021532391
0.7083758937691522,0.9581919534658264,0.049630906666127864
0.7091419816138917,0.9581919534658264,0.04933865963537622
0.7091419816138917,0.9583131362094037,0.04933837001629358
0.7093973442288048,0.9583131362094037,0.049057311011203975
0.7093973442288048,0.9584343189529811,0.0490181710520104
0.7096527068437181,0.9584343189529811,0.04895412329459452
0.7096527068437181,0.9585555016965585,0.04893174187228948
0.7098229485869936,0.9585555016965585,0.04889362187585243
0.7098229485869936,0.9586766844401358,0.048795382353163046
0.709993190330269,0.9586766844401358,0.04876563701277073
0.709993190330269,0.9587978671837131,0.04872229521854918
0.7100783112019067,0.9587978671837131,0.048679730372346616
0.7100783112019067,0.9590402326708677,0.04856814780410875
0.7103336738168199,0.9590402326708677,0.04841204306269824
0.7103336738168199,0.959161415414445,0.04832770570878099
0.7104187946884576,0.959161415414445,0.04826510611304513
0.7104187946884576,0.9594037809015996,0.048218211400477204
0.7105039155600953,0.9594037809015996,0.04814872370634111
0.7105039155600953,0.9596461463887542,0.04809648773908191
0.7105890364317331,0.9596461463887542,0.04808864511598361
0.7105890364317331,0.9598885118759088,0.047949605422679266
0.7106741573033708,0.9598885118759088,0.04792586315223733
0.7106741573033708,0.9600096946194862,0.047863263274172015
0.7113551242764726,0.9600096946194862,0.04728938818968483
0.7113551242764726,0.9601308773630635,0.04724167588432798
0.7116956077630235,0.9601308773630635,0.04695771266486315
0.7116956077630235,0.9602520601066408,0.04683954238749802
0.7117807286346612,0.9602520601066408,0.0468015837299319
0.7117807286346612,0.9603732428502181,0.04679946838712976
0.7121212121212122,0.9603732428502181,0.04651681057526111
0.7121212121212122,0.9606156083373728,0.04633003687228129
0.7122914538644876,0.9606156083373728,0.04628409984553943
0.7122914538644876,0.9609791565681047,0.04620797026340889
0.7123765747361253,0.9609791565681047,0.046206818921356106
0.7123765747361253,0.9612215220552593,0.046127209549907885
0.7129724208375894,0.9612215220552593,0.04584355387692217
0.7129724208375894,0.9613427047988367,0.04578839446311778
0.713398025195778,0.9613427047988367,0.04555696289361506
0.713398025195778,0.961463887542414,0.045546818119287756
0.7137385086823289,0.961463887542414,0.04540713093596191
0.7137385086823289,0.9615850702859913,0.04539202985721665
0.7144194756554307,0.9615850702859913,0.044968895697840745
0.7144194756554307,0.9618274357731459,0.044808056918939715
0.7146748382703438,0.9618274357731459,0.044697618842954305
0.7146748382703438,0.9620698012603005,0.04453032686759296
0.7151855635001703,0.9620698012603005,0.04443167334071167
0.7151855635001703,0.9621909840038778,0.04440637298215575
0.7153558052434457,0.9621909840038778,0.04432577945806087
0.7153558052434457,0.9624333494910324,0.044255687917493104
0.7156111678583589,0.9624333494910324,0.044148240962412585
0.7156111678583589,0.9625545322346097,0.044008956027900954
0.7156962887299966,0.9625545322346097,0.04400143413647863
0.7156962887299966,0.9626757149781872,0.04397717972807012
0.7158665304732721,0.9626757149781872,0.043880370636171805
0.7158665304732721,0.9627968977217645,0.04386672614250721
0.7169731018045625,0.9627968977217645,0.043157739023790546
0.7169731018045625,0.9629180804653418,0.04311951334542658
0.7172284644194756,0.9629180804653418,0.04286909369389958
0.7172284644194756,0.9630392632089191,0.04286177095016872
0.7181647940074907,0.9630392632089191,0.0421632414680443
0.7181647940074907,0.9631604459524964,0.042154399868794094
0.7182499148791284,0.9631604459524964,0.04209853490452849
0.7182499148791284,0.9632816286960737,0.04206963400479196
0.7184201566224038,0.9632816286960737,0.04206090612176752
0.7184201566224038,0.963402811439651,0.04203043098343066
0.7189308818522302,0.963402811439651,0.04195311852099816
0.7189308818522302,0.9637663596703829,0.041692836014862504
0.7191011235955056,0.9637663596703829,0.04164671861654154
0.7191011235955056,0.9638875424139602,0.04161066682131973
0.7194416070820565,0.9638875424139602,0.04119650449557914
0.7194416070820565,0.9640087251575375,0.04117713110908364
0.7195267279536942,0.9640087251575375,0.041163755286221064
0.7195267279536942,0.9641299079011149,0.0411286066155026
0.719611848825332,0.9641299079011149,0.04112493232704309
0.719611848825332,0.9644934561318468,0.041074151333011316
0.7196969696969697,0.9644934561318468,0.041052762890141516
0.7196969696969697,0.9647358216190014,0.041020006790506776
0.7198672114402451,0.9647358216190014,0.040883560535587005
0.7198672114402451,0.9648570043625788,0.04088005648724689
0.7199523323118828,0.9648570043625788,0.0408373720668393
0.7199523323118828,0.9649781871061561,0.040755333941241166
0.7200374531835206,0.9649781871061561,0.04062962034146422
0.7200374531835206,0.965341735336888,0.040501670861452746
0.720207694926796,0.965341735336888,0.040334857963609125
0.720207694926796,0.9654629180804654,0.04028548961927666
0.7202928157984337,0.9654629180804654,0.04025835599870207
0.7202928157984337,0.96570528356762,0.04016854695698112
0.7210589036431733,0.96570528356762,0.03971777976278519
0.7210589036431733,0.9660688317983519,0.039619421312810536
0.7211440245148111,0.9660688317983519,0.03960063577381635
0.7211440245148111,0.9661900145419292,0.039545160910732256
0.7213142662580865,0.9661900145419292,0.039379810915294265
0.7213142662580865,0.9664323800290838,0.03928232129774875
0.7214845080013619,0.9664323800290838,0.03919638864758472
0.7214845080013619,0.9665535627726611,0.03917839256098808
0.7215696288729997,0.9665535627726611,0.039094030146726216
0.7215696288729997,0.9667959282598158,0.039032952225549276
0.7219101123595506,0.9667959282598158,0.0389599947544143
0.7219101123595506,0.9669171110033932,0.03882028371779739
0.7219952332311883,0.9669171110033932,0.03872768354358812
0.7219952332311883,0.9670382937469705,0.038612510755239145
0.7229315628192032,0.9670382937469705,0.03796535558544101
0.7229315628192032,0.9671594764905478,0.037949662672078555
0.7231869254341164,0.9671594764905478,0.037745447094778624
0.7231869254341164,0.9674018419777024,0.03770326705605832
0.7235274089206674,0.9674018419777024,0.03754665655474305
0.7235274089206674,0.967644207464857,0.03753479052532043
0.7236125297923051,0.967644207464857,0.03745007108163127
0.7236125297923051,0.9677653902084343,0.03744933540061618
0.7238678924072183,0.9677653902084343,0.03739758767264335
0.7238678924072183,0.9678865729520116,0.0372937369709708
0.7240381341504937,0.9678865729520116,0.03721958229094377
0.7240381341504937,0.968007755695589,0.037148497005337136
0.7244637385086823,0.968007755695589,0.036874541920105225
0.7244637385086823,0.9681289384391663,0.03682728783209542
0.7245488593803201,0.9681289384391663,0.03672456235587648
0.7245488593803201,0.9682501211827436,0.03672119559594075
0.7246339802519578,0.9682501211827436,0.03668122073221509
0.7246339802519578,0.9683713039263209,0.03661496563023426
0.7249744637385087,0.9683713039263209,0.03637846449584588
0.7249744637385087,0.9684924866698982,0.036371330778034505
0.7252298263534218,0.9684924866698982,0.036213156042615255
0.7252298263534218,0.9686136694134755,0.03619683692172185
0.7265066394279878,0.9686136694134755,0.035474250241072
0.7265066394279878,0.9687348521570528,0.03546489645155951
0.7265917602996255,0.9687348521570528,0.03536572636858509
0.7265917602996255,0.9689772176442074,0.035307461880339286
0.7269322437861764,0.9689772176442074,0.035098601606898046
0.7269322437861764,0.9690984003877848,0.03505530412639693
0.7270173646578141,0.9690984003877848,0.03499198587074893
0.7270173646578141,0.9694619486185168,0.03494062971636237
0.7271024855294518,0.9694619486185168,0.03490037152189392
0.7271024855294518,0.9698254968492487,0.03462816590723804
0.7271876064010896,0.9698254968492487,0.03462036055547892
0.7271876064010896,0.9701890450799806,0.03444701345350637
0.727357848144365,0.9701890450799806,0.0343791585124341
0.727357848144365,0.9703102278235579,0.03434476482124552
0.7274429690160027,0.9703102278235579,0.03432365030966902
0.7274429690160027,0.9704314105671352,0.03431749889917961
0.7277834525025536,0.9704314105671352,0.03406212527333261
0.7277834525025536,0.9705525933107125,0.03405846833468706
0.7280388151174668,0.9705525933107125,0.0340078276716036
0.7280388151174668,0.9709161415414445,0.03387376760204006
0.7283792986040177,0.9709161415414445,0.03366891236810308
0.7283792986040177,0.9710373242850218,0.03336034005095199
0.7288049029622063,0.9710373242850218,0.033091569180142846
0.7288049029622063,0.9714008725157538,0.033062737673146186
0.7290602655771196,0.9714008725157538,0.03280839290630284
0.7290602655771196,0.9716432380029084,0.032560711263333965
0.7291453864487573,0.9716432380029084,0.03249326984956427
0.7291453864487573,0.9717644207464857,0.03246097705656627
0.7294007490636704,0.9717644207464857,0.032308868413535516
0.7294007490636704,0.971885603490063,0.03226752307155772
0.7299114742934968,0.971885603490063,0.031955356006780275
0.7299114742934968,0.9720067862336403,0.031939770196586295
0.7299965951651345,0.9720067862336403,0.03188476389047853
0.7299965951651345,0.9721279689772176,0.03180406911545339
0.7302519577800477,0.9721279689772176,0.03170688569468332
0.7302519577800477,0.9724915172079496,0.031532002253707364
0.7303370786516854,0.9724915172079496,0.03151948974218236
0.7303370786516854,0.9728550654386815,0.03146597775805446
0.7305924412665986,0.9728550654386815,0.031299703183474546
0.7305924412665986,0.9729762481822588,0.031090454132282362
0.7306775621382363,0.9729762481822588,0.031043020460940034
0.7306775621382363,0.9730974309258361,0.03102695290854909
0.730762683009874,0.9730974309258361,0.031018162810897622
0.730762683009874,0.9732186136694134,0.030963232516799336
0.7312734082397003,0.9732186136694134,0.03079148277598095
0.7312734082397003,0.9733397964129908,0.03078504795151192
0.731699012597889,0.9733397964129908,0.03053471239410859
0.731699012597889,0.9734609791565682,0.030462801671892057
0.7322948586993531,0.9734609791565682,0.030112506640399748
0.7322948586993531,0.9737033446437228,0.03009760628983041
0.7323799795709908,0.9737033446437228,0.030091729126152607
0.7323799795709908,0.9738245273873001,0.030077216035611597
0.7327204630575417,0.9738245273873001,0.029982670592667127
0.7327204630575417,0.974188075618032,0.029820785010841063
0.7331460674157303,0.974188075618032,0.029674890909518966
0.7331460674157303,0.9743092583616093,0.029657486699090168
0.7332311882873681,0.9743092583616093,0.029630234222222315
0.7332311882873681,0.9745516238487639,0.02955640944756248
0.7333163091590058,0.9745516238487639,0.029368589346899007
0.7333163091590058,0.9746728065923412,0.029347415410066007
0.7334865509022812,0.9746728065923412,0.029221831790461415
0.7334865509022812,0.9747939893359185,0.02919475004922431
0.7338270343888321,0.9747939893359185,0.028852572281520952
0.7338270343888321,0.9750363548230732,0.02880725082949472
0.7339121552604698,0.9750363548230732,0.028791697625835506
0.7339121552604698,0.9752787203102278,0.028760000620564507
0.734167517875383,0.9752787203102278,0.0286738079427601
0.734167517875383,0.9753999030538051,0.028650999199899226
0.7346782431052093,0.9753999030538051,0.02850613075594338
0.7346782431052093,0.9755210857973825,0.028501944688298354
0.7349336057201226,0.9755210857973825,0.02843128703030709
0.7349336057201226,0.9757634512845371,0.028377371253781758
0.7353592100783112,0.9757634512845371,0.028300303725241203
0.7353592100783112,0.9758846340281144,0.028281003992195512
0.7355294518215867,0.9758846340281144,0.02818342260677946
0.7355294518215867,0.9760058167716917,0.02816133496003575
0.7359550561797753,0.9760058167716917,0.02801419960728718
0.7359550561797753,0.976126999515269,0.027942931207370455
0.7362104187946884,0.976126999515269,0.027806319187737887
0.7362104187946884,0.976490547746001,0.02769793672753066
0.736976506639428,0.976490547746001,0.027395693519571686
0.736976506639428,0.9766117304895783,0.027356774706267174
0.7371467483827034,0.9766117304895783,0.02723665647888869
0.7371467483827034,0.9767329132331556,0.02721961390317982
0.7374021109976167,0.9767329132331556,0.027085585833188368
0.7374021109976167,0.9768540959767329,0.02707886763593812
0.7375723527408921,0.9768540959767329,0.026977907720356385
0.7375723527408921,0.9769752787203102,0.026967990760897086
0.7384235614572693,0.9769752787203102,0.026476306343311426
0.7384235614572693,0.9772176442074648,0.026409756210207257
0.7385086823289071,0.9772176442074648,0.026365344158824175
0.7385086823289071,0.9773388269510421,0.026352793606703378
0.7385938032005448,0.9773388269510421,0.026287771434329515
0.7385938032005448,0.9775811924381969,0.026239474981434162
0.7389342866870957,0.9775811924381969,0.026094959731549867
0.7389342866870957,0.9778235579253515,0.026068212088332852
0.7391896493020088,0.9778235579253515,0.02590762354314504
0.7391896493020088,0.9780659234125061,0.02580963050392297
0.7396152536601975,0.9780659234125061,0.025579799102610216
0.7396152536601975,0.9781871061560834,0.025559232466097977
0.7397854954034729,0.9781871061560834,0.02552681025998888
0.7397854954034729,0.9783082888996607,0.025521564138251122
0.7399557371467483,0.9783082888996607,0.025486816524879823
0.7399557371467483,0.978429471643238,0.02544877092516066
0.7400408580183861,0.978429471643238,0.02541949336836223
0.7400408580183861,0.9785506543868153,0.025382382715962954
0.7401259788900239,0.9785506543868153,0.02537237549270852
0.7401259788900239,0.9786718371303926,0.02534345083984151
0.7403813415049371,0.9786718371303926,0.025218674456001053
0.7403813415049371,0.9789142026175472,0.02510422818126745
0.7407218249914879,0.9789142026175472,0.024979793553711008
0.7407218249914879,0.9790353853611246,0.024809452308619504
0.7408920667347634,0.9790353853611246,0.02470490830038202
0.7408920667347634,0.9791565681047019,0.024567149602626216
0.7409771876064011,0.9791565681047019,0.024376072032419788
0.7409771876064011,0.9792777508482792,0.024282796426481252
0.7414027919645897,0.9792777508482792,0.024105645066732323
0.7414027919645897,0.9793989335918565,0.023990013599866012
0.7429349676540687,0.9793989335918565,0.023283893367696366
0.7429349676540687,0.9795201163354338,0.023222187858426974
0.7433605720122574,0.9795201163354338,0.0230219150253818
0.7433605720122574,0.9797624818225885,0.022888067755953798
0.7437861763704461,0.9797624818225885,0.02262474414205711
0.7437861763704461,0.9800048473097431,0.022617399378692667
0.7441266598569969,0.9800048473097431,0.022383458503849298
0.7441266598569969,0.9801260300533204,0.022382985337119733
0.7451481103166496,0.9801260300533204,0.021530269222084314
0.7451481103166496,0.980731943771207,0.021413825503737154
0.7461695607763024,0.980731943771207,0.02089266855099598
0.7461695607763024,0.9808531265147843,0.020841231814505947
0.7466802860061287,0.9808531265147843,0.020226213264947092
0.7466802860061287,0.9809743092583616,0.020218221319475545
0.7486380660537963,0.9809743092583616,0.018918492523231925
0.7486380660537963,0.9813378574890935,0.01872518018729011
0.7488083077970719,0.9813378574890935,0.018576478072029765
0.7488083077970719,0.9814590402326708,0.01854935924039308
0.7488934286687096,0.9814590402326708,0.018514692215503496
0.7488934286687096,0.9815802229762481,0.01850354430875338
0.7499148791283623,0.9815802229762481,0.01810877588907227
0.7499148791283623,0.9817014057198254,0.0180750345501645
0.75,0.9817014057198254,0.018051379887454883
0.75,0.9818225884634028,0.017967424377244967
0.7503404834865509,0.9818225884634028,0.017821936023084843
0.7503404834865509,0.9819437712069802,0.017777149305983373
0.7504256043581886,0.9819437712069802,0.01761798518693429
0.7504256043581886,0.9820649539505575,0.01758849251674148
0.7513619339462037,0.9820649539505575,0.017326013385020534
0.7513619339462037,0.9821861366941348,0.017312016736196204
0.7514470548178414,0.9821861366941348,0.017301786592550862
0.7514470548178414,0.9824285021812894,0.01711898751146678
0.7516172965611168,0.9824285021812894,0.01705521001402604
0.7516172965611168,0.9825496849248667,0.017004965641451267
0.7517024174327546,0.9825496849248667,0.016986181505615316
0.7517024174327546,0.9827920504120213,0.016974157260777552
0.7519577800476677,0.9827920504120213,0.01687261388254301
0.7519577800476677,0.983034415899176,0.01683940609653625
0.7520429009193054,0.983034415899176,0.016839211614274555
0.7520429009193054,0.9831555986427533,0.01660227329260629
0.7522982635342186,0.9831555986427533,0.016519610797618534
0.7522982635342186,0.9832767813863306,0.01649036805649891
0.7524685052774941,0.9832767813863306,0.016355292611236777
0.7524685052774941,0.9833979641299079,0.016330755941364815
0.7528941096356827,0.9833979641299079,0.016025071497252324
0.7528941096356827,0.9835191468734852,0.01595646026986537
0.7530643513789581,0.9835191468734852,0.015930630073061388
0.7530643513789581,0.9837615123606398,0.015729006611467398
0.7541709227102485,0.9837615123606398,0.015213534592285931
0.7541709227102485,0.9840038778477945,0.014988307801210484
0.7545965270684372,0.9840038778477945,0.014784567772268456
0.7545965270684372,0.9841250605913718,0.014744230967518111
0.7546816479400749,0.9841250605913718,0.01463798767843751
0.7546816479400749,0.9843674260785265,0.014629467448634794
0.7546816479400749,0.9844886088221038,0.014604249521801144
0.7547667688117127,0.9844886088221038,0.014561417074100635
0.7547667688117127,0.9846097915656811,0.014270701801757976
0.7551072522982636,0.9846097915656811,0.014136119336196845
0.7551072522982636,0.9848521570528357,0.014127516055453504
0.7556179775280899,0.9848521570528357,0.013653207765292642
0.7556179775280899,0.9850945225399903,0.01357853914047574
0.7557882192713653,0.9850945225399903,0.013509241762756037
0.7557882192713653,0.9852157052835676,0.013463368155016477
0.7558733401430031,0.9852157052835676,0.013430422095615627
0.7558733401430031,0.9854580707707222,0.013254724623620625
0.7561287027579162,0.9854580707707222,0.013075388685194232
0.7561287027579162,0.9855792535142995,0.013048052009358928
0.7566394279877426,0.9855792535142995,0.012601824110817953
0.7566394279877426,0.9857004362578768,0.012548741997134438
0.7567245488593803,0.9857004362578768,0.01254240959789426
0.7567245488593803,0.9858216190014542,0.012399098314994465
0.7575757575757576,0.9858216190014542,0.011961139656336136
0.7575757575757576,0.9859428017450315,0.011922933674488441
0.7580013619339462,0.9859428017450315,0.011835737065392092
0.7580013619339462,0.9860639844886088,0.01180068941075918
0.7589376915219612,0.9860639844886088,0.011350365565015941
0.7589376915219612,0.9861851672321862,0.011338081710821813
0.7590228123935989,0.9861851672321862,0.01121112388879656
0.7590228123935989,0.9863063499757635,0.011180198910277326
0.7593632958801498,0.9863063499757635,0.010866564288473234
0.7593632958801498,0.9864275327193408,0.010851631746530888
0.7594484167517875,0.9864275327193408,0.010806879809697266
0.7594484167517875,0.9865487154629181,0.010805900062859366
0.7601293837248894,0.9865487154629181,0.010499217669805678
0.7601293837248894,0.9866698982064954,0.010402572793815906
0.7604698672114403,0.9866698982064954,0.010092821536983898
0.7604698672114403,0.9867910809500727,0.010049098898394412
0.760554988083078,0.9867910809500727,0.009919941522325176
0.760554988083078,0.9871546291808047,0.009892004093315396
0.7609805924412666,0.9871546291808047,0.009683752906725098
0.7609805924412666,0.987275811924382,0.0096285613821976
0.7613210759278175,0.987275811924382,0.009520333626240163
0.7613210759278175,0.9873969946679593,0.00938253406638836
0.7618318011576438,0.9873969946679593,0.009210305027140693
0.7618318011576438,0.9875181774115366,0.009193726506832018
0.762087163772557,0.9875181774115366,0.00903224122082304
0.762087163772557,0.9877605428986912,0.008995712070449618
0.7621722846441947,0.9878817256422685,0.008864091197198195
0.7621722846441947,0.9880029083858458,0.008780206657680737
0.7625127681307456,0.9880029083858458,0.00850201682614421
0.7625127681307456,0.9881240911294231,0.008451006618261106
0.763023493360572,0.9881240911294231,0.008079747998357777
0.763023493360572,0.9882452738730004,0.008075026267577935
0.763959822948587,0.9882452738730004,0.007800167354236315
0.763959822948587,0.9883664566165778,0.007738383998501554
0.7643003064351379,0.9883664566165778,0.00744371679560664
0.7643003064351379,0.9884876393601552,0.007412358265434129
0.7643854273067756,0.9884876393601552,0.007381452329941589
0.7643854273067756,0.9887300048473098,0.00729919902809723
0.7644705481784133,0.9887300048473098,0.007298525407528247
0.7644705481784133,0.9888511875908871,0.007274003219348984
0.7647259107933265,0.9888511875908871,0.007221458869754702
0.7647259107933265,0.9889723703344644,0.007213228458451912
0.7651515151515151,0.9889723703344644,0.00707996353866067
0.7651515151515151,0.9890935530780417,0.007065247623156373
0.7654068777664284,0.9890935530780417,0.006942718833765168
0.7654068777664284,0.989214735821619,0.006890995969021102
0.765491998638066,0.989214735821619,0.006809242165365012
0.765491998638066,0.9893359185651963,0.0068007121296377515
0.7660027238678924,0.9893359185651963,0.00650472481805817
0.7660027238678924,0.9894571013087736,0.006479593483500278
0.7670241743275451,0.9894571013087736,0.006033504302293171
0.7670241743275451,0.9895782840523509,0.0059914652046938926
0.7671092951991828,0.9895782840523509,0.005968169414056136
0.7671092951991828,0.9896994667959282,0.005967390035262587
0.7672795369424583,0.9896994667959282,0.005902391419930406
0.7672795369424583,0.9898206495395055,0.00589620624703667
0.7679605039155601,0.9898206495395055,0.005612882061170827
0.7679605039155601,0.9899418322830829,0.005529942505673669
0.7690670752468505,0.9899418322830829,0.005072586915512487
0.7690670752468505,0.9900630150266602,0.0049842102845428626
0.7691521961184883,0.9900630150266602,0.0049541730453745375
0.7691521961184883,0.9903053805138148,0.004883403567299839
0.769237316990126,0.9903053805138148,0.004877193678499357
0.769237316990126,0.9904265632573922,0.004759643148014104
0.7693224378617637,0.9904265632573922,0.004755059823084555
0.7693224378617637,0.9905477460009695,0.004732379030749554
0.7702587674497787,0.9905477460009695,0.004263162878636859
0.7702587674497787,0.9906689287445468,0.004258367202292064
0.7704290091930541,0.9906689287445468,0.004231041323997385
0.7704290091930541,0.9909112942317014,0.0041566794614570435
0.7709397344228804,0.9909112942317014,0.003968956930715782
0.7709397344228804,0.9910324769752787,0.003958062399275135
0.7713653387810692,0.9910324769752787,0.003647831228007435
0.7713653387810692,0.9912748424624334,0.0036328990293434
0.7717909431392578,0.9912748424624334,0.0034314024118303303
0.7717909431392578,0.9913960252060107,0.003396536232463439
0.7719611848825332,0.9913960252060107,0.0033214719904079023
0.7719611848825332,0.9917595734367426,0.0030171335718355975
0.7731528770854613,0.9917595734367426,0.0027146388981391365
0.7731528770854613,0.9918807561803199,0.0027141046319978735
0.7734933605720122,0.9918807561803199,0.0026633254889288182
0.7734933605720122,0.9921231216674745,0.0026008308801318543
0.7736636023152877,0.9921231216674745,0.002579844742885216
0.7736636023152877,0.9922443044110518,0.0025001104776228647
0.7738338440585631,0.9922443044110518,0.0024612367015941425
0.7738338440585631,0.9924866698982064,0.0024069315697146923
0.7744296901600273,0.9924866698982064,0.002203278264271915
0.7744296901600273,0.9926078526417839,0.002164258431142773
0.7748552945182159,0.9926078526417839,0.0019628773675575894
0.7748552945182159,0.9927290353853612,0.0019090261021940825
0.7752808988764045,0.9927290353853612,0.0017111056065112012
0.7752808988764045,0.9928502181289385,0.0017024603941750548
0.7757065032345931,0.9928502181289385,0.001476433220960191
0.7757065032345931,0.9930925836160931,0.0013701500386526912
0.7768981954375213,0.9930925836160931,0.0007581807969833588
0.7768981954375213,0.9932137663596704,0.0007376261668428815
0.7773237997957099,0.9932137663596704,0.0005823610103175189
0.7773237997957099,0.9933349491032477,0.0005783012584290363
0.7780898876404494,0.9933349491032477,0.0004311185624593066
0.7780898876404494,0.993456131846825,0.00041071252298100175
0.7789410963568267,0.993456131846825,0.00028962378082832634
0.7789410963568267,0.9936984973339796,0.00027256100460979144
0.7792815798433776,0.9936984973339796,0.0002114493226705233
0.7792815798433776,0.9938196800775569,0.00019320780020608776
0.7802179094313926,0.9938196800775569,0.00015045303745800216
0.7802179094313926,0.9939408628211343,0.00014880607075022921
0.780388151174668,0.9939408628211343,9.462258318287623e-05
0.780388151174668,0.9940620455647116,9.319430634555454e-05
0.7806435137895812,0.9940620455647116,8.33762367871793e-05
0.7806435137895812,0.9941832283082889,7.315629453860938e-05
0.7807286346612189,0.9941832283082889,7.071947188669443e-05
0.7807286346612189,0.9943044110518662,6.797329988743335e-05
0.7812393598910453,0.9943044110518662,2.0379290589127353e-06
1.0,1.0,0.0
